{"type":"FeatureCollection","features":[{"type":"Feature","id":null,"properties":{},"geometry":{"type":"LineString","coordinates":[[-79.94144252668443,40.3751694808413],[-79.941436,40.3751739],[-79.9410368,40.3754405],[-79.9406261,40.3757107],[-79.9404088,40.3758327],[-79.9401796,40.3759488],[-79.9398015,40.3761237],[-79.9394249,40.3763054],[-79.939156,40.376467],[-79.9389214,40.3766398],[-79.9387012,40.3768198],[-79.9382458,40.377199],[-79.9377487,40.3776103],[-79.9376809,40.3776624],[-79.9375015,40.3778004]]}},{"type":"Feature","id":null,"properties":{},"geometry":{"type":"LineString","coordinates":[[-79.9375015,40.3778004],[-79.9372645,40.3780012]]}},{"type":"Feature","id":null,"properties":{},"geometry":{"type":"LineString","coordinates":[[-79.9372645,40.3780012],[-79.9368071,40.3783914],[-79.9364465,40.3786724],[-79.9361663,40.3788487],[-79.9358396,40.3790125],[-79.9350839,40.3793657],[-79.9347503,40.379519],[-79.9344479,40.3796722],[-79.9342606,40.3797839],[-79.9341906,40.3798256],[-79.9340339,40.3799366],[-79.9339011,40.3800476],[-79.9336982,40.3802338],[-79.9334788,40.3804899],[-79.9332612,40.3808241],[-79.9329805,40.3813619],[-79.9326973,40.3818979],[-79.9324986,40.3822808],[-79.9323884,40.3824909],[-79.9323215,40.3826426],[-79.9322642,40.382798],[-79.9322237,40.3829515],[-79.9321807,40.3832253]]}},{"type":"Feature","id":null,"properties":{},"geometry":{"type":"LineString","coordinates":[[-79.9321807,40.3832253],[-79.9321871,40.3833363]]}},{"type":"Feature","id":null,"properties":{},"geometry":{"type":"LineString","coordinates":[[-79.9321871,40.3833363],[-79.9322021,40.3835276],[-79.932245,40.3838259],[-79.9323523,40.3844593],[-79.9323523,40.3847821],[-79.9323071,40.385064],[-79.9321688,40.3854972],[-79.9320754,40.3857469]]}},{"type":"Feature","id":null,"properties":{},"geometry":{"type":"LineString","coordinates":[[-79.9320754,40.3857469],[-79.9319934,40.385996]]}},{"type":"Feature","id":null,"properties":{},"geometry":{"type":"LineString","coordinates":[[-79.93146913262385,40.39090982753174],[-79.9314602,40.3908562],[-79.9314393,40.3907145],[-79.9314157,40.3905694],[-79.9313939,40.3904256],[-79.931374,40.390268],[-79.9313703,40.390127],[-79.9313776,40.3900067],[-79.9313921,40.3898622],[-79.9314085,40.3897046],[-79.9314393,40.3893701],[-79.931462,40.3891579],[-79.931472,40.3890341],[-79.9314801,40.388918],[-79.9314811,40.3887714],[-79.9314774,40.3886339],[-79.9314702,40.3885281],[-79.9314593,40.3884175],[-79.931452,40.3883125],[-79.9314534,40.3882101],[-79.9314625,40.3881182],[-79.9314888,40.3879724],[-79.9315214,40.3878223],[-79.9315686,40.387653],[-79.931624,40.3874788],[-79.9316875,40.3872382],[-79.9318019,40.3868629],[-79.9318521,40.3867099],[-79.9320522,40.3860202],[-79.932363,40.3850804],[-79.9324274,40.3847903],[-79.9324435,40.3846432],[-79.9324221,40.3844756],[-79.9323577,40.38421],[-79.932245,40.3838259]]}},{"type":"Feature","id":null,"properties":{},"geometry":{"type":"LineString","coordinates":[[-79.9315598,40.3883781],[-79.9315736,40.3885081],[-79.9315945,40.3886581],[-79.9316127,40.3887777],[-79.9316326,40.38888]]}},{"type":"Feature","id":null,"properties":{},"geometry":{"type":"LineString","coordinates":[[-79.9314924,40.3894655],[-79.9314938,40.3896023],[-79.9314992,40.3897039],[-79.9314998,40.3897901],[-79.9315132,40.389882],[-79.9315293,40.3899535]]}},{"type":"Feature","id":null,"properties":{},"geometry":{"type":"LineString","coordinates":[[-79.9319934,40.385996],[-79.9317232,40.3867577],[-79.9315901,40.3871545],[-79.931499,40.3874085],[-79.9314354,40.3876111],[-79.9313871,40.3877988],[-79.9313567,40.3879571],[-79.9313336,40.3880968],[-79.93131,40.3882772],[-79.9312814,40.3885576],[-79.9312291,40.388988],[-79.9311875,40.3894017],[-79.9311793,40.3896051],[-79.9311674,40.3898991],[-79.9311727,40.390115],[-79.9311806,40.3903934],[-79.9311902,40.3906247],[-79.9311982806308,40.390731109610996]]}},{"type":"Feature","id":null,"properties":{},"geometry":{"type":"LineString","coordinates":[[-79.93154741027683,40.3909641105912],[-79.9315142,40.3907643],[-79.931471,40.3905036],[-79.9314615,40.3904463],[-79.9314473,40.3903379],[-79.9314407,40.3902514],[-79.9314379,40.3901609],[-79.9314395,40.3900697],[-79.9314497,40.3898809],[-79.9314672,40.3897304],[-79.9314924,40.3894655],[-79.9315187,40.3892477],[-79.931539,40.3890675],[-79.9315523,40.3889553],[-79.9315643,40.3888371],[-79.9315686,40.3887528],[-79.9315671,40.3886602],[-79.9315641,40.3885426],[-79.9315605,40.388394],[-79.9315598,40.3883781],[-79.9315568,40.3883125],[-79.9315591,40.3882281],[-79.9315668,40.3881396],[-79.9315786,40.3880442],[-79.9315952,40.3879538],[-79.9316267,40.387821],[-79.9316594,40.3877124],[-79.9316945,40.3876131],[-79.931712,40.3875604]]}},{"type":"Feature","id":null,"properties":{},"geometry":{"type":"LineString","coordinates":[[-79.93148294737342,40.39091905981212],[-79.9314811,40.390897],[-79.9314792,40.3908161],[-79.9314801,40.3907436],[-79.9314801,40.3906509],[-79.931471,40.3905036]]}},{"type":"Feature","id":null,"properties":{},"geometry":{"type":"LineString","coordinates":[[-79.9339156,40.3935845],[-79.9340041,40.3935935],[-79.9342237,40.3936135]]}},{"type":"Feature","id":null,"properties":{},"geometry":{"type":"LineString","coordinates":[[-79.9339137,40.3936245],[-79.9342607,40.3936533]]}},{"type":"Feature","id":null,"properties":{},"geometry":{"type":"LineString","coordinates":[[-79.9342237,40.3936135],[-79.9345876,40.3936543],[-79.9351099,40.3937152]]}},{"type":"Feature","id":null,"properties":{},"geometry":{"type":"LineString","coordinates":[[-79.933908,40.3936623],[-79.9339808,40.3936674],[-79.9342651,40.3936899]]}},{"type":"Feature","id":null,"properties":{},"geometry":{"type":"LineString","coordinates":[[-79.93255677092257,40.39358208430217],[-79.9326069,40.3935782],[-79.9328447,40.3935658],[-79.9330484,40.3935603],[-79.9332871,40.3935596],[-79.9334995,40.3935644],[-79.9337363,40.3935755],[-79.9339156,40.3935845]]}},{"type":"Feature","id":null,"properties":{},"geometry":{"type":"LineString","coordinates":[[-79.9342607,40.3936533],[-79.9346698,40.3936999],[-79.93512,40.3937522]]}},{"type":"Feature","id":null,"properties":{},"geometry":{"type":"LineString","coordinates":[[-79.9342651,40.3936899],[-79.9347077,40.393741],[-79.9350875,40.3937854]]}},{"type":"Feature","id":null,"properties":{},"geometry":{"type":"LineString","coordinates":[[-79.93256123290092,40.393630349086834],[-79.9327879,40.3936145],[-79.9330182,40.3936056],[-79.9332353,40.3936014],[-79.933444,40.3936049],[-79.9336918,40.3936116],[-79.9339137,40.3936245]]}},{"type":"Feature","id":null,"properties":{},"geometry":{"type":"LineString","coordinates":[[-79.93256580804052,40.3936764948914],[-79.9327041,40.3936633],[-79.9330608,40.393645],[-79.93338,40.3936409],[-79.9336107,40.393647],[-79.933836,40.3936572],[-79.933908,40.3936623]]}},{"type":"Feature","id":null,"properties":{},"geometry":{"type":"LineString","coordinates":[[-79.9359966,40.3945121],[-79.935649,40.3945307],[-79.9354385,40.3945487],[-79.9352388,40.3945715],[-79.9348535,40.394624],[-79.9347774,40.3946347],[-79.9346593,40.3946524],[-79.9345404,40.3946655],[-79.9344134,40.3946759],[-79.9342319,40.3946855],[-79.9336288,40.3947173],[-79.9333048,40.3947374],[-79.9327766,40.3947678],[-79.93267421481548,40.39477357075383]]}},{"type":"Feature","id":null,"properties":{},"geometry":{"type":"LineString","coordinates":[[-79.93128904267125,40.3982874388092],[-79.9318235,40.3990383],[-79.9320077,40.3992448],[-79.9321615,40.3993633],[-79.9322832,40.3994424],[-79.9324232,40.3995155],[-79.9325795,40.3995812],[-79.9327472,40.3996316],[-79.9329124,40.3996679],[-79.9330679,40.3996924],[-79.9332262,40.3997037],[-79.9333819,40.3997076],[-79.9335574,40.3997021]]}},{"type":"Feature","id":null,"properties":{},"geometry":{"type":"LineString","coordinates":[[-79.9396006,40.398643],[-79.939869,40.3986407],[-79.9404079,40.3986287]]}},{"type":"Feature","id":null,"properties":{},"geometry":{"type":"LineString","coordinates":[[-79.9364121,40.3991222],[-79.9365631,40.3990778],[-79.9370109,40.3989526],[-79.9374297,40.398835],[-79.9377061,40.3987552],[-79.9378952,40.3987057],[-79.9380425,40.3986709],[-79.9382011,40.3986407],[-79.9383271,40.3986237],[-79.9385121,40.3986028],[-79.9386839,40.3985904],[-79.938878,40.3985873],[-79.939063,40.3985888],[-79.939375,40.3985973],[-79.9398893,40.3986144],[-79.9404079,40.3986287],[-79.9407949,40.3986415],[-79.9411313,40.3986538],[-79.9413274,40.3986701],[-79.9415124,40.3986918],[-79.9416628,40.3987165]]}},{"type":"Feature","id":null,"properties":{},"geometry":{"type":"LineString","coordinates":[[-79.9402684,40.3986639],[-79.9398873,40.3986523],[-79.9396006,40.398643],[-79.9392571,40.3986329],[-79.9390233,40.398626],[-79.9388272,40.3986252],[-79.938694,40.3986298],[-79.9385314,40.3986407],[-79.9384369,40.3986476],[-79.9383068,40.3986647],[-79.9381859,40.3986833],[-79.9380212,40.3987158],[-79.9378677,40.3987521],[-79.937698,40.3987978],[-79.9374154,40.3988791],[-79.9372963,40.3989105],[-79.9372213,40.3989317],[-79.9367833,40.3990563],[-79.9364349,40.3991575]]}},{"type":"Feature","id":null,"properties":{},"geometry":{"type":"LineString","coordinates":[[-79.9372963,40.3989105],[-79.9365631,40.3990778]]}},{"type":"Feature","id":null,"properties":{},"geometry":{"type":"LineString","coordinates":[[-79.9427859,40.3993961],[-79.9427402,40.3993636],[-79.942669,40.3993094],[-79.9425278,40.3992127],[-79.9423123,40.3990834],[-79.9421324,40.3989921],[-79.9419678,40.3989247],[-79.9418163,40.3988667],[-79.9416547,40.3988187],[-79.9414982,40.3987761],[-79.9413092,40.3987374],[-79.9411171,40.3987088],[-79.9409941,40.3986956],[-79.9407908,40.3986817],[-79.9402684,40.3986639]]}},{"type":"Feature","id":null,"properties":{},"geometry":{"type":"LineString","coordinates":[[-79.9364349,40.3991575],[-79.9366722,40.3991035],[-79.9368951,40.3990494],[-79.9370841,40.3990067],[-79.9373625,40.3989485],[-79.9375482,40.3989131]]}},{"type":"Feature","id":null,"properties":{},"geometry":{"type":"LineString","coordinates":[[-79.9423783,40.3993125],[-79.942174,40.3992179],[-79.9420216,40.3991584],[-79.9418609,40.399108],[-79.941644,40.3990451],[-79.9414825,40.3990064],[-79.941266,40.3989622],[-79.9410328,40.3989255],[-79.9407805,40.3988965],[-79.9403494,40.3988571],[-79.9397742,40.3988076]]}},{"type":"Feature","id":null,"properties":{},"geometry":{"type":"LineString","coordinates":[[-79.9350875,40.3937854],[-79.9351535,40.3937932],[-79.9352495,40.3938043],[-79.9368669,40.3939922],[-79.93852798769677,40.39419036429606]]}},{"type":"Feature","id":null,"properties":{},"geometry":{"type":"LineString","coordinates":[[-79.9429069,40.3991159],[-79.9430675,40.3991895]]}},{"type":"Feature","id":null,"properties":{},"geometry":{"type":"LineString","coordinates":[[-79.9430675,40.3991895],[-79.943334,40.3993272],[-79.943392,40.3993573],[-79.9435472,40.3994403],[-79.9436945,40.3995371],[-79.9437957,40.3996085],[-79.9438403,40.39964]]}},{"type":"Feature","id":null,"properties":{},"geometry":{"type":"LineString","coordinates":[[-79.94293,40.3995021],[-79.9427859,40.3993961]]}},{"type":"Feature","id":null,"properties":{},"geometry":{"type":"LineString","coordinates":[[-79.9432825,40.3997985],[-79.9431539,40.3996833],[-79.94293,40.3995021]]}},{"type":"Feature","id":null,"properties":{},"geometry":{"type":"LineString","coordinates":[[-79.9434323,40.3998668],[-79.9432951,40.3997661],[-79.94293,40.3995021]]}},{"type":"Feature","id":null,"properties":{},"geometry":{"type":"LineString","coordinates":[[-79.9438403,40.39964],[-79.9439864,40.399768],[-79.9440789,40.3998495],[-79.9441957,40.399949]]}},{"type":"Feature","id":null,"properties":{},"geometry":{"type":"LineString","coordinates":[[-79.9436068,40.4000843],[-79.943537,40.4000238],[-79.9432825,40.3997985]]}},{"type":"Feature","id":null,"properties":{},"geometry":{"type":"LineString","coordinates":[[-79.9435758,40.4000989],[-79.9434472,40.3999652],[-79.9432825,40.3997985]]}},{"type":"Feature","id":null,"properties":{},"geometry":{"type":"LineString","coordinates":[[-79.9438704,40.4002417],[-79.9437289,40.4001084],[-79.9434323,40.3998668]]}},{"type":"Feature","id":null,"properties":{},"geometry":{"type":"LineString","coordinates":[[-79.9426713,40.3994995],[-79.9425896,40.3994554],[-79.9424749,40.399392],[-79.9423206,40.3993195],[-79.9421627,40.3992524],[-79.9419839,40.3991875],[-79.9417697,40.3991211],[-79.9415283,40.3990548],[-79.9413105,40.3990098],[-79.9410931,40.3989739],[-79.940888,40.3989469],[-79.9406666,40.3989234],[-79.9404329,40.398902],[-79.9396451,40.3988329],[-79.9393361,40.3988087],[-79.939131,40.398797],[-79.9389871,40.3987958]]}},{"type":"Feature","id":null,"properties":{},"geometry":{"type":"LineString","coordinates":[[-79.9430042,40.3997551],[-79.9428325,40.3996388],[-79.9427072,40.3995641],[-79.9425656,40.3994854],[-79.9425594,40.3994822],[-79.9423787,40.3993886],[-79.9421922,40.3993057],[-79.9420388,40.3992469],[-79.9418618,40.3991882],[-79.941644,40.3991218],[-79.9413763,40.3990596],[-79.9411449,40.3990147],[-79.9409198,40.3989843],[-79.9406766,40.3989608],[-79.9397173,40.3988751],[-79.9394704,40.3988543],[-79.9392354,40.3988384],[-79.9390012,40.3988295],[-79.9389844,40.398829]]}},{"type":"Feature","id":null,"properties":{},"geometry":{"type":"LineString","coordinates":[[-79.9364349,40.3991575],[-79.9360743,40.3992613],[-79.9357928,40.3993403],[-79.9356516,40.3993796],[-79.9354771,40.3994281],[-79.9353526,40.3994596],[-79.934842,40.399574]]}},{"type":"Feature","id":null,"properties":{},"geometry":{"type":"LineString","coordinates":[[-79.9342337,40.399628],[-79.9343604,40.3996108],[-79.9346697,40.3995595],[-79.934848,40.39953],[-79.9350569,40.3994859],[-79.9353286,40.3994231],[-79.9355292,40.3993728],[-79.9356016,40.3993526],[-79.9359175,40.3992619],[-79.9361255,40.3992026],[-79.9362799,40.3991583],[-79.9364121,40.3991222]]}},{"type":"Feature","id":null,"properties":{},"geometry":{"type":"LineString","coordinates":[[-79.9387275,40.3994109],[-79.9383962,40.3993922],[-79.9380473,40.3993694],[-79.9378522,40.399359],[-79.9376988,40.3993528],[-79.9375005,40.3993487],[-79.9373874,40.399352],[-79.937329,40.3993473],[-79.9371683,40.3993507],[-79.9370013,40.399357],[-79.9368017,40.3993632],[-79.9364659,40.3993742]]}},{"type":"Feature","id":null,"properties":{},"geometry":{"type":"LineString","coordinates":[[-79.9395638,40.3994655],[-79.9394195,40.3994558],[-79.9392002,40.3994422],[-79.9390066,40.3994302],[-79.9387275,40.3994109]]}},{"type":"Feature","id":null,"properties":{},"geometry":{"type":"LineString","coordinates":[[-79.9433336,40.400066],[-79.9431633,40.3999249],[-79.9430516,40.3998406],[-79.9429373,40.3997556],[-79.942813,40.3996747],[-79.9426755,40.3995918],[-79.9425279,40.3995102],[-79.9425166,40.399504],[-79.9423533,40.399419],[-79.9421917,40.3993464],[-79.9420257,40.3992842],[-79.9418382,40.3992213],[-79.9416449,40.3991633],[-79.9414072,40.3991045],[-79.9411825,40.3990596],[-79.9409438,40.3990237],[-79.940638,40.3989933],[-79.9399346,40.3989459],[-79.9396366,40.3989337],[-79.9392777,40.3989326],[-79.9389568,40.3989213],[-79.9386089,40.3988954],[-79.9382678,40.3988812],[-79.9380393,40.3988794],[-79.9378838,40.3988877],[-79.9377304,40.398897],[-79.9375482,40.3989131]]}},{"type":"Feature","id":null,"properties":{},"geometry":{"type":"LineString","coordinates":[[-79.9364659,40.3993742],[-79.9362837,40.3993888],[-79.936093,40.3993956],[-79.935956,40.3994068],[-79.9358338,40.3994175],[-79.9357417,40.3994282],[-79.935647,40.3994392],[-79.9354896,40.3994615],[-79.9352973,40.3994931],[-79.934842,40.399574],[-79.9344967,40.3996388],[-79.9341022,40.399714]]}},{"type":"Feature","id":null,"properties":{},"geometry":{"type":"LineString","coordinates":[[-79.9335574,40.3997021],[-79.9336869,40.3996924],[-79.9338412,40.3996737],[-79.9340259,40.3996501],[-79.9342337,40.399628]]}},{"type":"Feature","id":null,"properties":{},"geometry":{"type":"LineString","coordinates":[[-79.9334108,40.3998713],[-79.9335376,40.3998391],[-79.9335883,40.3998267],[-79.9341022,40.399714]]}},{"type":"Feature","id":null,"properties":{},"geometry":{"type":"LineString","coordinates":[[-79.9423664,40.3998216],[-79.9423246,40.3997961]]}},{"type":"Feature","id":null,"properties":{},"geometry":{"type":"LineString","coordinates":[[-79.9425827,40.4003258],[-79.9423921,40.4002359],[-79.9422072,40.4001599],[-79.9420359,40.4000968],[-79.9420023,40.4000855],[-79.9418453,40.4000329],[-79.9415265,40.3999292],[-79.9413371,40.3998714],[-79.9411351,40.3998169],[-79.9409445,40.399772],[-79.9408067,40.3997418],[-79.9406394,40.3997081],[-79.9404845,40.399677],[-79.9402554,40.3996364],[-79.9399321,40.3995837],[-79.9393512,40.3994947],[-79.9390495,40.3994498],[-79.9389201,40.3994325],[-79.9387275,40.3994109]]}},{"type":"Feature","id":null,"properties":{},"geometry":{"type":"LineString","coordinates":[[-79.9348504,40.3996183],[-79.934522,40.3996768],[-79.9341917,40.3997368],[-79.9338549,40.3998056],[-79.9334984,40.3998849],[-79.9331091,40.3999845],[-79.932826,40.4000656],[-79.9324444,40.4001908]]}},{"type":"Feature","id":null,"properties":{},"geometry":{"type":"LineString","coordinates":[[-79.9334108,40.3998713],[-79.9331232,40.3999507],[-79.932919,40.4000172],[-79.9324444,40.4001908]]}},{"type":"Feature","id":null,"properties":{},"geometry":{"type":"LineString","coordinates":[[-79.9427348,40.4003396],[-79.942468,40.4002036],[-79.9423328,40.4001359],[-79.9421725,40.4000648]]}},{"type":"Feature","id":null,"properties":{},"geometry":{"type":"LineString","coordinates":[[-79.9324444,40.4001908],[-79.932265,40.4002538]]}},{"type":"Feature","id":null,"properties":{},"geometry":{"type":"LineString","coordinates":[[-79.9397747,40.398774],[-79.9403024,40.3988226],[-79.9405394,40.3988455],[-79.9407512,40.3988634],[-79.9409454,40.3988835],[-79.9411336,40.3989069],[-79.9413485,40.3989447],[-79.9415437,40.3989868],[-79.9417228,40.3990311],[-79.9418799,40.3990784],[-79.9420197,40.3991317],[-79.9421725,40.3991999],[-79.9423783,40.3993125],[-79.9425171,40.3993973],[-79.9425963,40.3994471],[-79.9426713,40.3994995],[-79.9427997,40.3995884],[-79.9429412,40.3996972],[-79.9430042,40.3997551],[-79.9430597,40.3998078],[-79.9431962,40.3999217],[-79.9433336,40.400066],[-79.9435615,40.4003109],[-79.9435963,40.4003469],[-79.943781,40.400544],[-79.9438265,40.4005954],[-79.9442436,40.4010462],[-79.944438,40.401268],[-79.9446421,40.4014954],[-79.9448152,40.4016755],[-79.9450216,40.4019096]]}},{"type":"Feature","id":null,"properties":{},"geometry":{"type":"LineString","coordinates":[[-79.932265,40.4002538],[-79.9318373,40.4004146],[-79.9316014,40.4005122]]}},{"type":"Feature","id":null,"properties":{},"geometry":{"type":"LineString","coordinates":[[-79.932265,40.4002538],[-79.9318697,40.4004189],[-79.9316961,40.4005019],[-79.9315497,40.4005719],[-79.9313646,40.4006728]]}},{"type":"Feature","id":null,"properties":{},"geometry":{"type":"LineString","coordinates":[[-79.9450216,40.4019096],[-79.9448503,40.4017524],[-79.9446588,40.4015803],[-79.9445154,40.4014497],[-79.9443974,40.4013474],[-79.9442459,40.401221],[-79.9441388,40.4011373],[-79.9440258,40.401053],[-79.943896,40.4009604],[-79.9437626,40.4008678],[-79.9436051,40.4007648],[-79.9434373,40.4006577],[-79.9432848,40.4005665],[-79.9431405,40.400487],[-79.9429916,40.4004054],[-79.9428582,40.4003363],[-79.942723,40.4002755],[-79.9425642,40.4002112],[-79.9423809,40.4001421],[-79.9421725,40.4000648],[-79.9420977,40.400037],[-79.9420528,40.4000219],[-79.941859,40.3999569],[-79.941663,40.3998912],[-79.9414329,40.3998193],[-79.9412605,40.399773],[-79.9410617,40.3997247],[-79.9408748,40.3996839],[-79.9406633,40.399641],[-79.9403988,40.3995913],[-79.9400094,40.3995221],[-79.9398297,40.3994945],[-79.9396972,40.3994772],[-79.9395638,40.3994655]]}},{"type":"Feature","id":null,"properties":{},"geometry":{"type":"LineString","coordinates":[[-79.9430597,40.399905],[-79.9431378,40.3999679],[-79.9432358,40.4000419],[-79.9433628,40.4001386],[-79.9434527,40.4002133],[-79.9435615,40.4003109]]}},{"type":"Feature","id":null,"properties":{},"geometry":{"type":"LineString","coordinates":[[-79.9441456,40.4004107],[-79.943898,40.4001981],[-79.9434323,40.3998668]]}},{"type":"Feature","id":null,"properties":{},"geometry":{"type":"LineString","coordinates":[[-79.943781,40.400544],[-79.9436033,40.4003916],[-79.9435026,40.4003073],[-79.9433728,40.4002071],[-79.9432594,40.4001207],[-79.9430674,40.3999797],[-79.9429268,40.3998822],[-79.9427961,40.3998007],[-79.9427197,40.3997548]]}},{"type":"Feature","id":null,"properties":{},"geometry":{"type":"LineString","coordinates":[[-79.9438278,40.400434],[-79.9437159,40.40028],[-79.9435758,40.4000989]]}},{"type":"Feature","id":null,"properties":{},"geometry":{"type":"LineString","coordinates":[[-79.9439735,40.4004716],[-79.9436068,40.4000843]]}},{"type":"Feature","id":null,"properties":{},"geometry":{"type":"LineString","coordinates":[[-79.9436528,40.4007475],[-79.9435747,40.4006902],[-79.9434931,40.4006224],[-79.9433882,40.400534],[-79.9432875,40.4004559],[-79.9430824,40.4003038],[-79.942816,40.4001131],[-79.9425188,40.3999161],[-79.9423664,40.3998216]]}},{"type":"Feature","id":null,"properties":{},"geometry":{"type":"LineString","coordinates":[[-79.9447829,40.4007299],[-79.9447069,40.4006212],[-79.9445672,40.4004248],[-79.9445125,40.4003454],[-79.9443379,40.4001246],[-79.9442318,40.4000043],[-79.9440789,40.3998495]]}},{"type":"Feature","id":null,"properties":{},"geometry":{"type":"LineString","coordinates":[[-79.9440615,40.4005103],[-79.9438453,40.4003014],[-79.9436068,40.4000843]]}},{"type":"Feature","id":null,"properties":{},"geometry":{"type":"LineString","coordinates":[[-79.9438278,40.400434],[-79.9440311,40.4007126]]}},{"type":"Feature","id":null,"properties":{},"geometry":{"type":"LineString","coordinates":[[-79.9444475,40.401058],[-79.9442086,40.4007999],[-79.9439541,40.4005181],[-79.943775,40.4003231],[-79.9435758,40.4000989]]}},{"type":"Feature","id":null,"properties":{},"geometry":{"type":"LineString","coordinates":[[-79.9445305,40.4012138],[-79.9441602,40.4008065],[-79.9440031,40.4006339],[-79.9438278,40.400434]]}},{"type":"Feature","id":null,"properties":{},"geometry":{"type":"LineString","coordinates":[[-79.9446421,40.4014954],[-79.9445036,40.4013689],[-79.9444111,40.4012956],[-79.9441701,40.4011124],[-79.9438443,40.4008782],[-79.9436528,40.4007475]]}},{"type":"Feature","id":null,"properties":{},"geometry":{"type":"LineString","coordinates":[[-79.946027,40.4029722],[-79.9458473,40.4028264],[-79.9456694,40.4026709],[-79.9454488,40.4024684],[-79.9453281,40.4023544],[-79.945182,40.4022099],[-79.9450051,40.4020296],[-79.9448167,40.4018374],[-79.9447278,40.4017428],[-79.9445245,40.4015603],[-79.9440725,40.4011553],[-79.9439691,40.4010675],[-79.9438366,40.4009687],[-79.9437168,40.4008844],[-79.943538,40.4007676],[-79.9434137,40.4006909],[-79.943243,40.4005906],[-79.9430869,40.4005105],[-79.9428569,40.4003971],[-79.9427348,40.4003396],[-79.9423813,40.4001877],[-79.9421789,40.4001082],[-79.9420286,40.4000523],[-79.9419225,40.4000129],[-79.941682,40.3999348],[-79.9414443,40.3998622],[-79.9412151,40.3998014],[-79.9409837,40.3997454],[-79.9407777,40.3996998],[-79.9404509,40.3996348],[-79.9398197,40.3995297],[-79.9395339,40.3994814],[-79.9393778,40.3994606],[-79.9392002,40.3994422]]}},{"type":"Feature","id":null,"properties":{},"geometry":{"type":"LineString","coordinates":[[-79.9450132,40.4029089],[-79.9446372,40.4023802],[-79.9443042,40.4019111],[-79.944231,40.4018083],[-79.9441471,40.4017046],[-79.9440268,40.4015836],[-79.9438992,40.4014618],[-79.9437075,40.4012821],[-79.9435635,40.4011483],[-79.9435504,40.4011361],[-79.9433751,40.4009711],[-79.9432843,40.4008934],[-79.9431976,40.400826],[-79.9430955,40.4007612],[-79.9429792,40.4006955],[-79.9428669,40.4006402],[-79.9426967,40.4005599],[-79.9424428,40.4004399],[-79.9422526,40.40035],[-79.9419546,40.4002203],[-79.9419105,40.4002011],[-79.9416848,40.4001029],[-79.9411085,40.3998549],[-79.9410132,40.3998152],[-79.940902,40.3997772],[-79.9407931,40.3997452],[-79.9406394,40.3997081]]}},{"type":"Feature","id":null,"properties":{},"geometry":{"type":"LineString","coordinates":[[-79.9424428,40.4004399],[-79.9426059,40.4005323],[-79.9427477,40.4006161],[-79.9429327,40.400724],[-79.9430353,40.4007932],[-79.9431238,40.4008571],[-79.9432134,40.4009383],[-79.9433019,40.4010368],[-79.9434188,40.4011836],[-79.9434247,40.4011911],[-79.9435804,40.4013884],[-79.9436729,40.4015197],[-79.9441187,40.402362]]}},{"type":"Feature","id":null,"properties":{},"geometry":{"type":"LineString","coordinates":[[-79.9456648,40.402461],[-79.9452932,40.4020519],[-79.9449227,40.4016411],[-79.9445305,40.4012138]]}},{"type":"Feature","id":null,"properties":{},"geometry":{"type":"LineString","coordinates":[[-79.946557,40.4032966],[-79.9464036,40.403135],[-79.9451138,40.4017225],[-79.9446002,40.4011565],[-79.9443188,40.4008469],[-79.9439735,40.4004716]]}},{"type":"Feature","id":null,"properties":{},"geometry":{"type":"LineString","coordinates":[[-79.9351099,40.3937152],[-79.935242,40.3937296],[-79.9356581,40.3937773],[-79.9358732,40.3938043],[-79.9361772,40.3938381],[-79.9364513,40.3938706],[-79.9368016,40.39391],[-79.9372509,40.3939626],[-79.9379392,40.3940427],[-79.93849619633176,40.39410789287185]]}},{"type":"Feature","id":null,"properties":{},"geometry":{"type":"LineString","coordinates":[[-79.93512,40.3937522],[-79.9362453,40.393881],[-79.9368155,40.3939467],[-79.9379561,40.394083],[-79.93850916410932,40.39414666668235]]}},{"type":"Feature","id":null,"properties":{},"geometry":{"type":"LineString","coordinates":[[-79.9471536,40.4038183],[-79.9469639,40.4036146],[-79.9456782,40.4022182],[-79.9453542,40.401855],[-79.9450837,40.4015615],[-79.9446394,40.4010684],[-79.9441977,40.400576],[-79.9438704,40.4002417]]}},{"type":"Feature","id":null,"properties":{},"geometry":{"type":"MultiLineString","coordinates":[[[-79.9554573,40.4135518],[-79.9554609,40.4133355],[-79.95547,40.413151],[-79.9554827,40.4129817],[-79.9554891,40.4128767],[-79.9554927,40.4127772],[-79.9554936,40.4126707],[-79.9554909,40.4125678],[-79.9554845,40.4124275],[-79.9554755,40.4122928],[-79.9554637,40.4121407],[-79.9554491,40.4119963],[-79.9554274,40.4118325],[-79.9554065,40.4117019],[-79.9553793,40.4115596],[-79.9553457,40.4113965],[-79.9553085,40.4112369],[-79.9552631,40.4110614],[-79.9552195,40.4109045],[-79.9551642,40.4107241],[-79.9551115,40.4105604],[-79.95510685410106,40.41054557654299]],[[-79.93865381309968,40.394612285841106],[-79.9385333,40.3946045],[-79.9382452,40.3945883],[-79.9379598,40.3945833],[-79.9376722,40.394578],[-79.9373944,40.3945754],[-79.9370966,40.3945789],[-79.9368124,40.3945886],[-79.9364938,40.3946016],[-79.9360383,40.3946278],[-79.9352514,40.3946734],[-79.9347889,40.3946982],[-79.9345391,40.3947114],[-79.9341833,40.3947322],[-79.9336332,40.3947646],[-79.9331286,40.3947922],[-79.9327692,40.3948124],[-79.93267867887435,40.39481838141898]]]}},{"type":"Feature","id":null,"properties":{},"geometry":{"type":"LineString","coordinates":[[-79.9161219,40.4150573],[-79.9163539,40.4148958],[-79.9165819,40.4147334],[-79.9168559,40.4145347],[-79.9172484,40.4142445],[-79.9176392,40.4139517],[-79.9181361,40.4135699],[-79.9188326,40.4130318],[-79.9193136,40.4126595],[-79.9198292,40.4122622],[-79.9201355,40.4120229],[-79.9205201,40.4117224],[-79.9207663,40.4115125],[-79.9210204,40.4112706],[-79.921228,40.4110443],[-79.9214209,40.4108076],[-79.9217045,40.4104422],[-79.9219796,40.410063],[-79.9221957,40.4097581],[-79.9224725,40.4093703],[-79.9227969,40.4089116],[-79.923,40.4086274],[-79.9232161,40.4083216],[-79.9234674,40.4079709],[-79.9236625,40.4076988],[-79.9239161,40.4073446],[-79.9241691,40.4070025],[-79.9243489,40.4067684],[-79.9246058,40.4064471],[-79.924742,40.4062795],[-79.9252059,40.4057016],[-79.9255786,40.4052368],[-79.9259484,40.4047781],[-79.9263801,40.4042589],[-79.926717,40.4038806],[-79.9269292,40.4036568],[-79.9271481,40.4034426],[-79.9274062,40.4032128],[-79.92778,40.4028983],[-79.9281725,40.4025804],[-79.9285673,40.4022712],[-79.9289666,40.4019783],[-79.9293796,40.4016949],[-79.929683,40.4014928],[-79.9299768,40.4013088],[-79.9303149,40.4011083],[-79.9307466,40.4008673],[-79.9312037,40.4006375],[-79.9316938,40.4004285],[-79.9320461,40.4002885],[-79.9324488,40.4001425],[-79.9327347,40.4000518],[-79.9329899,40.3999792],[-79.9334108,40.3998713]]}},{"type":"Feature","id":null,"properties":{},"geometry":{"type":"LineString","coordinates":[[-79.9161397,40.4150905],[-79.9163771,40.414926],[-79.9166257,40.4147493],[-79.9169716,40.4144993],[-79.9174078,40.4141771],[-79.9179676,40.4137496],[-79.9183365,40.4134656],[-79.918833,40.4130843],[-79.9192763,40.4127392],[-79.9199642,40.412209],[-79.9203672,40.4118982],[-79.9205391,40.4117597],[-79.9207323,40.411598],[-79.920908,40.411437],[-79.9210397,40.4113095],[-79.9211828,40.411156],[-79.9213253,40.4109939],[-79.921481,40.4108016],[-79.9216382,40.4106137],[-79.9218599,40.4103178],[-79.922059,40.4100365],[-79.9223817,40.4095871],[-79.922688,40.4091526],[-79.923,40.408712],[-79.9232904,40.4083013],[-79.9237419,40.4076677],[-79.9238611,40.4074958],[-79.9239983,40.4073109],[-79.9242509,40.4069758],[-79.924755,40.4063365],[-79.9250341,40.4059867],[-79.9253218,40.4056322],[-79.9258373,40.4049906],[-79.9263523,40.4043578],[-79.9267158,40.4039427],[-79.92689,40.4037605],[-79.9271019,40.4035517],[-79.9273427,40.4033303],[-79.9276269,40.4030817],[-79.9279156,40.4028405],[-79.92822,40.4025961],[-79.9284975,40.4023766],[-79.9287736,40.4021692],[-79.9290511,40.4019653],[-79.9293485,40.4017629],[-79.9296524,40.4015636],[-79.9299825,40.4013565],[-79.9303464,40.4011378],[-79.9307622,40.4009116],[-79.931083,40.4007516],[-79.9313733,40.4006133],[-79.9316014,40.4005122]]}},{"type":"Feature","id":null,"properties":{},"geometry":{"type":"LineString","coordinates":[[-79.9501695,40.4215179],[-79.9497074,40.4208564],[-79.9495239,40.4205746],[-79.9493197,40.4202475],[-79.9491738,40.4200099],[-79.9490238,40.4197501],[-79.9488378,40.4194074],[-79.9486458,40.419052],[-79.94812,40.4180488],[-79.9475917,40.4170367],[-79.947055,40.4160096],[-79.9467794,40.41548],[-79.9465435,40.4150239],[-79.9462595,40.4144769],[-79.9461014,40.4141679],[-79.9458664,40.4136931],[-79.9457336,40.4134136],[-79.9456005,40.4131209],[-79.9454943,40.4128725],[-79.9454254,40.4126856],[-79.9453572,40.4124875],[-79.9452938,40.4122737],[-79.9452255,40.4120101],[-79.9451519,40.411697],[-79.9450615,40.4113026],[-79.9450455,40.4112327],[-79.9448627,40.4104308],[-79.9446814,40.4096202],[-79.9444135,40.4084365],[-79.9440478,40.4067841],[-79.9439007,40.4060907],[-79.9437212,40.4052561],[-79.9436093,40.4047399],[-79.9434968,40.4042371],[-79.9434351,40.4039908],[-79.9433777,40.4037865],[-79.9433398,40.4036528],[-79.943294,40.4035063],[-79.9432284,40.4033115],[-79.9431714,40.4031573],[-79.9431033,40.4029898],[-79.9430226,40.4028117],[-79.9429362,40.4026404],[-79.9428311,40.4024531],[-79.9427324,40.4022935],[-79.9426523,40.4021745],[-79.9425687,40.4020584],[-79.9424572,40.4019126],[-79.9423345,40.4017643],[-79.9422076,40.4016223],[-79.9420823,40.4014893],[-79.9419344,40.4013452],[-79.9417882,40.4012121],[-79.9415859,40.4010425],[-79.9413912,40.400892],[-79.9413257,40.4008425],[-79.9411812,40.4007418],[-79.9410308,40.4006421],[-79.9408163,40.4005096],[-79.9406295,40.4003977],[-79.9403553,40.4002498],[-79.9400801,40.4001144],[-79.9398734,40.4000244],[-79.9396882,40.3999505],[-79.9394583,40.3998673],[-79.9392248,40.3997912],[-79.9390185,40.3997321],[-79.9387542,40.3996647],[-79.9384855,40.3996066],[-79.9382434,40.3995614],[-79.9380138,40.3995255],[-79.9377769,40.3994943],[-79.9375235,40.3994663],[-79.9373183,40.3994503],[-79.9371141,40.3994386],[-79.9369109,40.3994316],[-79.9366739,40.3994282],[-79.9364156,40.399433],[-79.9362056,40.3994427],[-79.9359973,40.3994575],[-79.9358274,40.3994744],[-79.9357292,40.3994842],[-79.9354557,40.399522],[-79.9351448,40.3995706],[-79.9348504,40.3996183]]}},{"type":"Feature","id":null,"properties":{},"geometry":{"type":"MultiLineString","coordinates":[[[-79.93268309854544,40.394859867199884],[-79.9328237,40.3948498],[-79.9331359,40.3948337],[-79.9336459,40.3948054],[-79.9341802,40.3947716],[-79.9345489,40.3947535],[-79.9347947,40.3947373],[-79.9352559,40.3947155],[-79.9360447,40.394675],[-79.9365965,40.3946474],[-79.9369222,40.3946339],[-79.9372326,40.394627],[-79.9375175,40.394625],[-79.9376974,40.3946263],[-79.9379604,40.3946299],[-79.9382599,40.3946389],[-79.9385669,40.3946562],[-79.93867130325835,40.3946632141724]],[[-79.95505003123212,40.41054855389273],[-79.9550553,40.4105652],[-79.9551033,40.4107195],[-79.9551623,40.4109156],[-79.9552204,40.4111215],[-79.9552567,40.4112652],[-79.9552897,40.4114041],[-79.9553275,40.4115817],[-79.9553593,40.4117531],[-79.9553845,40.4119227],[-79.9554038,40.4120882],[-79.9554174,40.412243],[-79.955429,40.4124067],[-79.9554355,40.4125851],[-79.9554401,40.4127661],[-79.9554472,40.4131297],[-79.9554573,40.4135518],[-79.9554642,40.4139538],[-79.95547,40.4142759],[-79.9554773,40.4145834],[-79.9554846,40.4147533],[-79.9554981,40.4149572],[-79.9555154,40.4151348],[-79.9555384,40.4153332],[-79.9555667,40.4155176],[-79.9555983,40.4156973],[-79.9556429,40.4159094],[-79.9556922,40.4161109],[-79.9557291,40.4162508],[-79.9557709,40.4163986],[-79.955854,40.4166826],[-79.9559424,40.4169735],[-79.9560323,40.4172633],[-79.9561221,40.4175366],[-79.9562211,40.4178175],[-79.9563317,40.4181198],[-79.9564414,40.4184016],[-79.9565278,40.4186194],[-79.9566185,40.4188356],[-79.956798,40.4192481],[-79.9569298,40.4195549],[-79.9570623,40.4198555],[-79.9573251,40.4204659],[-79.9574644,40.4207903],[-79.9576041,40.4211136],[-79.9578429,40.4216645],[-79.9579526,40.4219034],[-79.9580588,40.4221189],[-79.9581633,40.4223017],[-79.9582666,40.4224858],[-79.9583626,40.4226405],[-79.9584717,40.4228015],[-79.958594,40.4229727],[-79.9587204,40.4231408],[-79.9588729,40.4233335],[-79.9590285,40.4235152],[-79.9592296,40.4237412],[-79.9594546,40.4239837],[-79.9597469,40.4242814],[-79.9605097,40.425059],[-79.9611227,40.4256801],[-79.9613156,40.4258656],[-79.9615108,40.4260539],[-79.9616214,40.4261565],[-79.961743,40.4262643],[-79.9619168,40.4263983]]]}},{"type":"Feature","id":null,"properties":{},"geometry":{"type":"LineString","coordinates":[[-79.9161823,40.4151237],[-79.9163808,40.4149891],[-79.9165336,40.414879],[-79.9168848,40.4146267],[-79.9170673,40.4144933],[-79.9173264,40.4143018],[-79.9174904,40.4141802],[-79.9176726,40.4140442],[-79.9178716,40.413895],[-79.9181561,40.4136789],[-79.9184224,40.4134764],[-79.9186106,40.4133298],[-79.9188575,40.4131414],[-79.9190739,40.4129729],[-79.9194122,40.4127145],[-79.9196938,40.4125005],[-79.9199125,40.4123305],[-79.9201261,40.4121681],[-79.9203933,40.4119615],[-79.9205361,40.4118458],[-79.9206686,40.4117355],[-79.9208318,40.4115911],[-79.9209914,40.4114419],[-79.9211312,40.4113013],[-79.9212667,40.4111576],[-79.9213912,40.4110149],[-79.9216161,40.410736],[-79.9217643,40.4105379],[-79.9218897,40.4103591],[-79.921983,40.4102297],[-79.92207,40.4101083],[-79.9221442,40.410002],[-79.9221929,40.40993],[-79.9222807,40.4098102],[-79.9224533,40.4095621],[-79.9228409,40.4090155],[-79.9229782,40.408825],[-79.9231827,40.408536],[-79.9234277,40.4081955],[-79.9236432,40.4078914],[-79.9238597,40.4075912],[-79.9240352,40.4073532],[-79.9242519,40.4070651],[-79.9244538,40.4068064],[-79.9247077,40.4064874],[-79.9248769,40.4062648],[-79.9250369,40.4060757],[-79.9252164,40.4058507],[-79.9254404,40.4055741],[-79.9256887,40.4052663],[-79.9258699,40.4050389],[-79.926097,40.4047597],[-79.9262644,40.4045563],[-79.9264446,40.4043386],[-79.9266113,40.4041461],[-79.9267787,40.4039661],[-79.9269557,40.40378],[-79.9271243,40.4036133],[-79.9272865,40.4034596],[-79.9274906,40.4032756],[-79.9277853,40.4030216],[-79.9280407,40.4028091],[-79.9282665,40.4026288],[-79.9284975,40.4024474],[-79.92874,40.4022623],[-79.9289346,40.4021223],[-79.9291697,40.4019571],[-79.9294243,40.4017814],[-79.9296934,40.4016034],[-79.9300001,40.4014078],[-79.9303152,40.4012154],[-79.9305857,40.4010647],[-79.9307764,40.4009618],[-79.9310072,40.4008456],[-79.9313646,40.4006728],[-79.9317082,40.4005264],[-79.931953,40.4004257],[-79.9322607,40.4003108],[-79.9325177,40.4002207],[-79.9327787,40.4001371],[-79.9330456,40.4000577],[-79.9333016,40.3999865],[-79.9335744,40.3999182],[-79.9338392,40.3998599],[-79.9340982,40.3998045],[-79.934385,40.3997511],[-79.9346474,40.3997032],[-79.9349341,40.3996512],[-79.9352159,40.3996052],[-79.9354538,40.3995676],[-79.9357613,40.3995241],[-79.935898,40.3995125],[-79.9360631,40.3994985],[-79.9362946,40.3994852],[-79.9364741,40.3994771],[-79.9367403,40.3994742],[-79.937011,40.3994775],[-79.937265,40.39949],[-79.9375548,40.3995122],[-79.9378828,40.3995528],[-79.9382075,40.3996015],[-79.9384674,40.3996497],[-79.9387253,40.3997065],[-79.9389739,40.3997728],[-79.9392383,40.3998465],[-79.9394836,40.3999261],[-79.9397549,40.4000265],[-79.9400754,40.4001609],[-79.9403816,40.4003126],[-79.9406238,40.4004467],[-79.9408521,40.4005793],[-79.9411579,40.4007795],[-79.9412899,40.4008711],[-79.9414406,40.4009838],[-79.9415996,40.4011097],[-79.9417664,40.4012526],[-79.9419277,40.4014012],[-79.9420976,40.4015712],[-79.9422603,40.4017499],[-79.9425017,40.4020399],[-79.9426833,40.4023034],[-79.9428055,40.4025011],[-79.9429134,40.4026934],[-79.9430068,40.4028753],[-79.943075,40.4030297],[-79.943149,40.4032151],[-79.9432152,40.4033963],[-79.9432763,40.4035891],[-79.943338,40.403804],[-79.9434422,40.4041938],[-79.9436856,40.4052975],[-79.9438743,40.4061844],[-79.9443761,40.4084443],[-79.9446422,40.4096272],[-79.9448581,40.4105831],[-79.9450094,40.4112402],[-79.9450254,40.4113103],[-79.9451156,40.4117057],[-79.9451857,40.4120163],[-79.9452547,40.4122807],[-79.9453176,40.4124972],[-79.9453845,40.4126986],[-79.9454542,40.412886],[-79.9455592,40.413136],[-79.9456869,40.4134216],[-79.94582,40.4137045],[-79.9460573,40.4141818],[-79.9462125,40.4144894],[-79.9464969,40.4150377],[-79.9467348,40.4154908],[-79.9470126,40.416023],[-79.9474811,40.4169169],[-79.9475526,40.4170519],[-79.948081,40.4180635],[-79.9486033,40.4190646],[-79.948793,40.4194233],[-79.9489776,40.4197628],[-79.9491273,40.4200188],[-79.9492743,40.4202622],[-79.9494812,40.4205923],[-79.9495773,40.4207429],[-79.9498948,40.4212137],[-79.9502732,40.4217429],[-79.9507821,40.4224204],[-79.9512326,40.4230126],[-79.9518508,40.4238459],[-79.9519831,40.4240458],[-79.952059,40.4241823],[-79.9521225,40.4243124],[-79.952169,40.4244296],[-79.9522034,40.4245443],[-79.9522298,40.4246624],[-79.95225,40.4247905]]}},{"type":"Feature","id":null,"properties":{},"geometry":{"type":"LineString","coordinates":[[-79.9155825,40.4153786],[-79.9158678,40.4152136],[-79.9161219,40.4150573]]}},{"type":"Feature","id":null,"properties":{},"geometry":{"type":"LineString","coordinates":[[-79.9156088,40.4154037],[-79.9158712,40.4152564],[-79.9161397,40.4150905]]}},{"type":"Feature","id":null,"properties":{},"geometry":{"type":"LineString","coordinates":[[-79.915638,40.4154304],[-79.9159273,40.4152663],[-79.9161823,40.4151237]]}},{"type":"Feature","id":null,"properties":{},"geometry":{"type":"LineString","coordinates":[[-79.9138232,40.4564959],[-79.9130722,40.4564999],[-79.9114142,40.456542],[-79.910522,40.4565832],[-79.9102524,40.4566014],[-79.9101458,40.456606],[-79.9100218,40.4566101],[-79.9099286,40.4566086],[-79.9098206,40.4566004]]}},{"type":"Feature","id":null,"properties":{},"geometry":{"type":"LineString","coordinates":[[-79.9453399,40.4032399],[-79.9455447,40.4032409],[-79.9456618,40.4032479],[-79.9457716,40.4032637],[-79.9458466,40.4032791],[-79.9459032,40.4032907],[-79.9460502,40.4033342],[-79.9461882,40.4033812],[-79.9462926,40.4034227],[-79.9463937,40.4034697],[-79.9464836,40.4035243],[-79.9466079,40.4036162],[-79.9467463,40.4037275],[-79.9469052,40.4038567],[-79.9470985,40.4040177],[-79.947211,40.40412],[-79.9472736,40.4041926],[-79.947329,40.4042652],[-79.9473912,40.4043571],[-79.9474615,40.4044746],[-79.9475205,40.4045927],[-79.9475917,40.4047462],[-79.9476201,40.4048148],[-79.9476534,40.4048954]]}},{"type":"Feature","id":null,"properties":{},"geometry":{"type":"LineString","coordinates":[[-79.9508231,40.4096023],[-79.950775,40.4093569],[-79.9507305,40.4091621],[-79.9506919,40.4089886],[-79.9506547,40.4088366],[-79.950603,40.4086279],[-79.9505558,40.4084413],[-79.9504482,40.4080018],[-79.950347,40.4076245],[-79.950288,40.4073869],[-79.9502687,40.4073157],[-79.9502179,40.407123],[-79.9501586,40.4069021],[-79.9500934,40.4066841],[-79.9500558,40.406575],[-79.9500009,40.4064303],[-79.9499246,40.4062438],[-79.9498352,40.406041],[-79.9497366,40.4058483],[-79.949634,40.4056687],[-79.9495242,40.405483],[-79.9493667,40.4052492],[-79.949137,40.4049435],[-79.9489205,40.4046858],[-79.9486826,40.4044211],[-79.9484468,40.4041649],[-79.9481785,40.4038701],[-79.9479742,40.4036456],[-79.9477649,40.4034158],[-79.94746,40.4030814],[-79.9471347,40.4027231],[-79.9467109,40.4022594],[-79.9463816,40.4018957],[-79.9460584,40.401542],[-79.9457951,40.4012502],[-79.9456681,40.4011093],[-79.9451355,40.400528],[-79.9449566,40.400333],[-79.9448093,40.4001867],[-79.9446243,40.4000288],[-79.9444251,40.3998725],[-79.9442513,40.3997548],[-79.9439626,40.3995822],[-79.9437512,40.3994762],[-79.9435784,40.3993995],[-79.9433386,40.3992958],[-79.9429069,40.3991159],[-79.9426131,40.3989936],[-79.9423286,40.398886],[-79.9420867,40.3988125],[-79.9418539,40.398756],[-79.9417167,40.3987266],[-79.9416628,40.3987165]]}},{"type":"Feature","id":null,"properties":{},"geometry":{"type":"LineString","coordinates":[[-79.9468411,40.4036612],[-79.9466901,40.4035533],[-79.9465984,40.4034918],[-79.946484,40.403422],[-79.9463606,40.403355],[-79.9462331,40.4033066],[-79.9460961,40.4032686],[-79.9459608,40.4032437],[-79.9458374,40.4032257],[-79.945797,40.4032248],[-79.9456922,40.4032223],[-79.9455497,40.4032278],[-79.9453399,40.4032399],[-79.94513,40.4032582],[-79.9449848,40.4032755],[-79.9448359,40.4033031],[-79.944688,40.4033425],[-79.9446078,40.4033702],[-79.9445355,40.4033951],[-79.9444148,40.4034448],[-79.9443009,40.4035056],[-79.9441811,40.4035803],[-79.9440495,40.4036708],[-79.9439515,40.4037482],[-79.9439261,40.4037683],[-79.9438435,40.403847],[-79.9437841,40.4039231],[-79.9437242,40.4040253],[-79.9436802,40.4041269],[-79.9436547,40.4042437],[-79.9436502,40.404337],[-79.9436575,40.4045022],[-79.9436693,40.4047199],[-79.9436747,40.4048339],[-79.9436856,40.4049728],[-79.9436947,40.4050786],[-79.9437212,40.4052561]]}},{"type":"Feature","id":null,"properties":{},"geometry":{"type":"LineString","coordinates":[[-79.9488822,40.4053262],[-79.9486238,40.4051248],[-79.948435,40.4049934],[-79.9482233,40.404821],[-79.9477348,40.4043982],[-79.9472544,40.4039828],[-79.9469238,40.4037137],[-79.9468411,40.4036612]]}},{"type":"Feature","id":null,"properties":{},"geometry":{"type":"LineString","coordinates":[[-79.9477502,40.4043399],[-79.9482035,40.4047312],[-79.9486456,40.4051148],[-79.9488822,40.4053262]]}},{"type":"Feature","id":null,"properties":{},"geometry":{"type":"LineString","coordinates":[[-79.9482985,40.4046028],[-79.948597,40.4049191],[-79.9487418,40.4050458],[-79.9488969,40.4051797]]}},{"type":"Feature","id":null,"properties":{},"geometry":{"type":"LineString","coordinates":[[-79.9484035,40.4066914],[-79.94789,40.4048965],[-79.9478514,40.4047882],[-79.9476936,40.4045273],[-79.9475445,40.4043218],[-79.9474637,40.4042088]]}},{"type":"Feature","id":null,"properties":{},"geometry":{"type":"LineString","coordinates":[[-79.9501722,40.4077024],[-79.9500451,40.4072245],[-79.9500029,40.4070747],[-79.9499584,40.4069329],[-79.9499224,40.4068305],[-79.9498567,40.406675],[-79.9497923,40.406546],[-79.9496968,40.4063776],[-79.9496292,40.4062721],[-79.9495555,40.4061716],[-79.9494196,40.406002],[-79.9492989,40.4058731],[-79.9492093,40.4057874],[-79.9491191,40.4057026],[-79.9490111,40.4056079],[-79.9489061,40.4055198],[-79.9486409,40.4052983],[-79.9483915,40.4050882],[-79.9479302,40.4046957],[-79.9477384,40.4045054],[-79.9474637,40.4042088],[-79.9472544,40.4039828]]}},{"type":"Feature","id":null,"properties":{},"geometry":{"type":"LineString","coordinates":[[-79.9467867,40.4453488],[-79.9467624,40.4451473],[-79.9467623,40.4449288],[-79.9467811,40.4446177],[-79.9467985,40.4444873],[-79.9468495,40.4443553],[-79.9468925,40.4441746],[-79.9470065,40.4437735],[-79.9471509,40.4434031],[-79.9473282,40.4430677],[-79.9476045,40.4426426],[-79.9478862,40.4422589],[-79.948188,40.4418669],[-79.9486439,40.4414025]]}},{"type":"Feature","id":null,"properties":{},"geometry":{"type":"LineString","coordinates":[[-79.9498781,40.4529241],[-79.9470398,40.4464094],[-79.946956,40.4461232],[-79.9468306,40.445695],[-79.9467867,40.4453488]]}},{"type":"Feature","id":null,"properties":{},"geometry":{"type":"LineString","coordinates":[[-79.9989814,40.3941666],[-79.9989256,40.3938236],[-79.9988562,40.3932516],[-79.9987713,40.3922384],[-79.998722,40.3914668],[-79.9986716,40.3906917],[-79.9986082,40.3897155],[-79.9985749,40.3894692],[-79.998523,40.389219],[-79.998377,40.3887654],[-79.9981946,40.3883323],[-79.9980953,40.3881191],[-79.9979777,40.3879059],[-79.997726,40.3875061],[-79.9974,40.3870943],[-79.9969286,40.3865958],[-79.9968241,40.3864885],[-79.9966604,40.3862771],[-79.9965532,40.3861189],[-79.9964619,40.3859502],[-79.9963929,40.3857868],[-79.9963353,40.3856234],[-79.9962769,40.38538],[-79.996248,40.3851243],[-79.9962479,40.3849646],[-79.996287,40.3846231],[-79.9963768,40.3842912],[-79.9964959,40.3840571],[-79.9966498,40.3838102],[-79.9968275,40.3835857],[-79.9969992,40.3834096],[-79.9973038,40.3831398],[-79.9975578,40.3829389],[-79.9978163,40.3827519],[-79.9981468,40.3825328],[-79.9984087,40.3823731],[-79.9988621,40.3821266],[-80.0000543,40.3815582],[-80.0004313,40.3813759],[-80.0006558,40.3812487],[-80.0008666,40.381112],[-80.0012265,40.380838],[-80.0017948,40.3803868],[-80.00216596416774,40.38009304872548]]}},{"type":"Feature","id":null,"properties":{},"geometry":{"type":"LineString","coordinates":[[-79.999059,40.394559],[-79.9989814,40.3941666]]}},{"type":"Feature","id":null,"properties":{},"geometry":{"type":"LineString","coordinates":[[-79.999059,40.394559],[-79.9991554,40.3948929],[-79.9992607,40.3951899],[-79.9995326,40.3958271]]}},{"type":"Feature","id":null,"properties":{},"geometry":{"type":"LineString","coordinates":[[-79.9995326,40.3958271],[-79.999572,40.3959113]]}},{"type":"Feature","id":null,"properties":{},"geometry":{"type":"LineString","coordinates":[[-79.999572,40.3959113],[-79.999827,40.3965002],[-79.9999906,40.3968689],[-80.00017,40.3972341],[-80.0002868,40.3974373],[-80.0003945,40.3976144],[-80.0006926,40.3981056],[-80.0007922,40.3982876],[-80.0008781,40.3984697],[-80.0009451,40.3986363],[-80.0009939,40.3988029],[-80.0010332,40.3989489],[-80.0010612,40.3990948],[-80.0011126,40.3995895],[-80.0011412,40.3998461],[-80.001172,40.4000335],[-80.0012083,40.4002044],[-80.0012536,40.4003684],[-80.0013793,40.4007897]]}},{"type":"Feature","id":null,"properties":{},"geometry":{"type":"LineString","coordinates":[[-80.0013793,40.4007897],[-80.0015941,40.4014992]]}},{"type":"Feature","id":null,"properties":{},"geometry":{"type":"LineString","coordinates":[[-80.0015941,40.4014992],[-80.0016331,40.4016297]]}},{"type":"Feature","id":null,"properties":{},"geometry":{"type":"LineString","coordinates":[[-80.0016331,40.4016297],[-80.0018596,40.4023738]]}},{"type":"Feature","id":null,"properties":{},"geometry":{"type":"LineString","coordinates":[[-80.0018596,40.4023738],[-80.0020894,40.40313],[-80.0021986,40.4034404],[-80.0022637,40.403578],[-80.0023231,40.4036913],[-80.0024056,40.4038226],[-80.002479,40.4039295],[-80.0026013,40.4040823],[-80.0027167,40.4042125],[-80.0028615,40.4043455],[-80.0030097,40.4044698],[-80.0033915,40.4047448],[-80.0040675,40.4052011],[-80.004739,40.4056626],[-80.0048968,40.4057782],[-80.0050398,40.405892],[-80.0051326,40.405977],[-80.0052858,40.40614],[-80.0054539,40.4063764],[-80.005539,40.4065302],[-80.005631,40.4067566],[-80.0056723,40.4069139],[-80.0056885,40.4070556],[-80.0056969,40.4072012],[-80.0056939,40.4073415],[-80.0056613,40.4076973],[-80.0056127,40.4080808],[-80.0055973,40.408379],[-80.0056167,40.408543],[-80.0056339,40.4086219],[-80.0056864,40.4088032],[-80.0057533,40.4089568],[-80.0058305,40.4090856],[-80.0059088,40.4091884],[-80.006032,40.4093263],[-80.0061575,40.409439],[-80.0063013,40.4095479],[-80.0064771,40.4096534],[-80.0070561,40.409974],[-80.0072199,40.4100806],[-80.0073854,40.4102073],[-80.007532,40.410347],[-80.007658,40.4104867],[-80.0077591,40.4106261],[-80.0078772,40.4108366],[-80.0080055,40.4111142],[-80.0082584,40.4116686],[-80.0083648,40.4118718],[-80.0084759,40.4120431],[-80.0085608,40.412151],[-80.0087018,40.4123028],[-80.0088405,40.4124233],[-80.0091004,40.4125945],[-80.0096028,40.4128734]]}},{"type":"Feature","id":null,"properties":{},"geometry":{"type":"LineString","coordinates":[[-79.9816549,40.4254125],[-79.9831137,40.4255001],[-79.9840973,40.4255586],[-79.9846689,40.4255966],[-79.9852742,40.4256471],[-79.9858088,40.4257076],[-79.9863278,40.425786],[-79.9866712,40.425849],[-79.9871353,40.4259569],[-79.9876287,40.4260907],[-79.9882654,40.426294],[-79.9889735,40.4265266],[-79.9898277,40.4268104],[-79.9909864,40.4271927],[-79.9919276,40.4275038],[-79.9934823,40.428021],[-79.9953699,40.4286442],[-79.9962264,40.4289281],[-79.9976301,40.4293941],[-79.9991021,40.4298875],[-79.9993936,40.4299978],[-79.9999713,40.4302459],[-80.000224,40.4303559],[-80.0004748,40.4304552],[-80.000737,40.4305444],[-80.0009695,40.4306089]]}},{"type":"Feature","id":null,"properties":{},"geometry":{"type":"LineString","coordinates":[[-80.0104868,40.4133196],[-80.0096028,40.4128734]]}},{"type":"Feature","id":null,"properties":{},"geometry":{"type":"LineString","coordinates":[[-80.0119729,40.4138188],[-80.0110629,40.4135603],[-80.0107571,40.4134377],[-80.0104868,40.4133196]]}},{"type":"Feature","id":null,"properties":{},"geometry":{"type":"LineString","coordinates":[[-80.0143424,40.4146519],[-80.0141522,40.4145223],[-80.0139109,40.4144061],[-80.0136986,40.4143257],[-80.0135108,40.4142615],[-80.0133122,40.4142054],[-80.0129084,40.4140887],[-80.0119729,40.4138188]]}},{"type":"Feature","id":null,"properties":{},"geometry":{"type":"LineString","coordinates":[[-80.0156594,40.4169454],[-80.0155249,40.4165348],[-80.0153789,40.4160758],[-80.0152783,40.4157846],[-80.0151977,40.4155982],[-80.0150971,40.415424],[-80.0149362,40.4151981],[-80.0147809,40.4150217],[-80.0146432,40.4148845],[-80.0145434,40.4148015],[-80.0143424,40.4146519]]}},{"type":"Feature","id":null,"properties":{},"geometry":{"type":"LineString","coordinates":[[-80.0164413,40.4210082],[-80.0163169,40.4208226],[-80.016253,40.420713],[-80.0161786,40.4205462],[-80.0161363,40.4204227],[-80.0161023,40.4202992],[-80.0160744,40.4201531],[-80.0160599,40.4200071],[-80.0160573,40.4198719],[-80.0160697,40.4197136],[-80.016105,40.4195247],[-80.0161419,40.4193415],[-80.0161787,40.4190886],[-80.0161887,40.4189029],[-80.0161828,40.4187627],[-80.0161651,40.4186035],[-80.0161309,40.4184354],[-80.0160849,40.4182673],[-80.0159831,40.4179545],[-80.0158864,40.4176506],[-80.0157932,40.4173539],[-80.0156809,40.4169994]]}},{"type":"Feature","id":null,"properties":{},"geometry":{"type":"LineString","coordinates":[[-80.0182467,40.4228585],[-80.0177459,40.4224162],[-80.0173891,40.4220448],[-80.0166638,40.4212652],[-80.0165247,40.4211097],[-80.0164413,40.4210082]]}},{"type":"Feature","id":null,"properties":{},"geometry":{"type":"LineString","coordinates":[[-80.0189297,40.423387],[-80.0182467,40.4228585]]}},{"type":"Feature","id":null,"properties":{},"geometry":{"type":"LineString","coordinates":[[-80.0195959,40.4239404],[-80.0189297,40.423387]]}},{"type":"Feature","id":null,"properties":{},"geometry":{"type":"LineString","coordinates":[[-80.0197221,40.4240469],[-80.0195959,40.4239404]]}},{"type":"Feature","id":null,"properties":{},"geometry":{"type":"LineString","coordinates":[[-80.0208484,40.4250174],[-80.0207019,40.4249036],[-80.020574,40.4247893],[-80.0201351,40.424408],[-80.0197221,40.4240469]]}},{"type":"Feature","id":null,"properties":{},"geometry":{"type":"LineString","coordinates":[[-80.0775314,40.4166413],[-80.0775689,40.4160777],[-80.0775916,40.4158816],[-80.0776348,40.4156593],[-80.07766206843864,40.41555411017735]]}},{"type":"Feature","id":null,"properties":{},"geometry":{"type":"LineString","coordinates":[[-80.0779021,40.4164398],[-80.0776979,40.4161476],[-80.0776606,40.4160852],[-80.0776361,40.4160261],[-80.0776218,40.4159681],[-80.0776146,40.4159002],[-80.0776146,40.4158302],[-80.0776348,40.4156593]]}},{"type":"Feature","id":null,"properties":{},"geometry":{"type":"LineString","coordinates":[[-80.0775283080334,40.41692896741167],[-80.0775314,40.4166413]]}},{"type":"Feature","id":null,"properties":{},"geometry":{"type":"LineString","coordinates":[[-80.0419902,40.4293533],[-80.04337732494739,40.42824906861656]]}},{"type":"Feature","id":null,"properties":{},"geometry":{"type":"LineString","coordinates":[[-80.0380041,40.4335199],[-80.0381712,40.4334395],[-80.0383764,40.4333403],[-80.0386279,40.4331834],[-80.0388173,40.4330451],[-80.0390488,40.4328473],[-80.0392638,40.4326266],[-80.0394512,40.4324037],[-80.0397106,40.4320496],[-80.0400814,40.4315479],[-80.040439,40.4310597],[-80.0406588,40.4307641],[-80.0409059,40.4304584],[-80.0410459,40.4302783],[-80.0411969,40.4301065],[-80.0415006,40.4297814],[-80.0417068,40.4295962],[-80.0419902,40.4293533]]}},{"type":"Feature","id":null,"properties":{},"geometry":{"type":"LineString","coordinates":[[-80.0377244,40.4336364],[-80.0380041,40.4335199]]}},{"type":"Feature","id":null,"properties":{},"geometry":{"type":"LineString","coordinates":[[-80.0790403,40.4439134],[-80.0790544,40.443796],[-80.0790732,40.4436975],[-80.0791038,40.4435981],[-80.0791438,40.4435094],[-80.0791927,40.4434378],[-80.0792539,40.4433688],[-80.079328,40.4432989],[-80.0794092,40.4432389],[-80.0794916,40.443187],[-80.0795634,40.4431485],[-80.0796646,40.4431019],[-80.0801948,40.4428672],[-80.0814899,40.4422895]]}},{"type":"Feature","id":null,"properties":{},"geometry":{"type":"LineString","coordinates":[[-80.0807626,40.4425206],[-80.0799212,40.4428977],[-80.0796828,40.4430034],[-80.079564,40.4430589],[-80.079471,40.44311],[-80.079378,40.44317],[-80.0792898,40.4432416],[-80.0792186,40.4433151],[-80.0791621,40.4433939],[-80.0791103,40.4434808],[-80.0790732,40.4435712],[-80.0790532,40.4436733],[-80.0790473,40.4437656],[-80.0790403,40.4439134],[-80.0790426,40.4439814],[-80.0790556,40.444045],[-80.0790815,40.4441194],[-80.0791121,40.4441847],[-80.0791533,40.4442555],[-80.0792057,40.4443319]]}},{"type":"Feature","id":null,"properties":{},"geometry":{"type":"LineString","coordinates":[[-80.0852112,40.4451803],[-80.085057,40.4451579],[-80.0849099,40.4451436],[-80.0847863,40.4451409],[-80.084651,40.4451499],[-80.0845204,40.4451687],[-80.0843886,40.4452],[-80.0842597,40.4452394],[-80.0841397,40.4452905],[-80.084002,40.4453603],[-80.08335,40.4457105],[-80.0830016,40.4458897],[-80.0828475,40.4459703],[-80.0827545,40.4460141],[-80.0826627,40.4460482],[-80.0825744,40.4460742],[-80.0824709,40.4460983],[-80.0823649,40.4461118],[-80.0822578,40.4461171],[-80.0821449,40.4461154],[-80.0820413,40.4461073],[-80.0819236,40.4460858],[-80.081793,40.4460562],[-80.0810415,40.4458673],[-80.0806685,40.4457759],[-80.080572,40.4457481],[-80.0804661,40.4457078],[-80.080379,40.4456658],[-80.0802942,40.4456156],[-80.0802095,40.4455529],[-80.0801401,40.4454893],[-80.0800753,40.4454186],[-80.0799529,40.445269],[-80.0797941,40.4450684],[-80.079604,40.4448301],[-80.0793745,40.4445444],[-80.079218,40.4443474],[-80.0792057,40.4443319],[-80.0790803,40.444174],[-80.0790356,40.4441077],[-80.0790014,40.4440343],[-80.0789744,40.4439573],[-80.0789567,40.4438704],[-80.0789497,40.4437898],[-80.078952,40.4436939],[-80.0789755,40.4435954],[-80.0790097,40.4435148],[-80.0790579,40.4434297],[-80.0791174,40.4433339],[-80.0791797,40.443256],[-80.0792515,40.4431915],[-80.079341,40.4431306],[-80.0794616,40.4430634],[-80.079584,40.4430043],[-80.0797699,40.4429228],[-80.0808744,40.4424302],[-80.0813934,40.4422009]]}},{"type":"Feature","id":null,"properties":{},"geometry":{"type":"LineString","coordinates":[[-80.0861156,40.4453478],[-80.0859567,40.4453039],[-80.0858026,40.4452753],[-80.0852112,40.4451803]]}},{"type":"Feature","id":null,"properties":{},"geometry":{"type":"LineString","coordinates":[[-79.9956035,40.4286796],[-79.997981,40.4294645],[-79.9991312,40.4298499],[-79.9994947,40.4299961],[-80.0002622,40.430329],[-80.0005495,40.4304393],[-80.000781,40.4305163],[-80.0008947,40.4305485]]}},{"type":"Feature","id":null,"properties":{},"geometry":{"type":"LineString","coordinates":[[-80.0014076,40.4306747],[-80.0010674,40.4305967],[-80.0008947,40.4305485]]}},{"type":"Feature","id":null,"properties":{},"geometry":{"type":"LineString","coordinates":[[-80.0009695,40.4306089],[-80.0014177,40.4307093]]}},{"type":"Feature","id":null,"properties":{},"geometry":{"type":"LineString","coordinates":[[-80.0016689,40.4307302],[-80.0014076,40.4306747]]}},{"type":"Feature","id":null,"properties":{},"geometry":{"type":"LineString","coordinates":[[-80.0014177,40.4307093],[-80.0015658,40.4307427],[-80.0016749,40.4307675]]}},{"type":"Feature","id":null,"properties":{},"geometry":{"type":"LineString","coordinates":[[-80.0019462,40.4307995],[-80.0016689,40.4307302]]}},{"type":"Feature","id":null,"properties":{},"geometry":{"type":"LineString","coordinates":[[-80.0016749,40.4307675],[-80.0019664,40.4308431]]}},{"type":"Feature","id":null,"properties":{},"geometry":{"type":"LineString","coordinates":[[-80.0019664,40.4308431],[-80.0021911,40.4309162],[-80.002494,40.4310377]]}},{"type":"Feature","id":null,"properties":{},"geometry":{"type":"LineString","coordinates":[[-80.0042531,40.4317816],[-80.0023738,40.4309468],[-80.0021796,40.4308689],[-80.0019462,40.4307995]]}},{"type":"Feature","id":null,"properties":{},"geometry":{"type":"LineString","coordinates":[[-80.002494,40.4310377],[-80.0032398,40.4313724],[-80.0038244,40.4316327],[-80.0042396,40.4318198]]}},{"type":"Feature","id":null,"properties":{},"geometry":{"type":"LineString","coordinates":[[-80.0212771,40.4252715],[-80.0210469,40.4251486],[-80.0208484,40.4250174]]}},{"type":"Feature","id":null,"properties":{},"geometry":{"type":"LineString","coordinates":[[-80.027591,40.4296991],[-80.0272413,40.4294585],[-80.0269985,40.4292997],[-80.0268902,40.4292152],[-80.0266961,40.4290417],[-80.0265321,40.4288653],[-80.0263747,40.4286602],[-80.0260922,40.4282958],[-80.0257965,40.4279136],[-80.0255532,40.4274914],[-80.0252435,40.4271606],[-80.0249779,40.42691],[-80.0248095,40.4267621],[-80.0245821,40.4265861],[-80.0244127,40.426467],[-80.0242227,40.4263411],[-80.0237169,40.4260657],[-80.0236419,40.4260318],[-80.0233846,40.4259176],[-80.0231043,40.4258069],[-80.0228033,40.4257084],[-80.0220265,40.4255028],[-80.021468,40.4253473],[-80.0213956,40.4253201],[-80.0212771,40.4252715]]}},{"type":"Feature","id":null,"properties":{},"geometry":{"type":"LineString","coordinates":[[-80.027591,40.4296991],[-80.0289405,40.4305441]]}},{"type":"Feature","id":null,"properties":{},"geometry":{"type":"LineString","coordinates":[[-80.0289405,40.4305441],[-80.0293107,40.4307696],[-80.0298556,40.4311275],[-80.0305006,40.4315513],[-80.0310736,40.4319095],[-80.0314602,40.4321444],[-80.0318174,40.4323621],[-80.0320555,40.4325],[-80.032561,40.4327665],[-80.0333007,40.4331235],[-80.0338894,40.4334298],[-80.0343,40.43363],[-80.0346091,40.433761],[-80.0347423,40.433807],[-80.0349173,40.4338574],[-80.0351689,40.4339098],[-80.0355018,40.4339477],[-80.0359249,40.4339552],[-80.0363247,40.4339382],[-80.0366252,40.4339185],[-80.0369697,40.4338575],[-80.0373836,40.4337477],[-80.0377244,40.4336364]]}},{"type":"Feature","id":null,"properties":{},"geometry":{"type":"LineString","coordinates":[[-80.0141339,40.4378837],[-80.0144755,40.4380752],[-80.01549,40.4386453],[-80.0160301,40.4389494],[-80.0164683,40.4391871],[-80.01673,40.4393104],[-80.0171093,40.4394593],[-80.0176194,40.4396475],[-80.0188874,40.4401047],[-80.0198076,40.4404304],[-80.0199405,40.4404769],[-80.0205038,40.4406945],[-80.0211147,40.4409155],[-80.0216681,40.4411247],[-80.022279,40.4413659],[-80.022896,40.4416226],[-80.0235922,40.4419232],[-80.0242548,40.4422255],[-80.0248501,40.4424905],[-80.0253927,40.442707],[-80.0262881,40.4430258],[-80.0270041,40.4432761],[-80.0274969,40.4434549],[-80.0276889,40.4435328],[-80.0278002,40.4435818]]}},{"type":"Feature","id":null,"properties":{},"geometry":{"type":"LineString","coordinates":[[-80.0141013,40.4379097],[-80.0156822,40.4388036],[-80.0159957,40.4389773],[-80.0164621,40.4392319],[-80.0169027,40.4394273],[-80.0179649,40.4398198],[-80.0190205,40.4402098],[-80.0197125,40.440444],[-80.0198746,40.4404961],[-80.0201104,40.4405783],[-80.0209555,40.440899],[-80.0220697,40.4413199],[-80.0231612,40.4417756],[-80.0239798,40.4421426],[-80.024626,40.442437],[-80.0252169,40.4426843],[-80.025851,40.4429133],[-80.0265214,40.4431482],[-80.0277425,40.4435988]]}},{"type":"Feature","id":null,"properties":{},"geometry":{"type":"LineString","coordinates":[[-80.0278002,40.4435818],[-80.0280502,40.4437017]]}},{"type":"Feature","id":null,"properties":{},"geometry":{"type":"LineString","coordinates":[[-80.0277425,40.4435988],[-80.0279991,40.4437196]]}},{"type":"Feature","id":null,"properties":{},"geometry":{"type":"LineString","coordinates":[[-80.0280502,40.4437017],[-80.028305,40.4438366]]}},{"type":"Feature","id":null,"properties":{},"geometry":{"type":"LineString","coordinates":[[-80.0279991,40.4437196],[-80.028277,40.4438662]]}},{"type":"Feature","id":null,"properties":{},"geometry":{"type":"LineString","coordinates":[[-80.0044034,40.4318459],[-80.0042531,40.4317816]]}},{"type":"Feature","id":null,"properties":{},"geometry":{"type":"LineString","coordinates":[[-80.0042396,40.4318198],[-80.0043943,40.4318855]]}},{"type":"Feature","id":null,"properties":{},"geometry":{"type":"LineString","coordinates":[[-80.0044034,40.4318459],[-80.0055502,40.4323615],[-80.0060545,40.4326128],[-80.0064579,40.432832],[-80.0072186,40.4332792],[-80.0078254,40.433655],[-80.0083326,40.4339834],[-80.0090613,40.4344886],[-80.0100327,40.4352196],[-80.0111339,40.4360529],[-80.0116677,40.4364383],[-80.0121484,40.4367523],[-80.0126018,40.4370201],[-80.0132053,40.4373634],[-80.0141339,40.4378837]]}},{"type":"Feature","id":null,"properties":{},"geometry":{"type":"LineString","coordinates":[[-80.0043943,40.4318855],[-80.0048649,40.432095],[-80.0058598,40.4325647],[-80.0063662,40.4328312],[-80.0068694,40.43312],[-80.007721,40.4336431],[-80.0085515,40.4341835],[-80.0090872,40.4345603],[-80.009693,40.4350213],[-80.0105104,40.4356398],[-80.0112009,40.4361541],[-80.0115542,40.4364132],[-80.0122137,40.436842],[-80.0128308,40.4371989],[-80.0134513,40.4375497],[-80.0141013,40.4379097]]}},{"type":"Feature","id":null,"properties":{},"geometry":{"type":"LineString","coordinates":[[-79.9672353,40.4296364],[-79.9676331,40.4298],[-79.9680714,40.429981],[-79.9688053,40.4302872],[-79.9690107,40.4303713],[-79.9691868,40.4304418],[-79.9693801,40.4305157],[-79.9694512,40.4305411],[-79.9695767,40.4305858],[-79.9697783,40.4306511],[-79.9699918,40.4307126],[-79.9701768,40.4307559],[-79.9703902,40.4308045],[-79.9706147,40.4308454],[-79.9708812,40.4308839],[-79.971138,40.4309157],[-79.9714162,40.4309432],[-79.9717039,40.4309703],[-79.9718945,40.4309834],[-79.9720597,40.430991],[-79.9722965,40.4310007],[-79.9725035,40.4310117],[-79.9727213,40.4310256],[-79.9729747,40.4310466],[-79.9732168,40.4310718],[-79.9734202,40.4310966],[-79.9737886,40.4311568],[-79.9740803,40.4312099],[-79.9743077,40.4312653],[-79.9745325,40.4313249],[-79.9748876,40.4314283],[-79.975208,40.4315222],[-79.9759797,40.4317513],[-79.9765251,40.4319117],[-79.9766646,40.4319499],[-79.9768288,40.4319906],[-79.9771015,40.4320498],[-79.9773571,40.432097],[-79.9775508,40.4321244],[-79.9777872,40.4321523],[-79.9780183,40.4321679],[-79.9782519,40.4321778],[-79.9784759,40.4321802],[-79.9787257,40.4321744],[-79.9789852,40.4321592],[-79.9792041,40.4321419],[-79.9796332,40.432106],[-79.9800166,40.4320749],[-79.9801989,40.4320598],[-79.9804856,40.432036],[-79.9816472,40.4319394],[-79.9861782,40.4315394],[-79.9891125,40.4312862],[-79.9900048,40.4311932],[-79.9907969,40.4311106],[-79.9914728,40.4310535],[-79.9921005,40.4310371],[-79.992932,40.4310453],[-79.9939405,40.4311106],[-79.9946164,40.4311515],[-79.9950134,40.4311474],[-79.9953738,40.431129],[-79.9958234,40.4310984],[-79.9964242,40.431078],[-79.9968694,40.4310902],[-79.9969712,40.431102],[-79.9972771,40.4311392],[-79.997728,40.4312254],[-79.998246,40.4313691],[-79.9988579,40.4315873],[-79.9996369,40.4319199],[-80.0002449,40.4322036],[-80.0007412,40.4324519],[-80.0017683,40.4329847],[-80.0034153,40.4338395],[-80.0047182,40.4345167],[-80.0052708,40.4348041],[-80.005859,40.4351119],[-80.0064947,40.4354128],[-80.0098736,40.4369087],[-80.0114929,40.437625],[-80.0123887,40.4380208],[-80.0129244,40.4382623],[-80.0135066,40.4385482],[-80.0141265,40.4388777],[-80.0180318,40.4411154],[-80.0191959,40.4417759],[-80.0197643,40.4420633],[-80.020221,40.442259],[-80.0207924,40.4424613],[-80.0213065,40.4426088],[-80.0242574,40.4433469],[-80.0252044,40.4436455],[-80.0261426,40.4440007],[-80.0268895,40.4443161]]}},{"type":"Feature","id":null,"properties":{},"geometry":{"type":"LineString","coordinates":[[-80.0268686,40.4443499],[-80.0263347,40.444118],[-80.0251357,40.4436649],[-80.0241004,40.4433464],[-80.0229551,40.4430565],[-80.021563,40.4427177],[-80.0208174,40.4425136],[-80.0204419,40.442387],[-80.0202273,40.4423074],[-80.0195782,40.4420155],[-80.0191839,40.4418113],[-80.0181084,40.441203],[-80.0169228,40.4405294],[-80.0160189,40.4400068],[-80.0150775,40.4394679],[-80.0135593,40.4386227],[-80.0125106,40.4381205],[-80.0114726,40.4376612],[-80.0101824,40.4370916],[-80.009426,40.4367548],[-80.0085946,40.4363873],[-80.0078462,40.4360586],[-80.0072079,40.4357728],[-80.0064005,40.4354176],[-80.0058963,40.4351808],[-80.0048985,40.4346622],[-80.0036888,40.4340334],[-80.0023209,40.4333189],[-80.0010093,40.432641],[-79.9996869,40.4319877],[-79.9988061,40.431609],[-79.9983026,40.4314289],[-79.9976447,40.4312479],[-79.9972865,40.4311785],[-79.9969684,40.4311411],[-79.9968126,40.4311289],[-79.9964805,40.4311178],[-79.9961418,40.4311265],[-79.9953723,40.4311701],[-79.9950093,40.4311862],[-79.994629,40.4311822],[-79.9943636,40.4311711],[-79.9937269,40.4311289],[-79.9930821,40.431088],[-79.9927385,40.4310732],[-79.9921148,40.4310682],[-79.9915628,40.4310893],[-79.9912192,40.4311128],[-79.9908007,40.43115],[-79.9900144,40.4312271],[-79.9890581,40.4313194],[-79.9868712,40.4315111],[-79.9853337,40.431649],[-79.9837255,40.4318003],[-79.982431,40.431918],[-79.981653,40.4319761],[-79.9810077,40.4320286],[-79.9805503,40.4320659],[-79.9801756,40.4320979],[-79.9799595,40.4321163],[-79.9792044,40.4321799],[-79.9789689,40.4321986],[-79.9787846,40.4322096],[-79.978585,40.4322165],[-79.9783826,40.4322193],[-79.9781956,40.4322165],[-79.9779951,40.4322062],[-79.9777822,40.4321889],[-79.9775658,40.4321654],[-79.9773652,40.4321357],[-79.9771356,40.4320963],[-79.9769242,40.4320486],[-79.976695,40.431992],[-79.976474,40.4319326],[-79.9762635,40.4318704],[-79.975983,40.4317896],[-79.9755129,40.4316507],[-79.9751308,40.4315388],[-79.9747569,40.4314283],[-79.974452,40.4313419],[-79.974255,40.4312915],[-79.9740953,40.4312521],[-79.9739465,40.4312217],[-79.9737545,40.4311872],[-79.9735426,40.4311513],[-79.9733266,40.4311223],[-79.9730843,40.4310967],[-79.9727784,40.4310684],[-79.972341,40.4310297],[-79.9720742,40.4310041],[-79.9717039,40.4309703]]}},{"type":"Feature","id":null,"properties":{},"geometry":{"type":"LineString","coordinates":[[-79.9920393,40.4448172],[-79.9918358,40.4448549],[-79.9916179,40.4449188],[-79.9914442,40.4449918],[-79.9913905,40.4450144]]}},{"type":"Feature","id":null,"properties":{},"geometry":{"type":"LineString","coordinates":[[-79.9913905,40.4450144],[-79.9911554,40.4451428]]}},{"type":"Feature","id":null,"properties":{},"geometry":{"type":"LineString","coordinates":[[-79.9941719,40.4453651],[-79.9939791,40.4452419],[-79.9937367,40.4451182],[-79.9934287,40.4449984],[-79.9933957,40.4449881],[-79.9931336,40.4449061],[-79.9929539,40.4448576],[-79.9927266,40.4448219],[-79.9925625,40.4448029],[-79.9924625,40.4448007],[-79.9922686,40.4447963],[-79.9920393,40.4448172]]}},{"type":"Feature","id":null,"properties":{},"geometry":{"type":"LineString","coordinates":[[-79.9921212,40.4450721],[-79.991924,40.4451194],[-79.9917532,40.4451754],[-79.9915673,40.4452489]]}},{"type":"Feature","id":null,"properties":{},"geometry":{"type":"LineString","coordinates":[[-80.028305,40.4438366],[-80.0285615,40.4439825]]}},{"type":"Feature","id":null,"properties":{},"geometry":{"type":"LineString","coordinates":[[-80.028277,40.4438662],[-80.0285327,40.4440131]]}},{"type":"Feature","id":null,"properties":{},"geometry":{"type":"LineString","coordinates":[[-80.0285615,40.4439825],[-80.0287844,40.4441197],[-80.0290017,40.4442602]]}},{"type":"Feature","id":null,"properties":{},"geometry":{"type":"LineString","coordinates":[[-80.0285327,40.4440131],[-80.0287482,40.444145],[-80.0289584,40.4442809]]}},{"type":"Feature","id":null,"properties":{},"geometry":{"type":"LineString","coordinates":[[-80.0290017,40.4442602],[-80.0291744,40.4443747]]}},{"type":"Feature","id":null,"properties":{},"geometry":{"type":"LineString","coordinates":[[-80.0289584,40.4442809],[-80.0291328,40.4443947]]}},{"type":"Feature","id":null,"properties":{},"geometry":{"type":"LineString","coordinates":[[-80.0268895,40.4443161],[-80.0270095,40.4443657]]}},{"type":"Feature","id":null,"properties":{},"geometry":{"type":"LineString","coordinates":[[-80.0269847,40.4444015],[-80.0268686,40.4443499]]}},{"type":"Feature","id":null,"properties":{},"geometry":{"type":"LineString","coordinates":[[-80.0291744,40.4443747],[-80.0295874,40.4446555]]}},{"type":"Feature","id":null,"properties":{},"geometry":{"type":"LineString","coordinates":[[-80.0291328,40.4443947],[-80.0295975,40.4447148]]}},{"type":"Feature","id":null,"properties":{},"geometry":{"type":"LineString","coordinates":[[-80.0295874,40.4446555],[-80.0298639,40.4448765]]}},{"type":"Feature","id":null,"properties":{},"geometry":{"type":"LineString","coordinates":[[-80.0295975,40.4447148],[-80.0297988,40.4448817],[-80.0298533,40.444917]]}},{"type":"Feature","id":null,"properties":{},"geometry":{"type":"LineString","coordinates":[[-80.0298639,40.4448765],[-80.030458,40.4453533],[-80.0312803,40.4460211],[-80.0318684,40.4465052],[-80.0328335,40.4472853],[-80.0329172,40.4473534]]}},{"type":"Feature","id":null,"properties":{},"geometry":{"type":"LineString","coordinates":[[-80.0298533,40.444917],[-80.0312364,40.4460452],[-80.0320842,40.446729],[-80.0328768,40.4473853]]}},{"type":"Feature","id":null,"properties":{},"geometry":{"type":"LineString","coordinates":[[-80.0097231,40.4504014],[-80.0103909,40.4512403],[-80.0106055,40.4514914],[-80.0108496,40.4517444],[-80.0110561,40.45192],[-80.0112385,40.4520526],[-80.0114477,40.4521914],[-80.0117186,40.4523527],[-80.0119466,40.452471],[-80.0122551,40.4526282],[-80.01288,40.4529507],[-80.0140414,40.4535324],[-80.0142393,40.4536298],[-80.0143356,40.4536784]]}},{"type":"Feature","id":null,"properties":{},"geometry":{"type":"LineString","coordinates":[[-80.0142812,40.4537739],[-80.0141654,40.4537168],[-80.0140139,40.4536412],[-80.0132119,40.4532351],[-80.0126178,40.4529289],[-80.0122074,40.4527177],[-80.0117823,40.4525023],[-80.0115556,40.4523768],[-80.0113424,40.4522493],[-80.0111225,40.4521043],[-80.0109669,40.4519788],[-80.0107939,40.4518319],[-80.0106565,40.4516955],[-80.0104197,40.4514533],[-80.0100523,40.4510246],[-80.0096513,40.450498]]}},{"type":"Feature","id":null,"properties":{},"geometry":{"type":"LineString","coordinates":[[-80.0151595,40.4541291],[-80.0147692,40.4539173],[-80.0143356,40.4536784]]}},{"type":"Feature","id":null,"properties":{},"geometry":{"type":"LineString","coordinates":[[-80.0151542,40.4541651],[-80.0148601,40.4540302],[-80.0142812,40.4537739]]}},{"type":"Feature","id":null,"properties":{},"geometry":{"type":"LineString","coordinates":[[-80.0160588,40.4546314],[-80.0152516,40.4541738]]}},{"type":"Feature","id":null,"properties":{},"geometry":{"type":"LineString","coordinates":[[-80.0161838,40.4546931],[-80.0160588,40.4546314],[-80.015733,40.4544664],[-80.0151542,40.4541651]]}},{"type":"Feature","id":null,"properties":{},"geometry":{"type":"LineString","coordinates":[[-80.0908123,40.4524649],[-80.0906319,40.4524865],[-80.0905212,40.4524936],[-80.0904212,40.4524963],[-80.0903329,40.4524963],[-80.090227,40.4524927],[-80.0901258,40.4524838],[-80.0899999,40.4524632],[-80.0898951,40.4524444],[-80.0897928,40.452422],[-80.0896762,40.4523889],[-80.0895739,40.4523548],[-80.0894685,40.4523127],[-80.0893603,40.4522608],[-80.0892485,40.4521999],[-80.0891437,40.4521336],[-80.0890384,40.4520566],[-80.088956,40.4519859],[-80.088883,40.4519142],[-80.0888136,40.4518363],[-80.0887336,40.4517351],[-80.0885976,40.4515578],[-80.0885011,40.4514306],[-80.0884217,40.4513214],[-80.0883605,40.4512265],[-80.0883005,40.4511154],[-80.0882463,40.4510124],[-80.0881981,40.4509041],[-80.088154,40.4507849],[-80.0881128,40.4506578],[-80.0880845,40.4505431],[-80.0880598,40.4504222],[-80.0880445,40.4503157],[-80.0880375,40.4502055],[-80.0880316,40.450081],[-80.0880316,40.4499933],[-80.0880339,40.4499377],[-80.0880433,40.4498545],[-80.0880869,40.4495849],[-80.0880991,40.4495171],[-80.0881145,40.4494311],[-80.0882022,40.4489428],[-80.0882822,40.448503],[-80.0882993,40.4483893],[-80.0883099,40.4482693],[-80.0883123,40.4481555],[-80.0883017,40.4480248],[-80.0882852,40.4479012],[-80.0882628,40.4478009],[-80.0882299,40.4476773],[-80.0881875,40.4475627],[-80.0881404,40.4474543],[-80.0880892,40.447354],[-80.0880233,40.4472402],[-80.0879586,40.4471444],[-80.0878892,40.4470495],[-80.087795,40.4469357],[-80.0876114,40.4467315],[-80.0871472,40.4462067],[-80.0869377,40.4459783],[-80.0868106,40.4458458],[-80.0867023,40.4457338],[-80.0865946,40.4456254],[-80.0865052,40.4455502],[-80.0863887,40.4454732],[-80.0862721,40.4454105],[-80.0861156,40.4453478]]}},{"type":"Feature","id":null,"properties":{},"geometry":{"type":"LineString","coordinates":[[-80.0329172,40.4473534],[-80.0333352,40.4476936],[-80.0347597,40.4488],[-80.0359864,40.4497558],[-80.0367246,40.4503093],[-80.0373858,40.450757],[-80.0380433,40.4512014],[-80.038666,40.451622],[-80.038996,40.451866],[-80.0393501,40.4521373],[-80.040109,40.4527333],[-80.0408123,40.4532838],[-80.0409623,40.4534096],[-80.0411165,40.4535557]]}},{"type":"Feature","id":null,"properties":{},"geometry":{"type":"LineString","coordinates":[[-80.0328768,40.4473853],[-80.0338014,40.4481156],[-80.0359477,40.4497853],[-80.0366938,40.4503366],[-80.0374906,40.4508816],[-80.0382983,40.4514275],[-80.0387304,40.4517232],[-80.0393162,40.452165],[-80.0407921,40.4533193],[-80.0409264,40.4534337],[-80.0410777,40.4535791]]}},{"type":"Feature","id":null,"properties":{},"geometry":{"type":"LineString","coordinates":[[-80.0924794,40.4510974],[-80.09243725511368,40.4509033629945]]}},{"type":"Feature","id":null,"properties":{},"geometry":{"type":"LineString","coordinates":[[-80.0924316,40.4511097],[-80.09239381124054,40.450926418154914]]}},{"type":"Feature","id":null,"properties":{},"geometry":{"type":"LineString","coordinates":[[-80.0923856524259,40.450930660738535],[-80.0923918,40.4509805],[-80.0923965,40.4510897],[-80.0923974,40.4511185]]}},{"type":"Feature","id":null,"properties":{},"geometry":{"type":"LineString","coordinates":[[-80.0924017,40.4512661],[-80.0923894,40.4514381],[-80.0923789,40.451516],[-80.0923588,40.4515823],[-80.0923294,40.4516477],[-80.0922818,40.45173],[-80.09223,40.451808],[-80.0921676,40.4518957],[-80.092117,40.4519572],[-80.0920999,40.4519781],[-80.0920293,40.4520426],[-80.0919522,40.4520999],[-80.0918522,40.4521662],[-80.0917263,40.4522342],[-80.0916092,40.4522844],[-80.091475,40.4523283],[-80.0913279,40.4523695],[-80.0912579,40.4523853],[-80.0911855,40.4524017],[-80.0909837,40.4524366],[-80.0908123,40.4524649],[-80.0902999,40.4525495],[-80.0898868,40.4526175],[-80.089449,40.4526874],[-80.0892731,40.452716],[-80.0892273,40.4527238],[-80.0889224,40.4527751],[-80.0888176,40.4527948],[-80.08872,40.4528181],[-80.0886211,40.4528477],[-80.0884964,40.4528925],[-80.0883893,40.452939],[-80.0882951,40.4529892],[-80.0881751,40.4530614],[-80.0880728,40.4531304],[-80.0879692,40.4532074],[-80.0878739,40.453279]]}},{"type":"Feature","id":null,"properties":{},"geometry":{"type":"LineString","coordinates":[[-80.0924265,40.4517852],[-80.0924315,40.4520401],[-80.0924041,40.4524562],[-80.0923708,40.4526149],[-80.0923076,40.4528189],[-80.0922052,40.4530999],[-80.092154,40.4533174],[-80.0920861,40.4536483]]}},{"type":"Feature","id":null,"properties":{},"geometry":{"type":"LineString","coordinates":[[-80.0923974,40.4511185],[-80.0924012,40.4512456],[-80.0924017,40.4512661],[-80.0924095,40.4515671],[-80.0924189,40.4517086],[-80.0924265,40.4517852],[-80.0924318,40.4518483],[-80.0924801,40.4522996],[-80.0925142,40.4526623],[-80.0925366,40.4529345],[-80.0925601,40.4532668],[-80.0925766,40.4534987],[-80.0925919,40.4537083],[-80.0926307,40.4543387]]}},{"type":"Feature","id":null,"properties":{},"geometry":{"type":"LineString","coordinates":[[-80.0892273,40.4527238],[-80.0890543,40.4527623],[-80.088926,40.4527963],[-80.0887789,40.4528375],[-80.0886683,40.4528707],[-80.0885976,40.4528966],[-80.0885229,40.4529325],[-80.0884335,40.4529781],[-80.0883417,40.453031],[-80.0882511,40.4530892],[-80.0881457,40.4531635],[-80.0880092,40.4532656],[-80.0879644,40.4533015]]}},{"type":"Feature","id":null,"properties":{},"geometry":{"type":"LineString","coordinates":[[-80.0048033,40.4494677],[-80.0052088,40.4494008],[-80.0055231,40.4493532],[-80.0059134,40.4493147],[-80.0062936,40.4493005],[-80.0066366,40.4492992],[-80.0069154,40.4493172],[-80.0072432,40.4493417],[-80.0076065,40.4493995],[-80.0079039,40.4494561],[-80.0082317,40.4495397],[-80.0084953,40.4496207],[-80.0087554,40.4497163],[-80.0088631,40.4497625],[-80.0089888,40.4498163],[-80.009147,40.4499041],[-80.0093455,40.4500337],[-80.0095373,40.450196],[-80.0097231,40.4504014]]}},{"type":"Feature","id":null,"properties":{},"geometry":{"type":"LineString","coordinates":[[-79.9975497,40.450043],[-79.9974354,40.4499347],[-79.997317,40.449813]]}},{"type":"Feature","id":null,"properties":{},"geometry":{"type":"LineString","coordinates":[[-79.9972838,40.4498391],[-79.9973774,40.4499462],[-79.9975191,40.4500796]]}},{"type":"Feature","id":null,"properties":{},"geometry":{"type":"LineString","coordinates":[[-80.0096513,40.450498],[-80.0095011,40.4503348],[-80.0093254,40.4501796],[-80.009202,40.4500806],[-80.0090974,40.4500133],[-80.0089436,40.4499357],[-80.0088546,40.4498908],[-80.0084715,40.4497319],[-80.0081234,40.4496226],[-80.0078193,40.4495558],[-80.0075456,40.4495095],[-80.0072684,40.4494722],[-80.0069863,40.4494478],[-80.0067058,40.4494401],[-80.0064692,40.4494426],[-80.0060603,40.4494555],[-80.0057883,40.4494786],[-80.0056396,40.4494953],[-80.0053878,40.4495301],[-80.005109,40.4495776],[-80.0048505,40.4496265]]}},{"type":"Feature","id":null,"properties":{},"geometry":{"type":"LineString","coordinates":[[-79.9999569,40.450519],[-80.0003961,40.4504056],[-80.0010229,40.4502421],[-80.0012885,40.4501746],[-80.0015798,40.4501077],[-80.001828,40.4500585],[-80.0021203,40.4500014],[-80.0025719,40.4499163],[-80.0028151,40.4498687],[-80.0045008,40.4495332],[-80.0048033,40.4494677]]}},{"type":"Feature","id":null,"properties":{},"geometry":{"type":"LineString","coordinates":[[-80.0048505,40.4496265],[-80.0045548,40.4496844],[-80.002877,40.45002],[-80.0026239,40.4500691],[-80.0019844,40.4501935],[-80.0013504,40.4503227],[-80.0010484,40.4503882],[-80.0007813,40.4504571],[-80.0005043,40.4505321],[-80.0001904,40.4506228],[-80.0000732,40.450654],[-79.9999737,40.4506778]]}},{"type":"Feature","id":null,"properties":{},"geometry":{"type":"LineString","coordinates":[[-79.9987218,40.4505821],[-79.9984867,40.450531],[-79.9983384,40.4504848],[-79.998281,40.4504658],[-79.9981658,40.450421],[-79.9980703,40.4503797],[-79.9978973,40.4502945],[-79.9977945,40.4502318],[-79.997714,40.4501766],[-79.9976289,40.4501122],[-79.9975497,40.450043]]}},{"type":"Feature","id":null,"properties":{},"geometry":{"type":"LineString","coordinates":[[-79.9985986,40.4506584],[-79.9984609,40.4506238],[-79.9983184,40.4505777],[-79.998168,40.4505111],[-79.9980228,40.4504386],[-79.9979378,40.4503927],[-79.9978399,40.450331],[-79.9977298,40.4502514],[-79.9976618,40.450199],[-79.9975191,40.4500796]]}},{"type":"Feature","id":null,"properties":{},"geometry":{"type":"LineString","coordinates":[[-79.9987218,40.4505821],[-79.9989439,40.4506099],[-79.9991199,40.4506205],[-79.999329,40.4506183],[-79.9995039,40.4506054],[-79.9996935,40.4505789],[-79.9997898,40.4505584],[-79.9999569,40.450519]]}},{"type":"Feature","id":null,"properties":{},"geometry":{"type":"LineString","coordinates":[[-79.9989166,40.4507197],[-79.9987289,40.4506867],[-79.9985986,40.4506584]]}},{"type":"Feature","id":null,"properties":{},"geometry":{"type":"LineString","coordinates":[[-79.9468553,40.4035574],[-79.9465933,40.4032772],[-79.9453598,40.4019326],[-79.9449715,40.4015001],[-79.9447053,40.4012036],[-79.9443425,40.4008114],[-79.9440615,40.4005103]]}},{"type":"Feature","id":null,"properties":{},"geometry":{"type":"LineString","coordinates":[[-79.9450216,40.4019096],[-79.9452597,40.4021588]]}},{"type":"Feature","id":null,"properties":{},"geometry":{"type":"LineString","coordinates":[[-79.9462587,40.4030358],[-79.9460421,40.4028063],[-79.9452502,40.4019375],[-79.9449122,40.4015664],[-79.9444475,40.401058]]}},{"type":"Feature","id":null,"properties":{},"geometry":{"type":"LineString","coordinates":[[-79.9438704,40.4002417],[-79.9442224,40.4005442],[-79.9443852,40.4007216],[-79.9449079,40.4012969],[-79.9455365,40.4019839],[-79.9460565,40.4025701],[-79.9469385,40.4035228],[-79.9472609,40.4038749],[-79.9474519,40.4040791],[-79.9475638,40.4041688],[-79.9477502,40.4043399]]}},{"type":"Feature","id":null,"properties":{},"geometry":{"type":"LineString","coordinates":[[-79.9477502,40.4043399],[-79.9476351,40.4042188],[-79.9474873,40.4040518],[-79.9470647,40.4035921],[-79.9461012,40.4025506],[-79.9456328,40.4020279],[-79.9452104,40.4015517],[-79.9448157,40.4011356],[-79.9443927,40.4006653],[-79.9441456,40.4004107]]}},{"type":"Feature","id":null,"properties":{},"geometry":{"type":"LineString","coordinates":[[-79.9441957,40.399949],[-79.9443802,40.4001114],[-79.9445748,40.4002853],[-79.9446772,40.4003693],[-79.944842,40.4005174],[-79.9449654,40.4006247],[-79.9453309,40.4009519],[-79.9457662,40.4014211],[-79.9463086,40.4020165],[-79.9467924,40.4025468],[-79.94774,40.4035897],[-79.9483946,40.4043125],[-79.9485235,40.4044527],[-79.948634,40.4046019],[-79.9487847,40.4048218]]}},{"type":"Feature","id":null,"properties":{},"geometry":{"type":"LineString","coordinates":[[-79.9483976,40.4046385],[-79.9477126,40.403894],[-79.9466774,40.4027525],[-79.9459346,40.4019396],[-79.9452817,40.4012257],[-79.9447396,40.4006321],[-79.9445672,40.4004248]]}},{"type":"Feature","id":null,"properties":{},"geometry":{"type":"LineString","coordinates":[[-79.9462587,40.4030358],[-79.9459604,40.402775],[-79.9457362,40.4025755],[-79.9455506,40.4024164],[-79.9453965,40.4022812],[-79.9452597,40.4021588]]}},{"type":"Feature","id":null,"properties":{},"geometry":{"type":"LineString","coordinates":[[-79.9459604,40.402775],[-79.9457969,40.4026034],[-79.9456648,40.402461]]}},{"type":"Feature","id":null,"properties":{},"geometry":{"type":"LineString","coordinates":[[-79.9482985,40.4046028],[-79.9479101,40.404186],[-79.9475393,40.4037592],[-79.9459497,40.4020238],[-79.9449603,40.400935],[-79.9447829,40.4007299]]}},{"type":"Feature","id":null,"properties":{},"geometry":{"type":"LineString","coordinates":[[-79.9449654,40.4006247],[-79.9454249,40.4011111],[-79.9458303,40.4015605],[-79.946266,40.402033],[-79.9467679,40.4025937],[-79.9470602,40.402915],[-79.9473746,40.4032572],[-79.9477193,40.4036303],[-79.9481218,40.4040724],[-79.9486659,40.4046798],[-79.9487847,40.4048218]]}},{"type":"Feature","id":null,"properties":{},"geometry":{"type":"LineString","coordinates":[[-79.9490029,40.4051273],[-79.9485865,40.4046589],[-79.9483672,40.4044167],[-79.9480675,40.404084],[-79.9477544,40.4037398],[-79.9475033,40.4034644],[-79.9471835,40.4031189],[-79.9469659,40.402878],[-79.946683,40.4025669],[-79.9455278,40.4012945],[-79.9449469,40.4006571],[-79.9448431,40.4005436],[-79.9447134,40.4004231],[-79.9446772,40.4003693]]}},{"type":"Feature","id":null,"properties":{},"geometry":{"type":"LineString","coordinates":[[-79.9492177,40.4054306],[-79.9490343,40.4052187],[-79.9489163,40.4050901],[-79.9487838,40.404945],[-79.9483967,40.40452],[-79.9481163,40.4042145],[-79.9477986,40.4038641],[-79.9473952,40.4034218],[-79.947,40.4029864],[-79.9467019,40.402663],[-79.9462762,40.402193],[-79.9458615,40.4017369],[-79.9457208,40.4015862],[-79.9455542,40.4014017],[-79.9453895,40.4012206],[-79.945203,40.4010154],[-79.9450038,40.4007983],[-79.9448055,40.4005806],[-79.9446875,40.4004542],[-79.9445691,40.4003235],[-79.9444407,40.4001846],[-79.9443802,40.4001114]]}},{"type":"Feature","id":null,"properties":{},"geometry":{"type":"LineString","coordinates":[[-79.9491881,40.4054505],[-79.9491228,40.4053765],[-79.9489145,40.4051471],[-79.9485451,40.4047394],[-79.948046,40.4041927],[-79.947496,40.4035873],[-79.9469401,40.402975],[-79.9465126,40.4025106],[-79.9460852,40.4020399],[-79.9456709,40.4015872],[-79.9451708,40.4010385],[-79.9447869,40.400619],[-79.9443379,40.4001246]]}},{"type":"Feature","id":null,"properties":{},"geometry":{"type":"LineString","coordinates":[[-79.948597,40.4049191],[-79.9482489,40.4046146],[-79.9479509,40.4042972],[-79.9475508,40.4038561],[-79.9466033,40.402812],[-79.946024,40.4021758],[-79.9455569,40.401662],[-79.9451451,40.4012095],[-79.9450145,40.4010526],[-79.9447829,40.4007299]]}},{"type":"Feature","id":null,"properties":{},"geometry":{"type":"LineString","coordinates":[[-79.946557,40.4032966],[-79.9463309,40.4030951],[-79.9462587,40.4030358]]}},{"type":"Feature","id":null,"properties":{},"geometry":{"type":"LineString","coordinates":[[-79.9468553,40.4035574],[-79.9466659,40.4033869],[-79.946557,40.4032966]]}},{"type":"Feature","id":null,"properties":{},"geometry":{"type":"LineString","coordinates":[[-79.9471536,40.4038183],[-79.9469389,40.4036253],[-79.9468553,40.4035574]]}},{"type":"Feature","id":null,"properties":{},"geometry":{"type":"LineString","coordinates":[[-79.9474519,40.4040791],[-79.9473347,40.4039707],[-79.9472037,40.4038573],[-79.9471536,40.4038183]]}},{"type":"Feature","id":null,"properties":{},"geometry":{"type":"LineString","coordinates":[[-79.9457716,40.4032637],[-79.9458559,40.4032891],[-79.9459335,40.4033124],[-79.9460379,40.40336],[-79.9461458,40.4034166],[-79.9462384,40.4034747],[-79.9463274,40.4035355],[-79.9464163,40.4036122],[-79.946488,40.4036924],[-79.9465352,40.403758],[-79.9465792,40.4038396],[-79.9466064,40.4039121],[-79.9466246,40.4039882],[-79.9466364,40.4040412],[-79.9466464,40.4040863],[-79.9467185,40.404418],[-79.9467948,40.4047663]]}},{"type":"Feature","id":null,"properties":{},"geometry":{"type":"LineString","coordinates":[[-79.9483976,40.4046385],[-79.9485868,40.4048603],[-79.9488969,40.4051797],[-79.949007,40.405281],[-79.9491881,40.4054505]]}},{"type":"Feature","id":null,"properties":{},"geometry":{"type":"LineString","coordinates":[[-79.9487847,40.4048218],[-79.9490029,40.4051273],[-79.9491142,40.4052782],[-79.9492177,40.4054306]]}},{"type":"Feature","id":null,"properties":{},"geometry":{"type":"LineString","coordinates":[[-79.9491881,40.4054505],[-79.9492969,40.4055699],[-79.94943,40.4057261]]}},{"type":"Feature","id":null,"properties":{},"geometry":{"type":"LineString","coordinates":[[-79.9492177,40.4054306],[-79.949304,40.4055488],[-79.94943,40.4057261],[-79.949557,40.4059041],[-79.9497365,40.4061637],[-79.949818,40.4062915],[-79.9498957,40.4064264]]}},{"type":"Feature","id":null,"properties":{},"geometry":{"type":"LineString","coordinates":[[-79.9502646,40.4075246],[-79.9501996,40.4072723],[-79.9501386,40.4070371],[-79.950099,40.4069001],[-79.9500583,40.4067832],[-79.9499862,40.4066099],[-79.9498957,40.4064264]]}},{"type":"Feature","id":null,"properties":{},"geometry":{"type":"LineString","coordinates":[[-79.9488822,40.4053262],[-79.9492904,40.4056985],[-79.9493656,40.405779],[-79.9494347,40.405854],[-79.9495242,40.4059632],[-79.9496306,40.4061018],[-79.9496942,40.4061975],[-79.9497578,40.4063033],[-79.9498332,40.406432],[-79.9499035,40.4065812],[-79.9499654,40.4067252],[-79.9500157,40.4068578],[-79.9500625,40.4069789],[-79.9501044,40.4070911],[-79.9501529,40.4072122],[-79.9501981,40.4073269],[-79.9502646,40.4075246],[-79.9503564,40.407893],[-79.950466,40.4083021],[-79.9505263,40.4085354],[-79.9505798,40.4087506]]}},{"type":"Feature","id":null,"properties":{},"geometry":{"type":"LineString","coordinates":[[-79.9505558,40.4084413],[-79.9504727,40.4081976],[-79.9503564,40.407893]]}},{"type":"Feature","id":null,"properties":{},"geometry":{"type":"LineString","coordinates":[[-79.9505798,40.4087506],[-79.9504867,40.4084939],[-79.9503627,40.4081959],[-79.9502539,40.4079258],[-79.9501722,40.4077024]]}},{"type":"Feature","id":null,"properties":{},"geometry":{"type":"LineString","coordinates":[[-79.9505798,40.4087506],[-79.9505949,40.4088095],[-79.9506167,40.4089],[-79.9506354,40.4089804]]}},{"type":"Feature","id":null,"properties":{},"geometry":{"type":"LineString","coordinates":[[-79.9506354,40.4089804],[-79.950661,40.4090932],[-79.9506913,40.4092272],[-79.9507553,40.4095333],[-79.9507704,40.4096073]]}},{"type":"Feature","id":null,"properties":{},"geometry":{"type":"LineString","coordinates":[[-79.9508889,40.4100431],[-79.9508231,40.4096023]]}},{"type":"Feature","id":null,"properties":{},"geometry":{"type":"LineString","coordinates":[[-79.9507704,40.4096073],[-79.9508342,40.4100454]]}},{"type":"Feature","id":null,"properties":{},"geometry":{"type":"LineString","coordinates":[[-79.9509361,40.4103064],[-79.9508889,40.4100431]]}},{"type":"Feature","id":null,"properties":{},"geometry":{"type":"LineString","coordinates":[[-79.9508342,40.4100454],[-79.9508443,40.4101202],[-79.9508829,40.4103476]]}},{"type":"Feature","id":null,"properties":{},"geometry":{"type":"LineString","coordinates":[[-79.95589469277841,40.410475230722156],[-79.9560118,40.4108091],[-79.9560654,40.4109784],[-79.9561153,40.4111491],[-79.956157,40.4113122],[-79.9561897,40.4114622],[-79.9562178,40.4116273],[-79.9562369,40.4117648]]}},{"type":"Feature","id":null,"properties":{},"geometry":{"type":"LineString","coordinates":[[-79.9558436789213,40.410482109181565],[-79.9559629,40.4108212],[-79.9560187,40.4109875],[-79.9560704,40.4111595],[-79.9561102,40.411321],[-79.956143,40.4114725],[-79.9561693,40.4116301],[-79.9561873,40.4117717]]}},{"type":"Feature","id":null,"properties":{},"geometry":{"type":"LineString","coordinates":[[-79.9508829,40.4103476],[-79.9509129,40.4106006],[-79.9509598,40.410911],[-79.9509973,40.4112112],[-79.9510188,40.4114246],[-79.9510433,40.4118414],[-79.9510608,40.4122371]]}},{"type":"Feature","id":null,"properties":{},"geometry":{"type":"LineString","coordinates":[[-79.9511103,40.4133186],[-79.951115,40.4129112],[-79.9511338,40.4125048],[-79.95115,40.4122196],[-79.9511469,40.4118941],[-79.951121,40.4115507],[-79.9510785,40.4112344],[-79.9510123,40.4108306],[-79.9509761,40.4105998],[-79.9509361,40.4103064]]}},{"type":"Feature","id":null,"properties":{},"geometry":{"type":"LineString","coordinates":[[-79.9510608,40.4122371],[-79.951066,40.4123437],[-79.9510887,40.4128357],[-79.9510932,40.4129546],[-79.9511103,40.4133186]]}},{"type":"Feature","id":null,"properties":{},"geometry":{"type":"LineString","coordinates":[[-79.9510608,40.4122371],[-79.9510518,40.4124977],[-79.951029,40.4127574],[-79.9510054,40.413019],[-79.9509891,40.4132539],[-79.9509832,40.4134484],[-79.9509859,40.4135617],[-79.9509952,40.4137405]]}},{"type":"Feature","id":null,"properties":{},"geometry":{"type":"LineString","coordinates":[[-79.9511103,40.4133186],[-79.9511205,40.4135547],[-79.9511342,40.4138806]]}},{"type":"Feature","id":null,"properties":{},"geometry":{"type":"LineString","coordinates":[[-79.9509952,40.4137405],[-79.9509975,40.4138675],[-79.9510031,40.4140178],[-79.9510116,40.4141838],[-79.9510224,40.4143299]]}},{"type":"Feature","id":null,"properties":{},"geometry":{"type":"LineString","coordinates":[[-79.9510459,40.4148633],[-79.9510331,40.4145986],[-79.9510224,40.4143299]]}},{"type":"Feature","id":null,"properties":{},"geometry":{"type":"LineString","coordinates":[[-79.9511342,40.4138806],[-79.9511435,40.4139986],[-79.9511601,40.414345],[-79.9511784,40.4147222],[-79.9511911,40.41502],[-79.9512049,40.4153274],[-79.9512136,40.4157001],[-79.9512182,40.4161723],[-79.9512217,40.4165035],[-79.9512245,40.4168451],[-79.9512212,40.4173506],[-79.9512236,40.4178925],[-79.9512212,40.4181113],[-79.9512221,40.4182336],[-79.951218,40.4183509],[-79.9512038,40.4184725]]}},{"type":"Feature","id":null,"properties":{},"geometry":{"type":"LineString","coordinates":[[-79.9562369,40.4117648],[-79.9562551,40.4119735],[-79.9562623,40.4121456],[-79.9562591,40.4123812],[-79.9562473,40.412603],[-79.9562292,40.4128504],[-79.9562047,40.4132215],[-79.9561756,40.4136167],[-79.9561439,40.4140286],[-79.9561294,40.414231],[-79.9561176,40.414495],[-79.9561194,40.4147182],[-79.9561321,40.4149206],[-79.9561557,40.4151265],[-79.9561847,40.41532],[-79.9562247,40.4155294],[-79.9562787,40.4157691],[-79.9563349,40.4159771],[-79.9563975,40.4161796],[-79.9564701,40.4163889],[-79.9565536,40.4166142],[-79.9566367,40.4168312],[-79.956697,40.4169825],[-79.9567696,40.4171566],[-79.9568513,40.4173411],[-79.9569475,40.4175477],[-79.9570601,40.4177536],[-79.9571744,40.4179381],[-79.9573096,40.4181357],[-79.957463,40.418334],[-79.9575919,40.4184984],[-79.9577652,40.4186843],[-79.9579023,40.4188211],[-79.9580702,40.4189745],[-79.9582353,40.4191092],[-79.9584041,40.4192378],[-79.9586201,40.4193932],[-79.9588017,40.4195169],[-79.9592191,40.4197967],[-79.9598304,40.4202058],[-79.9603577,40.4205567],[-79.9606916,40.4207785],[-79.9609724,40.4209642]]}},{"type":"Feature","id":null,"properties":{},"geometry":{"type":"LineString","coordinates":[[-79.9561873,40.4117717],[-79.9562058,40.411978],[-79.9562101,40.4121476],[-79.9562084,40.412378],[-79.9561502,40.4132222],[-79.9561208,40.4136167],[-79.9560903,40.4140272],[-79.9560761,40.4142318],[-79.9560658,40.4144964],[-79.9560652,40.4147186],[-79.9560776,40.4149241],[-79.9561012,40.4151307],[-79.9561315,40.4153257],[-79.9561729,40.4155356],[-79.9562283,40.4157747],[-79.9562855,40.4159844],[-79.9563935,40.4163205],[-79.9565215,40.4166631],[-79.956648,40.4169908],[-79.9567197,40.4171663],[-79.9568033,40.417353],[-79.9569025,40.4175631],[-79.957012,40.4177647],[-79.9571284,40.4179547],[-79.9572634,40.4181488],[-79.9574174,40.4183473],[-79.9575574,40.4185206],[-79.9577205,40.4186987],[-79.9578995,40.418875],[-79.9580814,40.4190359],[-79.9582589,40.4191825],[-79.9584622,40.4193352],[-79.9586512,40.4194663],[-79.9591755,40.4198183],[-79.9597887,40.4202309],[-79.9603225,40.4205838],[-79.9606468,40.420802],[-79.9609397,40.4209985]]}},{"type":"Feature","id":null,"properties":{},"geometry":{"type":"LineString","coordinates":[[-79.9512038,40.4184725],[-79.9511803,40.4185784],[-79.9511434,40.4186931],[-79.9510878,40.418814],[-79.9510196,40.418923],[-79.9509403,40.4190342],[-79.9508572,40.4191319],[-79.950796,40.419198]]}},{"type":"Feature","id":null,"properties":{},"geometry":{"type":"LineString","coordinates":[[-79.950796,40.419198],[-79.9506866,40.4192963],[-79.9505615,40.4194059],[-79.9502479,40.4196612],[-79.9501385,40.4197551],[-79.9500468,40.4198387],[-79.9499632,40.4199296],[-79.949897,40.4200246],[-79.9498411,40.4201195],[-79.94979,40.4202339],[-79.9497647,40.4203359],[-79.9497485,40.4204265],[-79.9497395,40.4205121],[-79.9497452,40.4206118],[-79.9497556,40.4207008],[-79.9497865,40.4208084],[-79.9498206,40.4209108],[-79.9500242,40.4212885],[-79.9501695,40.4215179]]}},{"type":"Feature","id":null,"properties":{},"geometry":{"type":"LineString","coordinates":[[-79.9609724,40.4209642],[-79.9614322,40.4212677],[-79.9621614,40.4217569],[-79.9627477,40.4221518],[-79.9635792,40.4227092],[-79.9639924,40.4229839],[-79.9644083,40.423263],[-79.9646141,40.4233999],[-79.9648418,40.4235465]]}},{"type":"Feature","id":null,"properties":{},"geometry":{"type":"LineString","coordinates":[[-79.9609397,40.4209985],[-79.9613859,40.4212877],[-79.9617706,40.4215556],[-79.9621157,40.4217772],[-79.9627115,40.4221806],[-79.9635346,40.4227242],[-79.9639597,40.4230088],[-79.9643652,40.42328],[-79.9648124,40.4235726]]}},{"type":"Feature","id":null,"properties":{},"geometry":{"type":"LineString","coordinates":[[-79.9648418,40.4235465],[-79.9650317,40.4236555]]}},{"type":"Feature","id":null,"properties":{},"geometry":{"type":"LineString","coordinates":[[-79.9650317,40.4236555],[-79.9651614,40.4237246],[-79.9652874,40.4237868],[-79.9654662,40.4238663],[-79.9656541,40.4239382],[-79.96588,40.4240141],[-79.9661233,40.4240841],[-79.9663439,40.4241352],[-79.9665943,40.4241822],[-79.9668685,40.4242207],[-79.967177,40.4242594],[-79.9682696,40.4243831]]}},{"type":"Feature","id":null,"properties":{},"geometry":{"type":"LineString","coordinates":[[-79.9650035,40.423682],[-79.9651257,40.4237478],[-79.9652441,40.4238048],[-79.9654062,40.4238773],[-79.9656124,40.4239613],[-79.9658667,40.4240468],[-79.9661059,40.4241124],[-79.9663248,40.4241673],[-79.9665729,40.4242147],[-79.9668317,40.424253],[-79.9671976,40.4243008],[-79.9682556,40.4244185]]}},{"type":"Feature","id":null,"properties":{},"geometry":{"type":"LineString","coordinates":[[-79.9682696,40.4243831],[-79.9684914,40.4244098]]}},{"type":"Feature","id":null,"properties":{},"geometry":{"type":"LineString","coordinates":[[-79.9682556,40.4244185],[-79.9684742,40.4244454]]}},{"type":"Feature","id":null,"properties":{},"geometry":{"type":"LineString","coordinates":[[-79.9684914,40.4244098],[-79.9690567,40.4244737],[-79.9696347,40.4245387]]}},{"type":"Feature","id":null,"properties":{},"geometry":{"type":"LineString","coordinates":[[-79.9684742,40.4244454],[-79.9690441,40.4245095],[-79.9696182,40.4245743]]}},{"type":"Feature","id":null,"properties":{},"geometry":{"type":"LineString","coordinates":[[-79.9696347,40.4245387],[-79.9698752,40.4245656]]}},{"type":"Feature","id":null,"properties":{},"geometry":{"type":"LineString","coordinates":[[-79.9696182,40.4245743],[-79.969858,40.4246008]]}},{"type":"Feature","id":null,"properties":{},"geometry":{"type":"LineString","coordinates":[[-79.9698752,40.4245656],[-79.970486,40.4246351],[-79.9709733,40.4246902],[-79.9714559,40.4247444],[-79.9717242,40.4247754],[-79.9720018,40.4248023]]}},{"type":"Feature","id":null,"properties":{},"geometry":{"type":"LineString","coordinates":[[-79.9518992,40.4238264],[-79.9515748,40.4234072],[-79.951278,40.4229968],[-79.9508293,40.422401],[-79.9503207,40.4217317],[-79.9501695,40.4215179]]}},{"type":"Feature","id":null,"properties":{},"geometry":{"type":"LineString","coordinates":[[-79.9648124,40.4235726],[-79.9650035,40.423682]]}},{"type":"Feature","id":null,"properties":{},"geometry":{"type":"LineString","coordinates":[[-79.9522999,40.4247811],[-79.9522813,40.4246548],[-79.9522516,40.4245235],[-79.9522107,40.4243926],[-79.952171,40.4242906],[-79.9521104,40.4241615],[-79.9520396,40.4240371],[-79.9518992,40.4238264]]}},{"type":"Feature","id":null,"properties":{},"geometry":{"type":"LineString","coordinates":[[-79.9717026,40.4341093],[-79.9709542,40.4339563],[-79.9705942,40.4338873],[-79.9701805,40.4338088],[-79.9698061,40.4337438],[-79.9691641,40.4336366],[-79.9685487,40.4335367],[-79.9681429,40.4334712],[-79.9679636,40.4334305],[-79.9678542,40.4333984],[-79.9677329,40.4333563],[-79.966971,40.4330878],[-79.9662233,40.4328242],[-79.9655197,40.4325769],[-79.9649201,40.4323627],[-79.9646645,40.4322687],[-79.9644882,40.4321925],[-79.9643263,40.4321165],[-79.9640762,40.4319936],[-79.9637829,40.4318486],[-79.9634176,40.4316672],[-79.9632796,40.4315874],[-79.9632082,40.4315454],[-79.963119,40.4314911],[-79.962954,40.4313908],[-79.9625126,40.4311234],[-79.9623607,40.4310316],[-79.9621998,40.4309356],[-79.9618766,40.4307485],[-79.9615337,40.4305504],[-79.9612224,40.4303796],[-79.9610036,40.4302536],[-79.9608579,40.4301643],[-79.9601163,40.42969],[-79.9596014,40.4293592],[-79.959377,40.4292144],[-79.9591502,40.4290641],[-79.9590139,40.4289651],[-79.958889,40.4288611],[-79.9583995,40.4284217],[-79.9581985,40.4282457],[-79.9580628,40.4281358],[-79.9578209,40.4279608],[-79.9576455,40.4278349],[-79.9575402,40.4277573],[-79.9574348,40.4276731],[-79.9573125,40.4275612],[-79.9571657,40.4274227],[-79.9568472,40.4271255],[-79.9566591,40.4269457],[-79.956444,40.4267412],[-79.9562758,40.4265932],[-79.9561757,40.4264972],[-79.9560688,40.4263933],[-79.9559668,40.4262884],[-79.9557913,40.4261032],[-79.9555601,40.4258518],[-79.9553354,40.4256045],[-79.9551961,40.4254529],[-79.9550396,40.4252766],[-79.9547472,40.4249433],[-79.9539765,40.424046],[-79.9535951,40.4236001],[-79.9533465,40.4233077],[-79.9532726,40.423213],[-79.9531893,40.423106],[-79.9531302,40.4230053],[-79.9530599,40.4228756],[-79.9528258,40.4224144],[-79.9526809,40.4221355],[-79.9526023,40.4219722],[-79.9525253,40.4218276],[-79.9524166,40.4216084],[-79.952331,40.4214277],[-79.952236,40.4212073],[-79.9520917,40.4208612],[-79.9519022,40.4203979],[-79.9518265,40.4202167],[-79.9517513,40.4200423],[-79.951495,40.4194787],[-79.9513452,40.4191597],[-79.9512862,40.419025],[-79.9512188,40.4188807],[-79.9510861,40.4185923],[-79.9510466,40.4184822],[-79.9510153,40.4183574],[-79.9510012,40.4182715],[-79.9509959,40.4181956],[-79.950992,40.4181405],[-79.9509807,40.4177259],[-79.9509742,40.4174107],[-79.9509723,40.4172916],[-79.9509794,40.4171429],[-79.9509988,40.4169746],[-79.9510449,40.4165929],[-79.9510569,40.4164649],[-79.9510631,40.4163458],[-79.9510604,40.4161907],[-79.9510645,40.4160849],[-79.9510806,40.4159056],[-79.9510862,40.4158203],[-79.9510851,40.4157234],[-79.9510824,40.4156222],[-79.9510727,40.4154552],[-79.9510666,40.4152856],[-79.9510561,40.4150658],[-79.9510459,40.4148633]]}},{"type":"Feature","id":null,"properties":{},"geometry":{"type":"LineString","coordinates":[[-79.9523078,40.4248966],[-79.9523056,40.4248645],[-79.9522999,40.4247811]]}},{"type":"Feature","id":null,"properties":{},"geometry":{"type":"LineString","coordinates":[[-79.9522544,40.4250189],[-79.9522561,40.4249021],[-79.95225,40.4247905]]}},{"type":"Feature","id":null,"properties":{},"geometry":{"type":"LineString","coordinates":[[-79.9523071,40.4250172],[-79.9523078,40.4248966]]}},{"type":"Feature","id":null,"properties":{},"geometry":{"type":"LineString","coordinates":[[-79.9515681,40.4264259],[-79.9517288,40.4262569],[-79.9518699,40.4260952],[-79.9519693,40.4259647],[-79.9520634,40.4258162],[-79.9521315,40.4256885],[-79.9521898,40.4255543],[-79.9522472,40.4253853],[-79.952281,40.4252392],[-79.9522978,40.4251356],[-79.9523071,40.4250172]]}},{"type":"Feature","id":null,"properties":{},"geometry":{"type":"LineString","coordinates":[[-79.950242,40.4277323],[-79.950838,40.4271054],[-79.9515298,40.4263991],[-79.951688,40.4262321],[-79.9518236,40.4260764],[-79.9519194,40.4259509],[-79.9520147,40.4258035],[-79.9520818,40.4256783],[-79.9521408,40.4255398],[-79.9521954,40.4253788],[-79.9522274,40.4252354],[-79.9522452,40.4251308],[-79.9522544,40.4250189]]}},{"type":"Feature","id":null,"properties":{},"geometry":{"type":"LineString","coordinates":[[-79.9619168,40.4263983],[-79.9623172,40.4266964],[-79.9625075,40.4268348]]}},{"type":"Feature","id":null,"properties":{},"geometry":{"type":"LineString","coordinates":[[-79.969858,40.4246008],[-79.9704719,40.4246714],[-79.9709732,40.4247274],[-79.9714818,40.4247826],[-79.9717082,40.4248084],[-79.9719908,40.4248382]]}},{"type":"Feature","id":null,"properties":{},"geometry":{"type":"LineString","coordinates":[[-79.9720018,40.4248023],[-79.9722381,40.4248235]]}},{"type":"Feature","id":null,"properties":{},"geometry":{"type":"LineString","coordinates":[[-79.9719908,40.4248382],[-79.9722285,40.4248587]]}},{"type":"Feature","id":null,"properties":{},"geometry":{"type":"LineString","coordinates":[[-79.9722381,40.4248235],[-79.9725171,40.4248417],[-79.9728913,40.4248633],[-79.9732692,40.4248831]]}},{"type":"Feature","id":null,"properties":{},"geometry":{"type":"LineString","coordinates":[[-79.9722285,40.4248587],[-79.9725273,40.4248781],[-79.972891,40.4248995],[-79.9732657,40.4249208]]}},{"type":"Feature","id":null,"properties":{},"geometry":{"type":"LineString","coordinates":[[-79.9732692,40.4248831],[-79.9735081,40.4248984]]}},{"type":"Feature","id":null,"properties":{},"geometry":{"type":"LineString","coordinates":[[-79.9732657,40.4249208],[-79.9735035,40.424934]]}},{"type":"Feature","id":null,"properties":{},"geometry":{"type":"LineString","coordinates":[[-79.9735081,40.4248984],[-79.974012,40.4249278],[-79.9746327,40.4249631],[-79.9748584,40.4249756]]}},{"type":"Feature","id":null,"properties":{},"geometry":{"type":"LineString","coordinates":[[-79.9735035,40.424934],[-79.974641,40.4250015],[-79.9748551,40.4250137]]}},{"type":"Feature","id":null,"properties":{},"geometry":{"type":"LineString","coordinates":[[-79.9748584,40.4249756],[-79.975092,40.4249908]]}},{"type":"Feature","id":null,"properties":{},"geometry":{"type":"LineString","coordinates":[[-79.9748551,40.4250137],[-79.9750893,40.4250271]]}},{"type":"Feature","id":null,"properties":{},"geometry":{"type":"LineString","coordinates":[[-79.975092,40.4249908],[-79.9757461,40.4250291],[-79.9764533,40.425071]]}},{"type":"Feature","id":null,"properties":{},"geometry":{"type":"LineString","coordinates":[[-79.9750893,40.4250271],[-79.9757389,40.4250654],[-79.9764498,40.4251065]]}},{"type":"Feature","id":null,"properties":{},"geometry":{"type":"LineString","coordinates":[[-79.9764533,40.425071],[-79.9767619,40.4250894]]}},{"type":"Feature","id":null,"properties":{},"geometry":{"type":"LineString","coordinates":[[-79.9764498,40.4251065],[-79.976759,40.4251257]]}},{"type":"Feature","id":null,"properties":{},"geometry":{"type":"LineString","coordinates":[[-79.9767619,40.4250894],[-79.9772357,40.4251167],[-79.9775092,40.4251315],[-79.9778007,40.4251496],[-79.9783335,40.425181],[-79.9791235,40.4252268],[-79.9798451,40.4252689],[-79.9807833,40.4253237]]}},{"type":"Feature","id":null,"properties":{},"geometry":{"type":"LineString","coordinates":[[-79.976759,40.4251257],[-79.9775093,40.4251691],[-79.9777752,40.4251842],[-79.9783317,40.4252162],[-79.9791191,40.4252627],[-79.9798427,40.4253041],[-79.9807815,40.4253617]]}},{"type":"Feature","id":null,"properties":{},"geometry":{"type":"LineString","coordinates":[[-79.9807833,40.4253237],[-79.981013,40.425337]]}},{"type":"Feature","id":null,"properties":{},"geometry":{"type":"LineString","coordinates":[[-79.981013,40.425337],[-79.9816698,40.4253751]]}},{"type":"Feature","id":null,"properties":{},"geometry":{"type":"LineString","coordinates":[[-79.9807815,40.4253617],[-79.9810086,40.4253738]]}},{"type":"Feature","id":null,"properties":{},"geometry":{"type":"LineString","coordinates":[[-79.9508149,40.4272012],[-79.9510579,40.4269462],[-79.9515681,40.4264259]]}},{"type":"Feature","id":null,"properties":{},"geometry":{"type":"LineString","coordinates":[[-79.9625075,40.4268348],[-79.9626263,40.4269182]]}},{"type":"Feature","id":null,"properties":{},"geometry":{"type":"LineString","coordinates":[[-79.9496887,40.4289756],[-79.9497275,40.4287878],[-79.9497883,40.4285911],[-79.9498574,40.4284248],[-79.9499248,40.4282825],[-79.9499827,40.428181],[-79.9500388,40.4280887],[-79.9501043,40.4279855],[-79.9501907,40.4278685],[-79.9502858,40.4277568],[-79.9503766,40.4276608],[-79.9508149,40.4272012]]}},{"type":"Feature","id":null,"properties":{},"geometry":{"type":"LineString","coordinates":[[-79.9626263,40.4269182],[-79.9641787,40.4279419],[-79.965155,40.4285789],[-79.9657826,40.4289423],[-79.9663942,40.4292527],[-79.9672353,40.4296364]]}},{"type":"Feature","id":null,"properties":{},"geometry":{"type":"LineString","coordinates":[[-79.9496534,40.4288954],[-79.9496823,40.4287633],[-79.949737,40.4285846],[-79.949803,40.4284197],[-79.9498706,40.4282701],[-79.9499627,40.4281064],[-79.9500488,40.4279737],[-79.9501342,40.427857],[-79.950242,40.4277323]]}},{"type":"Feature","id":null,"properties":{},"geometry":{"type":"LineString","coordinates":[[-79.9496002,40.4293097],[-79.9496133,40.4291088],[-79.9496534,40.4288954]]}},{"type":"Feature","id":null,"properties":{},"geometry":{"type":"LineString","coordinates":[[-79.9496448,40.4294027],[-79.949646,40.4292566],[-79.9496596,40.4291247],[-79.9496887,40.4289756]]}},{"type":"Feature","id":null,"properties":{},"geometry":{"type":"LineString","coordinates":[[-79.9497126,40.4345649],[-79.9497329,40.4343452],[-79.9497705,40.4340635],[-79.9497885,40.4337681],[-79.9497884,40.4335217],[-79.9497758,40.4332713],[-79.9497168,40.4320696],[-79.9496537,40.4308158],[-79.9496396,40.4305201],[-79.9496215,40.4301478],[-79.9495954,40.429614],[-79.9495933,40.4294632],[-79.9496002,40.4293097]]}},{"type":"Feature","id":null,"properties":{},"geometry":{"type":"LineString","coordinates":[[-79.9486439,40.4414025],[-79.9489595,40.4410706],[-79.9491428,40.4409106],[-79.9494486,40.4405839],[-79.9496363,40.4403553],[-79.9497275,40.4401797],[-79.9498026,40.4399429],[-79.9498402,40.4397061],[-79.9498616,40.4394775],[-79.9498563,40.4392652],[-79.9497813,40.4384926],[-79.9497275,40.4379383],[-79.9495773,40.4365337],[-79.9495718,40.4362947],[-79.9495827,40.436056],[-79.9496095,40.4357702],[-79.9497973,40.4343085],[-79.9498295,40.4340431],[-79.9498384,40.4338712],[-79.949842,40.4337077],[-79.9498348,40.4333367],[-79.9497707,40.4320662],[-79.9497391,40.4314898],[-79.9497072,40.4308165],[-79.949656,40.4298503],[-79.9496462,40.429621],[-79.9496448,40.4294027]]}},{"type":"Feature","id":null,"properties":{},"geometry":{"type":"LineString","coordinates":[[-79.9488952,40.4410892],[-79.9491643,40.4408207],[-79.9494432,40.4405104],[-79.9496042,40.4402777],[-79.9497168,40.440045],[-79.9497758,40.4398327],[-79.9498026,40.4394489],[-79.9497919,40.4390774],[-79.9496471,40.4377831],[-79.9495183,40.436497],[-79.9495182,40.4363162],[-79.9495183,40.436252],[-79.9495398,40.4359989],[-79.9497126,40.4345649]]}},{"type":"Feature","id":null,"properties":{},"geometry":{"type":"LineString","coordinates":[[-79.89910870367196,40.41777758744543],[-79.8994677,40.4178099],[-79.8998914,40.4178402],[-79.9004416,40.417873],[-79.9007422,40.4178877],[-79.9010871,40.4178998],[-79.9014853,40.4179075],[-79.9018897,40.4179084],[-79.902297,40.4179024],[-79.9025999,40.4178911],[-79.9029879,40.417873],[-79.903377,40.4178488],[-79.9037644,40.4178186],[-79.904242,40.417778],[-79.9044904,40.4177529],[-79.9048183,40.4177167],[-79.9051172,40.4176821],[-79.9058143,40.4175949],[-79.9065188,40.4175033],[-79.9072278,40.4174126],[-79.9077826,40.4173392],[-79.9082341,40.4172779],[-79.9086408,40.4172244],[-79.9090021,40.4171734],[-79.9093277,40.4171268],[-79.9095898,40.417087],[-79.9099482,40.4170292],[-79.9102432,40.4169799],[-79.9105506,40.4169264],[-79.9109046,40.4168599],[-79.9112687,40.4167899],[-79.9115994,40.41672],[-79.9119216,40.41665],[-79.9122534,40.416574],[-79.9125223,40.4165092],[-79.9128059,40.4164392],[-79.9131128,40.4163606],[-79.9134111,40.4162795],[-79.9136789,40.4162035],[-79.9139772,40.4161136],[-79.9142472,40.4160273],[-79.9145342,40.4159262],[-79.9147554,40.4158424],[-79.9149823,40.4157517],[-79.9152115,40.4156515],[-79.9154089,40.4155583],[-79.915638,40.4154304]]}},{"type":"Feature","id":null,"properties":{},"geometry":{"type":"LineString","coordinates":[[-79.89911722414855,40.41773901085416],[-79.8991295,40.4177402],[-79.8994217,40.4177676],[-79.8998723,40.4178001],[-79.900386,40.4178324],[-79.9006481,40.4178462],[-79.900906,40.4178567],[-79.9012799,40.4178661],[-79.9015465,40.4178704],[-79.9017743,40.4178717],[-79.9021002,40.4178678],[-79.9024473,40.4178592],[-79.9027778,40.417846],[-79.9030917,40.4178307],[-79.9034252,40.4178082],[-79.9037307,40.4177845],[-79.9040389,40.4177573],[-79.90436,40.417727],[-79.9047309,40.4176856],[-79.9049658,40.4176579],[-79.9052683,40.4176189],[-79.9058639,40.4175443],[-79.9069147,40.4174101],[-79.9079338,40.4172786],[-79.9088161,40.4171596],[-79.9092732,40.4170931],[-79.9096683,40.4170345],[-79.9101059,40.4169635],[-79.9105339,40.4168886],[-79.9110328,40.416796],[-79.9115308,40.4166927],[-79.9119732,40.4165956],[-79.9123989,40.4164995],[-79.9128626,40.4163848],[-79.9132824,40.416276],[-79.913625,40.4161784],[-79.914041,40.4160521],[-79.9143669,40.4159426],[-79.9146704,40.4158337],[-79.9148785,40.4157517],[-79.9151276,40.4156452],[-79.9153811,40.4155289],[-79.9156088,40.4154037]]}},{"type":"Feature","id":null,"properties":{},"geometry":{"type":"LineString","coordinates":[[-79.89912553491837,40.41770233623124],[-79.8994144,40.4177288],[-79.8998727,40.4177616],[-79.9005341,40.4178039],[-79.9012436,40.4178324],[-79.9015914,40.4178376],[-79.9019669,40.4178359],[-79.9023253,40.4178264],[-79.9026634,40.4178117],[-79.9030446,40.4177892],[-79.9037031,40.4177417],[-79.9041807,40.4176951],[-79.9046481,40.417645],[-79.9051558,40.4175837],[-79.9055279,40.4175396],[-79.9061961,40.417461],[-79.9070633,40.4173496],[-79.9078807,40.4172468],[-79.9085597,40.4171579],[-79.9091433,40.4170749],[-79.909963,40.416948],[-79.9103776,40.4168797],[-79.9108167,40.4167994],[-79.9112591,40.4167079],[-79.9118859,40.4165757],[-79.9123811,40.4164634],[-79.9127679,40.4163684],[-79.9131105,40.4162795],[-79.9134826,40.4161801],[-79.9138587,40.4160696],[-79.9142058,40.415959],[-79.9145297,40.4158459],[-79.9148541,40.4157189],[-79.9151389,40.4156006],[-79.9153714,40.4154935],[-79.9155825,40.4153786]]}},{"type":"Feature","id":null,"properties":{},"geometry":{"type":"LineString","coordinates":[[-79.8926914,40.4500158],[-79.89250738051201,40.44989840473407]]}},{"type":"Feature","id":null,"properties":{},"geometry":{"type":"LineString","coordinates":[[-79.89249922352268,40.44994689350403],[-79.8926549,40.4500468],[-79.8927421,40.4500966]]}},{"type":"Feature","id":null,"properties":{},"geometry":{"type":"LineString","coordinates":[[-79.8931691,40.4502944],[-79.8926914,40.4500158]]}},{"type":"Feature","id":null,"properties":{},"geometry":{"type":"LineString","coordinates":[[-79.8927421,40.4500966],[-79.8931088,40.4503087]]}},{"type":"Feature","id":null,"properties":{},"geometry":{"type":"LineString","coordinates":[[-79.8987663,40.4525805],[-79.894577,40.4509669],[-79.893885,40.4506587],[-79.893252,40.4503403],[-79.8931691,40.4502944]]}},{"type":"Feature","id":null,"properties":{},"geometry":{"type":"LineString","coordinates":[[-79.8931088,40.4503087],[-79.8932198,40.4503729],[-79.893834,40.4506852],[-79.8944224,40.450951],[-79.896249,40.4516736],[-79.8974989,40.4521614],[-79.8987475,40.4526499]]}},{"type":"Feature","id":null,"properties":{},"geometry":{"type":"LineString","coordinates":[[-79.8991176,40.4527172],[-79.8987663,40.4525805]]}},{"type":"Feature","id":null,"properties":{},"geometry":{"type":"LineString","coordinates":[[-79.8987475,40.4526499],[-79.899064,40.4527723]]}},{"type":"Feature","id":null,"properties":{},"geometry":{"type":"LineString","coordinates":[[-79.8998577,40.4530094],[-79.8991176,40.4527172]]}},{"type":"Feature","id":null,"properties":{},"geometry":{"type":"LineString","coordinates":[[-79.899064,40.4527723],[-79.8998243,40.4530672]]}},{"type":"Feature","id":null,"properties":{},"geometry":{"type":"LineString","coordinates":[[-79.9053521,40.4551744],[-79.9048436,40.45497],[-79.9043333,40.4547684],[-79.9039065,40.4546029],[-79.903507,40.4544499],[-79.9009824,40.4534535],[-79.8998577,40.4530094]]}},{"type":"Feature","id":null,"properties":{},"geometry":{"type":"LineString","coordinates":[[-79.8998243,40.4530672],[-79.9009484,40.4535031],[-79.9023832,40.4540595],[-79.9045041,40.4548802],[-79.9045696,40.4549059],[-79.9052364,40.4551721]]}},{"type":"Feature","id":null,"properties":{},"geometry":{"type":"LineString","coordinates":[[-79.9040921,40.4546305],[-79.903507,40.4544499]]}},{"type":"Feature","id":null,"properties":{},"geometry":{"type":"LineString","coordinates":[[-79.9054004,40.4551335],[-79.9040921,40.4546305]]}},{"type":"Feature","id":null,"properties":{},"geometry":{"type":"LineString","coordinates":[[-79.9043333,40.4547684],[-79.9047432,40.4549601],[-79.9052364,40.4551721]]}},{"type":"Feature","id":null,"properties":{},"geometry":{"type":"LineString","coordinates":[[-79.9055192,40.455179],[-79.9054004,40.4551335]]}},{"type":"Feature","id":null,"properties":{},"geometry":{"type":"LineString","coordinates":[[-79.9055995,40.4552101],[-79.9055192,40.455179]]}},{"type":"Feature","id":null,"properties":{},"geometry":{"type":"LineString","coordinates":[[-79.9052364,40.4551721],[-79.9053492,40.4552175]]}},{"type":"Feature","id":null,"properties":{},"geometry":{"type":"LineString","coordinates":[[-79.9055788,40.4552653],[-79.9053521,40.4551744]]}},{"type":"Feature","id":null,"properties":{},"geometry":{"type":"LineString","coordinates":[[-79.9053492,40.4552175],[-79.9055513,40.4552992]]}},{"type":"Feature","id":null,"properties":{},"geometry":{"type":"LineString","coordinates":[[-79.9071461,40.4558973],[-79.9067665,40.4557691],[-79.9063418,40.4556161]]}},{"type":"Feature","id":null,"properties":{},"geometry":{"type":"LineString","coordinates":[[-79.9095544,40.4565581],[-79.909437,40.4565351],[-79.9093264,40.4565027],[-79.9092178,40.4564657],[-79.9069728,40.4556101],[-79.9066724,40.4555203],[-79.906367,40.4554412],[-79.9059321,40.4553285],[-79.9057176,40.4552591],[-79.9055995,40.4552101]]}},{"type":"Feature","id":null,"properties":{},"geometry":{"type":"LineString","coordinates":[[-79.9092178,40.4564657],[-79.9089663,40.4563336],[-79.9088466,40.4562833],[-79.9084222,40.4561175],[-79.9074325,40.4557399],[-79.9069979,40.4555807],[-79.9068048,40.4555236],[-79.906367,40.4554412]]}},{"type":"Feature","id":null,"properties":{},"geometry":{"type":"LineString","coordinates":[[-79.9055643,40.4553043],[-79.9056855,40.4553581],[-79.9057928,40.4554117],[-79.9058555,40.4554436],[-79.9059072,40.4554723],[-79.9060054,40.4555273],[-79.9061024,40.4555897],[-79.9061968,40.4556569],[-79.9062537,40.4557023],[-79.9062969,40.4557408],[-79.9063545,40.4557913],[-79.9064313,40.4558694],[-79.9065173,40.4559668],[-79.9065608,40.456022],[-79.9065934,40.4560674],[-79.9066296,40.4561208],[-79.9066584,40.4561698],[-79.9066987,40.4562415],[-79.9067324,40.4563161],[-79.9067729,40.4564127],[-79.9068035,40.4565027],[-79.9068234,40.4565814],[-79.9068342,40.456642]]}},{"type":"Feature","id":null,"properties":{},"geometry":{"type":"LineString","coordinates":[[-79.9098206,40.4566004],[-79.9096845,40.4565813],[-79.9095544,40.4565581]]}},{"type":"Feature","id":null,"properties":{},"geometry":{"type":"LineString","coordinates":[[-79.9068342,40.456642],[-79.9068521,40.4567588],[-79.906858,40.4568469]]}},{"type":"Feature","id":null,"properties":{},"geometry":{"type":"LineString","coordinates":[[-79.907656,40.4568254],[-79.9077891,40.4567695],[-79.9079469,40.4567227],[-79.908086,40.4566917],[-79.9082331,40.4566711],[-79.9083741,40.4566597],[-79.9085068,40.4566548],[-79.9085651,40.4566552],[-79.9086255,40.456658],[-79.9086696,40.4566605],[-79.9087143,40.4566649],[-79.908776,40.4566713],[-79.9088359,40.4566806],[-79.9089484,40.4567006],[-79.909096,40.4567333],[-79.9092013,40.4567635],[-79.9093035,40.4567946],[-79.9094619,40.4568489]]}},{"type":"Feature","id":null,"properties":{},"geometry":{"type":"LineString","coordinates":[[-79.9073547,40.4569814],[-79.907489,40.4569083],[-79.907656,40.4568254]]}},{"type":"Feature","id":null,"properties":{},"geometry":{"type":"LineString","coordinates":[[-79.906858,40.4568469],[-79.9068646,40.4569131],[-79.9068626,40.4569802],[-79.9068572,40.4570601],[-79.9068465,40.4571325],[-79.9068328,40.4572117],[-79.9068146,40.4572827],[-79.9067989,40.4573371],[-79.9067812,40.4573889],[-79.9067557,40.457458],[-79.9067369,40.4575079],[-79.9067146,40.457562],[-79.9066851,40.4576352]]}},{"type":"Feature","id":null,"properties":{},"geometry":{"type":"LineString","coordinates":[[-79.9067799,40.4576579],[-79.9068183,40.4575748],[-79.9068602,40.4574908],[-79.9068924,40.4574359],[-79.9069294,40.4573815],[-79.9069836,40.4573125],[-79.9070853,40.4571987],[-79.9071461,40.4571382],[-79.9072135,40.4570827],[-79.9072971,40.457021],[-79.9073547,40.4569814]]}},{"type":"Feature","id":null,"properties":{},"geometry":{"type":"LineString","coordinates":[[-79.9066851,40.4576352],[-79.9066097,40.4578085]]}},{"type":"Feature","id":null,"properties":{},"geometry":{"type":"LineString","coordinates":[[-79.906701,40.4578293],[-79.9067799,40.4576579]]}},{"type":"Feature","id":null,"properties":{},"geometry":{"type":"LineString","coordinates":[[-79.9066097,40.4578085],[-79.9065591,40.4579279],[-79.9064822,40.4581114],[-79.9064149,40.4582726]]}},{"type":"Feature","id":null,"properties":{},"geometry":{"type":"LineString","coordinates":[[-79.9064624,40.4582813],[-79.9064846,40.4582331],[-79.9065213,40.4581649],[-79.9065727,40.4580709],[-79.9066309,40.4579682],[-79.9066753,40.4578869],[-79.906701,40.4578293]]}},{"type":"Feature","id":null,"properties":{},"geometry":{"type":"LineString","coordinates":[[-79.9064149,40.4582726],[-79.9063386,40.4584525]]}},{"type":"Feature","id":null,"properties":{},"geometry":{"type":"LineString","coordinates":[[-79.9063842,40.4584595],[-79.9064624,40.4582813]]}},{"type":"Feature","id":null,"properties":{},"geometry":{"type":"LineString","coordinates":[[-79.9063386,40.4584525],[-79.9063015,40.4585376],[-79.906231,40.4587048],[-79.9061682,40.4588511],[-79.9061261,40.4589514],[-79.9060994,40.459016],[-79.9060765,40.4590748],[-79.906018,40.4592274],[-79.9059629,40.4593662],[-79.9059214,40.4594706],[-79.9058909,40.4595433],[-79.9058276,40.4596844]]}},{"type":"Feature","id":null,"properties":{},"geometry":{"type":"LineString","coordinates":[[-79.9058276,40.4596844],[-79.9059563,40.4594226],[-79.9060281,40.4592777],[-79.906085,40.4591561],[-79.9061296,40.4590567],[-79.9061843,40.4589321],[-79.9062395,40.4587989],[-79.9063111,40.458632],[-79.9063842,40.4584595]]}},{"type":"Feature","id":null,"properties":{},"geometry":{"type":"LineString","coordinates":[[-79.9058276,40.4596844],[-79.9057024,40.4599566],[-79.9056359,40.4601087],[-79.9054976,40.4604333],[-79.9052968,40.4609059],[-79.9052497,40.4610139],[-79.9051944,40.4611335],[-79.9051552,40.4612218],[-79.9051168,40.4613081]]}},{"type":"Feature","id":null,"properties":{},"geometry":{"type":"LineString","coordinates":[[-79.9051168,40.4613081],[-79.905015,40.4615376],[-79.9049205,40.4617525],[-79.904871,40.4618762],[-79.9048326,40.4619872],[-79.9047904,40.4621254],[-79.9047554,40.4622783],[-79.9047371,40.4623978],[-79.9047247,40.4625092],[-79.9047152,40.4626271],[-79.9047109,40.4627695],[-79.9047167,40.4628586],[-79.9047263,40.4629492],[-79.9047585,40.4631162]]}},{"type":"Feature","id":null,"properties":{},"geometry":{"type":"LineString","coordinates":[[-79.9047585,40.4631162],[-79.9047861,40.4632275],[-79.9048242,40.4633488],[-79.9048667,40.463475],[-79.904892,40.4635518],[-79.9049273,40.4636409],[-79.9050033,40.4638086],[-79.9050418,40.4638849],[-79.9051865,40.4641324],[-79.9054332,40.464463],[-79.9058409,40.4650548],[-79.9070694,40.4667118],[-79.9072732,40.467026],[-79.9074234,40.4672872],[-79.90752,40.4675076],[-79.9076219,40.4678014],[-79.907697,40.4681279],[-79.9077399,40.4683891],[-79.9077507,40.4686421],[-79.9077292,40.4689482],[-79.9075897,40.4706418],[-79.9073251,40.473784]]}},{"type":"Feature","id":null,"properties":{},"geometry":{"type":"LineString","coordinates":[[-79.9073251,40.473784],[-79.9072518,40.4745961]]}},{"type":"Feature","id":null,"properties":{},"geometry":{"type":"LineString","coordinates":[[-79.9072518,40.4745961],[-79.9071177,40.4762447],[-79.9069353,40.4782441],[-79.906887,40.4790153],[-79.906769,40.4806883],[-79.9067342,40.4811566],[-79.9067153,40.4814105]]}},{"type":"Feature","id":null,"properties":{},"geometry":{"type":"LineString","coordinates":[[-79.8910941,40.4823653],[-79.8882081,40.481994],[-79.8870977,40.4818675],[-79.8863252,40.48179],[-79.884112564375,40.48164539165666]]}},{"type":"Feature","id":null,"properties":{},"geometry":{"type":"LineString","coordinates":[[-79.9067153,40.4814105],[-79.9066563,40.4818348],[-79.9065705,40.4823041],[-79.9064471,40.4827366],[-79.9063291,40.4829977],[-79.9061896,40.4831936],[-79.9059858,40.4833894],[-79.9057497,40.4835567],[-79.9055727,40.4836587],[-79.9053697,40.4837584]]}},{"type":"Feature","id":null,"properties":{},"geometry":{"type":"LineString","coordinates":[[-79.9067153,40.4814105],[-79.9066671,40.4820552],[-79.906592,40.4828304],[-79.9065437,40.4831936],[-79.90649,40.4835036],[-79.906431,40.4838341]]}},{"type":"Feature","id":null,"properties":{},"geometry":{"type":"LineString","coordinates":[[-79.8934652,40.4829161],[-79.8931648,40.4828671],[-79.8926498,40.4827529],[-79.891695,40.482504],[-79.8914536,40.4824387],[-79.8910941,40.4823653]]}},{"type":"Feature","id":null,"properties":{},"geometry":{"type":"LineString","coordinates":[[-79.9438958,40.4551287],[-79.9434854,40.4548776],[-79.943075,40.4546572],[-79.9425171,40.4543899],[-79.9419673,40.4541694],[-79.941396,40.4539694],[-79.9408783,40.4538266],[-79.9403445,40.4537265],[-79.9398215,40.4536592],[-79.9393038,40.4536306],[-79.9387701,40.4536388],[-79.9382792,40.4536776],[-79.9377803,40.4537531],[-79.9372305,40.4538755],[-79.9367235,40.4540286],[-79.9362059,40.4542327],[-79.9356989,40.4544817],[-79.9352859,40.4547348],[-79.9348353,40.4550675],[-79.9335746,40.4561553],[-79.9331746,40.4564511],[-79.9328313,40.4566675],[-79.9324155,40.4568899],[-79.9319354,40.4571022],[-79.931348,40.4573348],[-79.9302671,40.4577246],[-79.9292532,40.458041],[-79.9282125,40.4583226],[-79.922081,40.4597879],[-79.9212723,40.4599782],[-79.9208015,40.4600757],[-79.9205308,40.4601206],[-79.9202638,40.4601547],[-79.9198413,40.4601777],[-79.919447,40.4601838],[-79.9189642,40.4601593],[-79.9184922,40.4601001],[-79.9180201,40.4600083],[-79.9175105,40.4598655],[-79.9169767,40.4596838],[-79.9161484,40.4593666],[-79.9159916,40.4593074]]}},{"type":"Feature","id":null,"properties":{},"geometry":{"type":"LineString","coordinates":[[-79.9159694,40.4593459],[-79.9161261,40.459405],[-79.916901,40.4597021],[-79.917467,40.4599021],[-79.9180007,40.4600551],[-79.9184648,40.4601469],[-79.9189663,40.4602082],[-79.9194277,40.4602306],[-79.9198515,40.4602265],[-79.9202732,40.4602061],[-79.9205442,40.4601711],[-79.9208231,40.460124],[-79.9213085,40.4600189],[-79.9282226,40.4583592],[-79.9292526,40.4580878],[-79.9302826,40.4577674],[-79.9313662,40.4573816],[-79.9319402,40.4571531],[-79.9324444,40.4569326],[-79.9328521,40.4567204],[-79.9332115,40.4564979],[-79.9336139,40.4561979],[-79.9348611,40.4551101],[-79.9353224,40.4547713],[-79.9357221,40.4545244],[-79.9362076,40.4542835],[-79.9367333,40.4540754],[-79.9372402,40.4539223],[-79.9377981,40.4537978],[-79.9382836,40.4537243],[-79.938761,40.4536855],[-79.9392733,40.4536733],[-79.9398044,40.4537039],[-79.9403114,40.4537651],[-79.9408478,40.4538672],[-79.9413628,40.454008],[-79.9419421,40.4542121],[-79.9424705,40.4544244],[-79.9430284,40.4546897],[-79.9434415,40.4549121],[-79.9438438,40.4551591]]}},{"type":"Feature","id":null,"properties":{},"geometry":{"type":"LineString","coordinates":[[-79.9159916,40.4593074],[-79.912758,40.458076],[-79.9095463,40.4568368],[-79.9071461,40.4558973],[-79.907053,40.4558597],[-79.9065892,40.4556721],[-79.9061697,40.4555035],[-79.9055788,40.4552653]]}},{"type":"Feature","id":null,"properties":{},"geometry":{"type":"LineString","coordinates":[[-79.9055513,40.4552992],[-79.9055643,40.4553043],[-79.9063418,40.4556161],[-79.9066765,40.455751],[-79.9094619,40.4568489],[-79.9159694,40.4593459]]}},{"type":"Feature","id":null,"properties":{},"geometry":{"type":"LineString","coordinates":[[-79.9825357,40.4545064],[-79.9824382,40.4545786],[-79.9822477,40.4547137],[-79.9814388,40.4552695],[-79.9810243,40.4555565],[-79.980081,40.4562091],[-79.9800259,40.4562472],[-79.9799477,40.4563014],[-79.9793132,40.4567375],[-79.9787528,40.4571225],[-79.9785991,40.4572282],[-79.978146,40.4575405],[-79.9779906,40.4576477],[-79.9776027,40.4579152],[-79.977193,40.4581976],[-79.9766714,40.458555],[-79.9764995,40.4586727],[-79.9761914,40.4588838],[-79.9760546,40.4589775],[-79.9757691,40.4591731],[-79.9754611,40.4593855],[-79.9749025,40.4597706],[-79.9743545,40.4601485],[-79.9733358,40.4608411],[-79.9729406,40.4611068],[-79.9726077,40.4613307],[-79.971967,40.4617614],[-79.9715013,40.4620745],[-79.9711351,40.4623207],[-79.9709719,40.4624311],[-79.9705682,40.4627086],[-79.9703161,40.4629041],[-79.9699889,40.4631413],[-79.9696831,40.4634188],[-79.9693505,40.463778],[-79.9691359,40.4640514],[-79.9689374,40.4643575],[-79.9685954,40.4649242],[-79.9683044,40.4654635],[-79.9680416,40.4659533],[-79.9678163,40.4664145],[-79.9676017,40.4670185],[-79.9671725,40.4682102],[-79.9669,40.468957],[-79.966899,40.4689651],[-79.9666844,40.4694712],[-79.9665204,40.4698038],[-79.9663303,40.4701894],[-79.9657027,40.4713647],[-79.9656725,40.4714172],[-79.9654828,40.4717606],[-79.9652682,40.4720585],[-79.9650268,40.4723686],[-79.964613,40.4728902],[-79.9641889,40.4733979],[-79.9638915,40.4737514],[-79.9634228,40.4742907],[-79.962425,40.4754904],[-79.9620561,40.4759171],[-79.9617392,40.4762753],[-79.9616662,40.4763509],[-79.9614567,40.4765678],[-79.9610734,40.4769464],[-79.960526,40.4775021],[-79.9603069,40.4777135],[-79.9596318,40.47839],[-79.9592761,40.4787344],[-79.9581079,40.4798762],[-79.9579794,40.4800018],[-79.9579416,40.4800391],[-79.9569962,40.4809745],[-79.95661,40.4813458],[-79.9563203,40.4815947],[-79.9559716,40.481864],[-79.9555693,40.4821496],[-79.9552756,40.4823448],[-79.9549414,40.4825407],[-79.9545756,40.4827281],[-79.9523416,40.4837815],[-79.9509796,40.4844281],[-79.9498786,40.4849526],[-79.949411,40.4851608],[-79.9473881,40.4861368],[-79.9473081,40.4861748],[-79.9471555,40.4862472],[-79.9467623,40.4864339],[-79.9463972,40.4866073],[-79.9462835,40.4866622],[-79.9462429,40.4866801],[-79.9457095,40.4869152],[-79.944996,40.4872212],[-79.9443684,40.4874864],[-79.943917,40.4876516],[-79.9436549,40.4877475],[-79.9428878,40.4880045],[-79.9418203,40.4883064],[-79.9385252,40.489205],[-79.9381189,40.4893067],[-79.9377073,40.4893967],[-79.9373185,40.4894775],[-79.9368381,40.489561],[-79.9363714,40.4896206],[-79.9343209,40.4898445],[-79.9338927,40.4898775],[-79.9328939,40.4899546],[-79.9302654,40.4900118],[-79.9290262,40.4900689],[-79.9286024,40.4900607],[-79.9275885,40.4899832],[-79.9270896,40.4899179],[-79.9266015,40.4898241],[-79.9249653,40.4894406],[-79.9234257,40.4891264],[-79.9225567,40.4889347],[-79.919499,40.488237],[-79.9182544,40.4879392],[-79.9167256,40.4876047],[-79.9156795,40.4873313],[-79.9142579,40.4869152],[-79.9117311,40.4862006],[-79.9113525,40.4860789],[-79.9101056,40.4856783],[-79.907917,40.4848868],[-79.9077977,40.4848456],[-79.9074449,40.4847236],[-79.9072035,40.4846583],[-79.9049013,40.4842787],[-79.9038936,40.4841116],[-79.9015387,40.4838749],[-79.8934652,40.4829161]]}},{"type":"Feature","id":null,"properties":{},"geometry":{"type":"LineString","coordinates":[[-79.9046475,40.4838692],[-79.9043389,40.4838423],[-79.8950477,40.4828835],[-79.8940392,40.4827611],[-79.8910941,40.4823653]]}},{"type":"Feature","id":null,"properties":{},"geometry":{"type":"LineString","coordinates":[[-79.9053697,40.4837584],[-79.9051381,40.4838181],[-79.9050323,40.4838383],[-79.9049137,40.4838539],[-79.9047796,40.4838653],[-79.9046475,40.4838692]]}},{"type":"Feature","id":null,"properties":{},"geometry":{"type":"LineString","coordinates":[[-79.906431,40.4838341],[-79.9063774,40.4840341]]}},{"type":"Feature","id":null,"properties":{},"geometry":{"type":"LineString","coordinates":[[-79.9063774,40.4840341],[-79.9062816,40.4843877]]}},{"type":"Feature","id":null,"properties":{},"geometry":{"type":"LineString","coordinates":[[-79.9062816,40.4843877],[-79.9061765,40.4846832],[-79.9061229,40.4848301],[-79.9060625,40.4849752],[-79.9059594,40.4852094]]}},{"type":"Feature","id":null,"properties":{},"geometry":{"type":"LineString","coordinates":[[-79.9059594,40.4852094],[-79.905847,40.4854483]]}},{"type":"Feature","id":null,"properties":{},"geometry":{"type":"LineString","coordinates":[[-79.890762,40.4857281],[-79.8905491,40.4856585],[-79.8903916,40.485605],[-79.8903128,40.485584],[-79.8902234,40.4855613],[-79.890134,40.4855419],[-79.8900446,40.4855273],[-79.8899509,40.4855192],[-79.8897036,40.485517],[-79.8894795,40.4855209]]}},{"type":"Feature","id":null,"properties":{},"geometry":{"type":"LineString","coordinates":[[-79.8910512,40.4857864],[-79.890762,40.4857281],[-79.8904619,40.4856633],[-79.8901766,40.4856018],[-79.890068,40.485584],[-79.8899807,40.4855743],[-79.8898658,40.485571],[-79.8897054,40.485573],[-79.8894728,40.4855781]]}},{"type":"Feature","id":null,"properties":{},"geometry":{"type":"LineString","coordinates":[[-79.8891207,40.4856245],[-79.8897066,40.485607],[-79.8898849,40.4856034],[-79.8900361,40.4856115],[-79.8902873,40.4856585],[-79.8904874,40.4857054],[-79.8907403,40.4857607]]}},{"type":"Feature","id":null,"properties":{},"geometry":{"type":"LineString","coordinates":[[-79.8961185,40.4872249],[-79.8957451,40.4870844],[-79.8955626,40.4869893],[-79.8954862,40.4869386],[-79.8954309,40.4869019],[-79.8953058,40.486812],[-79.8951166,40.4866346],[-79.8949848,40.4864881],[-79.8948876,40.4864015],[-79.8948057,40.4863442],[-79.8947378,40.4863005],[-79.8945691,40.4862388],[-79.8944238,40.4861951],[-79.894265,40.4861643],[-79.8928186,40.4859561],[-79.8926902,40.4859407],[-79.8922306,40.485897],[-79.8921728,40.4858909],[-79.8910512,40.4857864],[-79.8907403,40.4857607],[-79.8898279,40.4856759]]}},{"type":"Feature","id":null,"properties":{},"geometry":{"type":"LineString","coordinates":[[-79.8883958,40.4864426],[-79.88763928270421,40.486469351174826]]}},{"type":"Feature","id":null,"properties":{},"geometry":{"type":"LineString","coordinates":[[-79.905847,40.4854483],[-79.9054962,40.4861849],[-79.90524876356325,40.486701238485466]]}},{"type":"Feature","id":null,"properties":{},"geometry":{"type":"LineString","coordinates":[[-79.90161048881242,40.488744865749],[-79.9016088,40.4887444],[-79.9012546,40.4886482],[-79.8973797,40.4875714],[-79.8961185,40.4872249],[-79.8956708,40.4871054],[-79.8952256,40.4869966],[-79.8945151,40.4868589],[-79.8940228,40.4867734],[-79.8937777,40.4867391],[-79.8929803,40.4866264],[-79.8925417,40.4865708],[-79.8919934,40.4865119],[-79.8914004,40.4864627],[-79.8908588,40.4864304],[-79.8903412,40.486411],[-79.889779,40.4864029],[-79.8892582,40.4864147],[-79.8883958,40.4864426]]}},{"type":"Feature","id":null,"properties":{},"geometry":{"type":"LineString","coordinates":[[-79.9810086,40.4253738],[-79.9816549,40.4254125]]}},{"type":"Feature","id":null,"properties":{},"geometry":{"type":"LineString","coordinates":[[-79.9816698,40.4253751],[-79.9827139,40.4254394],[-79.9837686,40.4254979],[-79.984553,40.4255495],[-79.985103,40.4255914],[-79.9855138,40.4256324],[-79.9859207,40.4256878],[-79.9862495,40.4257322],[-79.9865751,40.4257939],[-79.9869432,40.4258679],[-79.9873047,40.4259592],[-79.9876623,40.4260567],[-79.9881469,40.4262105],[-79.9893552,40.426608],[-79.9899724,40.4268147],[-79.9919671,40.4274766],[-79.9933527,40.4279352],[-79.9956035,40.4286796]]}},{"type":"Feature","id":null,"properties":{},"geometry":{"type":"LineString","coordinates":[[-79.9728953,40.4306982],[-79.9730698,40.430752],[-79.9732495,40.430819],[-79.9734591,40.430904],[-79.9736016,40.4309579],[-79.9737477,40.4310076],[-79.973978,40.4310722]]}},{"type":"Feature","id":null,"properties":{},"geometry":{"type":"LineString","coordinates":[[-79.973978,40.4310722],[-79.9742765,40.4311502],[-79.9745063,40.4312217],[-79.9747551,40.4312964],[-79.975001,40.4313689],[-79.9756681,40.4315692],[-79.9758296,40.4316219],[-79.976062,40.4317136],[-79.9762874,40.4317996],[-79.9764123,40.4318504],[-79.9765288,40.4318914],[-79.9768288,40.4319906]]}},{"type":"Feature","id":null,"properties":{},"geometry":{"type":"LineString","coordinates":[[-79.9701805,40.4338088],[-79.9704293,40.4338725],[-79.9705435,40.4339059],[-79.9706931,40.4339571],[-79.9708358,40.4340014],[-79.9710094,40.434059],[-79.9711775,40.4341165],[-79.9712817,40.4341563],[-79.9713858,40.4342096],[-79.9714624,40.4342694],[-79.9715221,40.4343258],[-79.971574,40.4343936],[-79.9716181,40.4344786],[-79.9716501,40.4345728],[-79.9716579,40.434669],[-79.9716642,40.4347509],[-79.9716563,40.434851],[-79.9716298,40.4349497],[-79.9715883,40.4350293],[-79.9715192,40.4351266],[-79.9714212,40.4352179],[-79.9713226,40.4352855],[-79.9712211,40.4353352],[-79.9711114,40.4353748],[-79.9709889,40.4354039],[-79.970883,40.4354146],[-79.9707886,40.4354204]]}},{"type":"Feature","id":null,"properties":{},"geometry":{"type":"LineString","coordinates":[[-79.9911554,40.4451428],[-79.9908603,40.4453308]]}},{"type":"Feature","id":null,"properties":{},"geometry":{"type":"LineString","coordinates":[[-79.9899689,40.4462161],[-79.9908233,40.4456852]]}},{"type":"Feature","id":null,"properties":{},"geometry":{"type":"LineString","coordinates":[[-79.9858365,40.4483678],[-79.9861034,40.4481955],[-79.9863969,40.4480152],[-79.9865619,40.4479136],[-79.9880635,40.4469717],[-79.9898581,40.445852],[-79.9903716,40.4455312],[-79.9907868,40.4452692],[-79.9913871,40.444896]]}},{"type":"Feature","id":null,"properties":{},"geometry":{"type":"LineString","coordinates":[[-79.9883281,40.4472211],[-79.9899689,40.4462161]]}},{"type":"Feature","id":null,"properties":{},"geometry":{"type":"LineString","coordinates":[[-79.9908603,40.4453308],[-79.9899227,40.4459131],[-79.9888769,40.4465646],[-79.9881336,40.4470354],[-79.9878497,40.4472121],[-79.9872619,40.4475759],[-79.9860063,40.4483587],[-79.9854005,40.4487364],[-79.9851088,40.4489137],[-79.9842778,40.4494277],[-79.983937,40.4496387],[-79.9837332,40.4497629],[-79.9834921,40.4499129],[-79.9832193,40.4500627],[-79.9828622,40.4502381],[-79.9809981,40.4511486],[-79.9804695,40.4514361],[-79.9797144,40.4518723],[-79.9792032,40.4521744],[-79.9790825,40.4522455],[-79.978908,40.4523484]]}},{"type":"Feature","id":null,"properties":{},"geometry":{"type":"LineString","coordinates":[[-79.9942123,40.4454638],[-79.994036,40.4453493],[-79.9938485,40.4452475],[-79.9936801,40.4451796],[-79.9934052,40.4450954],[-79.993094,40.4450331],[-79.9928278,40.4450132],[-79.9925717,40.4450142],[-79.9923416,40.4450357],[-79.9921212,40.4450721]]}},{"type":"Feature","id":null,"properties":{},"geometry":{"type":"LineString","coordinates":[[-79.9913371,40.4453645],[-79.9915673,40.4452489]]}},{"type":"Feature","id":null,"properties":{},"geometry":{"type":"LineString","coordinates":[[-79.9908233,40.4456852],[-79.9911764,40.4454764],[-79.9913371,40.4453645]]}},{"type":"Feature","id":null,"properties":{},"geometry":{"type":"LineString","coordinates":[[-79.9942123,40.4454638],[-79.9943746,40.4456018],[-79.9945536,40.445787]]}},{"type":"Feature","id":null,"properties":{},"geometry":{"type":"LineString","coordinates":[[-79.9950465,40.4463805],[-79.9949016,40.4461586],[-79.994758,40.4459593],[-79.9946178,40.4457651],[-79.9943982,40.4455394],[-79.9941719,40.4453651]]}},{"type":"Feature","id":null,"properties":{},"geometry":{"type":"LineString","coordinates":[[-79.9949984,40.4464007],[-79.9947717,40.4460709],[-79.9946482,40.445913],[-79.9945536,40.445787]]}},{"type":"Feature","id":null,"properties":{},"geometry":{"type":"LineString","coordinates":[[-79.9952819,40.4468336],[-79.9951951,40.4467034],[-79.9949984,40.4464007]]}},{"type":"Feature","id":null,"properties":{},"geometry":{"type":"LineString","coordinates":[[-79.9952819,40.4468336],[-79.9954604,40.447105]]}},{"type":"Feature","id":null,"properties":{},"geometry":{"type":"LineString","coordinates":[[-79.997317,40.449813],[-79.9971923,40.4496423],[-79.9971183,40.4495298],[-79.9969279,40.4492351],[-79.9967203,40.4489177],[-79.9965139,40.4486072],[-79.9963108,40.4482981],[-79.9956234,40.4472542],[-79.9954335,40.4469676],[-79.9952671,40.4467127],[-79.9951475,40.446532],[-79.9950465,40.4463805]]}},{"type":"Feature","id":null,"properties":{},"geometry":{"type":"LineString","coordinates":[[-79.9954604,40.447105],[-79.9961212,40.4481004],[-79.9964692,40.4486347],[-79.9970648,40.44954],[-79.9971413,40.4496479],[-79.9972838,40.4498391]]}},{"type":"Feature","id":null,"properties":{},"geometry":{"type":"LineString","coordinates":[[-79.9781197,40.452862],[-79.9795946,40.4519973],[-79.979872,40.4518326],[-79.9799336,40.451796],[-79.9801599,40.4516637],[-79.9804623,40.451486],[-79.9810255,40.4511875],[-79.9824549,40.450502],[-79.9829061,40.450287],[-79.9832757,40.450113],[-79.9835573,40.4499765],[-79.983698,40.4499043],[-79.9837917,40.4498562],[-79.9838903,40.4498025],[-79.9839826,40.4497523],[-79.9840749,40.449702],[-79.9843825,40.4495354],[-79.9847407,40.449336],[-79.985443,40.448955],[-79.985872,40.4487008],[-79.9862125,40.4484991],[-79.9868955,40.4480832],[-79.9871984,40.4478987],[-79.9875591,40.4476777],[-79.9878401,40.4475072],[-79.9883281,40.4472211]]}},{"type":"Feature","id":null,"properties":{},"geometry":{"type":"LineString","coordinates":[[-79.9799336,40.451796],[-79.9794944,40.4520331],[-79.9790825,40.4522455]]}},{"type":"Feature","id":null,"properties":{},"geometry":{"type":"LineString","coordinates":[[-79.978908,40.4523484],[-79.9785265,40.4525963],[-79.9781197,40.452862]]}},{"type":"Feature","id":null,"properties":{},"geometry":{"type":"LineString","coordinates":[[-79.978908,40.4523484],[-79.9778527,40.4529696]]}},{"type":"Feature","id":null,"properties":{},"geometry":{"type":"LineString","coordinates":[[-79.9778925,40.4529948],[-79.9781197,40.452862]]}},{"type":"Feature","id":null,"properties":{},"geometry":{"type":"LineString","coordinates":[[-79.9847457,40.4531614],[-79.9840967,40.4536198],[-79.9839723,40.4536965],[-79.9839077,40.4537294],[-79.9838773,40.4537436],[-79.9838426,40.4537599],[-79.983645,40.4538431],[-79.9835562,40.4538791],[-79.9833631,40.4539621],[-79.9832241,40.4540411],[-79.9830829,40.4541333],[-79.9828045,40.4543172],[-79.9826209,40.4544431],[-79.9825357,40.4545064]]}},{"type":"Feature","id":null,"properties":{},"geometry":{"type":"LineString","coordinates":[[-79.9700033,40.4579025],[-79.9707328,40.4574419],[-79.9728889,40.4560832],[-79.9735429,40.4556735],[-79.975635,40.4543579],[-79.9768557,40.4536092],[-79.9771355,40.4534419],[-79.9778925,40.4529948]]}},{"type":"Feature","id":null,"properties":{},"geometry":{"type":"LineString","coordinates":[[-79.9778527,40.4529696],[-79.9775981,40.453122],[-79.9769216,40.4535181],[-79.9762366,40.4539294],[-79.9756027,40.4543233],[-79.9714162,40.4569545],[-79.9697545,40.4580005]]}},{"type":"Feature","id":null,"properties":{},"geometry":{"type":"LineString","coordinates":[[-79.9922204,40.4548684],[-79.9915619,40.4554195],[-79.9912079,40.4557235],[-79.9910094,40.4558827],[-79.9908109,40.4560205],[-79.990658,40.4561215],[-79.9904676,40.4562225],[-79.9902101,40.4563613],[-79.9898869,40.4565103],[-79.989435,40.4567205],[-79.98732,40.457693],[-79.987076,40.4578155],[-79.9865046,40.4581277],[-79.9859119,40.4585012],[-79.9853044,40.4589206],[-79.9841564,40.4597767],[-79.9835435,40.4603042],[-79.9827284,40.46107]]}},{"type":"Feature","id":null,"properties":{},"geometry":{"type":"LineString","coordinates":[[-79.9700033,40.4579025],[-79.9695412,40.4582286],[-79.9692604,40.4584285],[-79.9690465,40.458581],[-79.9688779,40.4586973],[-79.9686636,40.4588322],[-79.9684555,40.4589548],[-79.9682554,40.4590611],[-79.9681119,40.4591303],[-79.9679492,40.4592031],[-79.9677434,40.4592821],[-79.9675048,40.459369],[-79.9672351,40.4594546],[-79.9669101,40.4595495],[-79.9665477,40.4596553],[-79.9663595,40.4597157],[-79.9658472,40.4598935],[-79.9656359,40.4599654],[-79.9655144,40.4600099],[-79.9651545,40.4601366],[-79.9647962,40.4602554],[-79.9644603,40.4603574],[-79.9640549,40.460457],[-79.9637049,40.4605222],[-79.9633788,40.4605726],[-79.9625418,40.4607113],[-79.9615648,40.4608699]]}},{"type":"Feature","id":null,"properties":{},"geometry":{"type":"LineString","coordinates":[[-79.9933349,40.4538836],[-79.9930023,40.454149],[-79.9923089,40.4547306]]}},{"type":"Feature","id":null,"properties":{},"geometry":{"type":"LineString","coordinates":[[-79.9923478,40.4547623],[-79.9930962,40.4541194],[-79.9933765,40.4539061]]}},{"type":"Feature","id":null,"properties":{},"geometry":{"type":"LineString","coordinates":[[-79.9923089,40.4547306],[-79.9921896,40.4548317]]}},{"type":"Feature","id":null,"properties":{},"geometry":{"type":"LineString","coordinates":[[-79.9923478,40.4547623],[-79.9922945,40.4548067]]}},{"type":"Feature","id":null,"properties":{},"geometry":{"type":"LineString","coordinates":[[-79.9922945,40.4548067],[-79.9922204,40.4548684]]}},{"type":"Feature","id":null,"properties":{},"geometry":{"type":"LineString","coordinates":[[-79.9486439,40.4414025],[-79.9488952,40.4410892]]}},{"type":"Feature","id":null,"properties":{},"geometry":{"type":"LineString","coordinates":[[-79.9615648,40.4608699],[-79.9613176,40.4608972],[-79.9594303,40.4611198],[-79.9584497,40.4612261],[-79.9580691,40.4612432],[-79.9577789,40.4612387],[-79.9574774,40.4612197],[-79.9571912,40.4611717],[-79.9569443,40.4611214],[-79.9566939,40.4610543],[-79.9564804,40.4609824],[-79.9562613,40.4609004],[-79.9558804,40.4607373],[-79.9554383,40.4604965],[-79.9551029,40.4602759],[-79.9547311,40.4599742],[-79.9543902,40.4596609],[-79.9539474,40.4592364],[-79.9531416,40.4584566],[-79.9523338,40.4576687],[-79.9520363,40.4573599],[-79.9517413,40.4570036],[-79.9515299,40.4566735],[-79.9513841,40.4564012],[-79.951208,40.4560228],[-79.950386,40.454145],[-79.9502803,40.4539035],[-79.9499789,40.4532154],[-79.9498781,40.4529241]]}},{"type":"Feature","id":null,"properties":{},"geometry":{"type":"LineString","coordinates":[[-79.9526184,40.4576293],[-79.9524024,40.4575811],[-79.95206,40.4575239]]}},{"type":"Feature","id":null,"properties":{},"geometry":{"type":"LineString","coordinates":[[-79.9520822,40.4575707],[-79.952392,40.4576201],[-79.9526238,40.4576731]]}},{"type":"Feature","id":null,"properties":{},"geometry":{"type":"LineString","coordinates":[[-79.9589397,40.4608449],[-79.9586132,40.4609007],[-79.9582778,40.4609463],[-79.957926,40.4609682],[-79.9577354,40.4609668],[-79.9575426,40.4609586],[-79.9573313,40.460937],[-79.9571244,40.4609002],[-79.9569193,40.4608574],[-79.9567141,40.4607992],[-79.9565387,40.4607376],[-79.9563745,40.4606726],[-79.9561965,40.4605908],[-79.9560185,40.4604911],[-79.955719,40.460288],[-79.9554395,40.4600425],[-79.9551966,40.4597781],[-79.9549435,40.4594744],[-79.9542115,40.4585938],[-79.9539916,40.4583614],[-79.9537384,40.4581491],[-79.9536038,40.4580537],[-79.9534648,40.4579652],[-79.9531717,40.4578191],[-79.953003,40.4577486],[-79.9528275,40.4576883],[-79.9526184,40.4576293]]}},{"type":"Feature","id":null,"properties":{},"geometry":{"type":"LineString","coordinates":[[-79.9526238,40.4576731],[-79.9528084,40.4577265],[-79.9529834,40.4577855],[-79.9531484,40.4578551],[-79.953422,40.4579898],[-79.9535571,40.4580735],[-79.9536942,40.4581679],[-79.9538326,40.4582798],[-79.953945,40.4583857],[-79.954051,40.4584888],[-79.9541569,40.4586102],[-79.954483,40.4589941],[-79.9551238,40.4597791],[-79.9552542,40.4599283],[-79.9553907,40.4600714],[-79.9555282,40.4602043],[-79.9556697,40.4603204],[-79.9559644,40.4605219],[-79.9561418,40.4606201],[-79.9563292,40.4607091],[-79.956507,40.4607811],[-79.9566899,40.4608423],[-79.9569018,40.4609025],[-79.9571117,40.4609458],[-79.9573023,40.460977],[-79.9574929,40.4609991],[-79.9576921,40.4610121],[-79.9578852,40.4610144],[-79.958084,40.4610073],[-79.9582888,40.460991],[-79.9587481,40.4609254]]}},{"type":"Feature","id":null,"properties":{},"geometry":{"type":"LineString","coordinates":[[-79.9587481,40.4609254],[-79.9655248,40.4597118],[-79.9663924,40.4595521],[-79.9669565,40.4594269],[-79.9673823,40.4593029],[-79.9677442,40.4591738],[-79.9680801,40.4590326],[-79.9682845,40.4589357],[-79.9684889,40.4588311],[-79.9689854,40.4585413],[-79.9695056,40.4582134],[-79.9700033,40.4579025]]}},{"type":"Feature","id":null,"properties":{},"geometry":{"type":"LineString","coordinates":[[-79.9697545,40.4580005],[-79.9689374,40.4585124],[-79.9684283,40.4588096],[-79.9681987,40.4589268],[-79.967965,40.4590332],[-79.9674536,40.45923],[-79.9669401,40.4593816],[-79.9664056,40.4595005],[-79.9659263,40.4595918],[-79.9625709,40.4601927],[-79.9589397,40.4608449]]}},{"type":"Feature","id":null,"properties":{},"geometry":{"type":"LineString","coordinates":[[-79.9615648,40.4608699],[-79.9620711,40.4608083],[-79.9622413,40.4607899],[-79.9646646,40.4605082],[-79.9653545,40.4604305],[-79.9657524,40.4603987],[-79.9659934,40.4603949],[-79.9662123,40.4604047],[-79.9664001,40.4604209],[-79.9665343,40.4604353]]}},{"type":"Feature","id":null,"properties":{},"geometry":{"type":"LineString","coordinates":[[-79.9625533,40.4781523],[-79.9626276,40.4780032],[-79.9627206,40.4778245],[-79.962827,40.4776793],[-79.9629858,40.4774724],[-79.9631971,40.4772256],[-79.9635253,40.4767865],[-79.963618,40.4766593],[-79.9637921,40.4764203],[-79.9639477,40.4761622],[-79.9640148,40.4759857],[-79.9640818,40.4757888],[-79.9641797,40.4754767],[-79.9642119,40.4753216],[-79.964232,40.4751879],[-79.9642307,40.4748911],[-79.9642025,40.4741168],[-79.9641931,40.4738668],[-79.9642061,40.4737512],[-79.9642109,40.4736537],[-79.9642362,40.4735573],[-79.9642639,40.4734616],[-79.9642987,40.4733851],[-79.9643562,40.4732617],[-79.9644136,40.4731678],[-79.964613,40.4728902]]}},{"type":"Feature","id":null,"properties":{},"geometry":{"type":"LineString","coordinates":[[-79.9665343,40.4604353],[-79.9667541,40.4604679],[-79.9670918,40.4605623]]}},{"type":"Feature","id":null,"properties":{},"geometry":{"type":"LineString","coordinates":[[-79.9670918,40.4605623],[-79.967239,40.4606097],[-79.9673844,40.4606651],[-79.9675458,40.4607333],[-79.9677036,40.4608108],[-79.9677977,40.460865],[-79.9679357,40.4609485],[-79.9680477,40.4610234]]}},{"type":"Feature","id":null,"properties":{},"geometry":{"type":"LineString","coordinates":[[-79.9704718,40.462904],[-79.9706581,40.4626913],[-79.9709719,40.4624311]]}},{"type":"Feature","id":null,"properties":{},"geometry":{"type":"LineString","coordinates":[[-79.9680477,40.4610234],[-79.968066,40.4610374],[-79.9683133,40.4612235],[-79.9687127,40.4615581],[-79.9691327,40.46191],[-79.9698074,40.4624782],[-79.9700351,40.4626709],[-79.9703142,40.4629079],[-79.9713007,40.4637473],[-79.9718247,40.464189],[-79.9722337,40.4645352],[-79.9726962,40.4649255]]}},{"type":"Feature","id":null,"properties":{},"geometry":{"type":"LineString","coordinates":[[-79.9719273,40.4654293],[-79.9720754,40.4652274],[-79.9721385,40.4651171],[-79.9721782,40.4650133],[-79.9721962,40.4649203],[-79.9721983,40.4648259],[-79.9721889,40.4647177],[-79.9721622,40.4646144],[-79.9721094,40.4645099],[-79.9720273,40.4643942],[-79.9718247,40.464189]]}},{"type":"Feature","id":null,"properties":{},"geometry":{"type":"LineString","coordinates":[[-79.9827284,40.46107],[-79.9825099,40.461284],[-79.9821488,40.461636],[-79.9818061,40.4619878],[-79.9815984,40.4622133],[-79.9810945,40.4628024],[-79.9804586,40.4635823],[-79.9797739,40.4644235],[-79.9796631,40.4645567],[-79.9792992,40.4650052],[-79.9786723,40.4657732],[-79.9780584,40.4665333],[-79.977591,40.4671261],[-79.9771074,40.4677349],[-79.9767085,40.4682478],[-79.9763307,40.4687873],[-79.9759928,40.4692698],[-79.9759719,40.469298],[-79.9757925,40.4695405],[-79.9755776,40.4697907],[-79.97548471777445,40.469885154232955]]}},{"type":"Feature","id":null,"properties":{},"geometry":{"type":"LineString","coordinates":[[-79.9708045,40.466819],[-79.9709898,40.4665906],[-79.9711747,40.466358],[-79.9714842,40.465957],[-79.9719273,40.4654293]]}},{"type":"Feature","id":null,"properties":{},"geometry":{"type":"LineString","coordinates":[[-79.9921896,40.4548317],[-79.9919572,40.4550409],[-79.990953,40.4558713],[-79.9906043,40.4560999],[-79.9904313,40.4561928],[-79.9901865,40.4563273],[-79.9883067,40.457189],[-79.9874275,40.4575956],[-79.9869698,40.4578289],[-79.9865525,40.4580492],[-79.9861842,40.4582743],[-79.985492,40.4587326],[-79.9842475,40.4596509],[-79.9839719,40.4598807],[-79.9835615,40.4602229],[-79.9827085,40.4610339],[-79.9822384,40.461484],[-79.981889,40.4618337],[-79.9815086,40.462237],[-79.9810301,40.4628001],[-79.9806824,40.4632297],[-79.980438,40.4635296],[-79.9793278,40.4648889],[-79.9788992,40.465414],[-79.9778871,40.4666619],[-79.9769714,40.467813],[-79.9767115,40.4681469],[-79.9765463,40.4683708],[-79.9764172,40.468562],[-79.9762268,40.4688422],[-79.9759925,40.4691916],[-79.9759349,40.4692695],[-79.9758217,40.4694223],[-79.9757081,40.4695637],[-79.975556,40.4697373],[-79.97543798069134,40.46985914019613]]}},{"type":"Feature","id":null,"properties":{},"geometry":{"type":"LineString","coordinates":[[-79.9685458,40.4691855],[-79.9689482,40.4687121],[-79.9694256,40.4681],[-79.9696402,40.4678592],[-79.9701283,40.4674021],[-79.9703858,40.467145],[-79.9706058,40.466892],[-79.9711129,40.4663001],[-79.9719468,40.4652553],[-79.9720864,40.4650811],[-79.9722698,40.4648662],[-79.9725018,40.4646586]]}},{"type":"Feature","id":null,"properties":{},"geometry":{"type":"LineString","coordinates":[[-79.9701677,40.467562],[-79.9703998,40.4673027],[-79.970592,40.4670783],[-79.9708045,40.466819]]}},{"type":"Feature","id":null,"properties":{},"geometry":{"type":"LineString","coordinates":[[-79.9726962,40.4649255],[-79.9727767,40.4649943],[-79.973533,40.4656333],[-79.974189,40.4661941],[-79.9746774,40.4665981],[-79.9751431,40.4670016],[-79.975339,40.4671961],[-79.9754665,40.4673352],[-79.9755466,40.467438],[-79.9756215,40.4675449],[-79.9757348,40.4677428],[-79.9757887,40.4678609],[-79.9758304,40.4679844],[-79.9758615,40.4681216],[-79.9758768,40.4682162],[-79.9758918,40.4683667],[-79.9758911,40.4685119],[-79.9758812,40.4686389],[-79.9758608,40.4687659],[-79.9758225,40.4689155],[-79.9757841,40.4690225],[-79.9756893,40.4692308],[-79.9755888,40.4694017],[-79.9754693,40.4695615]]}},{"type":"Feature","id":null,"properties":{},"geometry":{"type":"LineString","coordinates":[[-79.9685458,40.4691855],[-79.9694685,40.4682591],[-79.9698387,40.4678918],[-79.9701677,40.467562]]}},{"type":"Feature","id":null,"properties":{},"geometry":{"type":"LineString","coordinates":[[-79.9671618,40.4709322],[-79.9678216,40.4700221],[-79.9680791,40.4696834],[-79.9683098,40.4694304],[-79.9685458,40.4691855]]}},{"type":"Feature","id":null,"properties":{},"geometry":{"type":"LineString","coordinates":[[-79.9671618,40.4709322],[-79.9669633,40.4711648],[-79.9667809,40.4713239],[-79.9665556,40.4714423],[-79.9663081,40.4715603],[-79.9660428,40.4716558],[-79.9659319,40.4716957],[-79.9656838,40.4717945],[-79.9656318,40.471828],[-79.9655083,40.4719074],[-79.9653379,40.472034],[-79.9650268,40.4723686]]}},{"type":"Feature","id":null,"properties":{},"geometry":{"type":"LineString","coordinates":[[-79.97526116396126,40.46976074657611],[-79.9754693,40.4695615]]}},{"type":"Feature","id":null,"properties":{},"geometry":{"type":"LineString","coordinates":[[-79.95206,40.4575239],[-79.9477671,40.4570025],[-79.9476965,40.4569941],[-79.9471761,40.4569124],[-79.9467255,40.4568124],[-79.946291,40.4566655],[-79.9459262,40.4564879],[-79.9455427,40.4562614],[-79.9451832,40.4560144],[-79.9438958,40.4551287]]}},{"type":"Feature","id":null,"properties":{},"geometry":{"type":"LineString","coordinates":[[-79.9438438,40.4551591],[-79.9454827,40.4562857],[-79.9458555,40.4565143],[-79.9462551,40.4567081],[-79.9466977,40.4568592],[-79.9471483,40.4569612],[-79.9476687,40.4570367],[-79.9477586,40.4570476],[-79.9520822,40.4575707]]}},{"type":"Feature","id":null,"properties":{},"geometry":{"type":"LineString","coordinates":[[-79.9439693,40.4878235],[-79.9448544,40.4874339],[-79.9454569,40.487149],[-79.9454713,40.4871421],[-79.9458897,40.4868953],[-79.9463972,40.4866073]]}},{"type":"Feature","id":null,"properties":{},"geometry":{"type":"LineString","coordinates":[[-79.9439907,40.4878847],[-79.9446184,40.4876175],[-79.9448222,40.4875195],[-79.9449992,40.4874155],[-79.9454569,40.487149]]}},{"type":"Feature","id":null,"properties":{},"geometry":{"type":"LineString","coordinates":[[-79.9423278,40.488054],[-79.9428293,40.4879316],[-79.9433899,40.4877888],[-79.943917,40.4876516]]}},{"type":"Feature","id":null,"properties":{},"geometry":{"type":"LineString","coordinates":[[-79.9596318,40.47839],[-79.9598466,40.4781882],[-79.959978,40.478079],[-79.9601376,40.4779342],[-79.9603516,40.4777371],[-79.9604399,40.4776493],[-79.9609731,40.4771191],[-79.9613849,40.4766998],[-79.9616987,40.4763897],[-79.9621091,40.4759357],[-79.9626468,40.4752981],[-79.9634193,40.4743708],[-79.9636071,40.4741311],[-79.9638915,40.4737514]]}},{"type":"Feature","id":null,"properties":{},"geometry":{"type":"LineString","coordinates":[[-79.963618,40.4766593],[-79.9634894,40.4768888],[-79.9634235,40.4770084],[-79.9627239,40.4778759],[-79.9626276,40.4780032]]}},{"type":"Feature","id":null,"properties":{},"geometry":{"type":"LineString","coordinates":[[-79.9629858,40.4774724],[-79.9626969,40.4777705],[-79.9626344,40.4778477],[-79.9625972,40.4779081],[-79.9624857,40.4781356]]}},{"type":"Feature","id":null,"properties":{},"geometry":{"type":"LineString","coordinates":[[-79.9631971,40.4772256],[-79.962996,40.4774261],[-79.9628473,40.4775546],[-79.9625026,40.477831],[-79.9623522,40.4779698],[-79.9622508,40.4781034],[-79.9619974,40.4785751]]}},{"type":"Feature","id":null,"properties":{},"geometry":{"type":"LineString","coordinates":[[-79.9581079,40.4798762],[-79.9583544,40.4796804],[-79.9585301,40.4795648],[-79.9587684,40.479417],[-79.9589289,40.4793026],[-79.9590655,40.4791996]]}},{"type":"Feature","id":null,"properties":{},"geometry":{"type":"LineString","coordinates":[[-79.9989166,40.4507197],[-79.9990376,40.4507343],[-79.9991597,40.4507444],[-79.9992737,40.4507468],[-79.999392,40.4507471],[-79.9994832,40.4507426],[-79.9995744,40.450736],[-79.999674,40.4507265],[-79.9997737,40.4507134],[-79.9998737,40.4506966],[-79.9999737,40.4506778]]}},{"type":"Feature","id":null,"properties":{},"geometry":{"type":"LineString","coordinates":[[-79.9979604,40.4511028],[-79.9977699,40.4511762],[-79.9976184,40.4512303],[-79.9973931,40.4513252],[-79.9971959,40.4514099],[-79.9969559,40.4515334],[-79.996756,40.4516385],[-79.9961315,40.4520098]]}},{"type":"Feature","id":null,"properties":{},"geometry":{"type":"LineString","coordinates":[[-79.9961391,40.45206],[-79.9963108,40.4519457],[-79.9965455,40.4517967],[-79.9967373,40.4516916],[-79.996929,40.4515875],[-79.9970793,40.451511],[-79.9972134,40.4514446],[-79.9973984,40.451363],[-79.9976237,40.4512711],[-79.9977981,40.4512028],[-79.9979847,40.4511435]]}},{"type":"Feature","id":null,"properties":{},"geometry":{"type":"LineString","coordinates":[[-79.9979604,40.4511028],[-79.9983064,40.4509987],[-79.9986429,40.4509097],[-79.9987973,40.4508716],[-79.999114,40.4507886],[-79.9994322,40.4507162],[-79.9998759,40.4506088],[-80.0002012,40.4505269],[-80.0005606,40.450428],[-80.0008624,40.4503484],[-80.0013103,40.4502494],[-80.0020359,40.4501024],[-80.0023309,40.4500381],[-80.0028298,40.4499238],[-80.0033314,40.4498055],[-80.0048202,40.449514],[-80.0052646,40.4494291],[-80.0054234,40.4494047],[-80.0056498,40.4493751],[-80.0058847,40.4493545],[-80.0061297,40.4493365],[-80.0064626,40.4493327],[-80.0067498,40.4493429],[-80.0070979,40.4493687],[-80.0074274,40.4494111],[-80.0078025,40.4494754],[-80.0080357,40.4495332],[-80.0083415,40.4496181],[-80.0086,40.4497043],[-80.0087795,40.4497663],[-80.0090853,40.4499153],[-80.0092248,40.449997],[-80.0093267,40.4500684],[-80.0094649,40.4501837],[-80.0095695,40.4502868],[-80.0097197,40.4504491],[-80.0101502,40.4509971],[-80.0103647,40.4512726],[-80.0105552,40.4514798],[-80.0107939,40.4517247],[-80.0109132,40.4518359],[-80.0110836,40.4519727],[-80.0112405,40.452086],[-80.0114698,40.4522411],[-80.0116281,40.4523401],[-80.0118601,40.4524625],[-80.0136813,40.4533892],[-80.0142159,40.4536574],[-80.014322,40.4537106],[-80.0149356,40.4540203],[-80.0151595,40.4541291]]}},{"type":"Feature","id":null,"properties":{},"geometry":{"type":"LineString","coordinates":[[-80.0151542,40.4541651],[-80.0148752,40.4540232],[-80.0143265,40.4537475],[-80.0141988,40.4536824],[-80.0129611,40.4530626],[-80.0118963,40.4525207],[-80.0116844,40.4524074],[-80.011443,40.4522697],[-80.0112941,40.4521799],[-80.011156,40.4520839],[-80.0110098,40.4519686],[-80.0108891,40.4518655],[-80.0104921,40.4514849],[-80.0097103,40.4505062],[-80.0095936,40.4503654],[-80.0094353,40.4502153],[-80.0092436,40.4500633],[-80.0090692,40.4499541],[-80.0088382,40.4498348],[-80.0086641,40.4497654],[-80.0084124,40.4496741],[-80.0081707,40.4495982],[-80.0078717,40.4495236],[-80.0074915,40.4494581],[-80.0071451,40.4494233],[-80.006797,40.4494079],[-80.0063797,40.4494053],[-80.0059573,40.449436],[-80.0056362,40.4494593],[-80.0052358,40.4495198],[-80.0048254,40.4496013],[-80.0028607,40.4499789],[-80.0019661,40.4501524],[-80.0013291,40.4502789],[-80.0009536,40.4503637],[-80.0006103,40.4504576],[-80.0003165,40.4505433],[-80.000001,40.4506292],[-79.9998158,40.4506732],[-79.9993049,40.4507941],[-79.9987784,40.4509262],[-79.9983265,40.4510425],[-79.9979847,40.4511435]]}},{"type":"Feature","id":null,"properties":{},"geometry":{"type":"LineString","coordinates":[[-79.9961315,40.4520098],[-79.9952606,40.4525772],[-79.9940363,40.4533856],[-79.9937024,40.4536153],[-79.9935159,40.4537449]]}},{"type":"Feature","id":null,"properties":{},"geometry":{"type":"LineString","coordinates":[[-79.9935521,40.4537755],[-79.9939183,40.4535112],[-79.9941892,40.4533305],[-79.9945526,40.4530928],[-79.9950126,40.4527938],[-79.9955947,40.452409],[-79.9961391,40.45206]]}},{"type":"Feature","id":null,"properties":{},"geometry":{"type":"LineString","coordinates":[[-79.9934645,40.4538407],[-79.9935521,40.4537755]]}},{"type":"Feature","id":null,"properties":{},"geometry":{"type":"LineString","coordinates":[[-79.9935159,40.4537449],[-79.9933349,40.4538836]]}},{"type":"Feature","id":null,"properties":{},"geometry":{"type":"LineString","coordinates":[[-79.9933765,40.4539061],[-79.9934645,40.4538407]]}},{"type":"Feature","id":null,"properties":{},"geometry":{"type":"LineString","coordinates":[[-80.0270095,40.4443657],[-80.0277609,40.4447146],[-80.0285043,40.4450893],[-80.0293052,40.4455227],[-80.0300948,40.4460226],[-80.030862,40.4465375],[-80.0325132,40.4477598],[-80.0330122,40.4481332],[-80.0340858,40.4489336],[-80.0346196,40.4493301],[-80.0351653,40.4497378],[-80.0362231,40.450542],[-80.0370485,40.451198],[-80.0375666,40.4516282],[-80.0381024,40.4520849],[-80.0389357,40.4528258],[-80.0397839,40.4536202],[-80.041251,40.4551232],[-80.0416019,40.4554579],[-80.0420389,40.455825],[-80.0428386,40.4564335],[-80.0436918,40.4570759],[-80.0451123,40.4581448],[-80.0460742,40.4588691],[-80.0469046,40.4594957],[-80.0474068,40.4598545],[-80.0478922,40.4601689],[-80.0491418,40.4608947],[-80.0497062,40.4612219],[-80.0501748,40.461522],[-80.0506563,40.4618747],[-80.0508728,40.4620523],[-80.0510823,40.4622365]]}},{"type":"Feature","id":null,"properties":{},"geometry":{"type":"LineString","coordinates":[[-80.0511733,40.4623753],[-80.0507803,40.4620216],[-80.0503431,40.461691],[-80.0498228,40.46134],[-80.0488492,40.4607706],[-80.0479265,40.46024],[-80.0470199,40.4596298],[-80.0453945,40.4584094],[-80.0443591,40.4576298],[-80.0432541,40.4567931],[-80.0424762,40.4562114],[-80.0418566,40.4557318],[-80.0414838,40.4554073],[-80.0406336,40.4545481],[-80.0398074,40.4537011],[-80.0390135,40.4529541],[-80.0381391,40.4521724],[-80.0373908,40.4515356],[-80.0361945,40.4505701],[-80.0346039,40.44937],[-80.033456,40.4485168],[-80.0325789,40.4478616],[-80.0315623,40.4471023],[-80.0305404,40.4463675],[-80.0290813,40.445453],[-80.0280969,40.4449223],[-80.0274424,40.4446059],[-80.0269847,40.4444015]]}},{"type":"Feature","id":null,"properties":{},"geometry":{"type":"LineString","coordinates":[[-80.0926948,40.4520965],[-80.0927082,40.4524201],[-80.0927205,40.4526626],[-80.0927299,40.4527931],[-80.0927463,40.4530218],[-80.092772,40.4534398],[-80.0927739,40.4534746],[-80.092799,40.4539243],[-80.092827,40.4541172],[-80.0928946,40.4544988],[-80.0929412,40.4547716],[-80.0929708,40.4549526]]}},{"type":"Feature","id":null,"properties":{},"geometry":{"type":"LineString","coordinates":[[-80.0411165,40.4535557],[-80.0411969,40.4536448]]}},{"type":"Feature","id":null,"properties":{},"geometry":{"type":"LineString","coordinates":[[-80.0410777,40.4535791],[-80.041158,40.4536743]]}},{"type":"Feature","id":null,"properties":{},"geometry":{"type":"LineString","coordinates":[[-80.0927739,40.4534746],[-80.0927881,40.4535803],[-80.0928046,40.4536877],[-80.092834,40.4538131],[-80.0929294,40.454277],[-80.0929812,40.4545617],[-80.0930188,40.4547883],[-80.0930376,40.4549191],[-80.0930508,40.4550556],[-80.0930539,40.4551847],[-80.0930386,40.4553445],[-80.0930247,40.4555514]]}},{"type":"Feature","id":null,"properties":{},"geometry":{"type":"LineString","coordinates":[[-80.0925106,40.4512934],[-80.0925832,40.4515523],[-80.0926433,40.4517744],[-80.0926948,40.4520965],[-80.0927034,40.4522316],[-80.0927291,40.4523818],[-80.0927634,40.4525255],[-80.0928235,40.4526692],[-80.092875,40.4528194],[-80.0929179,40.4529892],[-80.093081,40.4538578],[-80.093184,40.4544064],[-80.0932441,40.4547918],[-80.0932784,40.4550661],[-80.093287,40.4553012],[-80.0932784,40.4554383],[-80.0932613,40.4556147],[-80.0932269,40.4558106],[-80.0931926,40.4559739],[-80.0931239,40.4561502],[-80.0930209,40.4563657],[-80.0929179,40.4565551],[-80.0928064,40.4567249],[-80.092669,40.4569013],[-80.0925574,40.4570449],[-80.092463,40.4571429],[-80.0923343,40.4572735],[-80.0921798,40.4574107],[-80.0920253,40.4575347],[-80.0918708,40.4576523],[-80.0917249,40.4577437],[-80.0915618,40.4578352],[-80.0913816,40.4579266],[-80.0911842,40.458018],[-80.0909867,40.4580964],[-80.090755,40.4581813],[-80.0905233,40.4582531],[-80.0902229,40.4583315],[-80.0898624,40.4584099],[-80.0894246,40.4584882]]}},{"type":"Feature","id":null,"properties":{},"geometry":{"type":"LineString","coordinates":[[-80.0929732,40.4555343],[-80.0929951,40.4552811],[-80.0929708,40.4549526]]}},{"type":"Feature","id":null,"properties":{},"geometry":{"type":"LineString","coordinates":[[-80.041158,40.4536743],[-80.041237,40.4537754],[-80.0413845,40.453999],[-80.0415391,40.4542509],[-80.0417136,40.4545035],[-80.0419194,40.454758],[-80.042351,40.455153],[-80.0427182,40.4554514],[-80.0432324,40.4558374],[-80.0436664,40.4561377],[-80.0442114,40.4564713],[-80.0446064,40.4567005],[-80.04508,40.456977],[-80.0453413,40.4571251]]}},{"type":"Feature","id":null,"properties":{},"geometry":{"type":"LineString","coordinates":[[-80.089045,40.4584806],[-80.0896227,40.4583882],[-80.0900018,40.4583183],[-80.0902562,40.4582658],[-80.0905992,40.4581722],[-80.0908471,40.4580922],[-80.0911359,40.4579799],[-80.091364,40.45787],[-80.0916348,40.4577214],[-80.0918547,40.4575765],[-80.0920451,40.4574341],[-80.0922355,40.4572743],[-80.0924948,40.4570096],[-80.0926622,40.4568035],[-80.0927968,40.4566012],[-80.0929527,40.4563152],[-80.0930758,40.456023],[-80.0931496,40.4557396],[-80.0931857,40.4554811],[-80.0931972,40.4553412],[-80.0931939,40.4550565],[-80.0931628,40.454783],[-80.0931201,40.4545282],[-80.0930069,40.45395],[-80.0928165,40.4529809],[-80.0927459,40.4526487],[-80.0927082,40.4524201]]}},{"type":"Feature","id":null,"properties":{},"geometry":{"type":"LineString","coordinates":[[-80.0899925,40.4582744],[-80.0901843,40.4582323],[-80.090362,40.4581902],[-80.0905645,40.4581338],[-80.0907351,40.4580792],[-80.0909046,40.4580165],[-80.0910717,40.4579485],[-80.0912459,40.4578688],[-80.0914253,40.4577774],[-80.0916019,40.4576789],[-80.0917643,40.4575733],[-80.0919279,40.4574586],[-80.0920961,40.4573252],[-80.0922327,40.4572016],[-80.0923633,40.4570736],[-80.0924986,40.456924],[-80.0926116,40.4567826],[-80.0927164,40.4566312],[-80.0928123,40.4564727],[-80.0928958,40.4563151],[-80.0929653,40.4561584],[-80.0930047,40.4560241],[-80.0930612,40.4558369],[-80.0930953,40.4556919],[-80.0931277,40.4554868],[-80.0931436,40.4552826],[-80.0931447,40.455134],[-80.0931377,40.4549638],[-80.0931165,40.4547928],[-80.0930883,40.4546137],[-80.0928705,40.45354],[-80.0927764,40.4530707],[-80.0927475,40.4529185],[-80.0927299,40.4527931]]}},{"type":"Feature","id":null,"properties":{},"geometry":{"type":"LineString","coordinates":[[-80.0411969,40.4536448],[-80.0412747,40.4537533],[-80.0413786,40.4538979],[-80.0416404,40.4543223],[-80.0417492,40.4544672],[-80.0419738,40.4547347],[-80.0421837,40.454953],[-80.0423864,40.4551312],[-80.0427564,40.4554233],[-80.0432695,40.4558084],[-80.0436937,40.4561051],[-80.0442907,40.4564644],[-80.0450196,40.4568931],[-80.045606,40.4572269],[-80.0462078,40.457576],[-80.0463542,40.4576616]]}},{"type":"Feature","id":null,"properties":{},"geometry":{"type":"LineString","coordinates":[[-80.0796833,40.4618727],[-80.0797445,40.4618022],[-80.0800161,40.4614926],[-80.0802837,40.4611853],[-80.0804421,40.4610091],[-80.0806184,40.4608131],[-80.0807986,40.4606433],[-80.080936,40.4605192],[-80.0811334,40.460369],[-80.0813928,40.4601878],[-80.0816357,40.4600425],[-80.0818838,40.4599071],[-80.0821456,40.4597753],[-80.0824163,40.4596592],[-80.0826561,40.4595643],[-80.082904,40.4594745],[-80.0832435,40.4593681],[-80.083593,40.4592682],[-80.0840136,40.4591595],[-80.0846353,40.4590107],[-80.0853142,40.4588625],[-80.08643,40.4586561],[-80.0876801,40.458448],[-80.0890598,40.4582184],[-80.0895705,40.458129],[-80.0899105,40.4580601],[-80.0902236,40.457988],[-80.0905056,40.4579102],[-80.0907472,40.4578286],[-80.0909614,40.4577417],[-80.091156,40.4576494],[-80.0913417,40.4575562],[-80.0915184,40.4574488],[-80.0916932,40.4573288],[-80.0918493,40.4572083],[-80.0919995,40.4570783],[-80.0921638,40.4569159],[-80.0922914,40.4567675],[-80.0924115,40.4566062],[-80.0925059,40.4564572],[-80.0926044,40.4562664],[-80.092671,40.4561047],[-80.0927201,40.4559504],[-80.0927549,40.4558054],[-80.0927723,40.4557008],[-80.0927806,40.4556016],[-80.0927939,40.455395],[-80.09279,40.4552193],[-80.0927617,40.4548098],[-80.0927346,40.4543996],[-80.0927169,40.4541498],[-80.0926714,40.4535164],[-80.0926452,40.4531459],[-80.0926175,40.4527686],[-80.0925911,40.4522815],[-80.0925672,40.4519958],[-80.0925463,40.4517946],[-80.0925091,40.4515669],[-80.092472,40.4513305],[-80.0924316,40.4511097]]}},{"type":"Feature","id":null,"properties":{},"geometry":{"type":"LineString","coordinates":[[-80.0924794,40.4510974],[-80.0925106,40.4512934],[-80.0925403,40.4514805],[-80.0925746,40.4517025],[-80.0926175,40.4521467],[-80.0926776,40.45295],[-80.0927119,40.4533745],[-80.0927377,40.4538121],[-80.0927779,40.4541666],[-80.0928093,40.4544704],[-80.0928378,40.4547659],[-80.0928721,40.4552028],[-80.0928776,40.455374],[-80.0928725,40.4554907],[-80.0928462,40.4556228],[-80.0928099,40.4558303],[-80.0927463,40.4560261],[-80.0926776,40.4562155],[-80.0925918,40.4563984],[-80.0924802,40.4565812],[-80.0923343,40.4567902],[-80.0921798,40.45696],[-80.0920339,40.4571037],[-80.091888,40.4572278],[-80.0917335,40.4573453],[-80.0915446,40.457476],[-80.0913472,40.4576],[-80.0911155,40.4577111],[-80.090858,40.4578286],[-80.090652,40.457907],[-80.0904738,40.4579568],[-80.0902408,40.4580212],[-80.0900071,40.4580779],[-80.0897745,40.4581272],[-80.0894485,40.4581878],[-80.0876927,40.4584823],[-80.0872284,40.4585606],[-80.086281,40.4587189],[-80.0859703,40.458775],[-80.0856223,40.4588409],[-80.0850273,40.4589619],[-80.0844668,40.4590883],[-80.0840299,40.4591921],[-80.0836093,40.4593035],[-80.0832609,40.4594002],[-80.0829303,40.4595085],[-80.0826784,40.4595975],[-80.0824408,40.4596903],[-80.0821713,40.4598065],[-80.0819006,40.459935],[-80.081661,40.4600667],[-80.0814157,40.4602202],[-80.0811851,40.4603819],[-80.0809789,40.4605453],[-80.0807964,40.4607066],[-80.0806356,40.4608653],[-80.0804792,40.461035],[-80.0800572,40.4615129],[-80.0797668,40.4618454],[-80.0793613,40.4623076]]}},{"type":"Feature","id":null,"properties":{},"geometry":{"type":"LineString","coordinates":[[-80.04508,40.456977],[-80.0442907,40.4564644]]}},{"type":"Feature","id":null,"properties":{},"geometry":{"type":"LineString","coordinates":[[-80.0453413,40.4571251],[-80.0462078,40.457576]]}},{"type":"Feature","id":null,"properties":{},"geometry":{"type":"LineString","coordinates":[[-80.0453413,40.4571251],[-80.0461756,40.4576081],[-80.0468955,40.4580382],[-80.047104,40.4581917],[-80.0472628,40.4583387],[-80.0473809,40.4585107],[-80.047469,40.4587013],[-80.0475182,40.4588786],[-80.0475278,40.4590128],[-80.0474997,40.4592781],[-80.0474524,40.4594077],[-80.0474132,40.4594936],[-80.0473795,40.4595599]]}},{"type":"Feature","id":null,"properties":{},"geometry":{"type":"LineString","coordinates":[[-80.0890689,40.4584379],[-80.0895977,40.4583529],[-80.0899925,40.4582744]]}},{"type":"Feature","id":null,"properties":{},"geometry":{"type":"LineString","coordinates":[[-80.0894246,40.4584882],[-80.0890579,40.4585527]]}},{"type":"Feature","id":null,"properties":{},"geometry":{"type":"LineString","coordinates":[[-80.0930247,40.4555514],[-80.0929565,40.4558666],[-80.0928857,40.4560724],[-80.0927827,40.4562978],[-80.0926378,40.4565452],[-80.0925529,40.4566661],[-80.092267,40.4570267],[-80.09194,40.4573143],[-80.091701,40.4574946],[-80.0914053,40.4576809],[-80.0911194,40.4578284],[-80.0907453,40.4579759],[-80.0904359,40.4580817],[-80.0898405,40.4582263],[-80.0893568,40.4583261],[-80.0883893,40.4584945],[-80.0873964,40.4586569],[-80.085863,40.4589147],[-80.0854341,40.4590011],[-80.0845744,40.4591874],[-80.0840573,40.459317],[-80.0833484,40.4595092],[-80.0828647,40.4596657],[-80.082612,40.459764],[-80.0821244,40.4599861],[-80.0816387,40.4602602],[-80.081296,40.4604882],[-80.0809826,40.4607324],[-80.0805058,40.4611606],[-80.0800729,40.4615561]]}},{"type":"Feature","id":null,"properties":{},"geometry":{"type":"LineString","coordinates":[[-80.0161838,40.4546931],[-80.0170271,40.4550869]]}},{"type":"Feature","id":null,"properties":{},"geometry":{"type":"LineString","coordinates":[[-80.0174818,40.4554062],[-80.0171265,40.4552103],[-80.0169736,40.4551164],[-80.0166824,40.454946]]}},{"type":"Feature","id":null,"properties":{},"geometry":{"type":"LineString","coordinates":[[-80.0179826,40.455522],[-80.0171527,40.4551491]]}},{"type":"Feature","id":null,"properties":{},"geometry":{"type":"LineString","coordinates":[[-80.0305241,40.4615072],[-80.0301767,40.4612879],[-80.0299863,40.4611705],[-80.0297878,40.4610644],[-80.0293345,40.4608154],[-80.0290207,40.4606491],[-80.0287565,40.4605256],[-80.0285335,40.4604256],[-80.0283461,40.460343],[-80.0279425,40.4601869],[-80.0276379,40.4600745],[-80.0270359,40.4598726],[-80.0264096,40.4596614],[-80.0257699,40.459442],[-80.0251932,40.4592491],[-80.0250752,40.4592114],[-80.0249411,40.4591624],[-80.0248029,40.4591104],[-80.0244757,40.4589716],[-80.0238628,40.4586849],[-80.0232754,40.4583991],[-80.0226491,40.4580797],[-80.0220014,40.4577471],[-80.0214716,40.4574767],[-80.0210693,40.4572654],[-80.0202913,40.4568725],[-80.0200796,40.4567624],[-80.019579,40.4565132],[-80.0191757,40.4563124],[-80.0189718,40.4562134],[-80.0186835,40.4560327],[-80.0184479,40.4558816]]}},{"type":"Feature","id":null,"properties":{},"geometry":{"type":"LineString","coordinates":[[-80.0311909,40.4618987],[-80.0309613,40.4617776],[-80.0308419,40.4617103],[-80.0304503,40.4615124],[-80.0302451,40.4614307],[-80.0300078,40.4613379],[-80.0296135,40.4611399],[-80.0294284,40.4610471],[-80.0291594,40.4609039],[-80.0286278,40.4606542],[-80.0281691,40.4604532],[-80.027626,40.4602491],[-80.0269313,40.4600001],[-80.0262594,40.4597706],[-80.0253903,40.4594736],[-80.0252187,40.4594124],[-80.0250122,40.4593216],[-80.0247491,40.45919],[-80.0246675,40.4591491],[-80.0243818,40.4590022],[-80.0243265,40.4589728],[-80.0239218,40.4587573],[-80.0233827,40.4584971],[-80.0228583,40.4582318],[-80.0224413,40.4580144],[-80.0216446,40.4576103],[-80.0210774,40.4573144],[-80.0202566,40.4568991],[-80.0195557,40.4565399],[-80.0193446,40.4564317],[-80.0192304,40.4563683],[-80.0189718,40.4562134]]}},{"type":"Feature","id":null,"properties":{},"geometry":{"type":"LineString","coordinates":[[-80.0253608,40.4593451],[-80.0251436,40.4592716],[-80.0248727,40.4591859],[-80.0246662,40.4591207],[-80.0246165,40.459094],[-80.0243265,40.4589728]]}},{"type":"Feature","id":null,"properties":{},"geometry":{"type":"LineString","coordinates":[[-80.0179233,40.4556194],[-80.0182115,40.455759],[-80.0184479,40.4558816],[-80.019122,40.4562328],[-80.0196057,40.4564791],[-80.0202606,40.4568124],[-80.0211069,40.457241],[-80.0217506,40.4575716],[-80.0222495,40.4578236],[-80.0227685,40.4580808],[-80.0231936,40.4582889],[-80.0235959,40.4584818],[-80.024072,40.4587002],[-80.024759,40.4590195],[-80.0249548,40.4591072],[-80.0251181,40.4591736],[-80.0254105,40.4592787],[-80.0258627,40.4594297],[-80.0264364,40.4596297],[-80.0271166,40.4598583],[-80.0277241,40.4600664],[-80.0282136,40.460244],[-80.028377,40.4603144],[-80.0287766,40.4604879],[-80.0290757,40.4606307],[-80.0293734,40.4607889],[-80.0295357,40.4608828],[-80.0300265,40.4611532],[-80.0303256,40.4613338],[-80.0309103,40.4617113],[-80.0311909,40.4618987],[-80.0312724,40.4619531],[-80.0316506,40.4622246],[-80.0317391,40.4623021],[-80.0318464,40.462396],[-80.0319953,40.4625266],[-80.0321281,40.4626694],[-80.032226,40.4627949],[-80.0323214,40.4629434],[-80.0323735,40.4630245],[-80.0324405,40.4631194],[-80.0325143,40.4632092]]}},{"type":"Feature","id":null,"properties":{},"geometry":{"type":"LineString","coordinates":[[-80.0300681,40.4612613],[-80.0297999,40.4611093],[-80.02936,40.4608685],[-80.0289309,40.460645],[-80.0287149,40.460544],[-80.0282858,40.4603603],[-80.0280645,40.4602716],[-80.0277346,40.4601532],[-80.0274583,40.4600552],[-80.0270681,40.4599236],[-80.0264968,40.4597318],[-80.0262151,40.4596328],[-80.0253608,40.4593451]]}},{"type":"Feature","id":null,"properties":{},"geometry":{"type":"LineString","coordinates":[[-80.0304503,40.4615124],[-80.0301741,40.4613715],[-80.0296135,40.461093],[-80.0290489,40.4608042],[-80.0288799,40.4607185],[-80.0286398,40.4606134],[-80.0283442,40.4604889],[-80.0281101,40.460394],[-80.0279559,40.4603348],[-80.0275978,40.4602001],[-80.0273443,40.4601083],[-80.0269393,40.4599685],[-80.0262822,40.459743],[-80.0255204,40.4594746],[-80.0251865,40.4593573],[-80.02498,40.4592828],[-80.0247491,40.45919]]}},{"type":"Feature","id":null,"properties":{},"geometry":{"type":"LineString","coordinates":[[-80.0246662,40.4591207],[-80.0249746,40.459243],[-80.025503,40.4594287],[-80.0263881,40.4597338],[-80.0269259,40.4599185],[-80.0275951,40.4601593],[-80.0280176,40.4603195],[-80.0284963,40.4605175],[-80.0288558,40.4606695],[-80.0290569,40.4607675],[-80.0293305,40.4609093],[-80.029698,40.461096],[-80.0299608,40.4612073],[-80.0300681,40.4612613],[-80.0305241,40.4615072],[-80.0308419,40.4617103]]}},{"type":"Feature","id":null,"properties":{},"geometry":{"type":"LineString","coordinates":[[-80.0495615,40.4594751],[-80.0481075,40.4585893],[-80.0471579,40.4580595],[-80.0469757,40.4579578],[-80.0463542,40.4576616]]}},{"type":"Feature","id":null,"properties":{},"geometry":{"type":"LineString","coordinates":[[-80.0463542,40.4576616],[-80.0469322,40.4580008],[-80.0471434,40.458159],[-80.0473077,40.4583158],[-80.047439,40.4584913],[-80.0475263,40.4586838],[-80.047577,40.4588727],[-80.0475929,40.4590065],[-80.0475469,40.4592863],[-80.0475009,40.4594126],[-80.0474602,40.4595046],[-80.0474221,40.4595868]]}},{"type":"Feature","id":null,"properties":{},"geometry":{"type":"LineString","coordinates":[[-80.0929732,40.4555343],[-80.0929471,40.4557019],[-80.0929017,40.4558586],[-80.0928107,40.4560724],[-80.0927205,40.4562684],[-80.0926335,40.4564344],[-80.0925344,40.4565879],[-80.0924189,40.4567539],[-80.0922965,40.4569007],[-80.0921712,40.4570319],[-80.0920253,40.4571625],[-80.0918536,40.4573062],[-80.091682,40.4574368],[-80.0915017,40.4575609],[-80.0912957,40.4576719],[-80.0911069,40.4577633],[-80.0909009,40.4578547],[-80.0907387,40.4579194],[-80.0904921,40.4579978],[-80.0902604,40.458064],[-80.0899901,40.4581311],[-80.0896988,40.4582002],[-80.0893701,40.4582662],[-80.0891263,40.4583129],[-80.0888545,40.4583622],[-80.0883035,40.458454],[-80.0873222,40.4586174],[-80.0864206,40.458769],[-80.0861848,40.4588075],[-80.0859311,40.4588529],[-80.0854613,40.4589402],[-80.0850661,40.4590239],[-80.084667,40.4591127],[-80.0843628,40.459186],[-80.0837083,40.4593503],[-80.0831453,40.4595142],[-80.0828739,40.4596036],[-80.0826164,40.459697],[-80.0822749,40.4598401],[-80.081962,40.4599911],[-80.081704,40.4601309],[-80.0814595,40.4602841],[-80.0812482,40.4604324],[-80.081039,40.4605976],[-80.0807845,40.4608178],[-80.0805783,40.4610159],[-80.0803832,40.4612239],[-80.0802396,40.4613837],[-80.0800729,40.4615561],[-80.079939,40.4616727],[-80.0798536,40.461754],[-80.0797668,40.4618454]]}},{"type":"Feature","id":null,"properties":{},"geometry":{"type":"LineString","coordinates":[[-80.0470842,40.45994],[-80.0472481,40.4598002],[-80.0472996,40.4597456],[-80.0473665,40.4596666],[-80.0474221,40.4595868]]}},{"type":"Feature","id":null,"properties":{},"geometry":{"type":"LineString","coordinates":[[-80.079311,40.4623772],[-80.079172,40.4625344],[-80.0790618,40.4626492],[-80.0789462,40.4627609],[-80.0788215,40.4628604],[-80.0786949,40.4629379],[-80.0785698,40.4630156],[-80.0784134,40.4630988],[-80.0782657,40.4631645],[-80.0780914,40.4632289],[-80.0779319,40.463275],[-80.0777765,40.4633118],[-80.0775817,40.4633419],[-80.0773953,40.4633585],[-80.0771863,40.4633634],[-80.0769277,40.4633469],[-80.0766702,40.4633077],[-80.0764728,40.463262],[-80.0762754,40.4631967],[-80.0760694,40.4631183],[-80.0759063,40.4630334],[-80.0757518,40.462942],[-80.0755716,40.4628244],[-80.0754171,40.4627069],[-80.0751681,40.4625045],[-80.0747991,40.4622106],[-80.0745416,40.4620212],[-80.0743098,40.4618645],[-80.0741038,40.4617404],[-80.0739494,40.461649],[-80.0738034,40.4615706],[-80.0736318,40.4614923],[-80.0734258,40.4614139],[-80.0732026,40.461329],[-80.0729795,40.4612572],[-80.0725331,40.4611266],[-80.0704045,40.4605845],[-80.0701606,40.4605281],[-80.0699032,40.4604873],[-80.0695223,40.4604424],[-80.0692004,40.4604464],[-80.0687713,40.4605036],[-80.0656492,40.4610587],[-80.0648821,40.4612342],[-80.0635141,40.4615648],[-80.0630152,40.4616872],[-80.0627256,40.4617444],[-80.0623232,40.4617811],[-80.0618833,40.4617729],[-80.0615347,40.461728],[-80.0611739,40.4616372],[-80.0607249,40.4615022],[-80.0585145,40.460826],[-80.0580478,40.4607036],[-80.0576562,40.4606342],[-80.057168,40.4605852],[-80.0567925,40.4605811],[-80.0564975,40.4605934],[-80.0560951,40.4606424],[-80.0555641,40.4607526],[-80.054974,40.4609117],[-80.0539118,40.4612546],[-80.0535953,40.4613362],[-80.053252,40.4613852],[-80.0529784,40.4613852],[-80.0526887,40.4613525],[-80.0523025,40.4612587],[-80.0520289,40.4611321],[-80.0517339,40.4609526],[-80.0509614,40.4604179],[-80.0499315,40.4597077],[-80.0495615,40.4594751]]}},{"type":"Feature","id":null,"properties":{},"geometry":{"type":"LineString","coordinates":[[-80.0499315,40.4597077],[-80.0503391,40.4599444],[-80.0507307,40.4601975],[-80.0517017,40.460875],[-80.0519967,40.4610628],[-80.0522489,40.4611893],[-80.0525868,40.4612954],[-80.0528389,40.4613362],[-80.0531876,40.4613444],[-80.0534666,40.4613117],[-80.0538743,40.4612219],[-80.0551188,40.460826],[-80.0555962,40.4606954],[-80.0559986,40.4606097],[-80.0563526,40.4605566],[-80.0567442,40.4605362],[-80.0571519,40.4605362],[-80.0575221,40.4605689],[-80.0579673,40.4606342],[-80.0582892,40.4607036],[-80.061186,40.4615893],[-80.06154,40.461675],[-80.0618673,40.461724],[-80.0621998,40.4617403],[-80.0625324,40.461728],[-80.0628704,40.4616791],[-80.0642115,40.4613444],[-80.0656063,40.461026],[-80.0687444,40.4604546],[-80.0691843,40.4604097],[-80.0695706,40.4604056],[-80.0699675,40.4604505],[-80.0704217,40.4605453],[-80.0716491,40.4608588],[-80.0728164,40.4611592],[-80.0731511,40.4612637],[-80.0733915,40.4613486],[-80.0735974,40.461427],[-80.0737863,40.4615118],[-80.0739579,40.4615967],[-80.0741553,40.4617078],[-80.0743528,40.4618384],[-80.0745759,40.4619886],[-80.0748334,40.4621845],[-80.0752025,40.4624718],[-80.0755286,40.462733],[-80.0757604,40.4629028],[-80.0759664,40.4630269],[-80.0761552,40.4631183],[-80.076344,40.4631901],[-80.0765329,40.4632424],[-80.0766874,40.463275],[-80.0768676,40.4633011],[-80.0770393,40.4633142],[-80.0772977,40.4633221],[-80.0774756,40.4633121],[-80.0776363,40.4632925],[-80.0778041,40.4632621],[-80.0779758,40.4632201],[-80.0781393,40.463167],[-80.0783068,40.4631019],[-80.0784662,40.46302],[-80.0786014,40.462942],[-80.0787387,40.4628506],[-80.0788589,40.4627591],[-80.0789911,40.4626417],[-80.0790932,40.4625395],[-80.0791842,40.4624399],[-80.0793048,40.4623042],[-80.0796833,40.4618727]]}},{"type":"Feature","id":null,"properties":{},"geometry":{"type":"LineString","coordinates":[[-80.0565622,40.4624],[-80.0574289,40.4621134],[-80.0581005,40.4618855],[-80.0591169,40.4615472],[-80.0593574,40.4614695],[-80.0595231,40.4614229],[-80.0596955,40.4613936],[-80.0599587,40.4613746],[-80.0602332,40.4614005],[-80.0604601,40.4614385],[-80.0607249,40.4615022]]}},{"type":"Feature","id":null,"properties":{},"geometry":{"type":"LineString","coordinates":[[-80.0796833,40.4618727],[-80.0795259,40.4620853],[-80.0793613,40.4623076]]}},{"type":"Feature","id":null,"properties":{},"geometry":{"type":"LineString","coordinates":[[-80.079311,40.4623772],[-80.0793613,40.4623076]]}},{"type":"Feature","id":null,"properties":{},"geometry":{"type":"LineString","coordinates":[[-80.0392554,40.4653453],[-80.0400048,40.4648359],[-80.040567,40.4644491],[-80.0411836,40.4640163],[-80.0420657,40.4634101],[-80.0427129,40.4629633],[-80.0433491,40.4625268],[-80.0443679,40.4618215],[-80.0448983,40.4614598],[-80.0456735,40.4609261],[-80.0466343,40.4602583],[-80.0470842,40.45994]]}},{"type":"Feature","id":null,"properties":{},"geometry":{"type":"LineString","coordinates":[[-80.0347535,40.4656383],[-80.0346247,40.4655506],[-80.0344611,40.4654057],[-80.0343216,40.4652568],[-80.0340641,40.4649405],[-80.0334526,40.4641854],[-80.0326908,40.463259],[-80.0323126,40.4628141],[-80.0322059,40.4626923],[-80.0320847,40.4625651],[-80.031972,40.462457],[-80.0319333,40.4624237],[-80.0317655,40.4622794],[-80.0315723,40.4621325],[-80.030942,40.4616876],[-80.0303037,40.4612734],[-80.0298396,40.4609999],[-80.0293971,40.4607591],[-80.0290994,40.460604],[-80.0286729,40.4603979],[-80.0282571,40.4602162],[-80.0279406,40.4600979],[-80.0273881,40.4599081],[-80.0262079,40.4595081],[-80.0254918,40.4592673],[-80.0251806,40.459153],[-80.0248856,40.4590367],[-80.0246067,40.4589142],[-80.0240354,40.4586409],[-80.0232602,40.4582836],[-80.0218359,40.4575693],[-80.0203554,40.4568183],[-80.0196346,40.4564523],[-80.0188479,40.4560529],[-80.0182515,40.4557318],[-80.0177167,40.4554337]]}},{"type":"Feature","id":null,"properties":{},"geometry":{"type":"LineString","coordinates":[[-80.0319333,40.4624237],[-80.0317928,40.4622695],[-80.0317123,40.4621735],[-80.0316211,40.4620899],[-80.0315594,40.4620266],[-80.0314125,40.4619028]]}},{"type":"Feature","id":null,"properties":{},"geometry":{"type":"LineString","coordinates":[[-80.0347637,40.4652701],[-80.033909,40.4642581],[-80.0332412,40.463454],[-80.0329703,40.4631316],[-80.0328415,40.4629847],[-80.0327155,40.4628582],[-80.0326007,40.4627478],[-80.0322913,40.4625051],[-80.0319571,40.4622746],[-80.0319162,40.4622378],[-80.0317606,40.4621296],[-80.0314125,40.4619028],[-80.0313502,40.4618623],[-80.0310176,40.4616276],[-80.0309237,40.4615562],[-80.0308325,40.4614684],[-80.0306367,40.4613195],[-80.0304984,40.4612204]]}},{"type":"Feature","id":null,"properties":{},"geometry":{"type":"LineString","coordinates":[[-80.0343918,40.4649621],[-80.0336811,40.464107],[-80.0332117,40.4635724],[-80.0329032,40.4631724],[-80.0327879,40.4630316],[-80.0326404,40.4628622],[-80.0325085,40.4627355],[-80.0323399,40.4625867],[-80.0319571,40.4622746]]}},{"type":"Feature","id":null,"properties":{},"geometry":{"type":"LineString","coordinates":[[-80.0322913,40.4625051],[-80.0326002,40.4627069],[-80.0327745,40.4628194],[-80.0329542,40.4629561],[-80.0330222,40.4630207],[-80.0332559,40.4632389],[-80.0335148,40.4634704],[-80.0335872,40.4635459],[-80.0338822,40.4639091],[-80.0349646,40.4651835]]}},{"type":"Feature","id":null,"properties":{},"geometry":{"type":"LineString","coordinates":[[-80.034844,40.4652355],[-80.0345984,40.4649539],[-80.0338983,40.4641234],[-80.0332599,40.4633683],[-80.0330668,40.46315],[-80.0329569,40.4630214],[-80.0328415,40.4629071],[-80.0326002,40.4627069]]}},{"type":"Feature","id":null,"properties":{},"geometry":{"type":"LineString","coordinates":[[-80.0348038,40.4652528],[-80.0337079,40.4639418],[-80.0332841,40.46345],[-80.0329515,40.4630663],[-80.0328549,40.4629602],[-80.0326007,40.4627478]]}},{"type":"Feature","id":null,"properties":{},"geometry":{"type":"LineString","coordinates":[[-80.0348842,40.4652182],[-80.0346332,40.4649335],[-80.0333726,40.4634275],[-80.0332251,40.4632581],[-80.0330222,40.4630207]]}},{"type":"Feature","id":null,"properties":{},"geometry":{"type":"LineString","coordinates":[[-80.0349244,40.4652008],[-80.0346627,40.4649029],[-80.0335282,40.463552],[-80.0334397,40.4634459],[-80.0332559,40.4632389]]}},{"type":"Feature","id":null,"properties":{},"geometry":{"type":"LineString","coordinates":[[-80.0362107,40.4683542],[-80.0362126,40.4685584],[-80.0362743,40.4687849],[-80.0363306,40.4689502],[-80.0364164,40.4691216],[-80.0367812,40.4697501],[-80.0371916,40.4704459],[-80.0373176,40.4706479],[-80.0374062,40.4707724],[-80.0375108,40.470907]]}},{"type":"Feature","id":null,"properties":{},"geometry":{"type":"LineString","coordinates":[[-80.0749556,40.4636772],[-80.0753398,40.4636995],[-80.0756231,40.4637125],[-80.0759063,40.4637191],[-80.0761787,40.463717],[-80.0763069,40.4637128],[-80.0764722,40.463705],[-80.0765975,40.4636954],[-80.0767101,40.4636836],[-80.0768578,40.4636603],[-80.0769856,40.4636393],[-80.0771295,40.4636083],[-80.0772541,40.4635775],[-80.0774601,40.46352],[-80.0776341,40.4634649],[-80.0779579,40.4633521],[-80.0780849,40.4633017],[-80.0782908,40.4632175],[-80.0784387,40.4631512],[-80.0785896,40.4630744],[-80.0787288,40.46299],[-80.0788503,40.4628954],[-80.0789496,40.462804],[-80.0790744,40.4626799],[-80.0791642,40.4625651],[-80.0792579,40.4624405],[-80.079311,40.4623772]]}},{"type":"Feature","id":null,"properties":{},"geometry":{"type":"LineString","coordinates":[[-80.0779579,40.4633521],[-80.0777154,40.4634253],[-80.0775542,40.4634644],[-80.0772695,40.4635355],[-80.0771054,40.4635744],[-80.0769782,40.4635998],[-80.0768266,40.4636248],[-80.076693,40.4636448],[-80.0765808,40.463657],[-80.0764555,40.4636683],[-80.0763421,40.4636742],[-80.0761783,40.4636793],[-80.0759714,40.4636822],[-80.0757859,40.4636822],[-80.0755935,40.4636773],[-80.0754066,40.4636685],[-80.074935,40.4636439]]}},{"type":"Feature","id":null,"properties":{},"geometry":{"type":"LineString","coordinates":[[-80.0531796,40.4648154],[-80.0529485,40.4645093],[-80.0526953,40.4641663],[-80.0526387,40.4640896],[-80.0523623,40.4637162],[-80.0521435,40.4634207],[-80.0520152,40.4632493],[-80.0519129,40.4631199],[-80.0518042,40.4629852],[-80.0516882,40.462849],[-80.051576,40.4627225],[-80.0514669,40.4626095],[-80.0513513,40.4624898],[-80.0512323,40.4623746],[-80.0510823,40.4622365]]}},{"type":"Feature","id":null,"properties":{},"geometry":{"type":"LineString","coordinates":[[-80.0511733,40.4623753],[-80.0513051,40.4625033],[-80.0514241,40.4626252],[-80.0515613,40.4627712],[-80.0517611,40.4630004],[-80.0518352,40.4630937],[-80.0519729,40.4632673],[-80.0521013,40.4634362],[-80.0525949,40.4641031],[-80.0526562,40.4641856],[-80.0529018,40.4645161],[-80.0531377,40.4648329]]}},{"type":"Feature","id":null,"properties":{},"geometry":{"type":"LineString","coordinates":[[-80.074935,40.4636439],[-80.07480155462463,40.46363553399696]]}},{"type":"Feature","id":null,"properties":{},"geometry":{"type":"LineString","coordinates":[[-80.07486700140663,40.463671728050635],[-80.0749556,40.4636772]]}},{"type":"Feature","id":null,"properties":{},"geometry":{"type":"LineString","coordinates":[[-80.0473795,40.4595599],[-80.04728,40.4596991],[-80.0471989,40.4597836],[-80.0469878,40.4599672],[-80.0458136,40.4607711],[-80.0450199,40.4613313],[-80.0442864,40.4618308],[-80.0433305,40.4624916],[-80.0429717,40.4627399],[-80.0426156,40.4629869],[-80.0392083,40.4653344],[-80.0385808,40.4657622],[-80.0380752,40.4661134],[-80.0376705,40.4663983],[-80.037028,40.4668423],[-80.0369219,40.4669224],[-80.0366352,40.4672119],[-80.0365539,40.4673156],[-80.0364361,40.4675001],[-80.0363237,40.4677485],[-80.0362679,40.4679269],[-80.0362228,40.4681425],[-80.0362107,40.4683542]]}},{"type":"Feature","id":null,"properties":{},"geometry":{"type":"LineString","coordinates":[[-80.05330190412359,40.464980867539964],[-80.0531796,40.4648154]]}},{"type":"Feature","id":null,"properties":{},"geometry":{"type":"LineString","coordinates":[[-80.0531377,40.4648329],[-80.05325665136175,40.46499423632973]]}},{"type":"Feature","id":null,"properties":{},"geometry":{"type":"LineString","coordinates":[[-80.0392083,40.4653344],[-80.03894,40.4654901],[-80.0388141,40.4655499],[-80.0386863,40.4655992],[-80.0384898,40.4656567],[-80.0383074,40.4656989],[-80.0376874,40.4658191],[-80.0370435,40.4659326],[-80.03669,40.4660023],[-80.0365145,40.4660288],[-80.036354,40.4660469],[-80.0361241,40.4660524],[-80.0358424,40.466032],[-80.0357183,40.4660128],[-80.0355804,40.4659861],[-80.0354586,40.4659562],[-80.0353369,40.4659188],[-80.0351202,40.4658392],[-80.034968,40.4657666],[-80.0347535,40.4656383]]}},{"type":"Feature","id":null,"properties":{},"geometry":{"type":"LineString","coordinates":[[-80.037551,40.4708887],[-80.0373901,40.4706765],[-80.0372506,40.4704663],[-80.0370092,40.4700561],[-80.0366605,40.4694644],[-80.0364271,40.4690461],[-80.0363279,40.4688196],[-80.0362769,40.4686441],[-80.0362683,40.4684927]]}},{"type":"Feature","id":null,"properties":{},"geometry":{"type":"LineString","coordinates":[[-80.0143356,40.4536784],[-80.014996,40.4540107],[-80.0160182,40.45451],[-80.0174552,40.455255],[-80.0179826,40.455522],[-80.0187193,40.4559057],[-80.0196821,40.4563949],[-80.0204752,40.4567995],[-80.0222697,40.4576956],[-80.0233106,40.4582202],[-80.0236807,40.4583955],[-80.023994,40.4585485],[-80.0243062,40.4586856],[-80.0246643,40.458793],[-80.0253355,40.4590201],[-80.0264718,40.4593808],[-80.0270302,40.4595686],[-80.0276441,40.4597638],[-80.0279907,40.4598945],[-80.0283182,40.4600221],[-80.0286578,40.4601766],[-80.0290502,40.4603506],[-80.0293435,40.4604927],[-80.0296886,40.4606751],[-80.0299769,40.460846],[-80.030308,40.4610473],[-80.031578,40.4619012],[-80.0323988,40.4624547],[-80.0328567,40.4627675],[-80.033273,40.4630861],[-80.0335856,40.4633342],[-80.0338308,40.4635477],[-80.0341305,40.4638362],[-80.0344643,40.4641835],[-80.0346602,40.464426],[-80.0349298,40.4647677],[-80.0351471,40.465072],[-80.0353213,40.4653514],[-80.0354804,40.4656142],[-80.0356533,40.4659534],[-80.0359421,40.4665648],[-80.0363028,40.4673572],[-80.0367962,40.4684203],[-80.0370096,40.4688816],[-80.0371573,40.469201],[-80.0377486,40.4704659],[-80.0380123,40.4709671],[-80.038189,40.471276],[-80.0383937,40.4716122],[-80.0384884,40.4717635],[-80.038612,40.4719506],[-80.0388316,40.4722653],[-80.0391471,40.4726929],[-80.0395124,40.4731555],[-80.0403216,40.4741349],[-80.0410961,40.4751139],[-80.0415718,40.4756903],[-80.0416824,40.4758305],[-80.0419319,40.4761194],[-80.0421831,40.4764025],[-80.0425215,40.4767625],[-80.0434123,40.4776887],[-80.0444722,40.4787634],[-80.0450826,40.4793697],[-80.0453652,40.479622],[-80.0456514,40.4798715],[-80.0458804,40.4800367],[-80.0460995,40.4801873],[-80.0463845,40.4803699],[-80.046711,40.4805705],[-80.0469162,40.4806981],[-80.0471381,40.4808288],[-80.0477669,40.4812362],[-80.0488578,40.4819927],[-80.0497239,40.4825829],[-80.0504237,40.4830636],[-80.0511156,40.4835275],[-80.05128530504224,40.483638373064444]]}},{"type":"Feature","id":null,"properties":{},"geometry":{"type":"LineString","coordinates":[[-80.05108940105926,40.48379037783919],[-80.050925,40.4836864],[-80.049498,40.4827398],[-80.0489911,40.4823929],[-80.047599,40.4814402],[-80.0468963,40.4809751],[-80.0461936,40.4804977],[-80.0455123,40.4799958],[-80.045236,40.4797734],[-80.0449168,40.4794959],[-80.0445172,40.4791001],[-80.0441175,40.4787074],[-80.0437742,40.4783545],[-80.0428649,40.4774231],[-80.0423231,40.4768885],[-80.0420227,40.4765764],[-80.0418055,40.4763417],[-80.0414562,40.4759482],[-80.0414487,40.4759398],[-80.0411108,40.4755236],[-80.0405663,40.4748625],[-80.0400792,40.4742604],[-80.0390484,40.4729996],[-80.0388446,40.4727324],[-80.0385788,40.4723937],[-80.0381603,40.471805],[-80.0381146,40.4717259],[-80.0380772,40.4716612],[-80.0379914,40.4714959],[-80.0377258,40.4710347],[-80.0374737,40.470594],[-80.0372752,40.4702083],[-80.0368541,40.4694615],[-80.0364697,40.4687717],[-80.0359743,40.4678862],[-80.0359008,40.4677421],[-80.0355593,40.4671531],[-80.0353887,40.4668883],[-80.0352008,40.4665877],[-80.034999,40.4663091],[-80.0346836,40.4659074],[-80.0344191,40.4655606],[-80.0333578,40.4643066],[-80.0324666,40.4632314],[-80.0322409,40.4629528],[-80.0320464,40.4627546],[-80.0317896,40.4624855],[-80.0315187,40.4622468],[-80.0311803,40.462016],[-80.0309182,40.4618607],[-80.0305759,40.4616767],[-80.0303981,40.4616021],[-80.0299283,40.4613995],[-80.0291309,40.4610912],[-80.0289901,40.4610367],[-80.0278974,40.460626],[-80.0265403,40.4601015],[-80.025739,40.4597926],[-80.0254326,40.4596723],[-80.025173,40.4595592],[-80.0249203,40.4594369],[-80.0246185,40.4592835],[-80.0243475,40.4591343],[-80.0237133,40.4587735],[-80.023159,40.4584756],[-80.0224061,40.4580865],[-80.0209463,40.4573302],[-80.0202258,40.4569675],[-80.0195031,40.4566018],[-80.018962,40.4563021],[-80.0188149,40.4562205],[-80.0186164,40.456093],[-80.0181309,40.4557868],[-80.018025,40.4557195],[-80.0177585,40.4555616],[-80.0174818,40.4554062],[-80.0166635,40.4549902],[-80.0153129,40.4542998],[-80.014822,40.4540423],[-80.0143535,40.4538107],[-80.0142812,40.4537739]]}},{"type":"Feature","id":null,"properties":{},"geometry":{"type":"LineString","coordinates":[[-80.0151595,40.4541291],[-80.0152516,40.4541738],[-80.0164125,40.4547712],[-80.0170271,40.4550869],[-80.0171527,40.4551491],[-80.0177167,40.4554337],[-80.0184474,40.4557943],[-80.0196581,40.4564214],[-80.020557,40.4568827],[-80.0210881,40.457148],[-80.022118,40.4576603],[-80.0231722,40.4581889],[-80.0236657,40.4584338],[-80.0239205,40.4585542],[-80.0241619,40.4586624],[-80.0243362,40.4587297],[-80.0246179,40.4588256],[-80.0250443,40.4589603],[-80.0255888,40.4591419],[-80.0259134,40.459244],[-80.0271713,40.4596542],[-80.0277078,40.4598338],[-80.0281584,40.4600011],[-80.0285178,40.460144],[-80.0288933,40.4603174],[-80.0291052,40.4604134],[-80.0293734,40.460548],[-80.0296014,40.4606664],[-80.0299742,40.4608848],[-80.0301727,40.4610052],[-80.0304984,40.4612204],[-80.03096,40.4615297],[-80.0316372,40.4619899],[-80.0321281,40.4623256],[-80.0323936,40.4625052],[-80.0325961,40.4626429],[-80.0329756,40.4629051],[-80.0332546,40.4631235],[-80.0334933,40.4633092],[-80.0336891,40.4634847],[-80.0337918,40.4635714],[-80.034019,40.4637888],[-80.034471,40.4642632],[-80.0347767,40.4646315],[-80.0350034,40.4649356],[-80.0351549,40.4651611],[-80.0352796,40.4653539],[-80.0353655,40.465509],[-80.0355506,40.4658478],[-80.0356042,40.4659539],[-80.0357909,40.4663466],[-80.0359532,40.4666986],[-80.0362882,40.4674159],[-80.036484,40.4678557],[-80.0366878,40.4682964],[-80.0369413,40.4688464],[-80.0369583,40.4688826],[-80.0370727,40.4691259],[-80.0376708,40.4704267],[-80.0377889,40.4706757],[-80.037872,40.4708481],[-80.0380584,40.471195],[-80.0381617,40.4713745],[-80.0382663,40.4715592],[-80.0383132,40.4716296],[-80.0384125,40.4717714],[-80.0385654,40.4719896],[-80.0389811,40.4725385],[-80.0391584,40.4727732],[-80.0397133,40.473471],[-80.0402695,40.4741619],[-80.0414675,40.4756439],[-80.0416459,40.4758522],[-80.0416633,40.4758725],[-80.0422775,40.4765682],[-80.0425323,40.4768334],[-80.0430473,40.4773782],[-80.0439821,40.4783269],[-80.0444273,40.4787809],[-80.0447613,40.4791206],[-80.0452119,40.479549],[-80.0456571,40.4799091],[-80.0459991,40.4801631],[-80.0462874,40.4803539],[-80.0465932,40.4805497],[-80.0470063,40.4807935],[-80.0471766,40.4808955],[-80.0473268,40.4809924],[-80.0477908,40.4812985],[-80.0483138,40.4816586],[-80.0488248,40.4820176],[-80.0490568,40.4821727],[-80.0491789,40.4822614],[-80.0495275,40.482497],[-80.0500398,40.48285],[-80.0501015,40.4828928],[-80.0504167,40.4831111],[-80.050866,40.4834151],[-80.05126066548281,40.48365756139391]]}},{"type":"Feature","id":null,"properties":{},"geometry":{"type":"LineString","coordinates":[[-80.05112505536582,40.48376394791748],[-80.050819,40.4835663],[-80.0502098,40.4831586],[-80.048977,40.4823242],[-80.0478286,40.4815559],[-80.0469644,40.4809656],[-80.0461005,40.4803732],[-80.0456539,40.4800546],[-80.0453743,40.4798358],[-80.0449787,40.4794984],[-80.0446198,40.4791576],[-80.0441551,40.4786865],[-80.0434398,40.4779499],[-80.0427804,40.477289],[-80.0424344,40.4769421],[-80.0421566,40.4766573],[-80.0418708,40.4763433],[-80.041648,40.4760983],[-80.0414958,40.4759243],[-80.0414308,40.4758499],[-80.0410831,40.475419],[-80.0404442,40.4746292],[-80.0401281,40.4742351],[-80.0398462,40.4738824],[-80.0394411,40.4733847],[-80.0391178,40.4729879],[-80.0388432,40.4726403],[-80.0386246,40.4723635],[-80.0383973,40.4720389],[-80.038234,40.4717883],[-80.03814,40.4716443],[-80.0378982,40.4711975],[-80.0374786,40.470462],[-80.03688,40.4693901],[-80.0364664,40.4686538],[-80.0360806,40.4679603],[-80.0359453,40.4677165],[-80.035602,40.4671378],[-80.0354312,40.4668726],[-80.0352428,40.4665713],[-80.03504,40.4662912],[-80.0347243,40.4658892],[-80.0344594,40.4655419],[-80.0333973,40.4642869],[-80.0327463,40.4634898],[-80.0325143,40.4632092],[-80.0320006,40.4626358],[-80.0315299,40.4622164],[-80.0311893,40.4619736],[-80.0307427,40.4617185],[-80.0303055,40.4615164],[-80.0297302,40.4612797],[-80.0291521,40.4610584],[-80.0255218,40.4596685],[-80.0252133,40.4595348],[-80.0247587,40.4593134],[-80.0237743,40.4587604],[-80.0234565,40.4586012],[-80.0232902,40.4585032],[-80.0226759,40.4581818],[-80.0219987,40.4578308],[-80.021304,40.4574705],[-80.0210398,40.4573359],[-80.0202589,40.4569438],[-80.0197061,40.4566627],[-80.0195245,40.456572],[-80.0191728,40.4563832],[-80.0189699,40.4562615],[-80.0185763,40.456023],[-80.0182803,40.4558384],[-80.0181237,40.4557383],[-80.0179233,40.4556194],[-80.0177883,40.4555373],[-80.0175858,40.4554216],[-80.0174035,40.4553246],[-80.0166824,40.454946],[-80.0164593,40.4548328],[-80.0161838,40.4546931]]}},{"type":"Feature","id":null,"properties":{},"geometry":{"type":"LineString","coordinates":[[-80.0362683,40.4684927],[-80.0362578,40.468334],[-80.0362766,40.4681143],[-80.0363175,40.4679346],[-80.0363637,40.4677717],[-80.0364674,40.4675198],[-80.0365827,40.4673382],[-80.0367704,40.4671167],[-80.0369073,40.4669846],[-80.0370067,40.4668995],[-80.0371218,40.4668138],[-80.0376997,40.4664205],[-80.0386012,40.4657939],[-80.0390905,40.4654573],[-80.0392554,40.4653453]]}},{"type":"Feature","id":null,"properties":{},"geometry":{"type":"LineString","coordinates":[[-80.0402219,40.4741865],[-80.0393856,40.4731392],[-80.038581,40.4721272],[-80.0382457,40.4716722],[-80.038133,40.4715171],[-80.0380257,40.4713886],[-80.037787,40.471158],[-80.0376824,40.4710437],[-80.037551,40.4708887]]}},{"type":"Feature","id":null,"properties":{},"geometry":{"type":"LineString","coordinates":[[-80.0375108,40.470907],[-80.0376771,40.4711009],[-80.0378487,40.4712661],[-80.038015,40.4714457],[-80.0381411,40.4716089],[-80.0385273,40.4721517],[-80.0401856,40.4742053]]}},{"type":"Feature","id":null,"properties":{},"geometry":{"type":"LineString","coordinates":[[-80.0401856,40.4742053],[-80.0404666,40.4745553],[-80.0409842,40.4752],[-80.0415487,40.4758994],[-80.0416199,40.4759876],[-80.0418908,40.4762916],[-80.0421644,40.4765915],[-80.0425399,40.476973],[-80.0430147,40.4774586],[-80.0437952,40.4782604],[-80.0442377,40.4787133],[-80.0449378,40.4793988],[-80.0451846,40.4796233],[-80.0454447,40.4798456],[-80.0457612,40.4800925],[-80.0461636,40.4803639],[-80.046979,40.4808841],[-80.0475556,40.4812758],[-80.0480787,40.4816389],[-80.0484944,40.4819266],[-80.0492079,40.4824162],[-80.0498114,40.4828324],[-80.0503827,40.48322],[-80.0509218,40.4835832],[-80.05115672597405,40.48373904453323]]}},{"type":"Feature","id":null,"properties":{},"geometry":{"type":"LineString","coordinates":[[-80.05122318156859,40.48368678885205],[-80.0508923,40.4834771],[-80.0502647,40.4830507],[-80.0494761,40.4825039],[-80.0482047,40.4816287],[-80.047569,40.4811922],[-80.0472445,40.4809779],[-80.046987,40.4808208],[-80.046464,40.4805067],[-80.0461636,40.4803169],[-80.0458766,40.4801231],[-80.0455976,40.4799109],[-80.0453294,40.4796947],[-80.0451041,40.479507],[-80.0449029,40.4793152],[-80.0445274,40.4789398],[-80.0437764,40.4781768],[-80.0427169,40.4770913],[-80.0421698,40.4765262],[-80.0417647,40.4760794],[-80.0415872,40.4758823],[-80.041231,40.4754306],[-80.0402219,40.4741865]]}}]}