{"type":"FeatureCollection","features":[{"type":"Feature","id":null,"properties":{},"geometry":{"type":"LineString","coordinates":[[-79.9408995,40.3748686],[-79.9406661,40.3749324],[-79.940481,40.3749999],[-79.9403174,40.3750877],[-79.9401753,40.3751889],[-79.9394377,40.3758591],[-79.9388623,40.3763955],[-79.938692,40.3765436],[-79.9385217,40.3766703],[-79.9383433,40.3767929],[-79.9381864,40.376894],[-79.9379906,40.3770667],[-79.9378578,40.3772486],[-79.9377546,40.3774539],[-79.9376809,40.3776624],[-79.9375869,40.3779525],[-79.9373791,40.3785348],[-79.9373133,40.3786891],[-79.9372208,40.3788086],[-79.9370746,40.3789373],[-79.9368292,40.3790844],[-79.9365677,40.3792254],[-79.9363129,40.3794083],[-79.9359803,40.3796719],[-79.9357148,40.3798343],[-79.9355431,40.3799262],[-79.9353983,40.3800146],[-79.9352977,40.3800943],[-79.9352159,40.3802133],[-79.9351052,40.3804054],[-79.9350234,40.3805193],[-79.9348015,40.3807895],[-79.9344085,40.3813074],[-79.9342194,40.3815986],[-79.9340652,40.3818632],[-79.9339458,40.3820798],[-79.93386,40.3822126],[-79.9337366,40.3823913],[-79.9336186,40.3825783],[-79.9335596,40.3827366],[-79.9335395,40.3829123],[-79.9335301,40.3831616],[-79.9334872,40.3833853],[-79.9334188,40.3835661],[-79.9333142,40.3838409],[-79.9331144,40.3842434],[-79.9330258,40.3844579],[-79.9329717,40.3845856],[-79.9328806,40.3849247],[-79.9327402,40.3854703],[-79.9326901,40.3856848],[-79.9326687,40.3858359],[-79.9326633,40.38622],[-79.9326386,40.3866716]]}},{"type":"Feature","id":null,"properties":{},"geometry":{"type":"LineString","coordinates":[[-79.9322829,40.3866553],[-79.9321774,40.3866505],[-79.9320115,40.3866429]]}},{"type":"Feature","id":null,"properties":{},"geometry":{"type":"LineString","coordinates":[[-79.9324254,40.3866614],[-79.9322829,40.3866553]]}},{"type":"Feature","id":null,"properties":{},"geometry":{"type":"LineString","coordinates":[[-79.9326386,40.3866716],[-79.9324254,40.3866614]]}},{"type":"Feature","id":null,"properties":{},"geometry":{"type":"LineString","coordinates":[[-79.9326386,40.3866716],[-79.9326128,40.3871444],[-79.9325938,40.3874922],[-79.9325882,40.387595],[-79.9325797,40.3877715],[-79.9325345,40.3887145],[-79.9325265,40.3888473],[-79.9325453,40.3889658],[-79.9326606,40.3892661],[-79.9327254,40.3894286]]}},{"type":"Feature","id":null,"properties":{},"geometry":{"type":"LineString","coordinates":[[-79.9376151,40.3895757],[-79.9379303,40.3895889]]}},{"type":"Feature","id":null,"properties":{},"geometry":{"type":"LineString","coordinates":[[-79.9344434,40.3896819],[-79.9349315,40.3896431],[-79.9353634,40.389594],[-79.9356665,40.3895665],[-79.9359736,40.3895491],[-79.9367742,40.3895348],[-79.9376151,40.3895757]]}},{"type":"Feature","id":null,"properties":{},"geometry":{"type":"LineString","coordinates":[[-79.9327254,40.3894286],[-79.9328126,40.3898239]]}},{"type":"Feature","id":null,"properties":{},"geometry":{"type":"LineString","coordinates":[[-79.9379303,40.3895889],[-79.9401766,40.3896962],[-79.9403831,40.3896952],[-79.940591,40.3896781]]}},{"type":"Feature","id":null,"properties":{},"geometry":{"type":"LineString","coordinates":[[-79.940591,40.3896781],[-79.940722,40.3896599]]}},{"type":"Feature","id":null,"properties":{},"geometry":{"type":"MultiLineString","coordinates":[[[-79.97614839924668,40.38129921660338],[-79.9763147,40.3816712],[-79.9764365,40.3819434],[-79.97650482225639,40.382110961854316]],[[-79.97668297104472,40.38250785500864],[-79.9767194,40.3825825],[-79.9768362,40.3828219],[-79.9771541,40.3833483],[-79.9772548,40.3835119],[-79.9773225,40.3836272],[-79.9774692,40.3838639],[-79.97751770953406,40.38394496518129]],[[-79.97763982709988,40.38414903810846],[-79.9776489,40.3841642],[-79.9778591,40.3844638],[-79.977954,40.384599],[-79.9781541,40.3848916],[-79.9786869,40.3856434],[-79.9789493,40.3858884]]]}},{"type":"Feature","id":null,"properties":{},"geometry":{"type":"LineString","coordinates":[[-79.9789493,40.3858884],[-79.9790029,40.3859313]]}},{"type":"Feature","id":null,"properties":{},"geometry":{"type":"LineString","coordinates":[[-79.9790029,40.3859313],[-79.9792659,40.3860711],[-79.9794954,40.3861931],[-79.9798782,40.3863966],[-79.980087,40.3865076],[-79.980615,40.3867855],[-79.9807727,40.3868312],[-79.9809112,40.3868471],[-79.9812563,40.3868521],[-79.981927,40.3868774],[-79.9821322,40.3868846],[-79.982737,40.386906],[-79.9829471,40.3869321],[-79.9831322,40.3869831],[-79.983315,40.3870684],[-79.9836962,40.3872767],[-79.9837353,40.3872987],[-79.9838013,40.3873364],[-79.9838888,40.3873864],[-79.983983,40.3874461],[-79.9844456,40.387856],[-79.9845576,40.3879785]]}},{"type":"Feature","id":null,"properties":{},"geometry":{"type":"MultiLineString","coordinates":[[[-79.9864576,40.4176255],[-79.9863793,40.4175785],[-79.9863597,40.4175668],[-79.98589365686638,40.41756062979715]],[[-79.98585264138974,40.417561496374624],[-79.9853023,40.417587],[-79.984699,40.41761],[-79.9846274,40.4176127],[-79.9844976,40.4176176],[-79.984382,40.41762],[-79.9836018,40.417636],[-79.98320619556753,40.417638615353894]],[[-79.98225848871546,40.41765615346361],[-79.981874,40.417669],[-79.9817993,40.4176716],[-79.9807828,40.4177139],[-79.9805212,40.4177299],[-79.9795815,40.4178557],[-79.9792378,40.4179055],[-79.9791917,40.4179129]]]}},{"type":"Feature","id":null,"properties":{},"geometry":{"type":"LineString","coordinates":[[-79.9791917,40.4179129],[-79.9790179,40.4179423],[-79.9786611,40.4179464]]}},{"type":"Feature","id":null,"properties":{},"geometry":{"type":"LineString","coordinates":[[-79.98217,40.4213264],[-79.982526,40.4214555],[-79.9837255,40.4218838],[-79.9838106,40.4218974],[-79.983882,40.4218974],[-79.9839243,40.4218816],[-79.9839853,40.4218588],[-79.9843007,40.4216378],[-79.9843903,40.421575],[-79.9844923,40.4214954],[-79.9845733,40.4214263],[-79.9846264,40.421381],[-79.9848287,40.4212627],[-79.9852562,40.4210828],[-79.9853475,40.4210444],[-79.9860703,40.4207403],[-79.9863349,40.4205254],[-79.9864839,40.420258],[-79.987615,40.4195758]]}},{"type":"Feature","id":null,"properties":{},"geometry":{"type":"LineString","coordinates":[[-79.9799813,40.4212984],[-79.9801185,40.4212342],[-79.9804121,40.4211285],[-79.9807129,40.4210235],[-79.9808911,40.4209657],[-79.9810655,40.4209594],[-79.9811907,40.4209823],[-79.9813112,40.4210244],[-79.98217,40.4213264]]}},{"type":"Feature","id":null,"properties":{},"geometry":{"type":"LineString","coordinates":[[-79.9792641,40.421748],[-79.9792992,40.4217255],[-79.9795047,40.4215937],[-79.9795445,40.4215681],[-79.9796136,40.4215236],[-79.9799813,40.4212984]]}},{"type":"Feature","id":null,"properties":{},"geometry":{"type":"LineString","coordinates":[[-79.9778199,40.4242413],[-79.9777492,40.4241389],[-79.9777116,40.4240266],[-79.977697,40.4239073],[-79.9776942,40.4238437],[-79.9776902,40.4237775],[-79.9776915,40.4236551],[-79.9777002,40.4234597],[-79.9777051,40.4233295],[-79.9777351,40.4231407],[-79.9778087,40.4229857],[-79.9779181,40.422829],[-79.97829,40.4223501],[-79.978396,40.4222376],[-79.9785083,40.4221468],[-79.9787658,40.4219997],[-79.9790189,40.4218751],[-79.9792641,40.421748]]}},{"type":"Feature","id":null,"properties":{},"geometry":{"type":"LineString","coordinates":[[-79.9797363,40.4248377],[-79.979458,40.4247765],[-79.9782695,40.4245154],[-79.978103,40.4244554],[-79.9779778,40.4243784],[-79.9779026,40.4243223],[-79.9778199,40.4242413]]}},{"type":"Feature","id":null,"properties":{},"geometry":{"type":"LineString","coordinates":[[-79.9408995,40.3748686],[-79.94093362449723,40.37486019909346]]}},{"type":"Feature","id":null,"properties":{},"geometry":{"type":"MultiLineString","coordinates":[[[-79.940722,40.3896599],[-79.9409046,40.3896345],[-79.9410443,40.3896373],[-79.941444,40.3896904],[-79.9416639,40.389674],[-79.9421467,40.3895984],[-79.9423157,40.3895903],[-79.9425273,40.3896351],[-79.9431177,40.3900315],[-79.9433537,40.39015],[-79.9435334,40.3902011],[-79.9436943,40.3902379],[-79.9440108,40.3902011],[-79.94438760127204,40.390162202544104]],[[-79.94566479403888,40.3902359371471],[-79.9458696,40.3902501],[-79.94590369599658,40.390247281653465]],[[-79.94718246803279,40.3901071],[-79.9472375,40.3901071],[-79.9475138,40.3901439],[-79.949179,40.390618],[-79.94918950518829,40.39062170153736]],[[-79.9495212864668,40.39073860575307],[-79.9497293,40.3908119],[-79.94976610753504,40.39081405124322]],[[-79.95138605782415,40.39042721020548],[-79.9520512368073,40.3902543664486]],[[-79.95236270491228,40.39019546313233],[-79.95251640961999,40.390175535815864]],[[-79.95291215476186,40.390154680952385],[-79.9532164,40.3901673],[-79.953779,40.3901957],[-79.9540737,40.3901673],[-79.954219,40.3901145],[-79.9543441,40.3900098],[-79.95438635388419,40.38997271593486]]]}},{"type":"Feature","id":null,"properties":{},"geometry":{"type":"LineString","coordinates":[[-79.9520598,40.4249316],[-79.9519219,40.4249574],[-79.9518272,40.425001],[-79.9513305,40.4252555],[-79.9508867,40.4254656],[-79.9503181,40.4255825]]}},{"type":"Feature","id":null,"properties":{},"geometry":{"type":"LineString","coordinates":[[-79.9469635,40.4251768],[-79.9463376,40.425135],[-79.945729,40.4251405],[-79.9454915,40.4251989],[-79.9452782,40.4252858],[-79.9449959,40.4253573],[-79.9448605,40.4253774],[-79.9447714,40.4253906],[-79.9445376,40.425388],[-79.9439032,40.4253214],[-79.9438212,40.4253127]]}},{"type":"Feature","id":null,"properties":{},"geometry":{"type":"LineString","coordinates":[[-79.9438212,40.4253127],[-79.9437559,40.4253106],[-79.9434971,40.4253021],[-79.943202,40.4253389]]}},{"type":"Feature","id":null,"properties":{},"geometry":{"type":"LineString","coordinates":[[-79.9498377,40.4256642],[-79.9496914,40.4256713],[-79.9493494,40.4256497],[-79.9491633,40.4256287],[-79.9489819,40.4255923],[-79.9488937,40.4255709],[-79.9479468,40.4253408],[-79.9475603,40.4252763],[-79.9469635,40.4251768]]}},{"type":"Feature","id":null,"properties":{},"geometry":{"type":"LineString","coordinates":[[-79.9503181,40.4255825],[-79.9500364,40.4256389],[-79.9498377,40.4256642]]}},{"type":"Feature","id":null,"properties":{},"geometry":{"type":"LineString","coordinates":[[-79.9589126,40.4292955],[-79.958543,40.429517]]}},{"type":"Feature","id":null,"properties":{},"geometry":{"type":"LineString","coordinates":[[-79.958543,40.429517],[-79.9579116,40.4298949],[-79.9577602,40.4299742]]}},{"type":"Feature","id":null,"properties":{},"geometry":{"type":"LineString","coordinates":[[-79.9522231,40.4342602],[-79.9518803,40.4342208],[-79.9516629,40.4342305]]}},{"type":"Feature","id":null,"properties":{},"geometry":{"type":"LineString","coordinates":[[-79.9809148,40.4251758],[-79.9809088,40.4250924],[-79.9808847,40.4250332],[-79.9808498,40.4249842],[-79.9807799,40.4249399],[-79.9806835,40.4249148],[-79.9802177,40.4248925],[-79.9799638,40.4248858],[-79.9799427,40.4248814],[-79.9797363,40.4248377]]}},{"type":"Feature","id":null,"properties":{},"geometry":{"type":"LineString","coordinates":[[-79.9809064,40.4252758],[-79.9809148,40.4251758]]}},{"type":"Feature","id":null,"properties":{},"geometry":{"type":"LineString","coordinates":[[-79.9808927,40.4254198],[-79.9809034,40.4253108],[-79.9809064,40.4252758]]}},{"type":"Feature","id":null,"properties":{},"geometry":{"type":"LineString","coordinates":[[-79.9808718,40.4256337],[-79.9808927,40.4254198]]}},{"type":"Feature","id":null,"properties":{},"geometry":{"type":"LineString","coordinates":[[-79.9807751,40.4265171],[-79.9807783,40.4264877],[-79.9808158,40.4261376],[-79.9808234,40.4260712],[-79.9808314,40.4260028],[-79.9808718,40.4256337]]}},{"type":"Feature","id":null,"properties":{},"geometry":{"type":"LineString","coordinates":[[-79.9645205,40.4254365],[-79.9644287,40.4255193],[-79.9644137,40.4255324],[-79.9636435,40.4262066],[-79.9636055,40.4262397],[-79.9635641,40.4262759],[-79.9635032,40.4263292],[-79.9630412,40.4267338],[-79.9628603,40.4268921]]}},{"type":"Feature","id":null,"properties":{},"geometry":{"type":"LineString","coordinates":[[-79.9806877,40.4274048],[-79.9807241,40.4270258],[-79.9807299,40.4269618],[-79.9807362,40.4268917],[-79.9807751,40.4265171]]}},{"type":"Feature","id":null,"properties":{},"geometry":{"type":"LineString","coordinates":[[-79.9628603,40.4268921],[-79.9625594,40.4271528],[-79.9625177,40.4271887]]}},{"type":"Feature","id":null,"properties":{},"geometry":{"type":"LineString","coordinates":[[-79.9625177,40.4271887],[-79.9624127,40.4272579],[-79.9622062,40.4274022],[-79.9620438,40.427496]]}},{"type":"Feature","id":null,"properties":{},"geometry":{"type":"LineString","coordinates":[[-79.9805519,40.4287699],[-79.980563,40.4286851],[-79.980599,40.4282929],[-79.9806355,40.4279158],[-79.9806417,40.4278521],[-79.9806481,40.427773],[-79.9806755,40.4275179],[-79.9806877,40.4274048]]}},{"type":"Feature","id":null,"properties":{},"geometry":{"type":"LineString","coordinates":[[-79.9385533,40.4262887],[-79.9385511,40.4262818],[-79.9385071,40.4261426],[-79.9384921,40.4260954],[-79.938479,40.4260538],[-79.9384142,40.4258742]]}},{"type":"Feature","id":null,"properties":{},"geometry":{"type":"LineString","coordinates":[[-79.9397905,40.426178],[-79.9397154,40.4261953],[-79.9396583,40.4262102],[-79.9394242,40.4262535],[-79.93926,40.4262567],[-79.9390554,40.4262412],[-79.9388572,40.4261943]]}},{"type":"Feature","id":null,"properties":{},"geometry":{"type":"LineString","coordinates":[[-79.9388572,40.4261943],[-79.9387387,40.4262311],[-79.9386993,40.4262434],[-79.9386647,40.4262541],[-79.9385533,40.4262887]]}},{"type":"Feature","id":null,"properties":{},"geometry":{"type":"LineString","coordinates":[[-79.9385533,40.4262887],[-79.9386036,40.4264276],[-79.9386162,40.4264913],[-79.9386196,40.4265832],[-79.9386081,40.426674],[-79.9385831,40.4268386],[-79.9385637,40.4269642],[-79.9385684,40.4270502]]}},{"type":"Feature","id":null,"properties":{},"geometry":{"type":"LineString","coordinates":[[-79.9385684,40.4270502],[-79.9385811,40.4271296],[-79.9386035,40.4271845],[-79.9386015,40.427219],[-79.9385958,40.4272511],[-79.938584,40.4272846],[-79.938558,40.4273332]]}},{"type":"Feature","id":null,"properties":{},"geometry":{"type":"LineString","coordinates":[[-79.9385684,40.4270502],[-79.9384579,40.4270119],[-79.9382647,40.4269506],[-79.9380684,40.4268863],[-79.9379862,40.4268594],[-79.9377605,40.4267938],[-79.9376138,40.4267894],[-79.9375145,40.4268058],[-79.9374829,40.4268169],[-79.9374222,40.4268383],[-79.9373069,40.4269069],[-79.9368226,40.427249],[-79.9364177,40.427535],[-79.9361935,40.4276613],[-79.9359467,40.4277673],[-79.9356285,40.4278588],[-79.934502,40.428105]]}},{"type":"Feature","id":null,"properties":{},"geometry":{"type":"LineString","coordinates":[[-79.938558,40.4273332],[-79.9383884,40.4276439]]}},{"type":"Feature","id":null,"properties":{},"geometry":{"type":"LineString","coordinates":[[-79.9383884,40.4276439],[-79.9382475,40.4279141]]}},{"type":"Feature","id":null,"properties":{},"geometry":{"type":"LineString","coordinates":[[-79.9382475,40.4279141],[-79.9376149,40.4291019]]}},{"type":"Feature","id":null,"properties":{},"geometry":{"type":"LineString","coordinates":[[-79.9376149,40.4291019],[-79.9375973,40.4291446],[-79.9375866,40.4291826],[-79.9375822,40.4292153],[-79.9375819,40.429249],[-79.9375863,40.4292855],[-79.937598,40.4293209],[-79.937601,40.4293264]]}},{"type":"Feature","id":null,"properties":{},"geometry":{"type":"LineString","coordinates":[[-79.9620438,40.427496],[-79.9617862,40.4276448],[-79.961671,40.4277119],[-79.9616544,40.4277216],[-79.9612947,40.4279275],[-79.9612454,40.4279558],[-79.9607195,40.4282583],[-79.9606724,40.4282854],[-79.9597811,40.428798],[-79.9597344,40.4288246],[-79.9593882,40.429024],[-79.9593569,40.429042],[-79.9589126,40.4292955]]}},{"type":"Feature","id":null,"properties":{},"geometry":{"type":"LineString","coordinates":[[-79.9610873,40.4322156],[-79.96039,40.4318699],[-79.9601919,40.4317641],[-79.9600055,40.4316584],[-79.9598084,40.4315405],[-79.9596173,40.4314221],[-79.9594295,40.4313001],[-79.9592354,40.431174]]}},{"type":"Feature","id":null,"properties":{},"geometry":{"type":"LineString","coordinates":[[-79.9614767,40.4324087],[-79.9610873,40.4322156]]}},{"type":"Feature","id":null,"properties":{},"geometry":{"type":"LineString","coordinates":[[-79.9622707,40.4327678],[-79.962173,40.4327262],[-79.9618281,40.4325731],[-79.9614767,40.4324087]]}},{"type":"Feature","id":null,"properties":{},"geometry":{"type":"LineString","coordinates":[[-79.9643698,40.4336655],[-79.9625274,40.4328776],[-79.9623716,40.4328111],[-79.9622707,40.4327678]]}},{"type":"Feature","id":null,"properties":{},"geometry":{"type":"LineString","coordinates":[[-79.9652758,40.4340529],[-79.9651196,40.4339861],[-79.9643698,40.4336655]]}},{"type":"Feature","id":null,"properties":{},"geometry":{"type":"LineString","coordinates":[[-79.9674734,40.4349791],[-79.9673206,40.4349229],[-79.9671794,40.4348682],[-79.9669366,40.4347642],[-79.9654001,40.4341061],[-79.9652758,40.4340529]]}},{"type":"Feature","id":null,"properties":{},"geometry":{"type":"LineString","coordinates":[[-79.9870964,40.4345309],[-79.986531,40.4345651],[-79.9862457,40.4345879],[-79.9859583,40.4346169]]}},{"type":"Feature","id":null,"properties":{},"geometry":{"type":"LineString","coordinates":[[-79.9859583,40.4346169],[-79.9856705,40.4346517],[-79.9853872,40.4346932],[-79.9851096,40.4347381],[-79.9848211,40.4347898],[-79.9838479,40.4349804],[-79.9837077,40.4350037]]}},{"type":"Feature","id":null,"properties":{},"geometry":{"type":"LineString","coordinates":[[-79.9837077,40.4350037],[-79.9835005,40.4349846],[-79.9834088,40.4349884],[-79.9833246,40.4349889],[-79.9832293,40.4349864],[-79.9823034,40.4349277],[-79.9817942,40.4349142],[-79.9816737,40.4349112],[-79.981539,40.4349132],[-79.9814729,40.4349163],[-79.9813961,40.4349227],[-79.9813197,40.4349327],[-79.9811997,40.4349877]]}},{"type":"Feature","id":null,"properties":{},"geometry":{"type":"LineString","coordinates":[[-79.9531863,40.4343817],[-79.9531133,40.434374],[-79.9527099,40.4343225],[-79.9522231,40.4342602]]}},{"type":"Feature","id":null,"properties":{},"geometry":{"type":"LineString","coordinates":[[-79.948624,40.4345767],[-79.9484862,40.4345953]]}},{"type":"Feature","id":null,"properties":{},"geometry":{"type":"LineString","coordinates":[[-79.9559613,40.4349878],[-79.9555878,40.4348761],[-79.9551333,40.4347401],[-79.9546697,40.4346014],[-79.9546016,40.4345772],[-79.9545246,40.43456],[-79.9544136,40.4345457],[-79.953265,40.4343922],[-79.9531863,40.4343817]]}},{"type":"Feature","id":null,"properties":{},"geometry":{"type":"LineString","coordinates":[[-79.9484862,40.4345953],[-79.9482909,40.4346282],[-79.9480931,40.434681],[-79.9479358,40.4347409],[-79.9478187,40.4347937]]}},{"type":"Feature","id":null,"properties":{},"geometry":{"type":"LineString","coordinates":[[-79.9478187,40.4347937],[-79.9476882,40.4348546],[-79.9474654,40.4349823],[-79.9472514,40.4351031]]}},{"type":"Feature","id":null,"properties":{},"geometry":{"type":"LineString","coordinates":[[-79.9449379,40.4349864],[-79.9447755,40.4349373]]}},{"type":"Feature","id":null,"properties":{},"geometry":{"type":"LineString","coordinates":[[-79.9447755,40.4349373],[-79.9448565,40.4350273]]}},{"type":"Feature","id":null,"properties":{},"geometry":{"type":"LineString","coordinates":[[-79.9564204,40.4351309],[-79.95629,40.4350873],[-79.9559613,40.4349878]]}},{"type":"Feature","id":null,"properties":{},"geometry":{"type":"LineString","coordinates":[[-79.9464057,40.4353113],[-79.9462197,40.4353191],[-79.9459338,40.4353074],[-79.945744,40.435282],[-79.9456036,40.4352551],[-79.9454606,40.4352178],[-79.9452991,40.4351619],[-79.9451234,40.4350897],[-79.9449379,40.4349864]]}},{"type":"Feature","id":null,"properties":{},"geometry":{"type":"LineString","coordinates":[[-79.9472514,40.4351031],[-79.9471507,40.4351112],[-79.9469775,40.4351815],[-79.9468327,40.4352342]]}},{"type":"Feature","id":null,"properties":{},"geometry":{"type":"LineString","coordinates":[[-79.9811997,40.4349877],[-79.9813351,40.4350143],[-79.9814387,40.4350099],[-79.98154,40.4350094],[-79.9816249,40.4350113],[-79.9831208,40.4350879],[-79.9832082,40.4350894],[-79.9832938,40.4350886],[-79.9833724,40.4350858],[-79.9834452,40.4350806],[-79.9835172,40.4350726],[-79.9837077,40.4350037]]}},{"type":"Feature","id":null,"properties":{},"geometry":{"type":"LineString","coordinates":[[-79.968362,40.4352189],[-79.9677924,40.4350705],[-79.9676216,40.435026],[-79.9674734,40.4349791]]}},{"type":"Feature","id":null,"properties":{},"geometry":{"type":"LineString","coordinates":[[-79.9811997,40.4349877],[-79.9810622,40.4350066],[-79.9778449,40.4355008],[-79.9773487,40.4355681],[-79.9768853,40.4356273],[-79.9765226,40.4356666],[-79.9760337,40.4357135]]}},{"type":"Feature","id":null,"properties":{},"geometry":{"type":"LineString","coordinates":[[-79.9702441,40.4356607],[-79.9701644,40.4356523],[-79.9700812,40.4356395],[-79.9699974,40.4356232],[-79.9697446,40.4355701],[-79.9694556,40.4355037],[-79.968362,40.4352189]]}},{"type":"Feature","id":null,"properties":{},"geometry":{"type":"LineString","coordinates":[[-79.9708363,40.4357006],[-79.9702441,40.4356607]]}},{"type":"Feature","id":null,"properties":{},"geometry":{"type":"LineString","coordinates":[[-79.9714417,40.4357415],[-79.9708363,40.4357006]]}},{"type":"Feature","id":null,"properties":{},"geometry":{"type":"LineString","coordinates":[[-79.9760337,40.4357135],[-79.975673,40.4357467]]}},{"type":"Feature","id":null,"properties":{},"geometry":{"type":"LineString","coordinates":[[-79.9720011,40.4357793],[-79.9714417,40.4357415]]}},{"type":"Feature","id":null,"properties":{},"geometry":{"type":"LineString","coordinates":[[-79.975673,40.4357467],[-79.975331,40.4357727],[-79.9749481,40.4357957],[-79.9742998,40.4358273]]}},{"type":"Feature","id":null,"properties":{},"geometry":{"type":"LineString","coordinates":[[-79.9726554,40.4358235],[-79.9725821,40.4358186],[-79.9720011,40.4357793]]}},{"type":"Feature","id":null,"properties":{},"geometry":{"type":"LineString","coordinates":[[-79.9468457,40.4352966],[-79.9469754,40.4352607],[-79.9471038,40.4352148],[-79.9472021,40.4351689],[-79.9472514,40.4351031]]}},{"type":"Feature","id":null,"properties":{},"geometry":{"type":"LineString","coordinates":[[-79.9448565,40.4350273],[-79.9450256,40.4351251],[-79.945226,40.4352138],[-79.9453925,40.4352717],[-79.9455825,40.4353215],[-79.9457699,40.4353604],[-79.9459494,40.4353774],[-79.9461302,40.4353864],[-79.9462652,40.4353854],[-79.9464172,40.4353734]]}},{"type":"Feature","id":null,"properties":{},"geometry":{"type":"LineString","coordinates":[[-79.9468327,40.4352342],[-79.9466738,40.4352713],[-79.9465469,40.4352936],[-79.9464057,40.4353113]]}},{"type":"Feature","id":null,"properties":{},"geometry":{"type":"LineString","coordinates":[[-79.9464172,40.4353734],[-79.946581,40.4353525],[-79.946712,40.4353295],[-79.9468457,40.4352966]]}},{"type":"Feature","id":null,"properties":{},"geometry":{"type":"LineString","coordinates":[[-79.9465104,40.4361331],[-79.9465483,40.4360593]]}},{"type":"Feature","id":null,"properties":{},"geometry":{"type":"LineString","coordinates":[[-79.9464172,40.4360486],[-79.9464107,40.4360916],[-79.9464021,40.4361479],[-79.9463999,40.4362303]]}},{"type":"Feature","id":null,"properties":{},"geometry":{"type":"LineString","coordinates":[[-79.9464633,40.4363123],[-79.9464896,40.4361911],[-79.9465104,40.4361331]]}},{"type":"Feature","id":null,"properties":{},"geometry":{"type":"LineString","coordinates":[[-79.9463999,40.4362303],[-79.9464633,40.4363123]]}},{"type":"Feature","id":null,"properties":{},"geometry":{"type":"LineString","coordinates":[[-79.9581281,40.4358752],[-79.9582413,40.4360128],[-79.958303,40.4360698],[-79.9585314,40.4362695],[-79.9586766,40.4363872],[-79.9588523,40.4365296],[-79.9595234,40.4370737],[-79.9602315,40.4376478],[-79.9607837,40.4380955],[-79.9611818,40.4384181],[-79.9612424,40.4384673]]}},{"type":"Feature","id":null,"properties":{},"geometry":{"type":"LineString","coordinates":[[-79.947071,40.4378592],[-79.9471001,40.437979],[-79.9470811,40.4380691],[-79.9470055,40.438178],[-79.9468166,40.4383675],[-79.946613,40.438535],[-79.9465169,40.4386183],[-79.9464862,40.4386532],[-79.9464587,40.4386925]]}},{"type":"Feature","id":null,"properties":{},"geometry":{"type":"LineString","coordinates":[[-79.9736808,40.4358421],[-79.9733394,40.4358421],[-79.9729968,40.4358355],[-79.9727573,40.4358271],[-79.9726554,40.4358235]]}},{"type":"Feature","id":null,"properties":{},"geometry":{"type":"LineString","coordinates":[[-79.9742998,40.4358273],[-79.9741114,40.4358337],[-79.9736808,40.4358421]]}},{"type":"Feature","id":null,"properties":{},"geometry":{"type":"LineString","coordinates":[[-79.9614938,40.4358252],[-79.9616576,40.4359438],[-79.9617172,40.4359869]]}},{"type":"Feature","id":null,"properties":{},"geometry":{"type":"LineString","coordinates":[[-79.9726554,40.4358235],[-79.9726506,40.4359116],[-79.972649,40.4359424],[-79.9726461,40.4359957],[-79.9726469,40.4360736],[-79.9726523,40.4361328],[-79.9726705,40.4362272],[-79.972685,40.4362918],[-79.9727039,40.4363558],[-79.9727292,40.4364025],[-79.9727596,40.436441],[-79.9728003,40.436474],[-79.9728428,40.4364982],[-79.9728922,40.4365148],[-79.9729461,40.4365262],[-79.9732505,40.4365604],[-79.9733093,40.4365709]]}},{"type":"Feature","id":null,"properties":{},"geometry":{"type":"LineString","coordinates":[[-79.9617172,40.4359869],[-79.9619532,40.4361827],[-79.9620595,40.4362695],[-79.9623132,40.4364767],[-79.9623642,40.4365183],[-79.9626886,40.436783]]}},{"type":"Feature","id":null,"properties":{},"geometry":{"type":"LineString","coordinates":[[-79.9733093,40.4365709],[-79.9733644,40.436586],[-79.9734098,40.4366051],[-79.9734503,40.4366314],[-79.9734816,40.4366623],[-79.9735033,40.4366967],[-79.9735185,40.4367414],[-79.973522,40.4367896],[-79.9735221,40.4368519],[-79.9735133,40.4369894]]}},{"type":"Feature","id":null,"properties":{},"geometry":{"type":"LineString","coordinates":[[-79.9626886,40.436783],[-79.9629864,40.437026],[-79.9631016,40.4371191]]}},{"type":"Feature","id":null,"properties":{},"geometry":{"type":"LineString","coordinates":[[-79.9735133,40.4369894],[-79.9735078,40.4370749]]}},{"type":"Feature","id":null,"properties":{},"geometry":{"type":"LineString","coordinates":[[-79.9735078,40.4370749],[-79.9735069,40.4370895],[-79.9735014,40.437168]]}},{"type":"Feature","id":null,"properties":{},"geometry":{"type":"LineString","coordinates":[[-79.9862862,40.4408786],[-79.9860778,40.4409795],[-79.9859933,40.4410238]]}},{"type":"Feature","id":null,"properties":{},"geometry":{"type":"LineString","coordinates":[[-79.9127972,40.3704384],[-79.9128507,40.3702084],[-79.9129224,40.3699542],[-79.912948,40.3698302],[-79.9129676,40.3698083],[-79.9130198,40.36975]]}},{"type":"Feature","id":null,"properties":{},"geometry":{"type":"LineString","coordinates":[[-79.90933277582464,40.37689364891699],[-79.9098508,40.3762103],[-79.9103427,40.375581],[-79.9108562,40.3749007],[-79.9114807,40.3742256],[-79.9118914,40.373781],[-79.91201,40.3736238],[-79.9120617,40.3735],[-79.9121509,40.3730184],[-79.9122226,40.3726316],[-79.9123553,40.3721251],[-79.9124132,40.3718931],[-79.9127972,40.3704384]]}},{"type":"Feature","id":null,"properties":{},"geometry":{"type":"LineString","coordinates":[[-79.9084672,40.3780227],[-79.90864607010225,40.37778938667251]]}},{"type":"Feature","id":null,"properties":{},"geometry":{"type":"LineString","coordinates":[[-79.90836342324243,40.378156451261084],[-79.9084672,40.3780227]]}},{"type":"Feature","id":null,"properties":{},"geometry":{"type":"LineString","coordinates":[[-79.9027878,40.4223387],[-79.9010529,40.4215356],[-79.9006042,40.4213333],[-79.9005398,40.4213058]]}},{"type":"Feature","id":null,"properties":{},"geometry":{"type":"LineString","coordinates":[[-79.9047774,40.4243502],[-79.9047655,40.424326],[-79.9045725,40.4238397],[-79.9044351,40.4234743],[-79.9043529,40.4232556],[-79.9043061,40.4231417],[-79.9042412,40.4230527],[-79.9041516,40.4229699],[-79.9027878,40.4223387]]}},{"type":"Feature","id":null,"properties":{},"geometry":{"type":"LineString","coordinates":[[-79.9060461,40.4259883],[-79.9057397,40.425546],[-79.9057357,40.4254929],[-79.9057303,40.4254204],[-79.9057169,40.4253489],[-79.9056713,40.4252285],[-79.9055761,40.4250866],[-79.9054742,40.4249896],[-79.9053776,40.4249222],[-79.9052382,40.4248575],[-79.9051,40.4248078],[-79.9049712,40.4246564],[-79.9048606,40.4245198],[-79.9047774,40.4243502]]}},{"type":"Feature","id":null,"properties":{},"geometry":{"type":"LineString","coordinates":[[-79.912519,40.4265004],[-79.912201,40.4263759],[-79.9119966,40.4263534]]}},{"type":"Feature","id":null,"properties":{},"geometry":{"type":"LineString","coordinates":[[-79.9057671,40.4275927],[-79.9057864,40.4274521],[-79.9058275,40.4273556],[-79.905944,40.4270823],[-79.9061649,40.4265813],[-79.9061957,40.4264267],[-79.9061909,40.4263861],[-79.906178,40.4262784],[-79.9061337,40.4261325],[-79.9061089,40.4260829],[-79.9060461,40.4259883]]}},{"type":"Feature","id":null,"properties":{},"geometry":{"type":"LineString","coordinates":[[-79.9119966,40.4263534],[-79.9117922,40.426331],[-79.9110945,40.4262761],[-79.9101561,40.4261286],[-79.9099108,40.4261295],[-79.9096444,40.4261975],[-79.9089287,40.4264047],[-79.9086653,40.4264136],[-79.9078118,40.4263155],[-79.9077249,40.4263254],[-79.9076431,40.4263482],[-79.907576,40.4263819],[-79.9074943,40.4264381],[-79.9073576,40.4266243],[-79.9072395,40.4268352],[-79.9070662,40.4273188],[-79.9070219,40.4274699],[-79.9069619,40.4275592],[-79.9068843,40.4276333],[-79.9068027,40.4277024],[-79.906672,40.4277603],[-79.9065477,40.427793],[-79.906415,40.4278065],[-79.9061975,40.4277947],[-79.906189,40.4277942],[-79.905985,40.4277606],[-79.9058195,40.4276893],[-79.9057671,40.4275927]]}},{"type":"Feature","id":null,"properties":{},"geometry":{"type":"LineString","coordinates":[[-79.9344434,40.3896819],[-79.9338743,40.3897308],[-79.9333526,40.3897769]]}},{"type":"Feature","id":null,"properties":{},"geometry":{"type":"LineString","coordinates":[[-79.9331633,40.3897918],[-79.9333526,40.3897769]]}},{"type":"Feature","id":null,"properties":{},"geometry":{"type":"LineString","coordinates":[[-79.9328126,40.3898239],[-79.9331633,40.3897918]]}},{"type":"Feature","id":null,"properties":{},"geometry":{"type":"LineString","coordinates":[[-79.9447227,40.4113131],[-79.9446432,40.4113259],[-79.9442303,40.4114024],[-79.9438366,40.4114733],[-79.9437755,40.4114859],[-79.9437235,40.4114949],[-79.942882,40.4116412],[-79.9428287,40.4116507],[-79.9427659,40.4116614],[-79.942096,40.411775],[-79.9418069,40.4118986],[-79.9410351,40.4121994],[-79.9404019,40.4124539],[-79.939889,40.4126628],[-79.9395015,40.4133409],[-79.9394824,40.41343]]}},{"type":"Feature","id":null,"properties":{},"geometry":{"type":"LineString","coordinates":[[-79.9394824,40.41343],[-79.9394743,40.4134794],[-79.9394697,40.4135071],[-79.939428,40.4138263]]}},{"type":"Feature","id":null,"properties":{},"geometry":{"type":"LineString","coordinates":[[-79.939428,40.4138263],[-79.9393173,40.4146811],[-79.9392693,40.4150555]]}},{"type":"Feature","id":null,"properties":{},"geometry":{"type":"LineString","coordinates":[[-79.9392693,40.4150555],[-79.9392393,40.4152894],[-79.9391942,40.4154972],[-79.939104,40.4155854],[-79.9387439,40.415812],[-79.9386526,40.415901]]}},{"type":"Feature","id":null,"properties":{},"geometry":{"type":"LineString","coordinates":[[-79.9386526,40.415901],[-79.9385798,40.415972],[-79.9371498,40.4177385],[-79.936839,40.4179901]]}},{"type":"Feature","id":null,"properties":{},"geometry":{"type":"LineString","coordinates":[[-79.936839,40.4179901],[-79.9362352,40.4184513],[-79.9357931,40.4187949],[-79.9356911,40.418849],[-79.9339156,40.4195743],[-79.9334161,40.4197743]]}},{"type":"Feature","id":null,"properties":{},"geometry":{"type":"LineString","coordinates":[[-79.9281849,40.4196826],[-79.9280948,40.4196775],[-79.9280475,40.4196754],[-79.927577,40.4196461],[-79.9273166,40.4196303],[-79.9271582,40.4196206]]}},{"type":"Feature","id":null,"properties":{},"geometry":{"type":"LineString","coordinates":[[-79.9292032,40.4197465],[-79.9291,40.4197398],[-79.9290168,40.4197346],[-79.9285473,40.4197053],[-79.9281849,40.4196826]]}},{"type":"Feature","id":null,"properties":{},"geometry":{"type":"LineString","coordinates":[[-79.93176,40.4198815],[-79.9316603,40.4198868],[-79.9313071,40.4198699],[-79.930505,40.4198405],[-79.9296924,40.4197871],[-79.9292032,40.4197465]]}},{"type":"Feature","id":null,"properties":{},"geometry":{"type":"LineString","coordinates":[[-79.9334161,40.4197743],[-79.9331216,40.4198063],[-79.932481,40.4198431],[-79.93176,40.4198815]]}},{"type":"Feature","id":null,"properties":{},"geometry":{"type":"LineString","coordinates":[[-79.9288389,40.421938],[-79.9288288,40.4218801],[-79.9288224,40.4218442],[-79.9286313,40.4210351],[-79.9285389,40.4206404],[-79.9284497,40.420289],[-79.9284129,40.4201564],[-79.9283605,40.4200119],[-79.9283081,40.4199171],[-79.9282581,40.4198365],[-79.9282166,40.4197609],[-79.9281849,40.4196826]]}},{"type":"Feature","id":null,"properties":{},"geometry":{"type":"LineString","coordinates":[[-79.9316986,40.4235114],[-79.9301449,40.4228462],[-79.929996,40.4226904],[-79.9299356,40.4224642],[-79.9299193,40.4224033],[-79.9299063,40.4223566],[-79.9297712,40.4218711],[-79.9297642,40.4218461],[-79.9297487,40.4217904],[-79.9297352,40.4217361],[-79.92973,40.4217152],[-79.929594,40.4211732],[-79.9294179,40.4205656],[-79.9292309,40.4198522],[-79.9292032,40.4197465]]}},{"type":"Feature","id":null,"properties":{},"geometry":{"type":"LineString","coordinates":[[-79.9377089,40.4245795],[-79.9376454,40.4245143],[-79.9375662,40.4244331],[-79.9374866,40.4243698],[-79.9373688,40.4242762],[-79.9371542,40.4241586],[-79.9369654,40.4240998],[-79.9369045,40.4240934],[-79.9368792,40.4240908],[-79.9367109,40.4240855],[-79.9365247,40.4241134],[-79.9364113,40.42414],[-79.9363302,40.4241652],[-79.9362468,40.4241929],[-79.9357938,40.4243431],[-79.9356278,40.4243581],[-79.9352658,40.4243427],[-79.9342324,40.4242737],[-79.933376,40.424221],[-79.9327072,40.4239436],[-79.9316986,40.4235114]]}},{"type":"Feature","id":null,"properties":{},"geometry":{"type":"LineString","coordinates":[[-79.9288389,40.421938],[-79.9288444,40.4219978],[-79.9288468,40.4220244],[-79.9288518,40.42211],[-79.9288604,40.422251],[-79.9288519,40.4224116],[-79.9288423,40.4224758],[-79.9288278,40.4225722],[-79.9287938,40.4227318],[-79.9287859,40.4227574],[-79.9287343,40.4229258],[-79.928665,40.4231489],[-79.9286618,40.4231613],[-79.9286482,40.4232132],[-79.9286295,40.423269],[-79.9286033,40.4233513],[-79.9285478,40.4235254],[-79.928123,40.4248589],[-79.9281006,40.4249299],[-79.9280852,40.4249776],[-79.9280675,40.4250335],[-79.9277715,40.4259656],[-79.9277191,40.4260982],[-79.9276822,40.4261791],[-79.9276284,40.4262617]]}},{"type":"Feature","id":null,"properties":{},"geometry":{"type":"LineString","coordinates":[[-79.9384142,40.4258742],[-79.9381756,40.4252694],[-79.9379782,40.4249035],[-79.9377636,40.4246356],[-79.9377089,40.4245795]]}},{"type":"Feature","id":null,"properties":{},"geometry":{"type":"LineString","coordinates":[[-79.943202,40.4253389],[-79.9429493,40.4254041],[-79.9428797,40.4254221],[-79.9425175,40.4255151],[-79.9424491,40.4255313],[-79.9423765,40.4255478],[-79.941731,40.4257099],[-79.9416626,40.4257271],[-79.9415945,40.4257433],[-79.9413831,40.4257937],[-79.940943,40.4259009],[-79.9408721,40.4259182],[-79.9408025,40.425935],[-79.9400819,40.4261094],[-79.9399218,40.4261471],[-79.9398653,40.4261604],[-79.9397905,40.426178]]}},{"type":"Feature","id":null,"properties":{},"geometry":{"type":"LineString","coordinates":[[-79.9388572,40.4261943],[-79.9387102,40.4261266],[-79.9385794,40.4260411],[-79.9384895,40.4259625],[-79.9384142,40.4258742]]}},{"type":"Feature","id":null,"properties":{},"geometry":{"type":"LineString","coordinates":[[-79.9276284,40.4262617],[-79.9275891,40.4263121],[-79.9275067,40.4264065],[-79.927356,40.4265579],[-79.9272967,40.4266175]]}},{"type":"Feature","id":null,"properties":{},"geometry":{"type":"LineString","coordinates":[[-79.9272967,40.4266175],[-79.9265107,40.4272708]]}},{"type":"Feature","id":null,"properties":{},"geometry":{"type":"LineString","coordinates":[[-79.9265107,40.4272708],[-79.9263751,40.4273928],[-79.9263002,40.4274563],[-79.9261125,40.4276133],[-79.9259463,40.4277398],[-79.9258481,40.4277931],[-79.925712,40.4278526],[-79.9255658,40.4278953],[-79.9254969,40.427919],[-79.9252474,40.428005],[-79.9250876,40.4280763],[-79.9250421,40.4281003],[-79.9248496,40.4282195],[-79.9238884,40.4290747],[-79.9236487,40.4292927],[-79.9235992,40.4293452],[-79.9235592,40.4293999],[-79.9235418,40.4294435],[-79.9235335,40.4294641],[-79.9235143,40.4295424],[-79.92351,40.429566],[-79.9234972,40.4296365]]}},{"type":"Feature","id":null,"properties":{},"geometry":{"type":"LineString","coordinates":[[-79.9184951,40.4284434],[-79.9185844,40.428469],[-79.9195558,40.4287475],[-79.920451,40.4289786],[-79.9210972,40.4291455],[-79.9211932,40.4291703]]}},{"type":"Feature","id":null,"properties":{},"geometry":{"type":"LineString","coordinates":[[-79.9211932,40.4291703],[-79.9212883,40.4291958],[-79.9216736,40.429299],[-79.9217708,40.4293251],[-79.922043,40.4293981],[-79.9227182,40.4295791]]}},{"type":"Feature","id":null,"properties":{},"geometry":{"type":"LineString","coordinates":[[-79.9234972,40.4296365],[-79.9234288,40.4296705],[-79.9233697,40.4296868],[-79.9233035,40.4296868],[-79.9232358,40.4296774],[-79.9231964,40.429668],[-79.9229288,40.4296039],[-79.9227182,40.4295791]]}},{"type":"Feature","id":null,"properties":{},"geometry":{"type":"LineString","coordinates":[[-79.9227182,40.4295791],[-79.9229145,40.4296619],[-79.9231915,40.4297412],[-79.9232734,40.4297614],[-79.9233188,40.4297692],[-79.9233599,40.4297735]]}},{"type":"Feature","id":null,"properties":{},"geometry":{"type":"LineString","coordinates":[[-79.923484,40.4297776],[-79.9233663,40.4297183],[-79.9233035,40.4296868]]}},{"type":"Feature","id":null,"properties":{},"geometry":{"type":"LineString","coordinates":[[-79.9233599,40.4297735],[-79.923484,40.4297776]]}},{"type":"Feature","id":null,"properties":{},"geometry":{"type":"LineString","coordinates":[[-79.9275967,40.4341373],[-79.9275015,40.4341503],[-79.9258894,40.4343703],[-79.9254537,40.4344254],[-79.9248126,40.4345064]]}},{"type":"Feature","id":null,"properties":{},"geometry":{"type":"LineString","coordinates":[[-79.937601,40.4293264],[-79.9376419,40.4293883],[-79.9377048,40.4294447]]}},{"type":"Feature","id":null,"properties":{},"geometry":{"type":"LineString","coordinates":[[-79.9377048,40.4294447],[-79.9377372,40.4294743],[-79.9379712,40.4296514],[-79.9382266,40.4298342],[-79.9385525,40.4300562],[-79.9388935,40.4302771],[-79.9394263,40.4306034],[-79.9395094,40.4306611],[-79.9395879,40.430729],[-79.9396529,40.4308025],[-79.9397019,40.4308749],[-79.9397367,40.43095],[-79.9397642,40.431027],[-79.939777,40.4311092],[-79.939777,40.4311883],[-79.9397649,40.4312623],[-79.9397407,40.431343],[-79.9397045,40.4314272],[-79.9396589,40.4314992],[-79.9396013,40.4315645],[-79.9395329,40.4316263],[-79.9393585,40.4317523],[-79.9391091,40.4319254],[-79.9388959,40.4320662],[-79.9388795,40.4320763],[-79.938684,40.4321964],[-79.9384519,40.4323271],[-79.9382421,40.4324414],[-79.9381608,40.4324833],[-79.938067,40.4325317],[-79.9378759,40.4326149],[-79.9376857,40.4326893],[-79.9376703,40.4326953],[-79.937477,40.4327544]]}},{"type":"Feature","id":null,"properties":{},"geometry":{"type":"LineString","coordinates":[[-79.9361853,40.4325665],[-79.935932,40.4324245],[-79.935673,40.4323003],[-79.9350722,40.4320977]]}},{"type":"Feature","id":null,"properties":{},"geometry":{"type":"LineString","coordinates":[[-79.9365503,40.4328488],[-79.9364415,40.4327479],[-79.9361853,40.4325665]]}},{"type":"Feature","id":null,"properties":{},"geometry":{"type":"LineString","coordinates":[[-79.9330416,40.4334201],[-79.9331421,40.4334038],[-79.9334416,40.4332871],[-79.933659,40.4331295],[-79.9337834,40.4329788],[-79.9341462,40.4325364],[-79.9343244,40.4323735],[-79.9346345,40.4322023],[-79.9350722,40.4320977]]}},{"type":"Feature","id":null,"properties":{},"geometry":{"type":"LineString","coordinates":[[-79.937477,40.4327544],[-79.937312,40.4327854],[-79.9371522,40.4328104]]}},{"type":"Feature","id":null,"properties":{},"geometry":{"type":"LineString","coordinates":[[-79.9371522,40.4328104],[-79.9369461,40.4328319],[-79.9367085,40.4328399],[-79.9365503,40.4328488]]}},{"type":"Feature","id":null,"properties":{},"geometry":{"type":"LineString","coordinates":[[-79.9365503,40.4328488],[-79.9366622,40.4329538]]}},{"type":"Feature","id":null,"properties":{},"geometry":{"type":"LineString","coordinates":[[-79.9366622,40.4329538],[-79.9368478,40.4331502],[-79.9369307,40.433225]]}},{"type":"Feature","id":null,"properties":{},"geometry":{"type":"LineString","coordinates":[[-79.9330416,40.4334201],[-79.9315773,40.4336102],[-79.9305606,40.4337489]]}},{"type":"Feature","id":null,"properties":{},"geometry":{"type":"LineString","coordinates":[[-79.9161191,40.4279256],[-79.915994,40.4279153],[-79.915735,40.4278926],[-79.9155517,40.4278813],[-79.9150236,40.4279606],[-79.9149738,40.427967],[-79.9147565,40.4279947],[-79.9146124,40.4279886],[-79.914559,40.4279849],[-79.9143418,40.4279307],[-79.9141404,40.4278577],[-79.9139374,40.4277366],[-79.9138224,40.4276389],[-79.9133412,40.4271297],[-79.9132672,40.4270524],[-79.9128735,40.4267619],[-79.9126519,40.4265985],[-79.912519,40.4265004]]}},{"type":"Feature","id":null,"properties":{},"geometry":{"type":"LineString","coordinates":[[-79.9184951,40.4284434],[-79.9184262,40.4284235],[-79.9177236,40.4282202],[-79.9174178,40.4281317],[-79.9169166,40.4280505],[-79.9162127,40.4279403],[-79.9161191,40.4279256]]}},{"type":"Feature","id":null,"properties":{},"geometry":{"type":"LineString","coordinates":[[-79.9164911,40.4347577],[-79.9164297,40.4347521],[-79.9140707,40.4345366],[-79.9139754,40.4345386],[-79.9139028,40.4345615],[-79.9138413,40.4346162],[-79.9138051,40.4347009],[-79.9137162,40.4354052]]}},{"type":"Feature","id":null,"properties":{},"geometry":{"type":"LineString","coordinates":[[-79.9184048,40.4353226],[-79.9182301,40.4352651],[-79.917761,40.4349986],[-79.9174804,40.4348771],[-79.9171438,40.4348119],[-79.9164911,40.4347577]]}},{"type":"Feature","id":null,"properties":{},"geometry":{"type":"LineString","coordinates":[[-79.9137162,40.4354052],[-79.9136378,40.4358939],[-79.9136389,40.4361523],[-79.9136391,40.4362018]]}},{"type":"Feature","id":null,"properties":{},"geometry":{"type":"LineString","coordinates":[[-79.9136391,40.4362018],[-79.9136633,40.4375008],[-79.9136648,40.4375814]]}},{"type":"Feature","id":null,"properties":{},"geometry":{"type":"LineString","coordinates":[[-79.9136648,40.4375814],[-79.9133166,40.4376565],[-79.9131238,40.4376981]]}},{"type":"Feature","id":null,"properties":{},"geometry":{"type":"LineString","coordinates":[[-79.9161445,40.4380373],[-79.916128,40.4379807],[-79.91609,40.4378501],[-79.9159791,40.4377142],[-79.9158297,40.4375914],[-79.9156275,40.4375047],[-79.9153676,40.4374456],[-79.9150483,40.4374218],[-79.9150142,40.4374221],[-79.9146913,40.4374249],[-79.9143165,40.4374535],[-79.9138652,40.4375368],[-79.9136648,40.4375814]]}},{"type":"Feature","id":null,"properties":{},"geometry":{"type":"LineString","coordinates":[[-79.9130809,40.438032],[-79.9130882,40.437975],[-79.9131006,40.4378789],[-79.9131098,40.4378073],[-79.9131114,40.437795],[-79.9131238,40.4376981]]}},{"type":"Feature","id":null,"properties":{},"geometry":{"type":"LineString","coordinates":[[-79.9177891,40.4443298],[-79.9176255,40.444357],[-79.9166142,40.4445356],[-79.9160773,40.4446443],[-79.9159929,40.4446669],[-79.915738,40.4447829]]}},{"type":"Feature","id":null,"properties":{},"geometry":{"type":"LineString","coordinates":[[-79.9248126,40.4345064],[-79.9247557,40.4345137],[-79.924446,40.4345524],[-79.9236503,40.434651],[-79.9233248,40.4346915]]}},{"type":"Feature","id":null,"properties":{},"geometry":{"type":"LineString","coordinates":[[-79.9233248,40.4346915],[-79.922925,40.4347411],[-79.9228298,40.4347529]]}},{"type":"Feature","id":null,"properties":{},"geometry":{"type":"LineString","coordinates":[[-79.9228298,40.4347529],[-79.9227346,40.4347667],[-79.9226053,40.4347855]]}},{"type":"Feature","id":null,"properties":{},"geometry":{"type":"LineString","coordinates":[[-79.9226053,40.4347855],[-79.922018,40.4348709]]}},{"type":"Feature","id":null,"properties":{},"geometry":{"type":"LineString","coordinates":[[-79.922018,40.4348709],[-79.9218988,40.4348882]]}},{"type":"Feature","id":null,"properties":{},"geometry":{"type":"LineString","coordinates":[[-79.9218988,40.4348882],[-79.9201647,40.4351402],[-79.9197282,40.4352037],[-79.9190677,40.4352998],[-79.9189941,40.4353104]]}},{"type":"Feature","id":null,"properties":{},"geometry":{"type":"LineString","coordinates":[[-79.9189941,40.4353104],[-79.9188924,40.4353231],[-79.918704,40.4353467],[-79.9184048,40.4353226]]}},{"type":"Feature","id":null,"properties":{},"geometry":{"type":"LineString","coordinates":[[-79.9221448,40.4438961],[-79.9220223,40.4438932],[-79.9215063,40.4438809],[-79.9208187,40.4438645],[-79.9206038,40.4438593],[-79.9205114,40.4438571]]}},{"type":"Feature","id":null,"properties":{},"geometry":{"type":"LineString","coordinates":[[-79.9238661,40.4439516],[-79.922475,40.4439067],[-79.9221448,40.4438961]]}},{"type":"Feature","id":null,"properties":{},"geometry":{"type":"LineString","coordinates":[[-79.9205114,40.4438571],[-79.9204244,40.4438708],[-79.9198088,40.4439675],[-79.9198,40.4439691],[-79.9191598,40.4440853]]}},{"type":"Feature","id":null,"properties":{},"geometry":{"type":"LineString","coordinates":[[-79.9161445,40.4380373],[-79.9161585,40.4381111],[-79.9164769,40.4397909],[-79.9166272,40.4405832],[-79.9166379,40.4406398],[-79.9169079,40.4414577],[-79.9171461,40.4422239],[-79.9171622,40.4422747],[-79.9171858,40.4423521],[-79.9176724,40.4439474],[-79.9177633,40.4442454],[-79.9177891,40.4443298],[-79.9178091,40.4443988],[-79.918119,40.445467],[-79.9183332,40.4462056],[-79.9183512,40.4462649],[-79.9186613,40.4472844],[-79.9190097,40.4484544],[-79.919022,40.4487155],[-79.918972,40.4489186],[-79.9187966,40.4492454],[-79.9185055,40.4495509],[-79.9182474,40.4498218],[-79.9182194,40.4498503],[-79.9178455,40.4502309],[-79.9177057,40.4503733],[-79.91766,40.4504198],[-79.9174446,40.4506343],[-79.9172641,40.4508203],[-79.9170332,40.4510582],[-79.9163243,40.4517931],[-79.9159577,40.4521683],[-79.9159235,40.4522033]]}},{"type":"Feature","id":null,"properties":{},"geometry":{"type":"LineString","coordinates":[[-79.915738,40.4447829],[-79.9156304,40.4448571],[-79.9155445,40.444919],[-79.9154486,40.4450362],[-79.9151296,40.4453805],[-79.9145918,40.4459772],[-79.9144455,40.4461362],[-79.9143617,40.4462107],[-79.9142757,40.44627],[-79.9141637,40.4463416],[-79.914064,40.4463908],[-79.9139559,40.4464351],[-79.9138455,40.446473],[-79.9136675,40.4465121],[-79.9134812,40.446544],[-79.9128342,40.446653],[-79.9127048,40.4466743]]}},{"type":"Feature","id":null,"properties":{},"geometry":{"type":"LineString","coordinates":[[-79.9127048,40.4466743],[-79.9126871,40.4466763],[-79.9125638,40.4466994],[-79.9122262,40.4467552]]}},{"type":"Feature","id":null,"properties":{},"geometry":{"type":"LineString","coordinates":[[-79.9122262,40.4467552],[-79.9119744,40.4467552],[-79.9118514,40.4467386],[-79.9117288,40.446713],[-79.9116288,40.4466931]]}},{"type":"Feature","id":null,"properties":{},"geometry":{"type":"LineString","coordinates":[[-79.9116288,40.4466931],[-79.9114302,40.446971]]}},{"type":"Feature","id":null,"properties":{},"geometry":{"type":"LineString","coordinates":[[-79.8951726,40.4471546],[-79.8951385,40.4472197],[-79.8950965,40.4472749],[-79.8947839,40.4476929]]}},{"type":"Feature","id":null,"properties":{},"geometry":{"type":"LineString","coordinates":[[-79.8947839,40.4476929],[-79.8947579,40.4477277],[-79.8947329,40.4477612]]}},{"type":"Feature","id":null,"properties":{},"geometry":{"type":"LineString","coordinates":[[-79.9114302,40.446971],[-79.9114161,40.4469907],[-79.911369,40.4470562],[-79.9109529,40.447634],[-79.9108162,40.447824],[-79.9107953,40.4478535],[-79.9107027,40.4479853],[-79.9101867,40.4487047],[-79.9101445,40.4487637]]}},{"type":"Feature","id":null,"properties":{},"geometry":{"type":"LineString","coordinates":[[-79.8947329,40.4477612],[-79.8945785,40.4479682],[-79.8945404,40.4480187]]}},{"type":"Feature","id":null,"properties":{},"geometry":{"type":"LineString","coordinates":[[-79.8945404,40.4480187],[-79.8945027,40.4480694],[-79.8943357,40.4482924]]}},{"type":"Feature","id":null,"properties":{},"geometry":{"type":"LineString","coordinates":[[-79.8943357,40.4482924],[-79.8941841,40.4484744],[-79.8939863,40.4487362],[-79.893925,40.448827],[-79.8938881,40.4488817],[-79.8938443,40.4489376],[-79.8931652,40.4498034],[-79.8929891,40.450028],[-79.8929359,40.4501012]]}},{"type":"Feature","id":null,"properties":{},"geometry":{"type":"LineString","coordinates":[[-79.9101445,40.4487637],[-79.9101023,40.4488227],[-79.9085242,40.4510179],[-79.9084869,40.4510673],[-79.9084523,40.4511155],[-79.9082334,40.4514213],[-79.9081775,40.4514856]]}},{"type":"Feature","id":null,"properties":{},"geometry":{"type":"LineString","coordinates":[[-79.8929359,40.4501012],[-79.8927433,40.4503696]]}},{"type":"Feature","id":null,"properties":{},"geometry":{"type":"LineString","coordinates":[[-79.8927433,40.4503696],[-79.8925189,40.4506834],[-79.8923072,40.4509849]]}},{"type":"Feature","id":null,"properties":{},"geometry":{"type":"LineString","coordinates":[[-79.8923072,40.4509849],[-79.8921837,40.4511598],[-79.8920894,40.4513005]]}},{"type":"Feature","id":null,"properties":{},"geometry":{"type":"LineString","coordinates":[[-79.8920894,40.4513005],[-79.8920556,40.4513511],[-79.8918763,40.4516151],[-79.8916585,40.451935],[-79.8916309,40.4519755],[-79.8916092,40.4520121],[-79.8913921,40.4523784],[-79.8913461,40.4525091]]}},{"type":"Feature","id":null,"properties":{},"geometry":{"type":"LineString","coordinates":[[-79.9081775,40.4514856],[-79.9081286,40.45155],[-79.907784,40.4520373],[-79.907593,40.4523088],[-79.9075613,40.4523538]]}},{"type":"Feature","id":null,"properties":{},"geometry":{"type":"LineString","coordinates":[[-79.9159235,40.4522033],[-79.9156314,40.4525022],[-79.9153381,40.4528023],[-79.9152967,40.452854],[-79.9152601,40.4529076],[-79.915233,40.4529608],[-79.9152172,40.4530115]]}},{"type":"Feature","id":null,"properties":{},"geometry":{"type":"LineString","coordinates":[[-79.9075613,40.4523538],[-79.9075238,40.452405],[-79.9072589,40.4527666],[-79.9069915,40.4531322],[-79.9069279,40.4532246],[-79.9068626,40.4533167],[-79.906611,40.4536717],[-79.9063599,40.4540303],[-79.9062874,40.4541222]]}},{"type":"Feature","id":null,"properties":{},"geometry":{"type":"LineString","coordinates":[[-79.8913461,40.4525091],[-79.8912937,40.4526582],[-79.8911368,40.4530895],[-79.8911068,40.453172],[-79.8910749,40.4532567],[-79.8909299,40.4536419],[-79.8907929,40.4540048],[-79.8907783,40.4540434],[-79.8907529,40.4541108]]}},{"type":"Feature","id":null,"properties":{},"geometry":{"type":"LineString","coordinates":[[-79.9260012,40.4440103],[-79.9259103,40.4440081],[-79.9253538,40.4439948],[-79.9242096,40.443959],[-79.9239426,40.4439532],[-79.9238661,40.4439516]]}},{"type":"Feature","id":null,"properties":{},"geometry":{"type":"LineString","coordinates":[[-79.9278978,40.4441014],[-79.9278218,40.4440978],[-79.9274722,40.444081],[-79.9270289,40.4440597],[-79.9260799,40.4440141],[-79.9260012,40.4440103]]}},{"type":"Feature","id":null,"properties":{},"geometry":{"type":"LineString","coordinates":[[-79.9191598,40.4440853],[-79.9178955,40.4443108],[-79.9177891,40.4443298]]}},{"type":"Feature","id":null,"properties":{},"geometry":{"type":"LineString","coordinates":[[-79.9212015,40.4537047],[-79.9211737,40.4536582],[-79.9210514,40.4534534],[-79.9210071,40.4533787],[-79.9209468,40.4532771],[-79.9207599,40.4529621],[-79.9207154,40.4528871]]}},{"type":"Feature","id":null,"properties":{},"geometry":{"type":"LineString","coordinates":[[-79.9224548,40.4567912],[-79.9224624,40.4567367],[-79.9225032,40.4564451],[-79.9225338,40.4562265],[-79.9225635,40.4560146],[-79.9225603,40.4559838],[-79.9225492,40.4558769],[-79.9225038,40.4557996],[-79.9221879,40.4552681],[-79.9217519,40.454585],[-79.9217167,40.4545315],[-79.9216848,40.4544814],[-79.9215196,40.4542152],[-79.9212369,40.4537616],[-79.9212015,40.4537047]]}},{"type":"Feature","id":null,"properties":{},"geometry":{"type":"LineString","coordinates":[[-79.9250913,40.4588105],[-79.9250998,40.4586651],[-79.9251093,40.4585037],[-79.9251208,40.4583073],[-79.9251346,40.4580462],[-79.925167,40.4575154],[-79.9251699,40.4574677],[-79.9251757,40.4573724],[-79.9251809,40.4573137],[-79.9251996,40.4571188],[-79.9252025,40.4570687],[-79.9252484,40.4563346],[-79.9252598,40.4561416],[-79.9252672,40.4560166],[-79.9253289,40.4549756],[-79.9253429,40.4547565],[-79.9253533,40.4542358],[-79.9253491,40.4542266],[-79.9253216,40.4541658],[-79.9252863,40.4541058],[-79.9248039,40.4532929],[-79.9247759,40.4532426],[-79.9246834,40.4530961],[-79.9244171,40.4526712],[-79.9243864,40.4526221],[-79.9243556,40.452572],[-79.9240107,40.4520045],[-79.9239651,40.4519288]]}},{"type":"Feature","id":null,"properties":{},"geometry":{"type":"LineString","coordinates":[[-79.9220048,40.4591637],[-79.9220532,40.459111],[-79.9220782,40.4589894],[-79.9220915,40.4589204],[-79.9222011,40.458412],[-79.9222359,40.4582248],[-79.9222542,40.4581061],[-79.9223344,40.4575481],[-79.9223582,40.4573937],[-79.9223857,40.4572146],[-79.9224082,40.4570769],[-79.9224312,40.456936],[-79.9224548,40.4567912]]}},{"type":"Feature","id":null,"properties":{},"geometry":{"type":"LineString","coordinates":[[-79.9250913,40.4588105],[-79.9250877,40.458856],[-79.9250694,40.4592331]]}},{"type":"Feature","id":null,"properties":{},"geometry":{"type":"LineString","coordinates":[[-79.9217222,40.4593376],[-79.9218806,40.4592399],[-79.9219171,40.4592155],[-79.9220048,40.4591637]]}},{"type":"Feature","id":null,"properties":{},"geometry":{"type":"LineString","coordinates":[[-79.9250677,40.459502],[-79.9250673,40.4593153],[-79.9250672,40.4592714],[-79.9250694,40.4592331]]}},{"type":"Feature","id":null,"properties":{},"geometry":{"type":"LineString","coordinates":[[-79.9464587,40.4386925],[-79.9464515,40.4388694]]}},{"type":"Feature","id":null,"properties":{},"geometry":{"type":"LineString","coordinates":[[-79.9467751,40.4396134],[-79.9467493,40.4395303],[-79.9467048,40.4393867],[-79.9466579,40.4392777],[-79.9465692,40.4390897],[-79.9465131,40.4389848],[-79.9464515,40.4388694]]}},{"type":"Feature","id":null,"properties":{},"geometry":{"type":"LineString","coordinates":[[-79.9467751,40.4396134],[-79.9467557,40.4396591],[-79.9467405,40.4397164],[-79.9467706,40.4398231],[-79.9468112,40.4399327],[-79.946855,40.4400368],[-79.9469017,40.4401183],[-79.9469651,40.4401904],[-79.9470438,40.4402348],[-79.9472498,40.4403589],[-79.9478678,40.440679],[-79.9480986,40.440785],[-79.9481911,40.4407889]]}},{"type":"Feature","id":null,"properties":{},"geometry":{"type":"LineString","coordinates":[[-79.9481911,40.4407889],[-79.9481766,40.4407458],[-79.9480909,40.4406725],[-79.9479025,40.4405508],[-79.9476683,40.4403968],[-79.9474081,40.4402075],[-79.947323,40.4401514],[-79.9471411,40.4399952],[-79.9469794,40.4398404],[-79.9468564,40.439686],[-79.946821,40.4396359],[-79.9467751,40.4396134]]}},{"type":"Feature","id":null,"properties":{},"geometry":{"type":"LineString","coordinates":[[-79.9483531,40.440878],[-79.9483018,40.4408498],[-79.9481911,40.4407889]]}},{"type":"Feature","id":null,"properties":{},"geometry":{"type":"LineString","coordinates":[[-79.949239,40.4413649],[-79.9483531,40.440878]]}},{"type":"Feature","id":null,"properties":{},"geometry":{"type":"LineString","coordinates":[[-79.9499438,40.4417538],[-79.949239,40.4413649]]}},{"type":"Feature","id":null,"properties":{},"geometry":{"type":"LineString","coordinates":[[-79.9516882,40.442381],[-79.9515683,40.442356],[-79.9515072,40.4423388],[-79.951446,40.4423216],[-79.9511395,40.4422351],[-79.9510456,40.4422086],[-79.9509214,40.4421722],[-79.9506726,40.4420993],[-79.9503485,40.4419718],[-79.9501272,40.4418533],[-79.950054,40.4418141],[-79.9499438,40.4417538]]}},{"type":"Feature","id":null,"properties":{},"geometry":{"type":"LineString","coordinates":[[-79.9526593,40.441803],[-79.9525953,40.4418962],[-79.9525726,40.4419315],[-79.9525243,40.4420033],[-79.9523953,40.4421483],[-79.9522671,40.4422662],[-79.9521808,40.442316],[-79.9521108,40.4423434],[-79.9520353,40.4423716],[-79.9519486,40.4423912],[-79.9519322,40.4423914],[-79.9518498,40.4423922],[-79.9517962,40.4423928],[-79.9517356,40.4423881],[-79.9516882,40.442381]]}},{"type":"Feature","id":null,"properties":{},"geometry":{"type":"LineString","coordinates":[[-79.9526593,40.441803],[-79.9527515,40.4418434],[-79.9527911,40.4418608],[-79.9529007,40.4419091],[-79.9530026,40.4419744],[-79.9530777,40.4420847],[-79.9531959,40.4423651],[-79.9532043,40.442383],[-79.953503,40.443086],[-79.9535474,40.4431909]]}},{"type":"Feature","id":null,"properties":{},"geometry":{"type":"LineString","coordinates":[[-79.9305606,40.4337489],[-79.9290981,40.4339369],[-79.9284697,40.4340212]]}},{"type":"Feature","id":null,"properties":{},"geometry":{"type":"LineString","coordinates":[[-79.9284697,40.4340212],[-79.9277215,40.4341098],[-79.9275967,40.4341373]]}},{"type":"Feature","id":null,"properties":{},"geometry":{"type":"LineString","coordinates":[[-79.9369307,40.433225],[-79.9370734,40.4333515],[-79.9372413,40.4334771],[-79.9373915,40.4335587],[-79.9375417,40.4336281],[-79.9377091,40.4336894],[-79.9378739,40.4337425],[-79.9381376,40.4337948],[-79.9383906,40.4338389],[-79.9402011,40.4341197],[-79.9425421,40.4344588],[-79.9434649,40.4344866],[-79.9437862,40.4345284],[-79.944048,40.4346022],[-79.9443839,40.4347264],[-79.9447755,40.4349373]]}},{"type":"Feature","id":null,"properties":{},"geometry":{"type":"LineString","coordinates":[[-79.9302637,40.4451973],[-79.9301859,40.4451617],[-79.9291736,40.4446992],[-79.9279851,40.4441423],[-79.9278978,40.4441014]]}},{"type":"Feature","id":null,"properties":{},"geometry":{"type":"LineString","coordinates":[[-79.9312021,40.4456313],[-79.9302637,40.4451973]]}},{"type":"Feature","id":null,"properties":{},"geometry":{"type":"LineString","coordinates":[[-79.9423979,40.4471765],[-79.9423378,40.4467124],[-79.9423087,40.4464717],[-79.9422545,40.4460027],[-79.9422811,40.4458991],[-79.9423624,40.445727],[-79.9424956,40.4454987],[-79.9426363,40.4452596],[-79.942691,40.4451686],[-79.942775,40.4450288],[-79.942876,40.4448691],[-79.942933,40.4447659],[-79.9429911,40.4446357]]}},{"type":"Feature","id":null,"properties":{},"geometry":{"type":"LineString","coordinates":[[-79.9372958,40.4478],[-79.9371273,40.4477504],[-79.9363817,40.4475311],[-79.9359214,40.4474061],[-79.9353562,40.4472435],[-79.9340147,40.4468597],[-79.9340086,40.446858],[-79.9333653,40.4465951],[-79.9323046,40.4461225],[-79.9314384,40.4457366],[-79.9312021,40.4456313]]}},{"type":"Feature","id":null,"properties":{},"geometry":{"type":"LineString","coordinates":[[-79.9424494,40.4474268],[-79.9424215,40.4473465],[-79.9423979,40.4471765]]}},{"type":"Feature","id":null,"properties":{},"geometry":{"type":"LineString","coordinates":[[-79.9430941,40.4510966],[-79.9430473,40.4509558],[-79.9430274,40.4508857],[-79.9430128,40.4508256],[-79.942919,40.4503252],[-79.9429014,40.4502311],[-79.9428667,40.450046],[-79.9428441,40.4499254],[-79.9428293,40.4498464],[-79.9428207,40.4498005],[-79.9427956,40.4496666],[-79.9427791,40.4495785],[-79.9427565,40.4494593],[-79.9427171,40.4492478],[-79.9427069,40.4491936],[-79.9426719,40.4490066],[-79.9426278,40.4486915],[-79.9426043,40.4485241],[-79.9425912,40.4484304],[-79.9425772,40.4483303],[-79.942485,40.4475298],[-79.9424759,40.4475034],[-79.9424494,40.4474268]]}},{"type":"Feature","id":null,"properties":{},"geometry":{"type":"LineString","coordinates":[[-79.9367177,40.4527497],[-79.9366859,40.4526927],[-79.9362378,40.4518935],[-79.9357551,40.451046],[-79.9356546,40.4508724],[-79.93555,40.4507006],[-79.9355158,40.4506429],[-79.935484,40.4505893],[-79.9353668,40.4503916],[-79.9352963,40.4502727],[-79.9351344,40.4499987],[-79.9350037,40.4497824],[-79.9346144,40.4491078],[-79.9345102,40.4489343],[-79.9342423,40.4484744],[-79.9342023,40.4484057]]}},{"type":"Feature","id":null,"properties":{},"geometry":{"type":"LineString","coordinates":[[-79.9859933,40.4410238],[-79.9858922,40.4410683],[-79.9850628,40.4414364],[-79.9849975,40.4414642],[-79.9849408,40.4414885],[-79.9843532,40.4417387],[-79.9840266,40.4418771],[-79.9838856,40.4419379],[-79.9838387,40.4419568],[-79.9833201,40.4421787],[-79.9832541,40.4422069]]}},{"type":"Feature","id":null,"properties":{},"geometry":{"type":"LineString","coordinates":[[-79.9832541,40.4422069],[-79.9832032,40.4422271],[-79.9829293,40.442336],[-79.9825688,40.4424886],[-79.9825151,40.4425135]]}},{"type":"Feature","id":null,"properties":{},"geometry":{"type":"LineString","coordinates":[[-79.9825151,40.4425135],[-79.9824425,40.4425435],[-79.9813335,40.4430167],[-79.9811187,40.4431082],[-79.9808791,40.4432075],[-79.9807537,40.4432892],[-79.980681,40.4433511],[-79.9806527,40.4433752],[-79.9805682,40.4434472],[-79.9805119,40.4434938],[-79.9804033,40.4435836],[-79.9803506,40.443626]]}},{"type":"Feature","id":null,"properties":{},"geometry":{"type":"LineString","coordinates":[[-79.9803506,40.443626],[-79.9802863,40.4436796],[-79.9801522,40.4437793],[-79.9800016,40.4438781]]}},{"type":"Feature","id":null,"properties":{},"geometry":{"type":"LineString","coordinates":[[-79.9800016,40.4438781],[-79.9796151,40.4440426],[-79.9792346,40.4442039],[-79.9788945,40.4443495],[-79.9785505,40.4444965],[-79.978484,40.4445254],[-79.977486,40.4449494],[-79.977419,40.4449781],[-79.9767036,40.4452765],[-79.9766547,40.4452956],[-79.9766299,40.4453025],[-79.9766051,40.4453069],[-79.9765695,40.4453081],[-79.9763362,40.4452943],[-79.976217,40.4452837]]}},{"type":"Feature","id":null,"properties":{},"geometry":{"type":"LineString","coordinates":[[-79.9707806,40.4454202],[-79.9705979,40.4454746]]}},{"type":"Feature","id":null,"properties":{},"geometry":{"type":"LineString","coordinates":[[-79.976217,40.4452837],[-79.9761253,40.4452819],[-79.9759036,40.4452698],[-79.974633,40.445212],[-79.9740566,40.4451838],[-79.973969,40.4451794],[-79.9739059,40.4452061],[-79.9726372,40.4457535],[-79.9725148,40.4457805],[-79.9724491,40.4457905],[-79.9722582,40.4457664],[-79.9720875,40.4457219],[-79.9719113,40.4456804],[-79.9710878,40.4454691],[-79.9710355,40.4454608],[-79.9707806,40.4454202]]}},{"type":"Feature","id":null,"properties":{},"geometry":{"type":"LineString","coordinates":[[-79.9705979,40.4454746],[-79.9703517,40.4455639],[-79.9701445,40.4456433],[-79.969904,40.4457317],[-79.9695199,40.4458747],[-79.9692981,40.4459548],[-79.9689605,40.4460907],[-79.968867,40.4461531],[-79.9686529,40.4463017],[-79.968403,40.4464754],[-79.9677667,40.4469192],[-79.9676105,40.4470255],[-79.9675283,40.4470869],[-79.9674911,40.4471148],[-79.9674117,40.4471692],[-79.9667754,40.4476054],[-79.9667155,40.4476464],[-79.9666428,40.4476969],[-79.9665521,40.44776],[-79.9652905,40.4486321],[-79.9651138,40.4487602],[-79.9649936,40.4488064],[-79.9648788,40.4488506]]}},{"type":"Feature","id":null,"properties":{},"geometry":{"type":"LineString","coordinates":[[-79.9637146,40.4488781],[-79.9622914,40.4488745],[-79.9616436,40.4487589],[-79.9615429,40.4487409]]}},{"type":"Feature","id":null,"properties":{},"geometry":{"type":"LineString","coordinates":[[-79.9648788,40.4488506],[-79.9647668,40.4488698],[-79.9647122,40.4488791],[-79.9644363,40.4488799]]}},{"type":"Feature","id":null,"properties":{},"geometry":{"type":"LineString","coordinates":[[-79.953786,40.44361],[-79.9537166,40.4435225],[-79.9536382,40.4434001],[-79.9535963,40.4432929],[-79.9535474,40.4431909]]}},{"type":"Feature","id":null,"properties":{},"geometry":{"type":"LineString","coordinates":[[-79.9544312,40.4441376],[-79.9543788,40.4440962],[-79.9541722,40.4439284],[-79.9540606,40.4438359],[-79.9538625,40.4436839],[-79.953786,40.44361]]}},{"type":"Feature","id":null,"properties":{},"geometry":{"type":"LineString","coordinates":[[-79.954785,40.4444185],[-79.9546696,40.4443278],[-79.9544312,40.4441376]]}},{"type":"Feature","id":null,"properties":{},"geometry":{"type":"LineString","coordinates":[[-79.9554368,40.4449513],[-79.9553976,40.4449193],[-79.9553833,40.4449076],[-79.9548978,40.4445102],[-79.954785,40.4444185]]}},{"type":"Feature","id":null,"properties":{},"geometry":{"type":"LineString","coordinates":[[-79.9560423,40.445441],[-79.9554368,40.4449513]]}},{"type":"Feature","id":null,"properties":{},"geometry":{"type":"LineString","coordinates":[[-79.9563859,40.4457173],[-79.956323,40.4456667],[-79.9560423,40.445441]]}},{"type":"Feature","id":null,"properties":{},"geometry":{"type":"LineString","coordinates":[[-79.9563859,40.4457173],[-79.9563159,40.4457676],[-79.956261,40.445807],[-79.9560778,40.4459386],[-79.9558751,40.4460842],[-79.9555818,40.4462948],[-79.9555355,40.4463281]]}},{"type":"Feature","id":null,"properties":{},"geometry":{"type":"LineString","coordinates":[[-79.9555355,40.4463281],[-79.9548249,40.4468431],[-79.9547902,40.4468683],[-79.9540429,40.4474162],[-79.9537478,40.4476266]]}},{"type":"Feature","id":null,"properties":{},"geometry":{"type":"LineString","coordinates":[[-79.9489816,40.4469408],[-79.9490486,40.4470517],[-79.9490915,40.4471228],[-79.9492636,40.447408],[-79.9493399,40.4475345],[-79.9493664,40.4475776],[-79.9494185,40.4476622],[-79.9495451,40.4478722],[-79.9495899,40.4479436],[-79.9496274,40.4480059],[-79.9496952,40.4481185]]}},{"type":"Feature","id":null,"properties":{},"geometry":{"type":"LineString","coordinates":[[-79.9537478,40.4476266],[-79.9536768,40.4476779],[-79.9534602,40.4478343],[-79.9532348,40.4479986],[-79.9530671,40.4481228],[-79.9528251,40.4482984],[-79.9527322,40.4483658]]}},{"type":"Feature","id":null,"properties":{},"geometry":{"type":"LineString","coordinates":[[-79.9615429,40.4487409],[-79.9601938,40.4484888],[-79.9594992,40.4483545],[-79.9591762,40.4483197],[-79.9590558,40.4483281],[-79.9589013,40.448338],[-79.9588341,40.4483444],[-79.9587207,40.44837]]}},{"type":"Feature","id":null,"properties":{},"geometry":{"type":"LineString","coordinates":[[-79.9587207,40.44837],[-79.9585415,40.4484368],[-79.958365,40.4485092],[-79.9579797,40.4487793],[-79.9577523,40.4489276]]}},{"type":"Feature","id":null,"properties":{},"geometry":{"type":"LineString","coordinates":[[-79.9496952,40.4481185],[-79.9497317,40.4481769],[-79.9498817,40.4484173],[-79.9499894,40.4485897],[-79.9504727,40.4493639],[-79.9505341,40.4494623],[-79.9506424,40.4496359],[-79.9506879,40.4497134],[-79.9507475,40.4498042]]}},{"type":"Feature","id":null,"properties":{},"geometry":{"type":"LineString","coordinates":[[-79.9527322,40.4483658],[-79.9526406,40.4484318],[-79.9525174,40.4485207],[-79.9522882,40.4486859],[-79.9521547,40.4487821],[-79.951916,40.4489544],[-79.951856,40.4489974],[-79.9517884,40.4490446],[-79.9512023,40.4494537],[-79.9511643,40.449483],[-79.9509794,40.4496255],[-79.9508635,40.4497149],[-79.9508124,40.4497542],[-79.9507475,40.4498042]]}},{"type":"Feature","id":null,"properties":{},"geometry":{"type":"LineString","coordinates":[[-79.9537478,40.4476266],[-79.9538116,40.447677],[-79.9542837,40.4480512],[-79.9548255,40.4484881],[-79.9553866,40.4489326],[-79.9554605,40.449004],[-79.955487,40.4490357],[-79.9555088,40.449069],[-79.9555503,40.4491432],[-79.9555641,40.4491743],[-79.9555684,40.4491962],[-79.95558,40.4492432],[-79.9555802,40.4492823],[-79.9555762,40.4493184],[-79.9555695,40.4493546],[-79.9555579,40.4493892],[-79.9555158,40.4495013],[-79.9554368,40.4496965],[-79.9554147,40.4497509],[-79.9552661,40.4501179],[-79.9552316,40.4502032],[-79.9550508,40.4506418],[-79.9550148,40.4507315],[-79.9549411,40.4509149]]}},{"type":"Feature","id":null,"properties":{},"geometry":{"type":"LineString","coordinates":[[-79.9577523,40.4489276],[-79.9575261,40.4490799],[-79.9568959,40.4495204],[-79.9567325,40.4496346]]}},{"type":"Feature","id":null,"properties":{},"geometry":{"type":"LineString","coordinates":[[-79.9567325,40.4496346],[-79.9550859,40.4508114],[-79.9549411,40.4509149]]}},{"type":"Feature","id":null,"properties":{},"geometry":{"type":"LineString","coordinates":[[-79.9507475,40.4498042],[-79.9507745,40.4498487],[-79.9510267,40.4502637],[-79.9510895,40.450367],[-79.9512397,40.4506142],[-79.9512546,40.4506387],[-79.9515699,40.4511592]]}},{"type":"Feature","id":null,"properties":{},"geometry":{"type":"LineString","coordinates":[[-79.9549411,40.4509149],[-79.9547848,40.4510266],[-79.9546962,40.4510899],[-79.9540443,40.4512886]]}},{"type":"Feature","id":null,"properties":{},"geometry":{"type":"LineString","coordinates":[[-79.9515699,40.4511592],[-79.9516792,40.4513375]]}},{"type":"Feature","id":null,"properties":{},"geometry":{"type":"LineString","coordinates":[[-79.9540443,40.4512886],[-79.9534153,40.4514729],[-79.9533454,40.4514934]]}},{"type":"Feature","id":null,"properties":{},"geometry":{"type":"LineString","coordinates":[[-79.9516792,40.4513375],[-79.9517848,40.4515113]]}},{"type":"Feature","id":null,"properties":{},"geometry":{"type":"LineString","coordinates":[[-79.9517848,40.4515113],[-79.9518208,40.4515705],[-79.9518582,40.4516322]]}},{"type":"Feature","id":null,"properties":{},"geometry":{"type":"LineString","coordinates":[[-79.9533454,40.4514934],[-79.953279,40.4515132],[-79.9526951,40.4516876],[-79.952624,40.4517089],[-79.9524759,40.4517518]]}},{"type":"Feature","id":null,"properties":{},"geometry":{"type":"LineString","coordinates":[[-79.9518582,40.4516322],[-79.9519742,40.4518229],[-79.9520154,40.4518907]]}},{"type":"Feature","id":null,"properties":{},"geometry":{"type":"LineString","coordinates":[[-79.9524759,40.4517518],[-79.9520996,40.4518653],[-79.9520154,40.4518907]]}},{"type":"Feature","id":null,"properties":{},"geometry":{"type":"LineString","coordinates":[[-79.9520154,40.4518907],[-79.9518968,40.4519261],[-79.9514731,40.4520527]]}},{"type":"Feature","id":null,"properties":{},"geometry":{"type":"LineString","coordinates":[[-79.9520154,40.4518907],[-79.952068,40.4519732],[-79.9522439,40.4522488]]}},{"type":"Feature","id":null,"properties":{},"geometry":{"type":"LineString","coordinates":[[-79.9514731,40.4520527],[-79.9512819,40.4521113],[-79.9511361,40.4521559]]}},{"type":"Feature","id":null,"properties":{},"geometry":{"type":"LineString","coordinates":[[-79.9511361,40.4521559],[-79.951024,40.4521883],[-79.9509294,40.4522168],[-79.950856,40.452237]]}},{"type":"Feature","id":null,"properties":{},"geometry":{"type":"LineString","coordinates":[[-79.9432459,40.4515535],[-79.9430941,40.4510966]]}},{"type":"Feature","id":null,"properties":{},"geometry":{"type":"LineString","coordinates":[[-79.943347,40.4518092],[-79.9433212,40.4517479],[-79.94327,40.451626],[-79.9432459,40.4515535]]}},{"type":"Feature","id":null,"properties":{},"geometry":{"type":"LineString","coordinates":[[-79.9371629,40.453518],[-79.9371377,40.4534763],[-79.9371005,40.4534148],[-79.936753,40.4528112],[-79.9367177,40.4527497]]}},{"type":"Feature","id":null,"properties":{},"geometry":{"type":"LineString","coordinates":[[-79.9374849,40.4540822],[-79.9374521,40.4540247],[-79.9371629,40.453518]]}},{"type":"Feature","id":null,"properties":{},"geometry":{"type":"LineString","coordinates":[[-79.9435208,40.4544159],[-79.9434396,40.4544454],[-79.9433756,40.4544723]]}},{"type":"Feature","id":null,"properties":{},"geometry":{"type":"LineString","coordinates":[[-79.9433756,40.4544723],[-79.9430611,40.4545643]]}},{"type":"Feature","id":null,"properties":{},"geometry":{"type":"LineString","coordinates":[[-79.9430611,40.4545643],[-79.942633,40.4547042]]}},{"type":"Feature","id":null,"properties":{},"geometry":{"type":"LineString","coordinates":[[-79.942633,40.4547042],[-79.9424084,40.4547673],[-79.9415567,40.4550249],[-79.9414726,40.4550504]]}},{"type":"Feature","id":null,"properties":{},"geometry":{"type":"LineString","coordinates":[[-79.9385892,40.4559111],[-79.9385481,40.4558479],[-79.9383745,40.4555536],[-79.9382339,40.4553135],[-79.9380769,40.4550544],[-79.9379808,40.4548957],[-79.937765,40.4545417],[-79.9374849,40.4540822]]}},{"type":"Feature","id":null,"properties":{},"geometry":{"type":"LineString","coordinates":[[-79.9414726,40.4550504],[-79.9414008,40.4550696],[-79.9407933,40.4552514],[-79.9405366,40.4553269],[-79.9405053,40.4553367],[-79.9403675,40.4553784],[-79.939736,40.4555617],[-79.9397014,40.455572],[-79.9392103,40.4557228],[-79.9391606,40.4557358],[-79.9386832,40.4558807],[-79.9385892,40.4559111]]}},{"type":"Feature","id":null,"properties":{},"geometry":{"type":"LineString","coordinates":[[-79.950856,40.452237],[-79.9507778,40.4522624],[-79.9499333,40.4525148],[-79.9499214,40.4525184],[-79.9497894,40.4525583],[-79.9496945,40.452587]]}},{"type":"Feature","id":null,"properties":{},"geometry":{"type":"LineString","coordinates":[[-79.9496945,40.452587],[-79.9495766,40.4526218],[-79.9490784,40.4527686],[-79.9487898,40.4528526],[-79.9475868,40.4532171],[-79.9474413,40.4532612],[-79.9473554,40.4532872]]}},{"type":"Feature","id":null,"properties":{},"geometry":{"type":"LineString","coordinates":[[-79.9444362,40.4541589],[-79.9443992,40.4541013],[-79.9442925,40.4538878],[-79.9441053,40.4535067],[-79.9438958,40.4530873],[-79.9437318,40.452765],[-79.943695,40.4526988],[-79.9436569,40.4526302],[-79.9435633,40.4523861],[-79.9434103,40.4519779],[-79.9433699,40.4518702],[-79.943347,40.4518092]]}},{"type":"Feature","id":null,"properties":{},"geometry":{"type":"LineString","coordinates":[[-79.9522439,40.4522488],[-79.9522552,40.452266],[-79.9523282,40.4523777],[-79.9527111,40.4529886],[-79.9530127,40.4534699],[-79.9531828,40.4537413],[-79.9532487,40.4538464],[-79.9533431,40.4539971]]}},{"type":"Feature","id":null,"properties":{},"geometry":{"type":"LineString","coordinates":[[-79.9473554,40.4532872],[-79.9472494,40.4533197],[-79.9470448,40.4533825],[-79.9465542,40.4535331],[-79.9465155,40.453546],[-79.9463807,40.4535908],[-79.9460491,40.4536838],[-79.9458729,40.4537332],[-79.9452984,40.4539131],[-79.9452335,40.4539334],[-79.9445171,40.4541432],[-79.9444362,40.4541589]]}},{"type":"Feature","id":null,"properties":{},"geometry":{"type":"LineString","coordinates":[[-79.9549411,40.4509149],[-79.9548933,40.4510267],[-79.9545975,40.4517196],[-79.9545839,40.4517521],[-79.9544552,40.4520607],[-79.9544447,40.4520859],[-79.9544017,40.4521889],[-79.954218,40.4526295],[-79.9541442,40.4528064],[-79.9541258,40.4528536],[-79.9540582,40.4530494],[-79.9540581,40.4530704],[-79.9540577,40.4532446],[-79.9541094,40.4534371],[-79.9543207,40.4538603],[-79.9544481,40.4543179],[-79.9545494,40.4546819],[-79.9546901,40.4551875],[-79.9547616,40.4554444],[-79.955048,40.4564735],[-79.9550604,40.4565179],[-79.9550836,40.4568359]]}},{"type":"Feature","id":null,"properties":{},"geometry":{"type":"LineString","coordinates":[[-79.9444362,40.4541589],[-79.9443628,40.4541784],[-79.9439307,40.4542919],[-79.9435208,40.4544159]]}},{"type":"Feature","id":null,"properties":{},"geometry":{"type":"LineString","coordinates":[[-79.9447875,40.4545346],[-79.9444958,40.4542297],[-79.9444362,40.4541589]]}},{"type":"Feature","id":null,"properties":{},"geometry":{"type":"LineString","coordinates":[[-79.944931,40.4546846],[-79.9447875,40.4545346]]}},{"type":"Feature","id":null,"properties":{},"geometry":{"type":"LineString","coordinates":[[-79.9452126,40.454979],[-79.945128,40.4548905],[-79.944931,40.4546846]]}},{"type":"Feature","id":null,"properties":{},"geometry":{"type":"LineString","coordinates":[[-79.9644363,40.4488799],[-79.9637146,40.4488781]]}},{"type":"Feature","id":null,"properties":{},"geometry":{"type":"LineString","coordinates":[[-79.9648788,40.4488506],[-79.9649317,40.4489337],[-79.9649553,40.4489708],[-79.9653093,40.4498558],[-79.9653627,40.4501071],[-79.9653292,40.4502532],[-79.9652825,40.4503989],[-79.9651885,40.4505544],[-79.9650494,40.4507774],[-79.9649392,40.4509677],[-79.9649385,40.4509689],[-79.9643641,40.4519316],[-79.9643311,40.452104],[-79.9643605,40.452278]]}},{"type":"Feature","id":null,"properties":{},"geometry":{"type":"LineString","coordinates":[[-79.9643605,40.452278],[-79.9648765,40.4528284],[-79.9649243,40.4528795]]}},{"type":"Feature","id":null,"properties":{},"geometry":{"type":"LineString","coordinates":[[-79.9649243,40.4528795],[-79.9649657,40.452925]]}},{"type":"Feature","id":null,"properties":{},"geometry":{"type":"LineString","coordinates":[[-79.9649657,40.452925],[-79.9650162,40.4529783],[-79.9650744,40.4530397],[-79.9656486,40.4536459],[-79.9657533,40.4537676],[-79.9658133,40.4538997],[-79.9658774,40.4543269],[-79.9658963,40.4544453],[-79.965952,40.4548412],[-79.9659953,40.4551454],[-79.9660092,40.4552406]]}},{"type":"Feature","id":null,"properties":{},"geometry":{"type":"LineString","coordinates":[[-79.9660092,40.4552406],[-79.9660459,40.4554027]]}},{"type":"Feature","id":null,"properties":{},"geometry":{"type":"LineString","coordinates":[[-79.9660459,40.4554027],[-79.9660545,40.4555062],[-79.9660507,40.4555334],[-79.9660468,40.4555606],[-79.9660128,40.4556603]]}},{"type":"Feature","id":null,"properties":{},"geometry":{"type":"LineString","coordinates":[[-79.9660128,40.4556603],[-79.9659822,40.455717]]}},{"type":"Feature","id":null,"properties":{},"geometry":{"type":"LineString","coordinates":[[-79.9659822,40.455717],[-79.9659559,40.4557729]]}},{"type":"Feature","id":null,"properties":{},"geometry":{"type":"LineString","coordinates":[[-79.9713646,40.4597996],[-79.9713069,40.4597478],[-79.9710249,40.4595154],[-79.9709397,40.4594478],[-79.9708273,40.4593582],[-79.9707425,40.4592872],[-79.9706847,40.4592401]]}},{"type":"Feature","id":null,"properties":{},"geometry":{"type":"LineString","coordinates":[[-79.9720786,40.4603918],[-79.9714259,40.4598472],[-79.9713646,40.4597996]]}},{"type":"Feature","id":null,"properties":{},"geometry":{"type":"LineString","coordinates":[[-79.9699419,40.4607662],[-79.9700017,40.460725],[-79.9705927,40.4603303],[-79.9709694,40.4600657],[-79.971097,40.4599807],[-79.9712641,40.4598556],[-79.9713646,40.4597996]]}},{"type":"Feature","id":null,"properties":{},"geometry":{"type":"LineString","coordinates":[[-79.9699419,40.4607662],[-79.9698889,40.4608036],[-79.9691237,40.4613447],[-79.9688299,40.4615469]]}},{"type":"Feature","id":null,"properties":{},"geometry":{"type":"LineString","coordinates":[[-79.9688299,40.4615469],[-79.9687591,40.4615932],[-79.9687298,40.4616128]]}},{"type":"Feature","id":null,"properties":{},"geometry":{"type":"LineString","coordinates":[[-79.9687298,40.4616128],[-79.9687119,40.4616251],[-79.9679975,40.4621126],[-79.9676632,40.4623363]]}},{"type":"Feature","id":null,"properties":{},"geometry":{"type":"LineString","coordinates":[[-79.9676632,40.4623363],[-79.9674225,40.4625064],[-79.9673175,40.4625788]]}},{"type":"Feature","id":null,"properties":{},"geometry":{"type":"LineString","coordinates":[[-79.979414,40.4646093],[-79.978821,40.4643591],[-79.9782482,40.4640843],[-79.9772492,40.4636445],[-79.9765158,40.4633201],[-79.9753098,40.4627865],[-79.9749164,40.4626146],[-79.9745629,40.4624589],[-79.974486,40.4624159],[-79.9743924,40.4623598],[-79.9743224,40.4623041],[-79.9741949,40.462198],[-79.9737176,40.4617893],[-79.9732387,40.4613893],[-79.9729774,40.4611666],[-79.972571,40.4608201],[-79.9723003,40.4605894],[-79.9720786,40.4603918]]}},{"type":"Feature","id":null,"properties":{},"geometry":{"type":"LineString","coordinates":[[-79.9673175,40.4625788],[-79.9672764,40.4626122],[-79.9672406,40.4626385],[-79.9672139,40.4626569]]}},{"type":"Feature","id":null,"properties":{},"geometry":{"type":"LineString","coordinates":[[-79.9672139,40.4626569],[-79.9671145,40.4628563],[-79.9664205,40.4638082],[-79.9663188,40.4639728]]}},{"type":"Feature","id":null,"properties":{},"geometry":{"type":"LineString","coordinates":[[-79.9672139,40.4626569],[-79.9671652,40.4626897],[-79.96699,40.4627975],[-79.9667774,40.4629513],[-79.9656567,40.4637071],[-79.9653594,40.4639056],[-79.9652136,40.4639688],[-79.9650424,40.4640069]]}},{"type":"Feature","id":null,"properties":{},"geometry":{"type":"LineString","coordinates":[[-79.9152172,40.4530115],[-79.9152122,40.453072],[-79.9152128,40.4531307],[-79.9152216,40.4531817],[-79.9152389,40.4532519],[-79.915313,40.453552],[-79.9153299,40.4536202]]}},{"type":"Feature","id":null,"properties":{},"geometry":{"type":"LineString","coordinates":[[-79.8858465,40.4540101],[-79.8857328,40.4540162],[-79.8856559,40.4540204],[-79.885572,40.4540314],[-79.8852044,40.4540795],[-79.8850259,40.4541052],[-79.8847499,40.454139],[-79.8843747,40.4541882],[-79.8815702,40.4545985],[-79.8814198,40.4545893],[-79.8806996,40.4546994]]}},{"type":"Feature","id":null,"properties":{},"geometry":{"type":"LineString","coordinates":[[-79.8907529,40.4541108],[-79.8907268,40.4541776],[-79.8907155,40.4542066],[-79.8905702,40.4545785],[-79.8903894,40.455044]]}},{"type":"Feature","id":null,"properties":{},"geometry":{"type":"LineString","coordinates":[[-79.9062874,40.4541222],[-79.9062209,40.4542185],[-79.9057772,40.4548217],[-79.9057489,40.4548602],[-79.9055445,40.455144]]}},{"type":"Feature","id":null,"properties":{},"geometry":{"type":"LineString","coordinates":[[-79.8939935,40.4558743],[-79.892385,40.4554973],[-79.8923311,40.455485],[-79.8922635,40.4554696],[-79.8921913,40.4554532],[-79.8921512,40.4554441],[-79.8904578,40.4550596],[-79.8903894,40.455044],[-79.8903084,40.4550256],[-79.8890285,40.4547349],[-79.8885311,40.4546205],[-79.8884601,40.4546042],[-79.8883815,40.4545865],[-79.8878918,40.4544772],[-79.8873149,40.4543456],[-79.8868679,40.4542437],[-79.8868003,40.4542283],[-79.886734,40.4542132],[-79.8858465,40.4540101]]}},{"type":"Feature","id":null,"properties":{},"geometry":{"type":"LineString","coordinates":[[-79.8806996,40.4546994],[-79.8803897,40.4548038],[-79.8801484,40.4549459],[-79.8800288,40.4550354],[-79.8798438,40.4552214]]}},{"type":"Feature","id":null,"properties":{},"geometry":{"type":"LineString","coordinates":[[-79.9055445,40.455144],[-79.9055191,40.4551792]]}},{"type":"Feature","id":null,"properties":{},"geometry":{"type":"LineString","coordinates":[[-79.9055191,40.4551792],[-79.905411,40.4553293]]}},{"type":"Feature","id":null,"properties":{},"geometry":{"type":"LineString","coordinates":[[-79.905411,40.4553293],[-79.9052707,40.4555241]]}},{"type":"Feature","id":null,"properties":{},"geometry":{"type":"LineString","coordinates":[[-79.9052707,40.4555241],[-79.9052184,40.4555982],[-79.9050559,40.455827],[-79.9050275,40.4558686],[-79.9047991,40.4561994],[-79.9047476,40.4562739]]}},{"type":"Feature","id":null,"properties":{},"geometry":{"type":"LineString","coordinates":[[-79.8798438,40.4552214],[-79.8787358,40.4561987],[-79.8779099,40.4569271],[-79.8776785,40.457115]]}},{"type":"Feature","id":null,"properties":{},"geometry":{"type":"LineString","coordinates":[[-79.9014805,40.4575651],[-79.9014085,40.4575487],[-79.8989667,40.4569934],[-79.8989017,40.4569786],[-79.8988318,40.4569627],[-79.8985468,40.4568979],[-79.8983621,40.4568575],[-79.8971964,40.456591],[-79.8971084,40.4565705],[-79.8967317,40.4564893],[-79.8966538,40.4564716],[-79.8965772,40.4564543],[-79.8961318,40.4563491],[-79.8945861,40.4559999],[-79.8945032,40.4559812],[-79.894417,40.4559615],[-79.8939935,40.4558743]]}},{"type":"Feature","id":null,"properties":{},"geometry":{"type":"LineString","coordinates":[[-79.9047476,40.4562739],[-79.9047194,40.4563459],[-79.9045647,40.456742],[-79.9044266,40.4571142],[-79.9044136,40.4571495],[-79.9043907,40.4572111],[-79.9043644,40.4572764],[-79.9043525,40.4573059],[-79.9042031,40.4576769],[-79.9041057,40.4579396],[-79.9040725,40.4580038]]}},{"type":"Feature","id":null,"properties":{},"geometry":{"type":"LineString","coordinates":[[-79.9019908,40.4576794],[-79.9015505,40.4575808],[-79.9014805,40.4575651]]}},{"type":"Feature","id":null,"properties":{},"geometry":{"type":"LineString","coordinates":[[-79.902075,40.4576983],[-79.9019908,40.4576794]]}},{"type":"Feature","id":null,"properties":{},"geometry":{"type":"LineString","coordinates":[[-79.9038932,40.4579764],[-79.9038466,40.4579693],[-79.9036891,40.4579452],[-79.902075,40.4576983]]}},{"type":"Feature","id":null,"properties":{},"geometry":{"type":"LineString","coordinates":[[-79.9040725,40.4580038],[-79.9038932,40.4579764]]}},{"type":"Feature","id":null,"properties":{},"geometry":{"type":"LineString","coordinates":[[-79.9045537,40.4580876],[-79.9040725,40.4580038]]}},{"type":"Feature","id":null,"properties":{},"geometry":{"type":"LineString","coordinates":[[-79.9049887,40.4581543],[-79.9045537,40.4580876]]}},{"type":"Feature","id":null,"properties":{},"geometry":{"type":"LineString","coordinates":[[-79.9174112,40.4574803],[-79.9173522,40.4575293],[-79.9167736,40.4580102],[-79.916661,40.4581571],[-79.9165805,40.4583939],[-79.9165674,40.4584224],[-79.9164571,40.4586632],[-79.9163725,40.4588103]]}},{"type":"Feature","id":null,"properties":{},"geometry":{"type":"LineString","coordinates":[[-79.9391656,40.4563559],[-79.9387448,40.4561204],[-79.9386412,40.4559832],[-79.9385892,40.4559111]]}},{"type":"Feature","id":null,"properties":{},"geometry":{"type":"LineString","coordinates":[[-79.9385892,40.4559111],[-79.9384909,40.4559392],[-79.9379045,40.4561187],[-79.9373454,40.4562874],[-79.9371684,40.4563396],[-79.9367108,40.4564675],[-79.9365285,40.4565227],[-79.9364509,40.4565462]]}},{"type":"Feature","id":null,"properties":{},"geometry":{"type":"LineString","coordinates":[[-79.939648,40.4566258],[-79.9395072,40.4565657],[-79.9392552,40.456406],[-79.9391656,40.4563559]]}},{"type":"Feature","id":null,"properties":{},"geometry":{"type":"LineString","coordinates":[[-79.9364509,40.4565462],[-79.93641,40.4565586],[-79.9360163,40.4566751],[-79.9357678,40.4567488],[-79.9353828,40.456863],[-79.9352981,40.4568881],[-79.9346354,40.4570832]]}},{"type":"Feature","id":null,"properties":{},"geometry":{"type":"LineString","coordinates":[[-79.9346354,40.4570832],[-79.9344437,40.4571416]]}},{"type":"Feature","id":null,"properties":{},"geometry":{"type":"LineString","coordinates":[[-79.9344437,40.4571416],[-79.9341399,40.4572317],[-79.9340364,40.4572624]]}},{"type":"Feature","id":null,"properties":{},"geometry":{"type":"LineString","coordinates":[[-79.9340364,40.4572624],[-79.9339518,40.4572862],[-79.9335999,40.457388]]}},{"type":"Feature","id":null,"properties":{},"geometry":{"type":"LineString","coordinates":[[-79.9341816,40.4576474],[-79.9341733,40.4575964],[-79.934161,40.4575211],[-79.9341108,40.4573927],[-79.93408,40.4573384],[-79.9340364,40.4572624]]}},{"type":"Feature","id":null,"properties":{},"geometry":{"type":"LineString","coordinates":[[-79.933797,40.4583657],[-79.9338651,40.4582623],[-79.9340523,40.457978],[-79.9341258,40.4578444],[-79.9341665,40.4577151],[-79.9341816,40.4576474]]}},{"type":"Feature","id":null,"properties":{},"geometry":{"type":"LineString","coordinates":[[-79.9335999,40.457388],[-79.9329422,40.4575974],[-79.9325334,40.4577183],[-79.931983,40.4578828],[-79.9319649,40.4578884],[-79.9318447,40.4579275],[-79.9309395,40.4581953],[-79.9308621,40.4582173],[-79.9306612,40.4582768],[-79.9301397,40.4584339],[-79.9299603,40.4584857],[-79.9293514,40.4586695]]}},{"type":"Feature","id":null,"properties":{},"geometry":{"type":"LineString","coordinates":[[-79.9062977,40.458354],[-79.9060719,40.458316],[-79.9056562,40.4582595],[-79.9049887,40.4581543]]}},{"type":"Feature","id":null,"properties":{},"geometry":{"type":"LineString","coordinates":[[-79.9065234,40.4583921],[-79.9062977,40.458354]]}},{"type":"Feature","id":null,"properties":{},"geometry":{"type":"LineString","coordinates":[[-79.908031,40.4586804],[-79.9079321,40.4586559],[-79.9078287,40.4586306],[-79.9076207,40.4585873],[-79.9072863,40.4585178],[-79.9071709,40.4584979],[-79.9067538,40.4584309],[-79.9065234,40.4583921]]}},{"type":"Feature","id":null,"properties":{},"geometry":{"type":"LineString","coordinates":[[-79.9163725,40.4588103],[-79.9161567,40.4591857]]}},{"type":"Feature","id":null,"properties":{},"geometry":{"type":"MultiLineString","coordinates":[[[-79.8776785,40.457115],[-79.8772158,40.4573859],[-79.8767394,40.4576465],[-79.875919,40.4581165],[-79.8756963,40.4582645],[-79.875412,40.4584757],[-79.8751588,40.4586785],[-79.87417365170333,40.45955621570762]],[[-79.87411590229253,40.459607667418126],[-79.8738906,40.4598084],[-79.87371968931747,40.45995494483488]],[[-79.87288258629242,40.46061417808964],[-79.872674639459,40.46072807588916]],[[-79.8726733903679,40.460728752002694],[-79.87263529469669,40.46074682223463]],[[-79.8724341601326,40.46083492985342],[-79.8724328003867,40.46083539187368]]]}},{"type":"Feature","id":null,"properties":{},"geometry":{"type":"LineString","coordinates":[[-79.9160085,40.4594513],[-79.9161567,40.4591857]]}},{"type":"Feature","id":null,"properties":{},"geometry":{"type":"LineString","coordinates":[[-79.9137526,40.4604196],[-79.9133798,40.4602887],[-79.9129627,40.4601459],[-79.9124572,40.459973],[-79.9123863,40.4599493],[-79.9117826,40.4597494],[-79.9114063,40.4596231],[-79.9113738,40.4596122],[-79.9113129,40.4595918],[-79.9109374,40.4594658],[-79.9108512,40.4594382],[-79.9105406,40.4593367],[-79.9099292,40.4591547],[-79.9093619,40.4589709],[-79.9091707,40.4589235],[-79.909102,40.4589065],[-79.9090509,40.4588961],[-79.9087118,40.458827],[-79.9086375,40.4588119],[-79.9085024,40.4587844],[-79.9082812,40.4587392],[-79.9081261,40.4587067],[-79.908031,40.4586804]]}},{"type":"Feature","id":null,"properties":{},"geometry":{"type":"LineString","coordinates":[[-79.9160085,40.4594513],[-79.9158942,40.4596396],[-79.9158211,40.459772],[-79.9157915,40.4598247],[-79.9157745,40.4598553]]}},{"type":"Feature","id":null,"properties":{},"geometry":{"type":"LineString","coordinates":[[-79.9158947,40.4608082],[-79.915881,40.4606979],[-79.9157456,40.4601656],[-79.9157428,40.4600642],[-79.915749,40.4599573],[-79.9157523,40.4599433],[-79.9157745,40.4598553]]}},{"type":"Feature","id":null,"properties":{},"geometry":{"type":"LineString","coordinates":[[-79.9157745,40.4598553],[-79.9157106,40.4599323],[-79.915679,40.4599703],[-79.9156471,40.4600469],[-79.9155988,40.4602102],[-79.9156042,40.4603489],[-79.9156131,40.4603895],[-79.915678,40.4606868],[-79.9156868,40.4607269],[-79.9157107,40.4608298]]}},{"type":"Feature","id":null,"properties":{},"geometry":{"type":"LineString","coordinates":[[-79.9208086,40.4598158],[-79.9209387,40.4597072],[-79.9215189,40.4594357],[-79.9216547,40.4593752],[-79.9217222,40.4593376]]}},{"type":"Feature","id":null,"properties":{},"geometry":{"type":"LineString","coordinates":[[-79.9250441,40.4599447],[-79.9250463,40.4599279],[-79.9250603,40.4598236],[-79.9250615,40.4597724],[-79.9250677,40.459502]]}},{"type":"Feature","id":null,"properties":{},"geometry":{"type":"LineString","coordinates":[[-79.9249742,40.4604427],[-79.9250253,40.4600884],[-79.9250273,40.4600725],[-79.9250414,40.4599632],[-79.9250441,40.4599447]]}},{"type":"Feature","id":null,"properties":{},"geometry":{"type":"LineString","coordinates":[[-79.9158947,40.4608082],[-79.9160112,40.4607894],[-79.9161301,40.4607706],[-79.9164507,40.4607107],[-79.9166587,40.4606719],[-79.9169337,40.4606321],[-79.9175739,40.4605799],[-79.9178063,40.4605607],[-79.9182075,40.4605281],[-79.9185244,40.4605024],[-79.9185858,40.4605056],[-79.9186795,40.4605093],[-79.9188009,40.4605202],[-79.9189791,40.4605532],[-79.9191284,40.4605999],[-79.919183,40.4606185],[-79.9194761,40.4607262],[-79.9199554,40.460895],[-79.920246,40.461014],[-79.9206121,40.4611386],[-79.920836,40.4612228]]}},{"type":"Feature","id":null,"properties":{},"geometry":{"type":"LineString","coordinates":[[-79.924825,40.4614118],[-79.9248345,40.4613518],[-79.9248557,40.461252],[-79.9248981,40.4609658],[-79.9249158,40.4608468],[-79.9249235,40.460795],[-79.9249414,40.4606743],[-79.9249516,40.4606058],[-79.9249742,40.4604427]]}},{"type":"Feature","id":null,"properties":{},"geometry":{"type":"LineString","coordinates":[[-79.9227515,40.460681],[-79.9226644,40.4607582],[-79.9226166,40.4608298],[-79.9224163,40.4611312],[-79.9223655,40.4612076],[-79.9223153,40.4612899],[-79.9221453,40.4615689],[-79.9220912,40.4616576]]}},{"type":"Feature","id":null,"properties":{},"geometry":{"type":"LineString","coordinates":[[-79.920836,40.4612228],[-79.9209435,40.4612552],[-79.9213012,40.4613805]]}},{"type":"Feature","id":null,"properties":{},"geometry":{"type":"LineString","coordinates":[[-79.9213012,40.4613805],[-79.9216206,40.4614925],[-79.9219297,40.4616009],[-79.9220912,40.4616576]]}},{"type":"Feature","id":null,"properties":{},"geometry":{"type":"LineString","coordinates":[[-79.924825,40.4614118],[-79.9248079,40.4615034],[-79.9245927,40.4619964]]}},{"type":"Feature","id":null,"properties":{},"geometry":{"type":"LineString","coordinates":[[-79.9245927,40.4619964],[-79.9243917,40.4624209],[-79.9243666,40.4624783]]}},{"type":"Feature","id":null,"properties":{},"geometry":{"type":"LineString","coordinates":[[-79.9220912,40.4616576],[-79.9220236,40.4617628],[-79.9217065,40.462256],[-79.9214968,40.4625805],[-79.9214233,40.4626942],[-79.9213787,40.4627702],[-79.9213084,40.4628901]]}},{"type":"Feature","id":null,"properties":{},"geometry":{"type":"LineString","coordinates":[[-79.9243666,40.4624783],[-79.9243431,40.4625356],[-79.9240764,40.4630857],[-79.9238218,40.4636613],[-79.9237751,40.4637491]]}},{"type":"Feature","id":null,"properties":{},"geometry":{"type":"LineString","coordinates":[[-79.9213084,40.4628901],[-79.9212181,40.4629834],[-79.921117,40.4630872],[-79.9207946,40.4635552]]}},{"type":"Feature","id":null,"properties":{},"geometry":{"type":"LineString","coordinates":[[-79.9213084,40.4628901],[-79.9214819,40.4629506],[-79.9215938,40.4629895],[-79.9218071,40.4630638],[-79.9223156,40.4632409],[-79.9225291,40.4633152],[-79.9226082,40.4633428],[-79.9231183,40.4635204],[-79.9236532,40.4637066],[-79.9237751,40.4637491]]}},{"type":"Feature","id":null,"properties":{},"geometry":{"type":"LineString","coordinates":[[-79.9265965,40.4645927],[-79.9267108,40.4643978],[-79.9268878,40.4640939],[-79.9269673,40.4639609],[-79.9272051,40.4635552],[-79.9272413,40.4634929],[-79.9272859,40.4634174],[-79.9274422,40.4631508],[-79.9275126,40.4630309],[-79.9275347,40.4629932]]}},{"type":"Feature","id":null,"properties":{},"geometry":{"type":"LineString","coordinates":[[-79.9237751,40.4637491],[-79.9239507,40.4638015],[-79.9241185,40.4638515]]}},{"type":"Feature","id":null,"properties":{},"geometry":{"type":"LineString","coordinates":[[-79.9207946,40.4635552],[-79.9204496,40.4641202],[-79.9202868,40.4643851],[-79.920118,40.4646507]]}},{"type":"Feature","id":null,"properties":{},"geometry":{"type":"LineString","coordinates":[[-79.9241185,40.4638515],[-79.924481,40.4639566],[-79.9247889,40.4640459],[-79.9250273,40.464115],[-79.9252146,40.4641692],[-79.9252642,40.4641836],[-79.925439,40.4642343],[-79.9255269,40.4642598],[-79.9263491,40.4644981]]}},{"type":"Feature","id":null,"properties":{},"geometry":{"type":"LineString","coordinates":[[-79.9263491,40.4644981],[-79.9264113,40.4645138],[-79.9265327,40.4645478],[-79.9265965,40.4645927]]}},{"type":"Feature","id":null,"properties":{},"geometry":{"type":"LineString","coordinates":[[-79.9190419,40.4646643],[-79.9188603,40.4645817]]}},{"type":"Feature","id":null,"properties":{},"geometry":{"type":"LineString","coordinates":[[-79.933652,40.4586037],[-79.933797,40.4583657]]}},{"type":"Feature","id":null,"properties":{},"geometry":{"type":"LineString","coordinates":[[-79.9293514,40.4586695],[-79.9290412,40.4587632],[-79.9289389,40.4587931]]}},{"type":"Feature","id":null,"properties":{},"geometry":{"type":"LineString","coordinates":[[-79.9324031,40.4606819],[-79.932431,40.4606351],[-79.9332188,40.4593151],[-79.9333989,40.4590192],[-79.9334989,40.4588551],[-79.9335241,40.4588137],[-79.933652,40.4586037]]}},{"type":"Feature","id":null,"properties":{},"geometry":{"type":"LineString","coordinates":[[-79.9309202,40.4630948],[-79.931052,40.4628792],[-79.9313096,40.4624573],[-79.9313524,40.4624003],[-79.9315517,40.4620788],[-79.9316211,40.4619576],[-79.9317513,40.4617396],[-79.9322494,40.4609293],[-79.932365,40.4607424],[-79.9324031,40.4606819]]}},{"type":"Feature","id":null,"properties":{},"geometry":{"type":"LineString","coordinates":[[-79.9275347,40.4629932],[-79.9277576,40.462614],[-79.9278342,40.4624956]]}},{"type":"Feature","id":null,"properties":{},"geometry":{"type":"LineString","coordinates":[[-79.9308559,40.4632031],[-79.9309202,40.4630948]]}},{"type":"Feature","id":null,"properties":{},"geometry":{"type":"LineString","coordinates":[[-79.9306917,40.4635018],[-79.9307405,40.4633981],[-79.9308559,40.4632031]]}},{"type":"Feature","id":null,"properties":{},"geometry":{"type":"LineString","coordinates":[[-79.9281906,40.467624],[-79.9282289,40.4675607],[-79.9282488,40.467528],[-79.9284396,40.4672135],[-79.9285485,40.467034],[-79.9287896,40.4666368],[-79.9288037,40.4666135],[-79.9288231,40.4665815],[-79.9290825,40.466154],[-79.9292623,40.4658577],[-79.9293766,40.4656692],[-79.9294047,40.4656229],[-79.9294896,40.465483],[-79.9295925,40.4653135],[-79.930047,40.4645643],[-79.9300854,40.464501],[-79.9301143,40.4644534],[-79.9303419,40.4640782],[-79.9306334,40.4635978],[-79.9306917,40.4635018]]}},{"type":"Feature","id":null,"properties":{},"geometry":{"type":"LineString","coordinates":[[-79.9281091,40.4677632],[-79.9281906,40.467624]]}},{"type":"Feature","id":null,"properties":{},"geometry":{"type":"LineString","coordinates":[[-79.927507,40.4687572],[-79.9275484,40.4686932],[-79.9278481,40.4681907],[-79.9278713,40.4681528],[-79.9280189,40.4678958],[-79.9280713,40.4678111],[-79.9281091,40.4677632]]}},{"type":"Feature","id":null,"properties":{},"geometry":{"type":"LineString","coordinates":[[-79.9187791,40.4647226],[-79.9189348,40.46479]]}},{"type":"Feature","id":null,"properties":{},"geometry":{"type":"LineString","coordinates":[[-79.9237751,40.4637491],[-79.9237257,40.4638561],[-79.9236283,40.464067],[-79.9233639,40.4646398],[-79.9233383,40.4646953],[-79.9233137,40.4647485],[-79.9229796,40.4654721],[-79.9229025,40.4656391],[-79.9228537,40.465745],[-79.9228283,40.4657998],[-79.9227862,40.465891]]}},{"type":"Feature","id":null,"properties":{},"geometry":{"type":"LineString","coordinates":[[-79.920118,40.4646507],[-79.9199612,40.4649003],[-79.9199301,40.4649498],[-79.9199032,40.4649926]]}},{"type":"Feature","id":null,"properties":{},"geometry":{"type":"LineString","coordinates":[[-79.9199032,40.4649926],[-79.9198073,40.4649595],[-79.9194977,40.4648519],[-79.9190419,40.4646643]]}},{"type":"Feature","id":null,"properties":{},"geometry":{"type":"LineString","coordinates":[[-79.9189348,40.46479],[-79.9191684,40.4648829]]}},{"type":"Feature","id":null,"properties":{},"geometry":{"type":"LineString","coordinates":[[-79.9191684,40.4648829],[-79.9192538,40.4649141],[-79.9196417,40.4650559],[-79.9197166,40.4650833],[-79.9197679,40.465102]]}},{"type":"Feature","id":null,"properties":{},"geometry":{"type":"LineString","coordinates":[[-79.9205845,40.46524],[-79.9200888,40.4650557],[-79.9200374,40.4650379],[-79.9199032,40.4649926]]}},{"type":"Feature","id":null,"properties":{},"geometry":{"type":"LineString","coordinates":[[-79.9195722,40.4656279],[-79.9198233,40.4652513],[-79.9198362,40.4652314],[-79.9198589,40.4651876],[-79.9198727,40.4651447],[-79.9199032,40.4649926]]}},{"type":"Feature","id":null,"properties":{},"geometry":{"type":"LineString","coordinates":[[-79.9197679,40.465102],[-79.9198727,40.4651447],[-79.9199608,40.4651773],[-79.9204019,40.4653403],[-79.9209048,40.4655168],[-79.9214788,40.4657064],[-79.9219069,40.4658378],[-79.9220863,40.4658795],[-79.9223565,40.4659292],[-79.9225149,40.4659583],[-79.9225645,40.4659669],[-79.922734,40.4660041]]}},{"type":"Feature","id":null,"properties":{},"geometry":{"type":"LineString","coordinates":[[-79.9227862,40.465891],[-79.9226213,40.4658497],[-79.9221345,40.4657661],[-79.9210031,40.4653824],[-79.9205845,40.46524]]}},{"type":"Feature","id":null,"properties":{},"geometry":{"type":"LineString","coordinates":[[-79.9157107,40.4608298],[-79.9156113,40.460843],[-79.915489,40.46086],[-79.9151584,40.4609054],[-79.9141918,40.4605692],[-79.913822,40.4604432],[-79.9137526,40.4604196]]}},{"type":"Feature","id":null,"properties":{},"geometry":{"type":"LineString","coordinates":[[-79.9157107,40.4608298],[-79.9158947,40.4608082]]}},{"type":"Feature","id":null,"properties":{},"geometry":{"type":"MultiLineString","coordinates":[[[-79.86991808153196,40.4611201604251],[-79.86971201845748,40.46108328568253]],[[-79.86944242306791,40.461034562879945],[-79.86910236029708,40.460971664551046]]]}},{"type":"Feature","id":null,"properties":{},"geometry":{"type":"LineString","coordinates":[[-79.9174816,40.463401],[-79.9174017,40.4633116],[-79.9168453,40.4626961],[-79.9165127,40.4622798],[-79.9161748,40.4616635],[-79.9160671,40.461399],[-79.9159797,40.4611455],[-79.9159149,40.4609251],[-79.9159066,40.4609031],[-79.9158947,40.4608082]]}},{"type":"Feature","id":null,"properties":{},"geometry":{"type":"LineString","coordinates":[[-79.9157107,40.4608298],[-79.9157364,40.4609271],[-79.9157819,40.4610947],[-79.9159529,40.4616942],[-79.9160939,40.4619489],[-79.9162928,40.4623043],[-79.9166522,40.46279],[-79.916884,40.4630205],[-79.9170072,40.4631272],[-79.9172315,40.4633658],[-79.9172791,40.4634154],[-79.9173512,40.4634807]]}},{"type":"Feature","id":null,"properties":{},"geometry":{"type":"LineString","coordinates":[[-79.9188603,40.4645817],[-79.9187269,40.4645122],[-79.918636,40.4644502],[-79.9185293,40.4643675],[-79.9183581,40.4642348],[-79.9176086,40.4635209],[-79.9175648,40.463478],[-79.9174816,40.463401]]}},{"type":"Feature","id":null,"properties":{},"geometry":{"type":"LineString","coordinates":[[-79.9173512,40.4634807],[-79.9174347,40.4635643],[-79.9182093,40.4643362],[-79.9183968,40.4644938],[-79.9185508,40.4646028],[-79.9186676,40.4646648],[-79.9187791,40.4647226]]}},{"type":"Feature","id":null,"properties":{},"geometry":{"type":"LineString","coordinates":[[-79.9167865,40.4668974],[-79.9172181,40.4668093],[-79.9175421,40.4667359],[-79.9178377,40.4666529],[-79.9181712,40.4665411]]}},{"type":"Feature","id":null,"properties":{},"geometry":{"type":"LineString","coordinates":[[-79.9199032,40.4649926],[-79.9197679,40.465102],[-79.9197345,40.4651545],[-79.9197154,40.4651833],[-79.9194712,40.4655694],[-79.9193362,40.4657822],[-79.919224,40.4659097],[-79.9190959,40.4660167],[-79.9189327,40.4661116],[-79.9187209,40.466209],[-79.9181219,40.4664482],[-79.917823,40.4665479],[-79.91748,40.4666441],[-79.9169552,40.4667776],[-79.916486,40.466902],[-79.9163151,40.4669385],[-79.9157261,40.4670643],[-79.9155507,40.4671032],[-79.9153833,40.4671441],[-79.9152273,40.4671845],[-79.9150779,40.4672254],[-79.914928,40.467271],[-79.9147471,40.4673279],[-79.9145591,40.4673937],[-79.9143626,40.4674688],[-79.9141657,40.4675449],[-79.911724,40.4685664],[-79.9115731,40.4686362],[-79.9114387,40.4687017],[-79.9113101,40.4687699],[-79.9111813,40.4688413],[-79.9110543,40.4689161],[-79.9109383,40.4689902],[-79.9108098,40.4690788],[-79.9106725,40.469176],[-79.9105449,40.4692754],[-79.9104036,40.4693919],[-79.9098576,40.4698758],[-79.9097528,40.4699686],[-79.9096941,40.4700169],[-79.90964,40.4700581],[-79.9095913,40.4700896],[-79.9095376,40.4701193],[-79.9095051,40.4701327],[-79.9093414,40.4701837]]}},{"type":"Feature","id":null,"properties":{},"geometry":{"type":"LineString","coordinates":[[-79.9086677,40.4703075],[-79.9087724,40.4703117],[-79.9089311,40.470318],[-79.9089979,40.470318],[-79.9090707,40.4703156],[-79.9091471,40.4703082],[-79.9092246,40.4702946],[-79.909306,40.470276],[-79.9093783,40.4702553],[-79.9094504,40.4702311],[-79.909519,40.4702016],[-79.9095799,40.470169],[-79.9096379,40.470135],[-79.9096899,40.4700996],[-79.9097476,40.4700557],[-79.9098065,40.4700051],[-79.9104574,40.4694283],[-79.9105971,40.4693131],[-79.9107228,40.4692152],[-79.9108585,40.4691191],[-79.9109856,40.4690315],[-79.9110995,40.4689587],[-79.9112245,40.4688851],[-79.9113519,40.4688145],[-79.9114787,40.4687473],[-79.9116112,40.4686826],[-79.91176,40.4686138],[-79.9141994,40.4675933],[-79.914395,40.4675176],[-79.9145903,40.4674431],[-79.9147769,40.4673777],[-79.914955,40.4673217],[-79.9151035,40.4672766],[-79.9152511,40.4672362],[-79.9154059,40.4671961],[-79.9155718,40.4671555],[-79.9157459,40.467117],[-79.9165053,40.4669548],[-79.9167865,40.4668974]]}},{"type":"Feature","id":null,"properties":{},"geometry":{"type":"LineString","coordinates":[[-79.9192578,40.4660367],[-79.9193683,40.4659317],[-79.9194647,40.465797],[-79.9195722,40.4656279]]}},{"type":"Feature","id":null,"properties":{},"geometry":{"type":"LineString","coordinates":[[-79.922734,40.4660041],[-79.9227862,40.465891]]}},{"type":"Feature","id":null,"properties":{},"geometry":{"type":"LineString","coordinates":[[-79.9226672,40.4661488],[-79.922678,40.4661254],[-79.922689,40.4661016],[-79.922734,40.4660041]]}},{"type":"Feature","id":null,"properties":{},"geometry":{"type":"LineString","coordinates":[[-79.9188313,40.4662931],[-79.9190921,40.4661571],[-79.9192578,40.4660367]]}},{"type":"Feature","id":null,"properties":{},"geometry":{"type":"LineString","coordinates":[[-79.922734,40.4660041],[-79.9229393,40.4660436],[-79.9234128,40.4661268],[-79.9236813,40.4661996],[-79.9242116,40.4663792]]}},{"type":"Feature","id":null,"properties":{},"geometry":{"type":"LineString","coordinates":[[-79.9181712,40.4665411],[-79.9185342,40.4664012],[-79.9188313,40.4662931]]}},{"type":"Feature","id":null,"properties":{},"geometry":{"type":"LineString","coordinates":[[-79.9281906,40.467624],[-79.928112,40.4675964],[-79.927895,40.4675225],[-79.9276119,40.4674262],[-79.9274659,40.4673765],[-79.9267101,40.4671075],[-79.9263125,40.4669721],[-79.9254968,40.466692],[-79.925444,40.4666739],[-79.9253527,40.4666426],[-79.9252873,40.4666183],[-79.924943,40.4664926],[-79.9242938,40.466253],[-79.9235197,40.4659965],[-79.9230093,40.4659077],[-79.9229698,40.4659011],[-79.9227862,40.465891]]}},{"type":"Feature","id":null,"properties":{},"geometry":{"type":"LineString","coordinates":[[-79.9242116,40.4663792],[-79.9249816,40.4666525],[-79.9251554,40.4667142],[-79.9252175,40.4667362],[-79.9252819,40.4667591],[-79.9253734,40.4667915],[-79.9262317,40.4670962],[-79.927166,40.4674278]]}},{"type":"Feature","id":null,"properties":{},"geometry":{"type":"LineString","coordinates":[[-79.927166,40.4674278],[-79.9280118,40.467728],[-79.9280284,40.4677339],[-79.9281091,40.4677632]]}},{"type":"Feature","id":null,"properties":{},"geometry":{"type":"LineString","coordinates":[[-79.9210276,40.4696873],[-79.9210556,40.4696279],[-79.9211465,40.469432],[-79.9212447,40.4692264],[-79.9213669,40.4689668],[-79.9215922,40.4684827],[-79.9216468,40.4683662],[-79.9217012,40.4682415],[-79.9218277,40.4679676],[-79.9221126,40.4673508],[-79.9225378,40.4664302],[-79.9225549,40.4663931],[-79.9225688,40.466363],[-79.9226197,40.4662521],[-79.9226672,40.4661488]]}},{"type":"Feature","id":null,"properties":{},"geometry":{"type":"LineString","coordinates":[[-79.9650424,40.4640069],[-79.9642328,40.4641296],[-79.9639852,40.4641747],[-79.9639362,40.4641829],[-79.9638719,40.4641947],[-79.9633011,40.4642908],[-79.9631152,40.4643254],[-79.9625082,40.4644237]]}},{"type":"Feature","id":null,"properties":{},"geometry":{"type":"LineString","coordinates":[[-79.9625082,40.4644237],[-79.9615774,40.4645805],[-79.961498,40.4645938]]}},{"type":"Feature","id":null,"properties":{},"geometry":{"type":"LineString","coordinates":[[-79.9602792,40.4647878],[-79.960889,40.4646924],[-79.9612403,40.4646353],[-79.9614314,40.4646043],[-79.961498,40.4645938]]}},{"type":"Feature","id":null,"properties":{},"geometry":{"type":"LineString","coordinates":[[-79.9798719,40.4648066],[-79.9797561,40.4647552],[-79.9796568,40.4647108],[-79.979414,40.4646093]]}},{"type":"Feature","id":null,"properties":{},"geometry":{"type":"LineString","coordinates":[[-79.9600183,40.4648276],[-79.9600955,40.4648158],[-79.9602792,40.4647878]]}},{"type":"Feature","id":null,"properties":{},"geometry":{"type":"LineString","coordinates":[[-79.9799173,40.4648274],[-79.9798719,40.4648066]]}},{"type":"Feature","id":null,"properties":{},"geometry":{"type":"LineString","coordinates":[[-79.9797763,40.4649927],[-79.9799173,40.4648274]]}},{"type":"Feature","id":null,"properties":{},"geometry":{"type":"LineString","coordinates":[[-79.9663188,40.4639728],[-79.9662332,40.464093],[-79.9659467,40.4644953],[-79.9659081,40.4645495],[-79.9658204,40.4646726],[-79.9655848,40.4650034],[-79.9653762,40.4652962],[-79.9653159,40.4653808],[-79.9651429,40.4656238],[-79.9647544,40.4661692],[-79.9647261,40.4662089],[-79.9647,40.4662456],[-79.9644995,40.466527],[-79.9644083,40.4666551],[-79.9643087,40.4667949],[-79.9642681,40.4668519]]}},{"type":"Feature","id":null,"properties":{},"geometry":{"type":"LineString","coordinates":[[-79.9642681,40.4668519],[-79.9642372,40.4668953],[-79.964103,40.4670838],[-79.9640208,40.4671991],[-79.9639274,40.4673303],[-79.9638357,40.467459],[-79.9637946,40.4675167],[-79.9637476,40.4675826]]}},{"type":"Feature","id":null,"properties":{},"geometry":{"type":"LineString","coordinates":[[-79.9637476,40.4675826],[-79.9636985,40.467614],[-79.962895,40.4682495],[-79.9627717,40.4683493],[-79.962409,40.468652],[-79.9622996,40.468726]]}},{"type":"Feature","id":null,"properties":{},"geometry":{"type":"LineString","coordinates":[[-79.9622996,40.468726],[-79.9622136,40.4687859],[-79.9620757,40.4688857],[-79.9618663,40.4690469],[-79.9617452,40.4691448]]}},{"type":"Feature","id":null,"properties":{},"geometry":{"type":"LineString","coordinates":[[-79.9617452,40.4691448],[-79.9615401,40.4693014]]}},{"type":"Feature","id":null,"properties":{},"geometry":{"type":"LineString","coordinates":[[-79.9615401,40.4693014],[-79.9612944,40.4695006],[-79.9610541,40.4696934],[-79.9609559,40.4697645],[-79.9609059,40.4698007],[-79.9608745,40.4698445],[-79.9606332,40.4702024],[-79.9605729,40.4702907],[-79.9604946,40.4704116],[-79.9604256,40.4705108],[-79.9603767,40.4705816],[-79.9603448,40.470629],[-79.9598182,40.4714226],[-79.9597838,40.4714742]]}},{"type":"Feature","id":null,"properties":{},"geometry":{"type":"LineString","coordinates":[[-79.9518268,40.4631537],[-79.9518614,40.4631829],[-79.9522419,40.4634836],[-79.9523247,40.4635458],[-79.9526251,40.4637808],[-79.9526822,40.4638216],[-79.9527624,40.4638788],[-79.9528689,40.4639368]]}},{"type":"Feature","id":null,"properties":{},"geometry":{"type":"LineString","coordinates":[[-79.9528334,40.4636111],[-79.9528034,40.4636535],[-79.9527784,40.4637289],[-79.9527882,40.4637874],[-79.9528225,40.4638527],[-79.9528689,40.4639368]]}},{"type":"Feature","id":null,"properties":{},"geometry":{"type":"LineString","coordinates":[[-79.9528689,40.4639368],[-79.9528926,40.4637981],[-79.9528946,40.4637866],[-79.9529047,40.4637613],[-79.9529255,40.463709],[-79.952977,40.4636176]]}},{"type":"Feature","id":null,"properties":{},"geometry":{"type":"LineString","coordinates":[[-79.9551568,40.4656527],[-79.9550887,40.4656006],[-79.9550458,40.4655677],[-79.954843,40.4654124],[-79.9547484,40.46534],[-79.9546227,40.4652514],[-79.9543385,40.465031],[-79.9537327,40.4645803],[-79.953307,40.464281],[-79.9530196,40.4640663],[-79.9529776,40.4640349],[-79.9528689,40.4639368]]}},{"type":"Feature","id":null,"properties":{},"geometry":{"type":"LineString","coordinates":[[-79.9579532,40.4651784],[-79.9580636,40.4651637],[-79.9590561,40.4649978],[-79.9600183,40.4648276]]}},{"type":"Feature","id":null,"properties":{},"geometry":{"type":"LineString","coordinates":[[-79.9597838,40.4714742],[-79.9597395,40.4715422],[-79.9593272,40.4720939],[-79.9592829,40.4721509]]}},{"type":"Feature","id":null,"properties":{},"geometry":{"type":"LineString","coordinates":[[-79.9592829,40.4721509],[-79.959248,40.4721976],[-79.9588448,40.472764],[-79.9588051,40.4728197],[-79.9587588,40.4728819],[-79.9583149,40.4734775],[-79.9582679,40.4735452],[-79.95798,40.4739471],[-79.9579101,40.474039],[-79.9577501,40.4742755],[-79.9577211,40.4743653]]}},{"type":"Feature","id":null,"properties":{},"geometry":{"type":"LineString","coordinates":[[-79.9577211,40.4743653],[-79.9577096,40.4744625],[-79.9576664,40.4752727],[-79.9576504,40.475726],[-79.9576478,40.4758509],[-79.9576436,40.4759544],[-79.9576072,40.4761823],[-79.9571828,40.4767197],[-79.9569583,40.4770202],[-79.9569119,40.4770685],[-79.9561518,40.4778808],[-79.9561088,40.4779205]]}},{"type":"Feature","id":null,"properties":{},"geometry":{"type":"LineString","coordinates":[[-79.9561088,40.4779205],[-79.9560135,40.4780189],[-79.9557979,40.4782144],[-79.9557459,40.4782659],[-79.9556741,40.4783372]]}},{"type":"Feature","id":null,"properties":{},"geometry":{"type":"LineString","coordinates":[[-79.9556741,40.4783372],[-79.9556258,40.4784201],[-79.9554063,40.4787966],[-79.9551715,40.4792054],[-79.9547044,40.479999],[-79.954505,40.4803559],[-79.9544708,40.4804172],[-79.9544302,40.4804753],[-79.9539581,40.4811502],[-79.9538648,40.4812821],[-79.9537724,40.4813935],[-79.9536741,40.4814571],[-79.9535135,40.4815527],[-79.9534444,40.4815927],[-79.9533713,40.4816348],[-79.9525638,40.482092],[-79.9525196,40.4821167],[-79.9524733,40.4821425],[-79.9516668,40.4826055],[-79.9512689,40.4828277],[-79.9512067,40.4828641],[-79.9511434,40.4828997],[-79.9500381,40.4835205],[-79.9499789,40.4835524],[-79.9499127,40.4835881]]}},{"type":"Feature","id":null,"properties":{},"geometry":{"type":"LineString","coordinates":[[-79.9480562,40.4844024],[-79.9481305,40.4843763],[-79.9485884,40.4841711],[-79.9490389,40.4839728],[-79.9494878,40.4837752],[-79.9498337,40.4836229],[-79.9499127,40.4835881]]}},{"type":"Feature","id":null,"properties":{},"geometry":{"type":"LineString","coordinates":[[-79.9462965,40.4851569],[-79.9464522,40.4850903],[-79.9472349,40.4847552],[-79.9479728,40.4844324],[-79.9480562,40.4844024]]}},{"type":"Feature","id":null,"properties":{},"geometry":{"type":"LineString","coordinates":[[-79.9462965,40.4851569],[-79.9441144,40.4859394],[-79.9432057,40.4862611],[-79.9424735,40.4865202]]}},{"type":"Feature","id":null,"properties":{},"geometry":{"type":"LineString","coordinates":[[-79.9424735,40.4865202],[-79.942211,40.486619],[-79.9419963,40.4866949],[-79.9403051,40.4872927],[-79.9386097,40.4879059],[-79.9385974,40.4879104],[-79.9379638,40.4881345],[-79.9379131,40.4881525]]}},{"type":"Feature","id":null,"properties":{},"geometry":{"type":"LineString","coordinates":[[-79.9379131,40.4881525],[-79.9377648,40.488205],[-79.9375055,40.4882968]]}},{"type":"Feature","id":null,"properties":{},"geometry":{"type":"LineString","coordinates":[[-79.9375055,40.4882968],[-79.9372113,40.4884009],[-79.9371566,40.4884203]]}},{"type":"Feature","id":null,"properties":{},"geometry":{"type":"LineString","coordinates":[[-79.927507,40.4687572],[-79.9274733,40.4688316],[-79.9270558,40.4697734],[-79.9266696,40.4706445],[-79.9263013,40.4714753],[-79.9262698,40.4715417]]}},{"type":"Feature","id":null,"properties":{},"geometry":{"type":"LineString","coordinates":[[-79.9210276,40.4696873],[-79.9210025,40.4697426],[-79.9204008,40.471069],[-79.920377,40.4711216],[-79.9201856,40.4715344],[-79.9198789,40.4721983],[-79.9197678,40.4724393],[-79.9197428,40.4724886],[-79.919715,40.4725449],[-79.9194906,40.4730351],[-79.9194768,40.4730653],[-79.9193152,40.4734181],[-79.9192004,40.4736689],[-79.9191719,40.4737312],[-79.9187971,40.4745214],[-79.9183632,40.4751854]]}},{"type":"Feature","id":null,"properties":{},"geometry":{"type":"LineString","coordinates":[[-79.9262698,40.4715417],[-79.9262425,40.4716032],[-79.9260114,40.4721246],[-79.9258577,40.4724713],[-79.9257015,40.4728237],[-79.9255081,40.4732599],[-79.9251611,40.4740428],[-79.9250831,40.4742188],[-79.9245649,40.4753875],[-79.9245434,40.4754361],[-79.9245209,40.4754869],[-79.9241405,40.4763448],[-79.9237757,40.4771678],[-79.9237429,40.4772417]]}},{"type":"Feature","id":null,"properties":{},"geometry":{"type":"LineString","coordinates":[[-79.9237429,40.4772417],[-79.9237106,40.4772987],[-79.9236885,40.4773353],[-79.9233201,40.4779448],[-79.9232946,40.477987],[-79.9232649,40.4780344],[-79.9230817,40.4783226],[-79.9228584,40.4786924],[-79.922847,40.478717],[-79.9224318,40.4793884],[-79.9224138,40.4794189]]}},{"type":"Feature","id":null,"properties":{},"geometry":{"type":"LineString","coordinates":[[-79.920894,40.4789547],[-79.9203534,40.4787587],[-79.9203008,40.4787391]]}},{"type":"Feature","id":null,"properties":{},"geometry":{"type":"LineString","coordinates":[[-79.9203008,40.4787391],[-79.9202887,40.4787592],[-79.9201541,40.4789829]]}},{"type":"Feature","id":null,"properties":{},"geometry":{"type":"LineString","coordinates":[[-79.9224138,40.4794189],[-79.9223501,40.4794478],[-79.9222903,40.4794498],[-79.9222509,40.4794446],[-79.9222087,40.4794342],[-79.9213168,40.479108],[-79.920894,40.4789547]]}},{"type":"Feature","id":null,"properties":{},"geometry":{"type":"LineString","coordinates":[[-79.9177716,40.4791058],[-79.9182934,40.4793074],[-79.9186522,40.479446],[-79.9187135,40.4794696]]}},{"type":"Feature","id":null,"properties":{},"geometry":{"type":"LineString","coordinates":[[-79.9201541,40.4789829],[-79.9202217,40.4789951],[-79.9205064,40.4790495],[-79.9207802,40.4791527],[-79.9219079,40.4795502],[-79.9221084,40.4796262]]}},{"type":"Feature","id":null,"properties":{},"geometry":{"type":"LineString","coordinates":[[-79.9201541,40.4789829],[-79.9200355,40.4791799],[-79.9199759,40.479279],[-79.9198631,40.4794664],[-79.9196805,40.4797698],[-79.9196447,40.4798293]]}},{"type":"Feature","id":null,"properties":{},"geometry":{"type":"LineString","coordinates":[[-79.9093414,40.4701837],[-79.9092757,40.4702011],[-79.9092,40.4702171],[-79.9091308,40.4702273],[-79.9090634,40.4702334],[-79.9089986,40.4702346],[-79.9089358,40.4702331],[-79.908781,40.470227],[-79.9087725,40.4702267],[-79.9086749,40.4702228]]}},{"type":"Feature","id":null,"properties":{},"geometry":{"type":"LineString","coordinates":[[-79.9086749,40.4702228],[-79.9085383,40.4702598]]}},{"type":"Feature","id":null,"properties":{},"geometry":{"type":"LineString","coordinates":[[-79.9085383,40.4702598],[-79.9086677,40.4703075]]}},{"type":"Feature","id":null,"properties":{},"geometry":{"type":"LineString","coordinates":[[-79.9183632,40.4751854],[-79.9183298,40.4752358],[-79.9179992,40.4757346],[-79.9178801,40.4759146],[-79.9174792,40.4765197],[-79.9174115,40.4766218],[-79.9166579,40.4777705],[-79.9162092,40.4784366],[-79.9161745,40.478489]]}},{"type":"Feature","id":null,"properties":{},"geometry":{"type":"LineString","coordinates":[[-79.9177716,40.4791058],[-79.9170074,40.4788106],[-79.9162698,40.4785257],[-79.9161745,40.478489]]}},{"type":"Feature","id":null,"properties":{},"geometry":{"type":"LineString","coordinates":[[-79.9222958,40.4796136],[-79.9223201,40.4795735],[-79.9224138,40.4794189]]}},{"type":"Feature","id":null,"properties":{},"geometry":{"type":"LineString","coordinates":[[-79.9221084,40.4796262],[-79.9221783,40.4796406],[-79.9221936,40.4796419],[-79.9222147,40.4796436],[-79.9222495,40.479642],[-79.922274,40.4796303],[-79.9222958,40.4796136]]}},{"type":"Feature","id":null,"properties":{},"geometry":{"type":"LineString","coordinates":[[-79.9196447,40.4798293],[-79.919569,40.4798001],[-79.9187799,40.4794953],[-79.9187135,40.4794696]]}},{"type":"Feature","id":null,"properties":{},"geometry":{"type":"LineString","coordinates":[[-79.9196447,40.4798293],[-79.9196107,40.4799994]]}},{"type":"Feature","id":null,"properties":{},"geometry":{"type":"LineString","coordinates":[[-79.9196107,40.4799994],[-79.9196031,40.4800609],[-79.9195848,40.4802491],[-79.9195695,40.4803296],[-79.9195502,40.4803807],[-79.9195217,40.4804287],[-79.9193477,40.480723]]}},{"type":"Feature","id":null,"properties":{},"geometry":{"type":"LineString","coordinates":[[-79.9190472,40.481481],[-79.918964,40.481403],[-79.9189532,40.4813783],[-79.918958,40.481349],[-79.9189754,40.4813126],[-79.9191773,40.4810812],[-79.9192762,40.4809052],[-79.9193477,40.480723]]}},{"type":"Feature","id":null,"properties":{},"geometry":{"type":"LineString","coordinates":[[-79.9193477,40.480723],[-79.9192436,40.4808493],[-79.9191906,40.4809309],[-79.9191115,40.4810452],[-79.9190674,40.481105],[-79.9190148,40.4811566],[-79.9187748,40.481381],[-79.9187651,40.4814095],[-79.9187689,40.4814321],[-79.9188507,40.4815121]]}},{"type":"Feature","id":null,"properties":{},"geometry":{"type":"LineString","coordinates":[[-79.9188507,40.4815121],[-79.9190472,40.481481]]}},{"type":"Feature","id":null,"properties":{},"geometry":{"type":"LineString","coordinates":[[-79.9190472,40.481481],[-79.9191412,40.4814571],[-79.9192074,40.481431],[-79.9192675,40.4813935],[-79.9193722,40.4812907],[-79.9194799,40.481205],[-79.9195411,40.4811666],[-79.9196022,40.4811373],[-79.919673,40.4811144],[-79.9197428,40.4811054],[-79.9198168,40.4811071],[-79.9199155,40.4811258],[-79.9199917,40.4811593],[-79.9200496,40.481205],[-79.9200893,40.4812474],[-79.9201108,40.4812882],[-79.9201279,40.4813551],[-79.9201301,40.4814212],[-79.9201033,40.4815241],[-79.9197993,40.4820934]]}},{"type":"Feature","id":null,"properties":{},"geometry":{"type":"LineString","coordinates":[[-79.9197993,40.4820934],[-79.919773,40.4821432],[-79.9197654,40.4821579],[-79.9196966,40.4823474],[-79.9196709,40.4824429],[-79.9196579,40.4825347],[-79.9196441,40.4826681],[-79.9196398,40.4827986],[-79.9196387,40.4828656],[-79.919643,40.4829129],[-79.9196665,40.4829509],[-79.9196913,40.4829912],[-79.9197492,40.4830418]]}},{"type":"Feature","id":null,"properties":{},"geometry":{"type":"LineString","coordinates":[[-79.9197492,40.4830418],[-79.9198104,40.4830818],[-79.919982,40.483196],[-79.9201278,40.4832847]]}},{"type":"Feature","id":null,"properties":{},"geometry":{"type":"LineString","coordinates":[[-79.9201278,40.4832847],[-79.9202888,40.4833821],[-79.920498,40.4835102],[-79.9205946,40.4835812],[-79.9206761,40.4836514],[-79.9208682,40.4838594],[-79.9210409,40.4840621],[-79.9211267,40.484176],[-79.9211729,40.4842487],[-79.9212018,40.4843131],[-79.9212243,40.4844086],[-79.9212276,40.484469],[-79.9212211,40.484522],[-79.9211879,40.4846224],[-79.9211525,40.4846852],[-79.9211063,40.4847431],[-79.9209808,40.4848615],[-79.9204845,40.485289],[-79.9198159,40.4858356],[-79.919505,40.4860578],[-79.9183219,40.4869382]]}},{"type":"Feature","id":null,"properties":{},"geometry":{"type":"LineString","coordinates":[[-79.9183219,40.4869382],[-79.9182711,40.4869839],[-79.9182262,40.4870346],[-79.9181873,40.487094],[-79.9181193,40.4872219],[-79.9180385,40.4874071]]}},{"type":"Feature","id":null,"properties":{},"geometry":{"type":"LineString","coordinates":[[-80.003809,40.3779056],[-80.0037485,40.3778648]]}},{"type":"Feature","id":null,"properties":{},"geometry":{"type":"LineString","coordinates":[[-80.0039721,40.378023],[-80.0038937,40.3779669],[-80.003809,40.3779056]]}},{"type":"Feature","id":null,"properties":{},"geometry":{"type":"LineString","coordinates":[[-79.997397,40.4216589],[-79.9974935,40.421638],[-79.9977182,40.4215893],[-79.998024,40.4215158],[-79.9982466,40.4214239],[-79.9989091,40.4211544],[-79.9991157,40.4210686],[-79.999263,40.4210283],[-79.9993839,40.4210114],[-79.9999432,40.4210185],[-80.0002737,40.4210227],[-80.0004841,40.4210253],[-80.000562,40.4210263],[-80.0006357,40.421027],[-80.001489,40.4210355],[-80.0023424,40.4210523]]}},{"type":"Feature","id":null,"properties":{},"geometry":{"type":"LineString","coordinates":[[-79.9982403,40.4289855],[-79.9981312,40.4289387],[-79.9980895,40.4289209],[-79.9980632,40.4289088],[-79.9977749,40.4287757],[-79.9975002,40.4286319],[-79.9971496,40.4284356],[-79.9969538,40.4283274],[-79.9968015,40.4282209]]}},{"type":"Feature","id":null,"properties":{},"geometry":{"type":"LineString","coordinates":[[-79.9982403,40.4289855],[-79.9982221,40.4290179],[-79.9982048,40.4290502],[-79.9982031,40.4290582]]}},{"type":"Feature","id":null,"properties":{},"geometry":{"type":"LineString","coordinates":[[-79.9983035,40.4291123],[-79.9983053,40.429112],[-79.9983212,40.4290892],[-79.9983318,40.4290748],[-79.9983505,40.4290482],[-79.9983573,40.4290385]]}},{"type":"Feature","id":null,"properties":{},"geometry":{"type":"LineString","coordinates":[[-79.9982031,40.4290582],[-79.998168,40.4291136],[-79.9981526,40.4291312],[-79.9981305,40.4291458],[-79.9981026,40.429159],[-79.9980777,40.4291678],[-79.9980469,40.4291751],[-79.9980104,40.4291802],[-79.9979778,40.4291809],[-79.9979422,40.4291773],[-79.9979163,40.4291721],[-79.9978871,40.4291648],[-79.9978295,40.4291475],[-79.997536,40.4290363],[-79.9973939,40.4290053]]}},{"type":"Feature","id":null,"properties":{},"geometry":{"type":"LineString","coordinates":[[-79.9973939,40.4290053],[-79.9974735,40.4290676],[-79.9976224,40.4291334],[-79.9977569,40.4291904]]}},{"type":"Feature","id":null,"properties":{},"geometry":{"type":"LineString","coordinates":[[-79.9977569,40.4291904],[-79.9978145,40.4292138],[-79.99785,40.4292284],[-79.9978769,40.4292365],[-79.9979105,40.4292431],[-79.9979528,40.4292489],[-79.997996,40.4292504],[-79.9980364,40.4292496],[-79.998069,40.429246],[-79.9981103,40.4292357],[-79.9981497,40.429224],[-79.9981949,40.4292043],[-79.9982237,40.4291882],[-79.9982736,40.4291509],[-79.9983035,40.4291123]]}},{"type":"Feature","id":null,"properties":{},"geometry":{"type":"LineString","coordinates":[[-79.9996288,40.4293091],[-79.9994416,40.4292401],[-79.9992591,40.4291691]]}},{"type":"Feature","id":null,"properties":{},"geometry":{"type":"LineString","coordinates":[[-79.9845576,40.3879785],[-79.9845931,40.3880174],[-79.984631,40.3880653],[-79.9849659,40.3884892],[-79.9849921,40.3885223],[-79.9853844,40.3892677],[-79.985838,40.3901177],[-79.9862775,40.3907774],[-79.9865018,40.3910865],[-79.9865458,40.3911471],[-79.9865905,40.3912494],[-79.9866052,40.3913071],[-79.9866119,40.3913331],[-79.9866113,40.3913637],[-79.9866104,40.3914071],[-79.9866067,40.3915911],[-79.9866043,40.3917135],[-79.9866016,40.3918463],[-79.9866074,40.3921943],[-79.9866086,40.3923045],[-79.9865894,40.392556],[-79.9865549,40.3928281],[-79.9864947,40.3932369],[-79.9863846,40.39397],[-79.9863719,40.3940759],[-79.9863689,40.3941542],[-79.9863715,40.3942361],[-79.9863765,40.3942903],[-79.9863836,40.3943416],[-79.9864009,40.3944275],[-79.9864272,40.3945201],[-79.9864682,40.3946279],[-79.9867541,40.3951123],[-79.9867947,40.3951815],[-79.9868488,40.3952821],[-79.9869534,40.3954681],[-79.9871804,40.3958718],[-79.987379,40.3962256],[-79.9874252,40.3962978],[-79.9876794,40.3966955],[-79.9880536,40.397298],[-79.98846,40.3981069],[-79.9886589,40.3984948],[-79.9889781,40.3991954],[-79.9890822,40.3998309],[-79.9891229,40.4001432],[-79.9891788,40.4004151],[-79.9892036,40.4006934],[-79.989244,40.401084],[-79.9893291,40.4018303],[-79.989375,40.402196],[-79.989549,40.4025994],[-79.9896835,40.4029111],[-79.9897371,40.4030354],[-79.9897567,40.4030683],[-79.9899862,40.4035565],[-79.9901287,40.4038545],[-79.990228,40.4041037],[-79.9904721,40.4046081],[-79.9905581,40.4047858],[-79.9906409,40.404957],[-79.9906786,40.405035],[-79.99078,40.4051696],[-79.9908771,40.4052985],[-79.9909401,40.4053639],[-79.9910622,40.4054905],[-79.9911614,40.4056049],[-79.991258,40.4056927],[-79.9914082,40.4058193],[-79.9915664,40.4059133],[-79.992237,40.4062789],[-79.9922596,40.4063035],[-79.9922933,40.4063401],[-79.9923282,40.4064177],[-79.9923416,40.4065403],[-79.9923228,40.4066424],[-79.9922611,40.4067262],[-79.9919419,40.4071734],[-79.9916442,40.4076064],[-79.9914645,40.4079843],[-79.99140300158369,40.4081035259649]]}},{"type":"Feature","id":null,"properties":{},"geometry":{"type":"MultiLineString","coordinates":[[[-79.99092078181617,40.40916327177477],[-79.9909182,40.4091697],[-79.9907752,40.4095099],[-79.990582,40.4099204],[-79.9904374,40.4102377],[-79.9904315,40.4102506],[-79.9903501,40.4104292],[-79.99034380216237,40.41044429830944]],[[-79.9902325965006,40.410689102709426],[-79.9902164,40.4107242],[-79.98999430479876,40.41119690447236]],[[-79.98950301782234,40.41225685868993],[-79.9894892,40.4122835],[-79.98947520169736,40.41230399156836]],[[-79.988914891822,40.41312336226148],[-79.988816,40.4132678],[-79.9882163,40.4141499],[-79.98804001535797,40.414459045496535]]]}},{"type":"Feature","id":null,"properties":{},"geometry":{"type":"LineString","coordinates":[[-79.9864576,40.4176255],[-79.98646162369278,40.41761653193897]]}},{"type":"Feature","id":null,"properties":{},"geometry":{"type":"MultiLineString","coordinates":[[[-79.9882356,40.4185306],[-79.988114,40.4184959],[-79.98808936482487,40.418483020373266]],[[-79.98702171999456,40.41793067319623],[-79.9869358,40.4178871],[-79.98679939606609,40.41781248767868]],[[-79.9864831309627,40.41763947302689],[-79.9864576,40.4176255]]]}},{"type":"Feature","id":null,"properties":{},"geometry":{"type":"LineString","coordinates":[[-79.987615,40.4195758],[-79.9876453,40.4194584],[-79.9875664,40.4193383],[-79.9863793,40.4187878],[-79.9863342,40.4187556],[-79.9862583,40.4186712],[-79.98622,40.4185705],[-79.9863437,40.4180777],[-79.9863822,40.41788],[-79.9864355,40.4177004],[-79.9864576,40.4176255]]}},{"type":"Feature","id":null,"properties":{},"geometry":{"type":"LineString","coordinates":[[-79.9892746,40.4192349],[-79.9886719,40.4188199],[-79.9885439,40.418735],[-79.9882979,40.4185719],[-79.9882356,40.4185306]]}},{"type":"Feature","id":null,"properties":{},"geometry":{"type":"LineString","coordinates":[[-79.9912407,40.4204473],[-79.9908207,40.420229],[-79.9907821,40.4202089],[-79.9904548,40.4200354],[-79.9898433,40.4196392],[-79.9892746,40.4192349]]}},{"type":"Feature","id":null,"properties":{},"geometry":{"type":"LineString","coordinates":[[-79.9923338,40.4218506],[-79.9923337,40.4218231],[-79.9923298,40.4217462],[-79.9921205,40.4213177],[-79.9920813,40.4212189],[-79.991948,40.4210355],[-79.9917584,40.4208522],[-79.991407,40.4205581],[-79.9912407,40.4204473]]}},{"type":"Feature","id":null,"properties":{},"geometry":{"type":"LineString","coordinates":[[-79.9923338,40.4218506],[-79.9924079,40.4218272],[-79.992432,40.4218235],[-79.9924866,40.4218152],[-79.9932731,40.421811],[-79.9936754,40.421806],[-79.9937355,40.4218053],[-79.9938088,40.4218038],[-79.9946527,40.421786],[-79.9947694,40.4217836],[-79.9951552,40.4217788],[-79.9956477,40.4217727],[-79.9958186,40.4217706],[-79.9968602,40.4216969],[-79.9973101,40.4216651],[-79.997397,40.4216589]]}},{"type":"Feature","id":null,"properties":{},"geometry":{"type":"LineString","coordinates":[[-79.9915179,40.4224229],[-79.9920762,40.4220118],[-79.9921677,40.4219502],[-79.9922264,40.421909],[-79.9923338,40.4218506]]}},{"type":"Feature","id":null,"properties":{},"geometry":{"type":"LineString","coordinates":[[-80.0039721,40.378023],[-80.0041169,40.3781277]]}},{"type":"Feature","id":null,"properties":{},"geometry":{"type":"LineString","coordinates":[[-80.0041169,40.3781277],[-80.0041269,40.3781355],[-80.0041484,40.3781523],[-80.00417693213707,40.37817270959865]]}},{"type":"Feature","id":null,"properties":{},"geometry":{"type":"LineString","coordinates":[[-80.0060514,40.4206249],[-80.0052946,40.420766],[-80.0047778,40.4208215],[-80.0028354,40.4210204],[-80.0024765,40.4210472],[-80.0023904,40.4210505],[-80.0023424,40.4210523]]}},{"type":"Feature","id":null,"properties":{},"geometry":{"type":"LineString","coordinates":[[-80.0031037,40.430703],[-80.0043927,40.4312526],[-80.0050405,40.4314772],[-80.0053717,40.4316089],[-80.0055724,40.4317075]]}},{"type":"Feature","id":null,"properties":{},"geometry":{"type":"LineString","coordinates":[[-80.0057644,40.4385151],[-80.0058022,40.4384626],[-80.0058133,40.4384284],[-80.0058163,40.438396],[-80.0058082,40.438356],[-80.0057972,40.4383225],[-80.0057601,40.4382693]]}},{"type":"Feature","id":null,"properties":{},"geometry":{"type":"LineString","coordinates":[[-80.0057343,40.438557],[-80.0057644,40.4385151]]}},{"type":"Feature","id":null,"properties":{},"geometry":{"type":"LineString","coordinates":[[-80.0057343,40.438557],[-80.0057029,40.4386036],[-80.0053972,40.4390576]]}},{"type":"Feature","id":null,"properties":{},"geometry":{"type":"LineString","coordinates":[[-80.0053972,40.4390576],[-80.0050931,40.4395139],[-80.0050294,40.4396095]]}},{"type":"Feature","id":null,"properties":{},"geometry":{"type":"LineString","coordinates":[[-80.0050294,40.4396095],[-80.0049812,40.43968],[-80.0047657,40.4399953],[-80.0047614,40.4400016],[-80.0047306,40.4400473]]}},{"type":"Feature","id":null,"properties":{},"geometry":{"type":"LineString","coordinates":[[-80.0047306,40.4400473],[-80.0046909,40.4401063],[-80.0045713,40.4402693],[-80.0044507,40.4404399],[-80.0043831,40.4405396]]}},{"type":"Feature","id":null,"properties":{},"geometry":{"type":"LineString","coordinates":[[-79.9902179,40.4249003],[-79.9900565,40.4248032],[-79.9898587,40.4247297],[-79.989713,40.4246971],[-79.989563,40.4246838],[-79.9894087,40.4246848],[-79.9891112,40.4247151],[-79.9889407,40.4247042],[-79.9887959,40.4246604],[-79.9886618,40.4245858],[-79.9885625,40.424501],[-79.9884875,40.4243959],[-79.9884445,40.4242795],[-79.9884364,40.4241754],[-79.9884673,40.424059],[-79.9885531,40.423913],[-79.9886725,40.4237813],[-79.9889206,40.4235863],[-79.9891901,40.4234444],[-79.9909028,40.4227307],[-79.9915179,40.4224229]]}},{"type":"Feature","id":null,"properties":{},"geometry":{"type":"LineString","coordinates":[[-79.9968015,40.4282209],[-79.9964697,40.4279813],[-79.9962538,40.4278578],[-79.9960631,40.4277695],[-79.9957788,40.4276714],[-79.9949998,40.4275005],[-79.9947741,40.4274457],[-79.9944728,40.4273229],[-79.9942445,40.4272091],[-79.994108,40.4271044],[-79.9940329,40.4270207],[-79.9939611,40.4269176],[-79.9938619,40.4267568],[-79.9937808,40.4266715],[-79.9936815,40.4265899],[-79.9935602,40.4265209],[-79.9934233,40.4264668],[-79.9932648,40.4264304],[-79.9931637,40.4264175],[-79.9930611,40.4264146],[-79.9929657,40.4264139],[-79.9926898,40.4264117],[-79.9925074,40.4264015],[-79.9923531,40.4263754],[-79.9921813,40.4263198],[-79.9920217,40.4262484],[-79.9916645,40.426059],[-79.990788,40.4255612],[-79.9907161,40.4255108],[-79.9906506,40.4254587],[-79.9906201,40.4254294],[-79.9905671,40.4253719],[-79.9905228,40.4253157],[-79.9904841,40.4252576],[-79.9903873,40.4250744],[-79.9903169,40.4249864],[-79.9902179,40.4249003]]}},{"type":"Feature","id":null,"properties":{},"geometry":{"type":"LineString","coordinates":[[-79.9895038,40.4272046],[-79.9897503,40.4272012]]}},{"type":"Feature","id":null,"properties":{},"geometry":{"type":"LineString","coordinates":[[-79.9885243,40.4272175],[-79.9886025,40.4272169],[-79.9887222,40.4272153],[-79.9895038,40.4272046]]}},{"type":"Feature","id":null,"properties":{},"geometry":{"type":"LineString","coordinates":[[-79.9913862,40.4275397],[-79.9911001,40.4274386],[-79.9906345,40.4272757],[-79.990495,40.4272403],[-79.9903284,40.4272163],[-79.9901403,40.4271988],[-79.9897503,40.4272012]]}},{"type":"Feature","id":null,"properties":{},"geometry":{"type":"LineString","coordinates":[[-79.9885524,40.4276963],[-79.9885466,40.4276025],[-79.9885243,40.4272175]]}},{"type":"Feature","id":null,"properties":{},"geometry":{"type":"LineString","coordinates":[[-79.9932914,40.4277323],[-79.992443,40.4278215],[-79.9922606,40.4278133],[-79.9920299,40.4277643],[-79.9913862,40.4275397]]}},{"type":"Feature","id":null,"properties":{},"geometry":{"type":"LineString","coordinates":[[-79.9885849,40.4287102],[-79.9885829,40.4286482],[-79.9885812,40.4285963],[-79.988577,40.4284649],[-79.9885612,40.4279719],[-79.9885594,40.427915],[-79.9885524,40.4276963]]}},{"type":"Feature","id":null,"properties":{},"geometry":{"type":"LineString","coordinates":[[-79.9967849,40.4286966],[-79.9963522,40.4284855],[-79.995993,40.4283476],[-79.9954287,40.4282074],[-79.9947819,40.427993],[-79.9940549,40.4278138],[-79.9936821,40.427741],[-79.9935451,40.4277297],[-79.9934409,40.4277281],[-79.9932914,40.4277323]]}},{"type":"Feature","id":null,"properties":{},"geometry":{"type":"LineString","coordinates":[[-79.9973939,40.4290053],[-79.9967849,40.4286966]]}},{"type":"Feature","id":null,"properties":{},"geometry":{"type":"LineString","coordinates":[[-79.9886334,40.4300253],[-79.9886308,40.4299747],[-79.98861,40.4295619],[-79.9886277,40.4295201],[-79.9886161,40.4294271],[-79.9886098,40.429324],[-79.9885901,40.4290557],[-79.9885876,40.4289802],[-79.988584,40.4288737],[-79.9885815,40.4288002],[-79.9885828,40.4287665],[-79.9885849,40.4287102]]}},{"type":"Feature","id":null,"properties":{},"geometry":{"type":"LineString","coordinates":[[-79.9886544,40.430549],[-79.9886359,40.4300864],[-79.9886334,40.4300253]]}},{"type":"Feature","id":null,"properties":{},"geometry":{"type":"LineString","coordinates":[[-79.9897584,40.4343377],[-79.9897478,40.4343024],[-79.9887215,40.4308859],[-79.9886785,40.4307083],[-79.9886544,40.430549]]}},{"type":"Feature","id":null,"properties":{},"geometry":{"type":"LineString","coordinates":[[-79.9897584,40.4343377],[-79.9897847,40.4343952],[-79.9898235,40.4344804]]}},{"type":"Feature","id":null,"properties":{},"geometry":{"type":"LineString","coordinates":[[-79.9898235,40.4344804],[-79.9896636,40.4344691],[-79.9891754,40.4344383],[-79.9889714,40.4344324],[-79.9887588,40.4344345],[-79.9885482,40.4344432],[-79.9883044,40.4344579]]}},{"type":"Feature","id":null,"properties":{},"geometry":{"type":"LineString","coordinates":[[-79.9883044,40.4344579],[-79.9870964,40.4345309]]}},{"type":"Feature","id":null,"properties":{},"geometry":{"type":"LineString","coordinates":[[-79.9905098,40.4345392],[-79.9899852,40.4344973],[-79.9898235,40.4344804]]}},{"type":"Feature","id":null,"properties":{},"geometry":{"type":"LineString","coordinates":[[-79.9898235,40.4344804],[-79.9898438,40.4345664],[-79.989856,40.4346179]]}},{"type":"Feature","id":null,"properties":{},"geometry":{"type":"LineString","coordinates":[[-79.9899901,40.4346322],[-79.9899824,40.4346254],[-79.9899222,40.4345707],[-79.9898235,40.4344804]]}},{"type":"Feature","id":null,"properties":{},"geometry":{"type":"LineString","coordinates":[[-79.9926914,40.4348925],[-79.9921946,40.4347044],[-79.99214,40.4346859],[-79.9920861,40.4346718],[-79.9920291,40.4346626],[-79.991965,40.4346555],[-79.9905098,40.4345392]]}},{"type":"Feature","id":null,"properties":{},"geometry":{"type":"LineString","coordinates":[[-80.0016608,40.4300768],[-80.0010636,40.4298019],[-80.0007802,40.4296888],[-80.0004574,40.4295716],[-80.000411,40.4295551],[-79.9998954,40.4293952],[-79.9996288,40.4293091]]}},{"type":"Feature","id":null,"properties":{},"geometry":{"type":"LineString","coordinates":[[-80.0031037,40.430703],[-80.0016608,40.4300768]]}},{"type":"Feature","id":null,"properties":{},"geometry":{"type":"LineString","coordinates":[[-80.0039403,40.4321476],[-80.003809,40.4321951],[-80.0035153,40.43265]]}},{"type":"Feature","id":null,"properties":{},"geometry":{"type":"LineString","coordinates":[[-80.0035603,40.4326643],[-80.003842,40.4322498],[-80.0038672,40.432223],[-80.0039403,40.4321476]]}},{"type":"Feature","id":null,"properties":{},"geometry":{"type":"LineString","coordinates":[[-80.0036271,40.4326856],[-80.0036805,40.4326083],[-80.0039125,40.4322786],[-80.0039293,40.4322519],[-80.0039403,40.4321476]]}},{"type":"Feature","id":null,"properties":{},"geometry":{"type":"LineString","coordinates":[[-80.0031441,40.4334003],[-80.0032148,40.4332517],[-80.0033976,40.4329323],[-80.0035603,40.4326643]]}},{"type":"Feature","id":null,"properties":{},"geometry":{"type":"LineString","coordinates":[[-80.0031441,40.4334003],[-80.0032237,40.433305],[-80.0033864,40.4330778],[-80.003471,40.4329422],[-80.0036271,40.4326856]]}},{"type":"Feature","id":null,"properties":{},"geometry":{"type":"LineString","coordinates":[[-80.0035153,40.43265],[-80.0032284,40.4330953],[-80.0030509,40.4333794],[-80.0015771,40.4356035],[-80.0013364,40.4359644],[-80.0011144,40.4363244],[-80.0010845,40.4363728],[-80.0010147,40.4365253]]}},{"type":"Feature","id":null,"properties":{},"geometry":{"type":"LineString","coordinates":[[-80.0010147,40.4365253],[-80.0011514,40.4364005],[-80.0014198,40.4359966],[-80.0016605,40.4356358],[-80.0031441,40.4334003]]}},{"type":"Feature","id":null,"properties":{},"geometry":{"type":"LineString","coordinates":[[-79.9987307,40.4365512],[-79.998581,40.4364955],[-79.9984232,40.4364367],[-79.9976495,40.4361486],[-79.9976023,40.436131],[-79.9974381,40.4360698],[-79.9973322,40.4360304],[-79.997286,40.4360132],[-79.9967817,40.4358254],[-79.9966389,40.4357722]]}},{"type":"Feature","id":null,"properties":{},"geometry":{"type":"LineString","coordinates":[[-79.9944873,40.4355726],[-79.9935916,40.4352334],[-79.9933599,40.4351456],[-79.9926914,40.4348925]]}},{"type":"Feature","id":null,"properties":{},"geometry":{"type":"LineString","coordinates":[[-79.9945876,40.4356104],[-79.9944873,40.4355726]]}},{"type":"Feature","id":null,"properties":{},"geometry":{"type":"LineString","coordinates":[[-79.9948075,40.4356941],[-79.9947664,40.4356778],[-79.9946961,40.4356513],[-79.9945876,40.4356104]]}},{"type":"Feature","id":null,"properties":{},"geometry":{"type":"LineString","coordinates":[[-79.9958665,40.4360997],[-79.9958406,40.4360911],[-79.9957422,40.4360562],[-79.9956388,40.4360182],[-79.9952846,40.4358832],[-79.9948075,40.4356941]]}},{"type":"Feature","id":null,"properties":{},"geometry":{"type":"LineString","coordinates":[[-79.9966389,40.4357722],[-79.9966017,40.4358316],[-79.9963562,40.4362234]]}},{"type":"Feature","id":null,"properties":{},"geometry":{"type":"LineString","coordinates":[[-79.989856,40.4346179],[-79.9919366,40.4374743],[-79.9919742,40.4375886],[-79.9919742,40.4377173]]}},{"type":"Feature","id":null,"properties":{},"geometry":{"type":"LineString","coordinates":[[-79.9921029,40.4377254],[-79.9921029,40.4375907],[-79.9920573,40.4374723],[-79.9912392,40.4363151],[-79.9899901,40.4346322]]}},{"type":"Feature","id":null,"properties":{},"geometry":{"type":"LineString","coordinates":[[-79.9963313,40.4362664],[-79.9960119,40.4361481],[-79.9958665,40.4360997]]}},{"type":"Feature","id":null,"properties":{},"geometry":{"type":"LineString","coordinates":[[-79.9963562,40.4362234],[-79.9963313,40.4362664]]}},{"type":"Feature","id":null,"properties":{},"geometry":{"type":"LineString","coordinates":[[-79.9971213,40.4365659],[-79.9970499,40.4365388],[-79.9968027,40.4364451],[-79.9963313,40.4362664]]}},{"type":"Feature","id":null,"properties":{},"geometry":{"type":"LineString","coordinates":[[-79.9974381,40.4360698],[-79.9973955,40.4361367],[-79.9973686,40.4361789],[-79.9972093,40.4364289],[-79.9971669,40.4364955],[-79.9971421,40.4365317]]}},{"type":"Feature","id":null,"properties":{},"geometry":{"type":"LineString","coordinates":[[-79.9971421,40.4365317],[-79.9971213,40.4365659]]}},{"type":"Feature","id":null,"properties":{},"geometry":{"type":"LineString","coordinates":[[-80.0010147,40.4365253],[-80.0009367,40.4366463],[-80.0009094,40.4366887]]}},{"type":"Feature","id":null,"properties":{},"geometry":{"type":"LineString","coordinates":[[-79.997937,40.4367847],[-79.9972753,40.436529],[-79.9971669,40.4364955]]}},{"type":"Feature","id":null,"properties":{},"geometry":{"type":"LineString","coordinates":[[-80.0009094,40.4366887],[-80.0008837,40.4367284]]}},{"type":"Feature","id":null,"properties":{},"geometry":{"type":"LineString","coordinates":[[-79.9970469,40.4366787],[-79.9971535,40.4367183],[-79.9978589,40.4369801],[-79.9981306,40.4370809],[-79.9982104,40.4370921],[-79.9983694,40.4370774]]}},{"type":"Feature","id":null,"properties":{},"geometry":{"type":"LineString","coordinates":[[-79.9983694,40.4370774],[-79.9982959,40.436948],[-79.9982847,40.4369298],[-79.9982457,40.4369007],[-79.9982274,40.4368938],[-79.997937,40.4367847]]}},{"type":"Feature","id":null,"properties":{},"geometry":{"type":"LineString","coordinates":[[-80.0008837,40.4367284],[-80.0008421,40.4367894],[-80.0007837,40.4368806],[-80.000579,40.4371928],[-80.0005492,40.4372377]]}},{"type":"Feature","id":null,"properties":{},"geometry":{"type":"LineString","coordinates":[[-80.0026992,40.4372606],[-80.0026896,40.4371159]]}},{"type":"Feature","id":null,"properties":{},"geometry":{"type":"LineString","coordinates":[[-80.0026712,40.4373508],[-80.0026885,40.4373186],[-80.0026962,40.4372895],[-80.0026992,40.4372606]]}},{"type":"Feature","id":null,"properties":{},"geometry":{"type":"LineString","coordinates":[[-79.9970616,40.4366535],[-79.9971213,40.4365659]]}},{"type":"Feature","id":null,"properties":{},"geometry":{"type":"LineString","coordinates":[[-79.9970469,40.4366787],[-79.9970616,40.4366535]]}},{"type":"Feature","id":null,"properties":{},"geometry":{"type":"LineString","coordinates":[[-79.9964623,40.4375831],[-79.9964922,40.437537],[-79.9967816,40.4370915],[-79.99681,40.4370479],[-79.996829,40.4370184],[-79.9970228,40.4367183],[-79.9970469,40.4366787]]}},{"type":"Feature","id":null,"properties":{},"geometry":{"type":"LineString","coordinates":[[-79.9919742,40.4377173],[-79.9919251,40.4378836],[-79.9919082,40.4379149],[-79.991882,40.4379661]]}},{"type":"Feature","id":null,"properties":{},"geometry":{"type":"LineString","coordinates":[[-79.9921611,40.4379792],[-79.9921647,40.4379259],[-79.9921029,40.4377254]]}},{"type":"Feature","id":null,"properties":{},"geometry":{"type":"LineString","coordinates":[[-79.9943727,40.4381623],[-79.994297,40.4380451]]}},{"type":"Feature","id":null,"properties":{},"geometry":{"type":"LineString","coordinates":[[-79.9909878,40.4383691],[-79.9909903,40.4383394],[-79.9910138,40.4380639],[-79.991019,40.4379943],[-79.9910291,40.4379301]]}},{"type":"Feature","id":null,"properties":{},"geometry":{"type":"LineString","coordinates":[[-79.9944657,40.4382989],[-79.9945996,40.4382578],[-79.9949219,40.4381541],[-79.9952827,40.4380448]]}},{"type":"Feature","id":null,"properties":{},"geometry":{"type":"LineString","coordinates":[[-79.9956026,40.438987],[-79.9956473,40.438914],[-79.9960338,40.4382829],[-79.9960651,40.4382317],[-79.996106,40.438165],[-79.9962725,40.4378931],[-79.9964324,40.4376319],[-79.9964623,40.4375831]]}},{"type":"Feature","id":null,"properties":{},"geometry":{"type":"LineString","coordinates":[[-79.9932965,40.4386543],[-79.9933553,40.4386397],[-79.9938785,40.4385093],[-79.9941702,40.4384026],[-79.9943795,40.4383291],[-79.9944657,40.4382989]]}},{"type":"Feature","id":null,"properties":{},"geometry":{"type":"LineString","coordinates":[[-79.9946876,40.4389565],[-79.9947397,40.4388819],[-79.9947533,40.4388461],[-79.9947589,40.4387974],[-79.9947529,40.4387604],[-79.9947376,40.4387309],[-79.9945072,40.4383648],[-79.9944657,40.4382989],[-79.9944394,40.4382602],[-79.9943727,40.4381623]]}},{"type":"Feature","id":null,"properties":{},"geometry":{"type":"LineString","coordinates":[[-79.9909878,40.4383691],[-79.9909841,40.4384071],[-79.9909548,40.4387104],[-79.9909523,40.4387362],[-79.9909456,40.4388074]]}},{"type":"Feature","id":null,"properties":{},"geometry":{"type":"LineString","coordinates":[[-79.9924706,40.4388774],[-79.9925776,40.4388489],[-79.992713,40.4388188],[-79.9931752,40.4386873],[-79.9932965,40.4386543]]}},{"type":"Feature","id":null,"properties":{},"geometry":{"type":"LineString","coordinates":[[-79.9946876,40.4389565],[-79.9946464,40.4390151]]}},{"type":"Feature","id":null,"properties":{},"geometry":{"type":"LineString","coordinates":[[-79.9910247,40.43922],[-79.9910127,40.4391538],[-79.99101,40.4390624],[-79.9910142,40.4389361],[-79.9910042,40.4388974],[-79.9909735,40.4388409],[-79.9909456,40.4388074]]}},{"type":"Feature","id":null,"properties":{},"geometry":{"type":"LineString","coordinates":[[-79.9909456,40.4388074],[-79.9909022,40.4388459],[-79.9908722,40.4388922],[-79.990858,40.4389239],[-79.9908484,40.4390301],[-79.9908477,40.439108],[-79.990852,40.4391681],[-79.9908627,40.4392271]]}},{"type":"Feature","id":null,"properties":{},"geometry":{"type":"LineString","coordinates":[[-79.9910804,40.4393968],[-79.9910597,40.4393364],[-79.9910422,40.4392833],[-79.9910247,40.43922]]}},{"type":"Feature","id":null,"properties":{},"geometry":{"type":"LineString","coordinates":[[-79.9946464,40.4390151],[-79.9946316,40.4390361],[-79.9945833,40.4391468],[-79.9943573,40.4395719],[-79.9943367,40.4396106]]}},{"type":"Feature","id":null,"properties":{},"geometry":{"type":"LineString","coordinates":[[-79.9908627,40.4392271],[-79.990884,40.439314],[-79.9909329,40.4394429]]}},{"type":"Feature","id":null,"properties":{},"geometry":{"type":"LineString","coordinates":[[-79.9911295,40.4394982],[-79.9910804,40.4393968]]}},{"type":"Feature","id":null,"properties":{},"geometry":{"type":"MultiLineString","coordinates":[[[-80.0073544169006,40.380902955789445],[-80.0074828,40.3810227],[-80.0076646,40.3811642],[-80.007983,40.381392],[-80.0083108,40.3816178],[-80.0084253,40.3817052],[-80.0085854,40.3818274],[-80.0087186,40.3819291],[-80.0087607,40.3819613],[-80.0090066,40.3821114],[-80.0092721,40.3822735],[-80.0094366,40.382374],[-80.0094773,40.3823972],[-80.0095849,40.3824585],[-80.0102507,40.3828378],[-80.0106777,40.3830634],[-80.0109481,40.3831509],[-80.011081,40.3831839],[-80.012119,40.383345],[-80.01249261895124,40.38339658244925]],[[-80.01279824080952,40.38343877710758],[-80.0128846,40.3834507],[-80.01293811684187,40.38345493180427]],[[-80.01310952835324,40.38346848604143],[-80.0131957,40.3834753],[-80.0132049773084,40.383475358366205]]]}},{"type":"Feature","id":null,"properties":{},"geometry":{"type":"LineString","coordinates":[[-80.0114332,40.414967],[-80.0113207,40.4150479]]}},{"type":"Feature","id":null,"properties":{},"geometry":{"type":"LineString","coordinates":[[-80.0114266,40.4150876],[-80.0114332,40.414967]]}},{"type":"Feature","id":null,"properties":{},"geometry":{"type":"LineString","coordinates":[[-80.0113207,40.4150479],[-80.0112474,40.415172]]}},{"type":"Feature","id":null,"properties":{},"geometry":{"type":"LineString","coordinates":[[-80.0113562,40.4152069],[-80.0114266,40.4150876]]}},{"type":"Feature","id":null,"properties":{},"geometry":{"type":"LineString","coordinates":[[-80.0112474,40.415172],[-80.0112145,40.4152277],[-80.0110703,40.4154719],[-80.0110744,40.4155907]]}},{"type":"Feature","id":null,"properties":{},"geometry":{"type":"LineString","coordinates":[[-80.0110744,40.4155907],[-80.011178,40.4155087],[-80.0113087,40.4152872],[-80.0113259,40.4152582],[-80.0113562,40.4152069]]}},{"type":"Feature","id":null,"properties":{},"geometry":{"type":"LineString","coordinates":[[-80.0110744,40.4155907],[-80.0110523,40.4156503],[-80.0110355,40.4157095],[-80.0110255,40.4157703],[-80.0110235,40.4158251],[-80.0110251,40.4158953]]}},{"type":"Feature","id":null,"properties":{},"geometry":{"type":"LineString","coordinates":[[-80.0110251,40.4158953],[-80.0110336,40.4159732],[-80.0110934,40.4163154],[-80.0112064,40.416962]]}},{"type":"Feature","id":null,"properties":{},"geometry":{"type":"LineString","coordinates":[[-80.0112064,40.416962],[-80.011299,40.4175302],[-80.011317,40.417783],[-80.0112453,40.4179019],[-80.01103,40.4181261],[-80.010684,40.4183813],[-80.0104714,40.4185478],[-80.0091217,40.419605],[-80.0090088,40.4196668],[-80.0079443,40.4200337],[-80.0079312,40.4200382],[-80.007825,40.4200759],[-80.0077377,40.4201068],[-80.007693,40.420122],[-80.0072865,40.4202598],[-80.0064683,40.4205383],[-80.0063574,40.4205688],[-80.0061284,40.4206103],[-80.0060514,40.4206249]]}},{"type":"Feature","id":null,"properties":{},"geometry":{"type":"MultiLineString","coordinates":[[[-80.02866232926687,40.391269154913275],[-80.0286797,40.3912993],[-80.02927650677609,40.392335170363076]],[[-80.03063397577648,40.39476009406273],[-80.03073747784744,40.39494974491627]],[[-80.03073320613726,40.395201134956224],[-80.0307239,40.3952444],[-80.03071687946805,40.39528749633475]],[[-80.0307056335964,40.39535252671928],[-80.0307047,40.3953578]]]}},{"type":"Feature","id":null,"properties":{},"geometry":{"type":"LineString","coordinates":[[-80.0307047,40.3953578],[-80.03072012328991,40.39536052055379]]}},{"type":"Feature","id":null,"properties":{},"geometry":{"type":"LineString","coordinates":[[-80.03982280890227,40.40127518806528],[-80.0399914,40.4016341],[-80.0402544,40.4023245],[-80.0403291,40.4025204],[-80.040374,40.40264],[-80.0405241,40.403062],[-80.0406071,40.4032484],[-80.040619,40.4032674],[-80.0406357,40.4032846],[-80.0406542,40.4032981],[-80.0406817,40.4033119],[-80.0407392,40.4033364]]}},{"type":"Feature","id":null,"properties":{},"geometry":{"type":"LineString","coordinates":[[-80.0407392,40.4033364],[-80.0408876,40.403356]]}},{"type":"Feature","id":null,"properties":{},"geometry":{"type":"LineString","coordinates":[[-80.0408876,40.403356],[-80.0409807,40.4033874],[-80.0410277,40.4034068],[-80.0410679,40.4034289],[-80.0412056,40.4035149],[-80.0413023,40.4035753]]}},{"type":"Feature","id":null,"properties":{},"geometry":{"type":"LineString","coordinates":[[-80.0413023,40.4035753],[-80.0413965,40.403634],[-80.041719,40.4038353],[-80.0418008,40.4038925],[-80.0418826,40.4039614],[-80.0419571,40.4040319],[-80.0440336,40.4061785],[-80.0446258,40.4067886],[-80.0447264,40.4068746],[-80.0448278,40.4069437],[-80.0449482,40.4069942],[-80.0455943,40.407196],[-80.0459933,40.4073361],[-80.0467684,40.4075667],[-80.04759599922336,40.40778478970118]]}},{"type":"Feature","id":null,"properties":{},"geometry":{"type":"MultiLineString","coordinates":[[[-80.0722619951846,40.41498859024224],[-80.0722314,40.4150522],[-80.0721686,40.415174],[-80.0721214,40.4152676],[-80.0720807,40.4153492],[-80.0720414,40.4154191],[-80.0719822,40.4155294],[-80.071914,40.4156169],[-80.07184278118936,40.41567832515031]],[[-80.0718402921971,40.41568047186861],[-80.0718311,40.4156884],[-80.0718067703297,40.4157028197802]],[[-80.07176325692976,40.41572860942944],[-80.0717491,40.415737],[-80.0716592,40.4157734],[-80.0715894,40.4157967],[-80.07154186109278,40.41580863850385]],[[-80.07151925907347,40.41581431457657],[-80.071501,40.4158189],[-80.0713842,40.4158253],[-80.0712608,40.4158284],[-80.070897,40.4158275],[-80.07081792857174,40.415827]],[[-80.0707777117646,40.415827],[-80.0706403,40.4158302],[-80.07055578283105,40.41583229033105]],[[-80.0680800141854,40.415999478095245],[-80.0680578,40.4160027],[-80.06798981844467,40.41601500460584]],[[-80.06781398025878,40.41605351189749],[-80.0676669,40.4160906],[-80.0675171,40.4161369],[-80.0674087,40.4161731],[-80.0673566,40.416195],[-80.06720549826045,40.41626526515748]],[[-80.06649702532636,40.41671506788513],[-80.0664171,40.4168048],[-80.06640573917137,40.41681918427496]],[[-80.06622681890539,40.41800974585595],[-80.0662554,40.4181097],[-80.0664997,40.4189687],[-80.06652825999028,40.41908466778973]],[[-80.06667462455664,40.41967897025927],[-80.0667295,40.4199017],[-80.06679227189868,40.42021994052012]],[[-80.06717951504469,40.422286371352946],[-80.0671961,40.4223765],[-80.0672242,40.4225291],[-80.0672313,40.4226428],[-80.0672199,40.4227197],[-80.0671996,40.422792],[-80.0671756600704,40.42285086085254]],[[-80.06703243267941,40.423089800864496],[-80.0667641,40.4234683],[-80.0657334,40.4248586],[-80.0657162729787,40.424877783580044]],[[-80.06336913600957,40.42638628843619],[-80.0633288,40.4263914],[-80.0625558,40.4263867],[-80.0618358,40.4263876],[-80.0615346,40.4263901],[-80.0612822,40.4263901],[-80.05889684622886,40.42641094668829]],[[-80.05871538097928,40.42641253259539],[-80.05760512949152,40.426422235586614]]]}},{"type":"Feature","id":null,"properties":{},"geometry":{"type":"LineString","coordinates":[[-80.04072278500833,40.42869058949219],[-80.0407196,40.4286922]]}},{"type":"Feature","id":null,"properties":{},"geometry":{"type":"LineString","coordinates":[[-80.0407196,40.4286922],[-80.0403542,40.4288906],[-80.040109,40.4290859],[-80.0399937,40.429213]]}},{"type":"Feature","id":null,"properties":{},"geometry":{"type":"LineString","coordinates":[[-80.0537856,40.4279599],[-80.0536991,40.4280517],[-80.0535643,40.4282391],[-80.0535476,40.4282983],[-80.0535254,40.4283769],[-80.0535007,40.4285681],[-80.0534938,40.4287525],[-80.0534896,40.4289442],[-80.0534856,40.4291233],[-80.0534847,40.429165],[-80.0534758,40.4295703],[-80.0534746,40.4297224],[-80.0534731,40.4299246],[-80.0534659,40.4301865],[-80.0534604,40.4303875],[-80.0534584,40.4305906],[-80.053454,40.4306699],[-80.0534403,40.4309168],[-80.0534301,40.4309935],[-80.0534218,40.4310236],[-80.0533814,40.4311708],[-80.0532636,40.4313782],[-80.0532076,40.4314441]]}},{"type":"Feature","id":null,"properties":{},"geometry":{"type":"LineString","coordinates":[[-80.06554044050125,40.43034074397791],[-80.0655492,40.4303426]]}},{"type":"Feature","id":null,"properties":{},"geometry":{"type":"LineString","coordinates":[[-80.0399937,40.429213],[-80.0399175,40.4293175],[-80.0397869,40.4295185],[-80.0397126,40.4297124],[-80.0396099,40.4300027],[-80.0393748,40.4306003],[-80.039226,40.4309333],[-80.0389404,40.4316565],[-80.0388016,40.4319886],[-80.038644,40.4322257],[-80.0383358,40.4326146],[-80.038199,40.4328223],[-80.0381725,40.4328626],[-80.0380724,40.4330619],[-80.0379949,40.4332624]]}},{"type":"Feature","id":null,"properties":{},"geometry":{"type":"LineString","coordinates":[[-80.0532076,40.4314441],[-80.0531319,40.4315334],[-80.0526435,40.4319825],[-80.0526064,40.4320141],[-80.0524568,40.4321416],[-80.0522487,40.4323317],[-80.052008,40.4325353],[-80.0518488,40.4326597],[-80.0511201,40.4331315],[-80.0507701,40.4333759],[-80.0505844,40.4335571],[-80.0505079,40.4336495],[-80.0504397,40.4337508],[-80.0503752,40.433869],[-80.0503325,40.4339661]]}},{"type":"Feature","id":null,"properties":{},"geometry":{"type":"LineString","coordinates":[[-80.0379949,40.4332624],[-80.0377235,40.4339484]]}},{"type":"Feature","id":null,"properties":{},"geometry":{"type":"LineString","coordinates":[[-80.0377235,40.4339484],[-80.0376382,40.4341176],[-80.037561,40.4342273],[-80.0374599,40.4343436],[-80.0373441,40.4344537],[-80.0372166,40.4345367],[-80.0370158,40.434633],[-80.0368009,40.4346865],[-80.0365094,40.4347199],[-80.0361772,40.4347279]]}},{"type":"Feature","id":null,"properties":{},"geometry":{"type":"LineString","coordinates":[[-80.0361772,40.4347279],[-80.0357872,40.4347205],[-80.0351215,40.4346886],[-80.0347975,40.4346983],[-80.0344877,40.4347169],[-80.0343378,40.4347604],[-80.0342365,40.4348128],[-80.0341518,40.4348737],[-80.0340603,40.434949]]}},{"type":"Feature","id":null,"properties":{},"geometry":{"type":"LineString","coordinates":[[-80.0340603,40.434949],[-80.0340015,40.4350118],[-80.0339539,40.435104],[-80.0338933,40.4353632],[-80.0337605,40.435968]]}},{"type":"Feature","id":null,"properties":{},"geometry":{"type":"LineString","coordinates":[[-80.0503325,40.4339661],[-80.0503061,40.4340502],[-80.050282,40.4341436],[-80.0502625,40.4342702],[-80.0502571,40.4343656],[-80.0502732,40.4345626],[-80.0502987,40.4346953],[-80.0503591,40.4348387],[-80.0504905,40.4350955],[-80.0505173,40.4351397],[-80.0507225,40.4353369],[-80.0509505,40.4354808],[-80.0518651,40.4360545],[-80.0520958,40.4361974],[-80.0524707,40.4364602],[-80.0536117,40.4372942],[-80.0538494,40.4375043]]}},{"type":"Feature","id":null,"properties":{},"geometry":{"type":"LineString","coordinates":[[-80.0355618,40.437964],[-80.0356262,40.4377804],[-80.0356667,40.4376093],[-80.0356951,40.43742],[-80.0356936,40.4372022],[-80.0356802,40.4368339],[-80.0356966,40.4365579],[-80.0357461,40.4362968],[-80.0358375,40.4359433],[-80.0358749,40.4358464],[-80.0359229,40.4357916],[-80.0359723,40.435762],[-80.0360412,40.4357278],[-80.0361072,40.4357095],[-80.036206,40.4357015],[-80.0363169,40.4357072],[-80.0365476,40.4357551],[-80.0372308,40.4359091],[-80.0375095,40.4359923],[-80.0378721,40.4361098],[-80.0385343,40.4363572],[-80.0389943,40.4365431],[-80.0392325,40.4366777],[-80.0392544,40.4366985],[-80.0392976,40.4367394],[-80.0393751,40.4368263],[-80.0394892,40.4369357],[-80.0396055,40.4370129]]}},{"type":"Feature","id":null,"properties":{},"geometry":{"type":"LineString","coordinates":[[-80.0396055,40.4370129],[-80.0397374,40.4370802],[-80.0398707,40.437111],[-80.0401119,40.4371532],[-80.0405869,40.4372034],[-80.0408281,40.4372353],[-80.0409869,40.4372695],[-80.0416212,40.4374556]]}},{"type":"Feature","id":null,"properties":{},"geometry":{"type":"LineString","coordinates":[[-80.054083,40.4379391],[-80.0548739,40.4378665],[-80.055841,40.4377741],[-80.0559372,40.4377643],[-80.055981,40.4377599],[-80.0565206,40.4377054],[-80.0568814,40.4376696],[-80.0570675,40.4376465],[-80.0573206,40.4376035],[-80.0575847,40.4375492],[-80.05760611507483,40.43754311392407]]}},{"type":"Feature","id":null,"properties":{},"geometry":{"type":"LineString","coordinates":[[-80.054083,40.4379391],[-80.0540452,40.4377941],[-80.0540259,40.437737],[-80.054004,40.4376691],[-80.0539886,40.4376321],[-80.0539227,40.4375587],[-80.0538494,40.4375043]]}},{"type":"Feature","id":null,"properties":{},"geometry":{"type":"LineString","coordinates":[[-80.0538494,40.4375043],[-80.0538584,40.4375901],[-80.0538554,40.4376566],[-80.0538401,40.4377067],[-80.0538018,40.4377952],[-80.0537715,40.437842],[-80.0537558,40.4378663],[-80.0537152,40.4379778]]}},{"type":"Feature","id":null,"properties":{},"geometry":{"type":"LineString","coordinates":[[-80.0494587,40.4380628],[-80.0497736,40.4379478],[-80.0498175,40.4379278],[-80.0501829,40.4377616],[-80.0505008,40.4376234],[-80.0506925,40.4375633],[-80.0509491,40.4375171],[-80.0511786,40.4374982],[-80.0515012,40.4375064],[-80.0520263,40.4375443],[-80.0522342,40.4375674],[-80.0523629,40.4375917],[-80.0523825,40.4375954],[-80.0525806,40.4376457],[-80.0528608,40.4377483],[-80.0531241,40.4378657],[-80.0532594,40.4379184],[-80.0534002,40.4379572],[-80.0535398,40.4379778],[-80.0537152,40.4379778]]}},{"type":"Feature","id":null,"properties":{},"geometry":{"type":"LineString","coordinates":[[-80.0416212,40.4374556],[-80.0429776,40.4378568],[-80.0434185,40.4379791],[-80.0438579,40.4380782],[-80.0445285,40.438218],[-80.0446515,40.438235],[-80.0446801,40.438239],[-80.0449573,40.4382728],[-80.0452497,40.4382926],[-80.0456279,40.4383019],[-80.0462403,40.4382973],[-80.0465282,40.4382704],[-80.0469446,40.438211],[-80.047421,40.4381374],[-80.047683,40.4381102],[-80.0479234,40.4381003],[-80.0481832,40.438106],[-80.0485513,40.4381423],[-80.0487635,40.4381538],[-80.0489432,40.438158],[-80.0491814,40.4381324],[-80.0493092,40.4381085],[-80.0494587,40.4380628]]}},{"type":"Feature","id":null,"properties":{},"geometry":{"type":"LineString","coordinates":[[-80.0537152,40.4379778],[-80.054083,40.4379391]]}},{"type":"Feature","id":null,"properties":{},"geometry":{"type":"LineString","coordinates":[[-80.0337605,40.435968],[-80.0338039,40.436018],[-80.0338386,40.4360565],[-80.0338997,40.4361156],[-80.0339159,40.4361323],[-80.0341944,40.43642],[-80.0344233,40.4366564],[-80.0345232,40.4367596],[-80.0345956,40.4368344],[-80.0346368,40.4368943],[-80.0346515,40.4369348],[-80.0346648,40.4370054],[-80.0346625,40.4370899],[-80.0346436,40.4372513],[-80.0346317,40.4373578],[-80.0346117,40.4375376],[-80.0345604,40.437997],[-80.0345177,40.438433],[-80.0343589,40.4402156],[-80.0343896,40.4402646],[-80.034394,40.4402714],[-80.0346285,40.4406327],[-80.034777,40.4408615],[-80.0348106,40.4409133]]}},{"type":"Feature","id":null,"properties":{},"geometry":{"type":"LineString","coordinates":[[-80.0356322,40.4405717],[-80.0356487,40.4405046],[-80.0356367,40.4404487],[-80.0355978,40.44037],[-80.0352127,40.4397474],[-80.0351708,40.4396311],[-80.0351457,40.4395458],[-80.0351468,40.4394566],[-80.0351558,40.4392263],[-80.0351992,40.4388625],[-80.0352146,40.4387629],[-80.0352427,40.4386607],[-80.035358,40.4383984],[-80.0355618,40.437964]]}},{"type":"Feature","id":null,"properties":{},"geometry":{"type":"LineString","coordinates":[[-80.0807857,40.4404896],[-80.0810399,40.4404706],[-80.0812622,40.4404424],[-80.08240770709193,40.4402481232525]]}},{"type":"Feature","id":null,"properties":{},"geometry":{"type":"LineString","coordinates":[[-80.08051210858997,40.44049086199587],[-80.080537,40.4404981]]}},{"type":"Feature","id":null,"properties":{},"geometry":{"type":"LineString","coordinates":[[-80.0055724,40.4317075],[-80.0057678,40.4318147],[-80.0060168,40.4319488],[-80.007654,40.4326826],[-80.0081033,40.4328976],[-80.009262,40.4333942],[-80.0096225,40.4336097],[-80.0100516,40.4338776],[-80.0104121,40.4341128],[-80.0108241,40.4343741],[-80.0110816,40.4345636],[-80.0113391,40.4347465],[-80.0114698,40.4348726],[-80.0116612,40.4350531],[-80.011862,40.4352435],[-80.0121339,40.4354054],[-80.0122832,40.4354763],[-80.0124067,40.435527],[-80.012575,40.4355696]]}},{"type":"Feature","id":null,"properties":{},"geometry":{"type":"LineString","coordinates":[[-80.012575,40.4355696],[-80.0126311,40.4355808],[-80.0126767,40.4355798],[-80.0127156,40.4355696],[-80.012754,40.4355503],[-80.01286,40.4354216],[-80.0128997,40.4353651]]}},{"type":"Feature","id":null,"properties":{},"geometry":{"type":"LineString","coordinates":[[-80.0149418,40.4450638],[-80.014499,40.4450771]]}},{"type":"Feature","id":null,"properties":{},"geometry":{"type":"LineString","coordinates":[[-80.014499,40.4450771],[-80.0143228,40.4450852],[-80.0142189,40.4450928],[-80.0141083,40.4451056],[-80.0140102,40.4451224],[-80.0138622,40.4451626],[-80.0137951,40.445184],[-80.0136411,40.4452389],[-80.0135487,40.4452794],[-80.0134183,40.4453345],[-80.0131771,40.4454328],[-80.0129613,40.4455153],[-80.0127743,40.4455823],[-80.0125115,40.4456614],[-80.0122747,40.4457229],[-80.0120509,40.4457707],[-80.0117821,40.4458211],[-80.011708,40.445835],[-80.0116146,40.4458529],[-80.0106967,40.4460217],[-80.0101494,40.4461256]]}},{"type":"Feature","id":null,"properties":{},"geometry":{"type":"LineString","coordinates":[[-80.0174745,40.4468],[-80.0174404,40.4466977],[-80.0172652,40.4461711],[-80.0172139,40.446017],[-80.0171484,40.4458203],[-80.0170797,40.4456504],[-80.0169767,40.4454871],[-80.0168823,40.4453761],[-80.0167536,40.4452847],[-80.016566,40.4451934],[-80.0165304,40.4451801],[-80.016333,40.4451279],[-80.0160154,40.4450822],[-80.0156206,40.445056],[-80.0149418,40.4450638]]}},{"type":"Feature","id":null,"properties":{},"geometry":{"type":"LineString","coordinates":[[-80.0101494,40.4461256],[-80.0099432,40.4461618],[-80.0098382,40.446181]]}},{"type":"Feature","id":null,"properties":{},"geometry":{"type":"LineString","coordinates":[[-80.0098382,40.446181],[-80.0096964,40.446208],[-80.0088628,40.4463641],[-80.008595,40.4464115],[-80.0083989,40.4464459],[-80.0083524,40.446454],[-80.0082938,40.4464643],[-80.0080378,40.4465088],[-80.0075873,40.4465904],[-80.0074379,40.4466164],[-80.007329,40.4466367]]}},{"type":"Feature","id":null,"properties":{},"geometry":{"type":"LineString","coordinates":[[-80.0178091,40.4480092],[-80.0177635,40.44775],[-80.0175004,40.4468853],[-80.0174745,40.4468]]}},{"type":"Feature","id":null,"properties":{},"geometry":{"type":"LineString","coordinates":[[-80.0176764,40.448032],[-80.0178091,40.4480092]]}},{"type":"Feature","id":null,"properties":{},"geometry":{"type":"LineString","coordinates":[[-80.0172647,40.4481027],[-80.0176764,40.448032]]}},{"type":"Feature","id":null,"properties":{},"geometry":{"type":"LineString","coordinates":[[-80.080537,40.4404981],[-80.0807857,40.4404896]]}},{"type":"Feature","id":null,"properties":{},"geometry":{"type":"LineString","coordinates":[[-80.0348106,40.4409133],[-80.0349028,40.4408809],[-80.0353781,40.4407039],[-80.0353893,40.4406997],[-80.0355026,40.4406593],[-80.0355586,40.440632],[-80.0355987,40.4406058],[-80.0356322,40.4405717]]}},{"type":"Feature","id":null,"properties":{},"geometry":{"type":"LineString","coordinates":[[-80.0329086,40.4416088],[-80.0329903,40.4415795],[-80.0339472,40.4412345],[-80.034052,40.4411986],[-80.0341219,40.4411717],[-80.034223,40.4411338],[-80.0347115,40.4409495],[-80.0348106,40.4409133]]}},{"type":"Feature","id":null,"properties":{},"geometry":{"type":"LineString","coordinates":[[-80.0323642,40.4418091],[-80.0327987,40.4416479],[-80.0329086,40.4416088]]}},{"type":"Feature","id":null,"properties":{},"geometry":{"type":"LineString","coordinates":[[-80.0316537,40.4420869],[-80.0318475,40.4420033],[-80.0319303,40.4419706],[-80.0319971,40.4419442],[-80.0323642,40.4418091]]}},{"type":"Feature","id":null,"properties":{},"geometry":{"type":"LineString","coordinates":[[-80.0314831,40.4421769],[-80.0316537,40.4420869]]}},{"type":"Feature","id":null,"properties":{},"geometry":{"type":"LineString","coordinates":[[-80.0308591,40.4425166],[-80.0314831,40.4421769]]}},{"type":"Feature","id":null,"properties":{},"geometry":{"type":"LineString","coordinates":[[-80.0308591,40.4425166],[-80.0307468,40.4425632],[-80.0306646,40.4426041],[-80.0305898,40.4426479],[-80.0304634,40.4427316]]}},{"type":"Feature","id":null,"properties":{},"geometry":{"type":"LineString","coordinates":[[-80.0304634,40.4427316],[-80.0303995,40.4427657],[-80.0303572,40.4427883],[-80.0302908,40.4428194],[-80.0302153,40.4428475],[-80.0301262,40.4428735],[-80.030034,40.4428947],[-80.0299468,40.4429072],[-80.029688,40.4429356],[-80.0293899,40.4429684],[-80.0293051,40.442983],[-80.0292246,40.4430008],[-80.029146,40.4430229]]}},{"type":"Feature","id":null,"properties":{},"geometry":{"type":"LineString","coordinates":[[-80.029146,40.4430229],[-80.0290744,40.4430493],[-80.028999,40.4430815],[-80.0287649,40.4431979]]}},{"type":"Feature","id":null,"properties":{},"geometry":{"type":"LineString","coordinates":[[-80.0313838,40.4432269],[-80.031093,40.4433206],[-80.0309675,40.4433805]]}},{"type":"Feature","id":null,"properties":{},"geometry":{"type":"LineString","coordinates":[[-80.0287649,40.4431979],[-80.0286727,40.4432682],[-80.0285715,40.4433387],[-80.0284689,40.4434025],[-80.0283683,40.4434576],[-80.0282751,40.4435015],[-80.0281124,40.4435649]]}},{"type":"Feature","id":null,"properties":{},"geometry":{"type":"LineString","coordinates":[[-80.0307005,40.443564],[-80.0308499,40.4435079],[-80.0311351,40.4433716],[-80.0313838,40.4432269]]}},{"type":"Feature","id":null,"properties":{},"geometry":{"type":"LineString","coordinates":[[-80.0309675,40.4433805],[-80.0308468,40.4434382],[-80.0308093,40.4434561],[-80.030708,40.4435046]]}},{"type":"Feature","id":null,"properties":{},"geometry":{"type":"LineString","coordinates":[[-80.0281124,40.4435649],[-80.0279114,40.4436432]]}},{"type":"Feature","id":null,"properties":{},"geometry":{"type":"LineString","coordinates":[[-80.030167,40.4438189],[-80.0307005,40.443564]]}},{"type":"Feature","id":null,"properties":{},"geometry":{"type":"LineString","coordinates":[[-80.0294661,40.4441357],[-80.0296787,40.4440523],[-80.030167,40.4438189]]}},{"type":"Feature","id":null,"properties":{},"geometry":{"type":"LineString","coordinates":[[-80.028952,40.4443814],[-80.0294661,40.4441357]]}},{"type":"Feature","id":null,"properties":{},"geometry":{"type":"LineString","coordinates":[[-80.0174745,40.4468],[-80.0176135,40.4467893],[-80.0183297,40.4467339],[-80.0183901,40.4467292],[-80.0184395,40.4467254],[-80.0193496,40.4466551],[-80.0195205,40.4466465],[-80.0196125,40.4466465],[-80.0196884,40.4466475],[-80.0198362,40.4466674]]}},{"type":"Feature","id":null,"properties":{},"geometry":{"type":"LineString","coordinates":[[-80.0209968,40.4476292],[-80.0208814,40.447279],[-80.0208588,40.4471989],[-80.0208395,40.4471432],[-80.0208379,40.4471405],[-80.0207728,40.447029],[-80.0207196,40.4469785],[-80.0206594,40.4469266],[-80.0206377,40.4469095],[-80.0206149,40.4468916],[-80.0205704,40.4468644],[-80.0204674,40.4468047],[-80.0203564,40.4467612],[-80.0202343,40.4467262],[-80.0201169,40.4466996],[-80.0199631,40.4466683],[-80.0198362,40.4466674]]}},{"type":"Feature","id":null,"properties":{},"geometry":{"type":"LineString","coordinates":[[-80.0044418,40.4429751],[-80.004631,40.4434209],[-80.0046554,40.4434784]]}},{"type":"Feature","id":null,"properties":{},"geometry":{"type":"LineString","coordinates":[[-80.0046554,40.4434784],[-80.0047319,40.4436553]]}},{"type":"Feature","id":null,"properties":{},"geometry":{"type":"LineString","coordinates":[[-80.007329,40.4466367],[-80.0073575,40.4467193],[-80.0074958,40.4471737],[-80.0076212,40.4475772],[-80.0076521,40.4476767]]}},{"type":"Feature","id":null,"properties":{},"geometry":{"type":"LineString","coordinates":[[-80.0038118,40.4468838],[-80.0038712,40.447047],[-80.0039006,40.4471289],[-80.0039336,40.4472208],[-80.0040345,40.4475199],[-80.0040436,40.4475469],[-80.0041481,40.4478798],[-80.0042435,40.4481877],[-80.0042714,40.4482777]]}},{"type":"Feature","id":null,"properties":{},"geometry":{"type":"LineString","coordinates":[[-80.0076521,40.4476767],[-80.0076784,40.4477578],[-80.0078162,40.4481835],[-80.0078291,40.4482234]]}},{"type":"Feature","id":null,"properties":{},"geometry":{"type":"LineString","coordinates":[[-80.0076521,40.4476767],[-80.007528,40.4476985],[-80.0074968,40.4477041],[-80.0068263,40.4478233],[-80.0058894,40.44799],[-80.0047173,40.4482016],[-80.004386,40.4482614],[-80.0042714,40.4482777]]}},{"type":"Feature","id":null,"properties":{},"geometry":{"type":"LineString","coordinates":[[-80.0088638,40.4482276],[-80.0086864,40.4481961],[-80.0082737,40.4482136],[-80.0079909,40.4482307],[-80.0079457,40.4482287],[-80.0078291,40.4482234]]}},{"type":"Feature","id":null,"properties":{},"geometry":{"type":"LineString","coordinates":[[-80.0078291,40.4482234],[-80.0078497,40.4482869]]}},{"type":"Feature","id":null,"properties":{},"geometry":{"type":"LineString","coordinates":[[-80.0079078,40.4484663],[-80.0079659,40.4484422],[-80.0081236,40.4483807],[-80.0083758,40.4483093],[-80.0085904,40.4482623],[-80.0088638,40.4482276]]}},{"type":"Feature","id":null,"properties":{},"geometry":{"type":"LineString","coordinates":[[-80.0078497,40.4482869],[-80.0078632,40.4483284],[-80.0079078,40.4484663]]}},{"type":"Feature","id":null,"properties":{},"geometry":{"type":"LineString","coordinates":[[-80.0172647,40.4481027],[-80.0169352,40.4481427],[-80.0167899,40.4481603],[-80.0161166,40.4482072],[-80.0152583,40.4482562],[-80.014856,40.4482623],[-80.0145038,40.4482638]]}},{"type":"Feature","id":null,"properties":{},"geometry":{"type":"LineString","coordinates":[[-80.0093018,40.4482178],[-80.0090548,40.4482166]]}},{"type":"Feature","id":null,"properties":{},"geometry":{"type":"LineString","coordinates":[[-80.0090548,40.4482166],[-80.0089249,40.4482241]]}},{"type":"Feature","id":null,"properties":{},"geometry":{"type":"LineString","coordinates":[[-80.0089249,40.4482241],[-80.0088638,40.4482276]]}},{"type":"Feature","id":null,"properties":{},"geometry":{"type":"LineString","coordinates":[[-80.0104438,40.4482399],[-80.0103459,40.4482366],[-80.0096498,40.4482134],[-80.0093018,40.4482178]]}},{"type":"Feature","id":null,"properties":{},"geometry":{"type":"LineString","coordinates":[[-80.0145038,40.4482638],[-80.0140986,40.4482571],[-80.0129409,40.4482378],[-80.0121631,40.4482256],[-80.0110017,40.4482134],[-80.010544,40.4482351],[-80.0104438,40.4482399]]}},{"type":"Feature","id":null,"properties":{},"geometry":{"type":"LineString","coordinates":[[-80.0130428,40.4483664],[-80.0147541,40.4484011],[-80.0151805,40.448395],[-80.0155078,40.4483787],[-80.0161649,40.4483215],[-80.0165914,40.4482664],[-80.0168676,40.4482113],[-80.0172647,40.4481027]]}},{"type":"Feature","id":null,"properties":{},"geometry":{"type":"LineString","coordinates":[[-80.0104438,40.4482399],[-80.0105459,40.4482502],[-80.0109695,40.448293],[-80.0115596,40.4483297],[-80.0116392,40.4483317]]}},{"type":"Feature","id":null,"properties":{},"geometry":{"type":"LineString","coordinates":[[-80.0116392,40.4483317],[-80.0130428,40.4483664]]}},{"type":"Feature","id":null,"properties":{},"geometry":{"type":"LineString","coordinates":[[-80.0181581,40.4491531],[-80.0181222,40.4490509],[-80.0181036,40.4489942],[-80.0179887,40.4486445],[-80.0179325,40.4484767],[-80.0178091,40.4480092]]}},{"type":"Feature","id":null,"properties":{},"geometry":{"type":"LineString","coordinates":[[-80.0216272,40.448038],[-80.0215339,40.4480097],[-80.0214538,40.4479809],[-80.0213506,40.4479375],[-80.0212538,40.4478795],[-80.0211967,40.4478385],[-80.0211476,40.4477902],[-80.021081,40.4477117],[-80.0209968,40.4476292]]}},{"type":"Feature","id":null,"properties":{},"geometry":{"type":"LineString","coordinates":[[-80.0189761,40.4478338],[-80.0197428,40.4477844],[-80.0201218,40.4477573],[-80.0201454,40.4477563],[-80.0202121,40.4477534],[-80.0202681,40.447757],[-80.0203213,40.4477666],[-80.0204904,40.4478136],[-80.0206893,40.4478751],[-80.0208371,40.4479297]]}},{"type":"Feature","id":null,"properties":{},"geometry":{"type":"LineString","coordinates":[[-80.0178091,40.4480092],[-80.0179395,40.4479887],[-80.0184864,40.4479029],[-80.018546,40.4478936],[-80.0188052,40.4478529],[-80.0189761,40.4478338]]}},{"type":"Feature","id":null,"properties":{},"geometry":{"type":"LineString","coordinates":[[-80.0225585,40.4482976],[-80.0220159,40.4481464],[-80.0216272,40.448038]]}},{"type":"Feature","id":null,"properties":{},"geometry":{"type":"LineString","coordinates":[[-80.0239203,40.4486812],[-80.0236409,40.4485938],[-80.0230063,40.4484212],[-80.0227705,40.4483561],[-80.0225585,40.4482976]]}},{"type":"Feature","id":null,"properties":{},"geometry":{"type":"LineString","coordinates":[[-80.0239518,40.4486894],[-80.0239203,40.4486812]]}},{"type":"Feature","id":null,"properties":{},"geometry":{"type":"LineString","coordinates":[[-80.0240823,40.4487207],[-80.0239518,40.4486894]]}},{"type":"Feature","id":null,"properties":{},"geometry":{"type":"LineString","coordinates":[[-80.0205695,40.4492748],[-80.0208193,40.4492776],[-80.0209636,40.4492751],[-80.0211307,40.4492788],[-80.0214349,40.4492677]]}},{"type":"Feature","id":null,"properties":{},"geometry":{"type":"LineString","coordinates":[[-80.0278267,40.4501774],[-80.0276578,40.4500162],[-80.0275102,40.4499019],[-80.0272742,40.4497508],[-80.027113,40.4496653],[-80.0269144,40.4495685],[-80.0266338,40.4494377],[-80.026347,40.4493057],[-80.0260606,40.449197],[-80.025792,40.449109],[-80.0256001,40.449051],[-80.0254109,40.4489992],[-80.0252417,40.4489557],[-80.0249847,40.4489013],[-80.0246959,40.4488472],[-80.0244045,40.4487917],[-80.0240823,40.4487207]]}},{"type":"Feature","id":null,"properties":{},"geometry":{"type":"LineString","coordinates":[[-80.0205695,40.4492748],[-80.0203712,40.4493111],[-80.0203208,40.4493203],[-80.0199871,40.4493815],[-80.0199213,40.4493935],[-80.0197931,40.449417],[-80.0196381,40.4494454],[-80.0192068,40.4495244],[-80.0189276,40.4495756],[-80.0184094,40.4496716],[-80.018376,40.4496772],[-80.0183157,40.4496869]]}},{"type":"Feature","id":null,"properties":{},"geometry":{"type":"LineString","coordinates":[[-79.9909329,40.4394429],[-79.9909806,40.4395467]]}},{"type":"Feature","id":null,"properties":{},"geometry":{"type":"LineString","coordinates":[[-79.9956026,40.438987],[-79.9955567,40.4390695],[-79.9951109,40.4398939],[-79.9948827,40.4403122],[-79.9948295,40.4404098]]}},{"type":"Feature","id":null,"properties":{},"geometry":{"type":"LineString","coordinates":[[-79.9943367,40.4396106],[-79.9942331,40.4398122],[-79.9942237,40.4398474],[-79.9942189,40.4399032],[-79.9942201,40.4399411]]}},{"type":"Feature","id":null,"properties":{},"geometry":{"type":"LineString","coordinates":[[-79.991564,40.440351],[-79.991534,40.4402893],[-79.9913969,40.440025],[-79.9913483,40.4399293],[-79.9911295,40.4394982]]}},{"type":"Feature","id":null,"properties":{},"geometry":{"type":"LineString","coordinates":[[-79.9909806,40.4395467],[-79.9910823,40.4397495],[-79.9912833,40.4401505],[-79.9913479,40.4402699],[-79.9913674,40.4403093],[-79.9913983,40.4403693]]}},{"type":"Feature","id":null,"properties":{},"geometry":{"type":"LineString","coordinates":[[-79.9935857,40.4401629],[-79.9938848,40.440056],[-79.9940248,40.4400059],[-79.9940679,40.4399909],[-79.9942201,40.4399411]]}},{"type":"Feature","id":null,"properties":{},"geometry":{"type":"LineString","coordinates":[[-79.9942201,40.4399411],[-79.9942367,40.4399969],[-79.9942576,40.4400497],[-79.9942817,40.4400942],[-79.9943065,40.4401267],[-79.9943397,40.44016],[-79.9943847,40.4401996],[-79.9944403,40.440242],[-79.9944983,40.4402735],[-79.9945622,40.4403068]]}},{"type":"Feature","id":null,"properties":{},"geometry":{"type":"LineString","coordinates":[[-79.9934164,40.440223],[-79.9934516,40.4402115],[-79.9935857,40.4401629]]}},{"type":"Feature","id":null,"properties":{},"geometry":{"type":"LineString","coordinates":[[-79.9933597,40.4402425],[-79.9934164,40.440223]]}},{"type":"Feature","id":null,"properties":{},"geometry":{"type":"LineString","coordinates":[[-79.9933597,40.4402425],[-79.9932583,40.4402372],[-79.9931182,40.4402824],[-79.9930031,40.4403174],[-79.9929413,40.4403338],[-79.992876,40.4403499]]}},{"type":"Feature","id":null,"properties":{},"geometry":{"type":"LineString","coordinates":[[-79.9928218,40.4404477],[-79.992936,40.4404221],[-79.9930942,40.4403792],[-79.9932922,40.440313],[-79.9933597,40.4402425]]}},{"type":"Feature","id":null,"properties":{},"geometry":{"type":"LineString","coordinates":[[-79.9945622,40.4403068],[-79.9946735,40.4403519],[-79.9947126,40.4403654],[-79.9947208,40.4403685],[-79.9948295,40.4404098]]}},{"type":"Feature","id":null,"properties":{},"geometry":{"type":"LineString","coordinates":[[-79.992876,40.4403499],[-79.9927437,40.4403768],[-79.9926097,40.4403988],[-79.9923736,40.4404282],[-79.992184,40.4404405],[-79.9919449,40.4404445],[-79.9918173,40.4404455],[-79.9917562,40.4404459],[-79.9917331,40.4404461],[-79.9916058,40.4404458]]}},{"type":"Feature","id":null,"properties":{},"geometry":{"type":"LineString","coordinates":[[-79.9916058,40.4404458],[-79.991564,40.440351]]}},{"type":"Feature","id":null,"properties":{},"geometry":{"type":"LineString","coordinates":[[-79.9913983,40.4403693],[-79.991439,40.4404455]]}},{"type":"Feature","id":null,"properties":{},"geometry":{"type":"LineString","coordinates":[[-79.9916058,40.4404458],[-79.991439,40.4404455]]}},{"type":"Feature","id":null,"properties":{},"geometry":{"type":"LineString","coordinates":[[-79.991439,40.4404455],[-79.991318,40.4404474]]}},{"type":"Feature","id":null,"properties":{},"geometry":{"type":"LineString","coordinates":[[-79.991318,40.4404474],[-79.990992,40.4404515],[-79.9905412,40.4404537],[-79.9897898,40.4404605],[-79.9896635,40.4404618]]}},{"type":"Feature","id":null,"properties":{},"geometry":{"type":"LineString","coordinates":[[-79.9916495,40.4405327],[-79.9916058,40.4404458]]}},{"type":"Feature","id":null,"properties":{},"geometry":{"type":"LineString","coordinates":[[-79.991439,40.4404455],[-79.9914796,40.4405346]]}},{"type":"Feature","id":null,"properties":{},"geometry":{"type":"LineString","coordinates":[[-80.0026458,40.4373887],[-80.0026712,40.4373508]]}},{"type":"Feature","id":null,"properties":{},"geometry":{"type":"LineString","coordinates":[[-80.0005492,40.4372377],[-80.0005271,40.4372745],[-80.00025,40.4376923],[-80.0001939,40.4377785]]}},{"type":"Feature","id":null,"properties":{},"geometry":{"type":"LineString","coordinates":[[-80.0023058,40.4378957],[-80.002329,40.4378605],[-80.0024127,40.4377363],[-80.0026086,40.4374443],[-80.0026458,40.4373887]]}},{"type":"Feature","id":null,"properties":{},"geometry":{"type":"LineString","coordinates":[[-80.0001939,40.4377785],[-80.0001362,40.4378648],[-79.9999257,40.4381792],[-79.9998998,40.438218],[-79.9998753,40.4382545],[-79.9995782,40.4386984],[-79.9995584,40.438728]]}},{"type":"Feature","id":null,"properties":{},"geometry":{"type":"LineString","coordinates":[[-80.0013041,40.4393895],[-80.0013498,40.4393172],[-80.0014795,40.4391278],[-80.0016141,40.4389272],[-80.001647,40.4388811],[-80.0016789,40.4388335],[-80.0018785,40.4385329],[-80.0019432,40.4384364],[-80.0020146,40.4383299],[-80.0022679,40.4379523],[-80.0023058,40.4378957]]}},{"type":"Feature","id":null,"properties":{},"geometry":{"type":"LineString","coordinates":[[-79.9995584,40.438728],[-79.9995215,40.4387814],[-79.9991268,40.4393531],[-79.9990878,40.4394096],[-79.9990433,40.4394772],[-79.9988518,40.4397548],[-79.9986687,40.4400226],[-79.9986404,40.4400641]]}},{"type":"Feature","id":null,"properties":{},"geometry":{"type":"LineString","coordinates":[[-80.0013041,40.4393895],[-80.0012831,40.4394215],[-80.0008726,40.4400454],[-80.0008365,40.4401002],[-80.0008087,40.4401424],[-80.0006507,40.4403827],[-80.0004505,40.4406871],[-80.000412,40.4407455]]}},{"type":"Feature","id":null,"properties":{},"geometry":{"type":"LineString","coordinates":[[-80.0027106,40.4416955],[-80.0027499,40.4417773],[-80.0029093,40.4421095],[-80.0030671,40.4424384],[-80.0030882,40.4424825]]}},{"type":"Feature","id":null,"properties":{},"geometry":{"type":"LineString","coordinates":[[-80.0018039,40.4419345],[-80.0018485,40.4420333],[-80.0021394,40.4426789],[-80.0021636,40.4427325]]}},{"type":"Feature","id":null,"properties":{},"geometry":{"type":"LineString","coordinates":[[-80.0021636,40.4427325],[-80.0021962,40.4428052],[-80.0023896,40.4432364],[-80.0023962,40.4432512],[-80.0024517,40.4433749],[-80.0024754,40.4434278],[-80.0026752,40.4438734],[-80.0026993,40.4439269],[-80.0027249,40.4439841]]}},{"type":"Feature","id":null,"properties":{},"geometry":{"type":"LineString","coordinates":[[-79.9916495,40.4405327],[-79.9917884,40.4405308],[-79.9921077,40.4405265],[-79.9923751,40.4405144],[-79.9926054,40.4404852],[-79.9927423,40.4404615],[-79.9928218,40.4404477]]}},{"type":"Feature","id":null,"properties":{},"geometry":{"type":"LineString","coordinates":[[-79.9896635,40.4404618],[-79.9895483,40.4404625],[-79.9895401,40.4404626],[-79.9895267,40.4404627],[-79.9885763,40.440469],[-79.9885397,40.4404701],[-79.9884092,40.440471],[-79.988281,40.4404701],[-79.9878701,40.4404721],[-79.987722,40.4404722],[-79.9875752,40.4404792],[-79.9874429,40.4404874],[-79.9873189,40.4405021],[-79.9870593,40.4405369],[-79.9867884,40.4406002]]}},{"type":"Feature","id":null,"properties":{},"geometry":{"type":"LineString","coordinates":[[-79.9914796,40.4405346],[-79.9916495,40.4405327]]}},{"type":"Feature","id":null,"properties":{},"geometry":{"type":"LineString","coordinates":[[-79.9896633,40.4405383],[-79.9897858,40.4405386],[-79.9897933,40.4405386],[-79.9904714,40.4405401],[-79.9909217,40.4405369],[-79.9912679,40.4405365],[-79.9913153,40.4405365],[-79.9913571,40.4405368],[-79.9914796,40.4405346]]}},{"type":"Feature","id":null,"properties":{},"geometry":{"type":"LineString","coordinates":[[-79.9862862,40.4408786],[-79.9865081,40.4408106],[-79.9865913,40.4407759],[-79.9867136,40.440732],[-79.9868155,40.4407014],[-79.9869335,40.4406708],[-79.9870435,40.4406442],[-79.9871696,40.4406177],[-79.9872608,40.4405993],[-79.9873412,40.4405871],[-79.9874089,40.4405781],[-79.9874855,40.4405696],[-79.9875821,40.4405635],[-79.9876437,40.4405594],[-79.9877194,40.4405536],[-79.9878266,40.4405512],[-79.9882837,40.4405473],[-79.9884052,40.440546],[-79.9885355,40.4405457],[-79.9895459,40.440539],[-79.9896633,40.4405383]]}},{"type":"Feature","id":null,"properties":{},"geometry":{"type":"LineString","coordinates":[[-79.9918554,40.4409365],[-79.991711,40.4406534],[-79.991684,40.4406014],[-79.9916495,40.4405327]]}},{"type":"Feature","id":null,"properties":{},"geometry":{"type":"LineString","coordinates":[[-79.9867884,40.4406002],[-79.9866523,40.4406532],[-79.9865696,40.4406936],[-79.9864627,40.4407573],[-79.9862862,40.4408786]]}},{"type":"Feature","id":null,"properties":{},"geometry":{"type":"LineString","coordinates":[[-79.9914796,40.4405346],[-79.9915125,40.4406035],[-79.9915132,40.4406049],[-79.9916567,40.4408879],[-79.9917381,40.4410503],[-79.9917829,40.4411396]]}},{"type":"Feature","id":null,"properties":{},"geometry":{"type":"LineString","coordinates":[[-79.9921942,40.441485],[-79.9921337,40.4414314],[-79.9920845,40.4413773],[-79.9920405,40.4412975],[-79.991938,40.4411065],[-79.9918902,40.4410082],[-79.9918554,40.4409365]]}},{"type":"Feature","id":null,"properties":{},"geometry":{"type":"LineString","coordinates":[[-79.9917829,40.4411396],[-79.9919601,40.441493],[-79.9919667,40.4415058],[-79.9919731,40.4415182],[-79.9920313,40.4416314]]}},{"type":"Feature","id":null,"properties":{},"geometry":{"type":"LineString","coordinates":[[-80.0043831,40.4405396],[-80.004349,40.4405876],[-80.0042995,40.4406601]]}},{"type":"Feature","id":null,"properties":{},"geometry":{"type":"LineString","coordinates":[[-80.0042995,40.4406601],[-80.0042848,40.4406813],[-80.0040972,40.440957]]}},{"type":"Feature","id":null,"properties":{},"geometry":{"type":"LineString","coordinates":[[-80.0040972,40.440957],[-80.0040255,40.44108],[-80.004009,40.4411083]]}},{"type":"Feature","id":null,"properties":{},"geometry":{"type":"LineString","coordinates":[[-80.004009,40.4411083],[-80.003973,40.4411737]]}},{"type":"Feature","id":null,"properties":{},"geometry":{"type":"LineString","coordinates":[[-80.003973,40.4411737],[-80.0039349,40.4412812],[-80.0039035,40.4414163]]}},{"type":"Feature","id":null,"properties":{},"geometry":{"type":"LineString","coordinates":[[-80.0039035,40.4414163],[-80.003904,40.441547],[-80.0039058,40.4415757],[-80.0039128,40.4416859],[-80.0039233,40.4417533],[-80.0039249,40.4417591],[-80.0039458,40.4418338]]}},{"type":"Feature","id":null,"properties":{},"geometry":{"type":"LineString","coordinates":[[-80.0041134,40.4422011],[-80.0041864,40.4420917],[-80.0042242,40.442048],[-80.0042605,40.4420102],[-80.0043135,40.4419639],[-80.0044384,40.4418729],[-80.004572,40.4418039],[-80.0047925,40.441708],[-80.0049153,40.4416578],[-80.0052091,40.4415539]]}},{"type":"Feature","id":null,"properties":{},"geometry":{"type":"LineString","coordinates":[[-80.0039458,40.4418338],[-80.0039669,40.4418941],[-80.004004,40.4419805],[-80.0040488,40.4420738],[-80.0041134,40.4422011]]}},{"type":"Feature","id":null,"properties":{},"geometry":{"type":"LineString","coordinates":[[-80.0041134,40.4422011],[-80.0041491,40.4422902],[-80.0042796,40.4425949]]}},{"type":"Feature","id":null,"properties":{},"geometry":{"type":"LineString","coordinates":[[-80.0042796,40.4425949],[-80.0043722,40.442811],[-80.0044418,40.4429751]]}},{"type":"Feature","id":null,"properties":{},"geometry":{"type":"LineString","coordinates":[[-79.9958006,40.4424605],[-79.9957462,40.4424404],[-79.9951273,40.4422119],[-79.9950702,40.4421908],[-79.9950104,40.4421687]]}},{"type":"Feature","id":null,"properties":{},"geometry":{"type":"LineString","coordinates":[[-79.9968074,40.44283],[-79.9967435,40.4428067],[-79.996723,40.4427993],[-79.9966804,40.4427838],[-79.9963183,40.4426523],[-79.9958818,40.4424905],[-79.9958006,40.4424605]]}},{"type":"Feature","id":null,"properties":{},"geometry":{"type":"LineString","coordinates":[[-79.9973432,40.4430927],[-79.9973213,40.4430538],[-79.9973038,40.4430321],[-79.9972907,40.4430236],[-79.9972763,40.4430142],[-79.9972378,40.4429938],[-79.9972053,40.4429784],[-79.9971934,40.4429728],[-79.9969237,40.442873],[-79.9969019,40.4428651],[-79.9968784,40.4428566],[-79.9968074,40.44283]]}},{"type":"Feature","id":null,"properties":{},"geometry":{"type":"LineString","coordinates":[[-80.0027249,40.4439841],[-80.0027716,40.4441033]]}},{"type":"Feature","id":null,"properties":{},"geometry":{"type":"LineString","coordinates":[[-80.0027716,40.4441033],[-80.0028003,40.4441884],[-80.0028209,40.4442438]]}},{"type":"Feature","id":null,"properties":{},"geometry":{"type":"LineString","coordinates":[[-80.0028209,40.4442438],[-80.0036115,40.446352],[-80.0038118,40.4468838]]}},{"type":"Feature","id":null,"properties":{},"geometry":{"type":"LineString","coordinates":[[-80.0042714,40.4482777],[-80.0041368,40.4482864],[-80.0037289,40.4483658],[-80.0028145,40.4485437],[-80.0027787,40.4485504],[-80.002404,40.4486208],[-80.0023691,40.4486274],[-80.0022895,40.4486424]]}},{"type":"Feature","id":null,"properties":{},"geometry":{"type":"LineString","coordinates":[[-80.0022895,40.4486424],[-80.0021916,40.4486605],[-80.0020118,40.448694],[-80.0018073,40.448732],[-80.0015061,40.4487881],[-80.0008598,40.4489084],[-80.0008201,40.4489157],[-80.0007338,40.4489318]]}},{"type":"Feature","id":null,"properties":{},"geometry":{"type":"LineString","coordinates":[[-80.0007338,40.4489318],[-80.0006266,40.4489523],[-79.9998957,40.4490917],[-79.9997517,40.4491192],[-79.999441,40.4491904]]}},{"type":"Feature","id":null,"properties":{},"geometry":{"type":"LineString","coordinates":[[-79.999441,40.4491904],[-79.9990551,40.4493196]]}},{"type":"Feature","id":null,"properties":{},"geometry":{"type":"LineString","coordinates":[[-80.0045563,40.4492686],[-80.004463,40.449284],[-80.0026762,40.449579],[-80.002591,40.4495931]]}},{"type":"Feature","id":null,"properties":{},"geometry":{"type":"LineString","coordinates":[[-80.0009246,40.4494931],[-80.0010427,40.449517],[-80.0010926,40.4495364]]}},{"type":"Feature","id":null,"properties":{},"geometry":{"type":"LineString","coordinates":[[-80.0010926,40.4495364],[-80.0013189,40.4496421]]}},{"type":"Feature","id":null,"properties":{},"geometry":{"type":"LineString","coordinates":[[-80.0042714,40.4482777],[-80.0042932,40.4483567],[-80.0043782,40.4486491],[-80.0044537,40.4489116],[-80.0044698,40.4489676]]}},{"type":"Feature","id":null,"properties":{},"geometry":{"type":"LineString","coordinates":[[-80.0045563,40.4492686],[-80.0046879,40.4492447],[-80.0056643,40.4490674],[-80.0069167,40.44884],[-80.0070443,40.4488115],[-80.0071554,40.4487869],[-80.0073378,40.4487196],[-80.0076274,40.4485828],[-80.0076712,40.4485637],[-80.0079078,40.4484663]]}},{"type":"Feature","id":null,"properties":{},"geometry":{"type":"LineString","coordinates":[[-80.0044698,40.4489676],[-80.0045563,40.4492686]]}},{"type":"Feature","id":null,"properties":{},"geometry":{"type":"LineString","coordinates":[[-80.0045563,40.4492686],[-80.004598,40.4494013],[-80.004605,40.4494236]]}},{"type":"Feature","id":null,"properties":{},"geometry":{"type":"LineString","coordinates":[[-80.004605,40.4494236],[-80.0046197,40.4494732]]}},{"type":"Feature","id":null,"properties":{},"geometry":{"type":"LineString","coordinates":[[-80.0046197,40.4494732],[-80.0046897,40.4497024]]}},{"type":"Feature","id":null,"properties":{},"geometry":{"type":"LineString","coordinates":[[-80.0046897,40.4497024],[-80.0047087,40.4497632]]}},{"type":"Feature","id":null,"properties":{},"geometry":{"type":"LineString","coordinates":[[-80.0047087,40.4497632],[-80.0047558,40.4499144]]}},{"type":"Feature","id":null,"properties":{},"geometry":{"type":"LineString","coordinates":[[-80.0068378,40.4500036],[-80.0067863,40.449984],[-80.0067005,40.449984]]}},{"type":"Feature","id":null,"properties":{},"geometry":{"type":"LineString","coordinates":[[-80.0047558,40.4499144],[-80.0048202,40.4501136]]}},{"type":"Feature","id":null,"properties":{},"geometry":{"type":"LineString","coordinates":[[-80.0013189,40.4496421],[-80.0015093,40.4497054],[-80.001681,40.4497238],[-80.0018607,40.4497156],[-80.0025108,40.4496065],[-80.002591,40.4495931]]}},{"type":"Feature","id":null,"properties":{},"geometry":{"type":"LineString","coordinates":[[-80.0044566,40.4504084],[-80.0042174,40.4504528],[-80.0041865,40.4504586],[-80.004122,40.4504706],[-80.0040926,40.450476],[-80.00319,40.4506437]]}},{"type":"Feature","id":null,"properties":{},"geometry":{"type":"LineString","coordinates":[[-80.0030527,40.4507352],[-80.0030834,40.4507024],[-80.0030956,40.4506894],[-80.00319,40.4506437]]}},{"type":"Feature","id":null,"properties":{},"geometry":{"type":"LineString","coordinates":[[-80.0030097,40.4509246],[-80.0030097,40.4508527],[-80.0030138,40.4508372],[-80.0030269,40.4507874],[-80.0030361,40.4507638],[-80.0030527,40.4507352]]}},{"type":"Feature","id":null,"properties":{},"geometry":{"type":"LineString","coordinates":[[-80.0030097,40.4509246],[-80.0030441,40.4510617],[-80.003093,40.4512112],[-80.003104,40.451245],[-80.0031092,40.4512609]]}},{"type":"Feature","id":null,"properties":{},"geometry":{"type":"LineString","coordinates":[[-80.0031092,40.4512609],[-80.0031389,40.4513518],[-80.0032454,40.4516773],[-80.0032562,40.4517104],[-80.0033453,40.4519827],[-80.0033567,40.4520196],[-80.0034202,40.4522115],[-80.0035749,40.4526813],[-80.0036309,40.4528318],[-80.0036688,40.4529458]]}},{"type":"Feature","id":null,"properties":{},"geometry":{"type":"LineString","coordinates":[[-80.0034158,40.4529933],[-80.0035417,40.4529698],[-80.0036688,40.4529458]]}},{"type":"Feature","id":null,"properties":{},"geometry":{"type":"LineString","coordinates":[[-80.0036688,40.4529458],[-80.0037099,40.4530624],[-80.003754,40.4531813]]}},{"type":"Feature","id":null,"properties":{},"geometry":{"type":"LineString","coordinates":[[-80.0034158,40.4529933],[-80.002797,40.4531114],[-80.0026496,40.4531395],[-80.0026025,40.4531484]]}},{"type":"Feature","id":null,"properties":{},"geometry":{"type":"LineString","coordinates":[[-80.0026025,40.4531484],[-80.0019324,40.4532732],[-80.001821,40.453286],[-80.0016864,40.4533061]]}},{"type":"Feature","id":null,"properties":{},"geometry":{"type":"LineString","coordinates":[[-80.0038313,40.4534167],[-80.0038984,40.4536226],[-80.0040641,40.4541337],[-80.0040826,40.4541706],[-80.0041255,40.4542163],[-80.004177,40.454249]]}},{"type":"Feature","id":null,"properties":{},"geometry":{"type":"LineString","coordinates":[[-80.0061173,40.4539203],[-80.0062525,40.4538931],[-80.0065288,40.4538375]]}},{"type":"Feature","id":null,"properties":{},"geometry":{"type":"LineString","coordinates":[[-80.0061173,40.4539203],[-80.0061396,40.4539831]]}},{"type":"Feature","id":null,"properties":{},"geometry":{"type":"LineString","coordinates":[[-80.0061396,40.4539831],[-80.0061599,40.4540518],[-80.0061827,40.4541111]]}},{"type":"Feature","id":null,"properties":{},"geometry":{"type":"LineString","coordinates":[[-80.004177,40.454249],[-80.0042543,40.454262],[-80.004323,40.454262],[-80.0044088,40.454249],[-80.0050919,40.454119],[-80.0059948,40.453944],[-80.0061173,40.4539203]]}},{"type":"Feature","id":null,"properties":{},"geometry":{"type":"LineString","coordinates":[[-80.0064208,40.4547922],[-80.0061827,40.4541111]]}},{"type":"Feature","id":null,"properties":{},"geometry":{"type":"LineString","coordinates":[[-80.0065863,40.4553418],[-80.0066291,40.4552574],[-80.0065941,40.455122],[-80.0065135,40.4548785],[-80.0064208,40.4547922]]}},{"type":"Feature","id":null,"properties":{},"geometry":{"type":"LineString","coordinates":[[-80.0064208,40.4547922],[-80.0064176,40.4548959],[-80.0064815,40.4551408],[-80.0065249,40.4552551],[-80.0065863,40.4553418]]}},{"type":"Feature","id":null,"properties":{},"geometry":{"type":"LineString","coordinates":[[-80.0086152,40.4550906],[-80.008526,40.4551061],[-80.0082124,40.4551625],[-80.0076079,40.4552713]]}},{"type":"Feature","id":null,"properties":{},"geometry":{"type":"LineString","coordinates":[[-80.0076079,40.4552713],[-80.0074791,40.4552503],[-80.0072306,40.4552899]]}},{"type":"Feature","id":null,"properties":{},"geometry":{"type":"LineString","coordinates":[[-80.003754,40.4531813],[-80.0038313,40.4534167]]}},{"type":"Feature","id":null,"properties":{},"geometry":{"type":"LineString","coordinates":[[-80.0016864,40.4533061],[-80.0015809,40.4533154],[-80.0015006,40.4533224],[-80.001127,40.4533913],[-80.0006941,40.4534726],[-80.0006051,40.4534893],[-79.9992269,40.453748],[-79.9991943,40.4537543]]}},{"type":"Feature","id":null,"properties":{},"geometry":{"type":"LineString","coordinates":[[-79.9991943,40.4537543],[-79.9991124,40.4537697]]}},{"type":"Feature","id":null,"properties":{},"geometry":{"type":"LineString","coordinates":[[-79.9991124,40.4537697],[-79.9988003,40.4538283]]}},{"type":"Feature","id":null,"properties":{},"geometry":{"type":"LineString","coordinates":[[-79.9988003,40.4538283],[-79.9983157,40.4538867],[-79.9982314,40.4538973]]}},{"type":"Feature","id":null,"properties":{},"geometry":{"type":"LineString","coordinates":[[-79.9982314,40.4538973],[-79.9980791,40.4539136],[-79.9980013,40.453922]]}},{"type":"Feature","id":null,"properties":{},"geometry":{"type":"LineString","coordinates":[[-79.9979639,40.4540117],[-79.9982504,40.4539487],[-79.9988003,40.4538283]]}},{"type":"Feature","id":null,"properties":{},"geometry":{"type":"LineString","coordinates":[[-79.9980013,40.453922],[-79.9978399,40.4539394]]}},{"type":"Feature","id":null,"properties":{},"geometry":{"type":"LineString","coordinates":[[-79.9978705,40.4540323],[-79.9979639,40.4540117]]}},{"type":"Feature","id":null,"properties":{},"geometry":{"type":"LineString","coordinates":[[-80.004091,40.4559003],[-80.0036046,40.4559986]]}},{"type":"Feature","id":null,"properties":{},"geometry":{"type":"LineString","coordinates":[[-80.0036046,40.4559986],[-80.0031091,40.4560967]]}},{"type":"Feature","id":null,"properties":{},"geometry":{"type":"LineString","coordinates":[[-80.0031091,40.4560967],[-80.0028383,40.4561559],[-80.0027433,40.4562048]]}},{"type":"Feature","id":null,"properties":{},"geometry":{"type":"LineString","coordinates":[[-80.0027433,40.4562048],[-80.0026466,40.4562211]]}},{"type":"Feature","id":null,"properties":{},"geometry":{"type":"LineString","coordinates":[[-80.0026466,40.4562211],[-80.002534,40.4562425],[-80.0020886,40.456327],[-80.001655,40.4564094],[-80.0015669,40.4564259]]}},{"type":"Feature","id":null,"properties":{},"geometry":{"type":"LineString","coordinates":[[-80.0015669,40.4564259],[-80.0014929,40.4564399],[-80.0010938,40.4565156],[-80.0006344,40.4566028],[-80.0001632,40.4566922],[-80.000075,40.4567089],[-80.0000068,40.4567219],[-79.9992366,40.4568689]]}},{"type":"Feature","id":null,"properties":{},"geometry":{"type":"LineString","coordinates":[[-79.9992366,40.4568689],[-79.999086,40.456864],[-79.9989271,40.4569003],[-79.9989174,40.4569028],[-79.9988255,40.4569261],[-79.9987118,40.4569692]]}},{"type":"Feature","id":null,"properties":{},"geometry":{"type":"LineString","coordinates":[[-79.9989049,40.457177],[-79.9989214,40.4570761],[-79.9989416,40.4570256],[-79.9989705,40.4569937],[-79.9990167,40.4569585],[-79.9990802,40.4569278],[-79.9992366,40.4568689]]}},{"type":"Feature","id":null,"properties":{},"geometry":{"type":"LineString","coordinates":[[-79.9987118,40.4569692],[-79.9979944,40.4572117],[-79.9979522,40.457226]]}},{"type":"Feature","id":null,"properties":{},"geometry":{"type":"LineString","coordinates":[[-79.9979522,40.457226],[-79.9978614,40.457259]]}},{"type":"Feature","id":null,"properties":{},"geometry":{"type":"LineString","coordinates":[[-79.9978614,40.457259],[-79.9979251,40.4575272],[-79.9979496,40.4576213],[-79.99809,40.458034],[-79.9981516,40.4581854],[-79.9982267,40.4583701]]}},{"type":"Feature","id":null,"properties":{},"geometry":{"type":"LineString","coordinates":[[-80.0051704,40.4556873],[-80.0046317,40.4557894]]}},{"type":"Feature","id":null,"properties":{},"geometry":{"type":"LineString","coordinates":[[-80.0046317,40.4557894],[-80.0045501,40.4558068]]}},{"type":"Feature","id":null,"properties":{},"geometry":{"type":"LineString","coordinates":[[-80.0045501,40.4558068],[-80.0044791,40.4558202],[-80.004091,40.4559003]]}},{"type":"Feature","id":null,"properties":{},"geometry":{"type":"LineString","coordinates":[[-80.0027433,40.4562048],[-80.0028746,40.4562281],[-80.0036296,40.4560729],[-80.0039338,40.4560205],[-80.0045091,40.455901],[-80.0045762,40.4558862],[-80.0050576,40.4557982],[-80.0053231,40.4557487]]}},{"type":"Feature","id":null,"properties":{},"geometry":{"type":"LineString","coordinates":[[-80.0067322,40.4557865],[-80.0067766,40.4559253],[-80.0068342,40.4561016],[-80.0070103,40.4566356],[-80.0070242,40.4566777],[-80.0070802,40.4568521],[-80.0072258,40.4572898]]}},{"type":"Feature","id":null,"properties":{},"geometry":{"type":"LineString","coordinates":[[-80.0072258,40.4572898],[-80.0072928,40.4575032]]}},{"type":"Feature","id":null,"properties":{},"geometry":{"type":"LineString","coordinates":[[-80.0074253,40.4577738],[-80.0074095,40.457725],[-80.0073933,40.4576749],[-80.0073489,40.4575701],[-80.0072928,40.4575032]]}},{"type":"Feature","id":null,"properties":{},"geometry":{"type":"LineString","coordinates":[[-80.0072928,40.4575032],[-80.0072895,40.4575803],[-80.0073013,40.4576356],[-80.0073177,40.4576878],[-80.0073348,40.4577425],[-80.0073493,40.4577889]]}},{"type":"Feature","id":null,"properties":{},"geometry":{"type":"LineString","coordinates":[[-80.0073493,40.4577889],[-80.0074949,40.4582635]]}},{"type":"Feature","id":null,"properties":{},"geometry":{"type":"LineString","coordinates":[[-80.0077624,40.4587931],[-80.0077409,40.4587342],[-80.0075844,40.4582581],[-80.0074253,40.4577738]]}},{"type":"Feature","id":null,"properties":{},"geometry":{"type":"LineString","coordinates":[[-79.9992387,40.4584002],[-79.9992556,40.458361],[-79.9992657,40.4583193],[-79.9992623,40.4582634]]}},{"type":"Feature","id":null,"properties":{},"geometry":{"type":"LineString","coordinates":[[-79.9982267,40.4583701],[-79.9982599,40.4584498]]}},{"type":"Feature","id":null,"properties":{},"geometry":{"type":"LineString","coordinates":[[-79.9986483,40.4585881],[-79.9990389,40.458505],[-79.9991039,40.4584885],[-79.9991573,40.4584633],[-79.9992151,40.458427],[-79.9992387,40.4584002]]}},{"type":"Feature","id":null,"properties":{},"geometry":{"type":"LineString","coordinates":[[-79.9984425,40.4587095],[-79.9984857,40.458671],[-79.9985435,40.458638],[-79.9986483,40.4585881]]}},{"type":"Feature","id":null,"properties":{},"geometry":{"type":"LineString","coordinates":[[-79.9982599,40.4584498],[-79.9982998,40.458589],[-79.9983672,40.4587584],[-79.9984345,40.4588588]]}},{"type":"Feature","id":null,"properties":{},"geometry":{"type":"LineString","coordinates":[[-79.9984345,40.4588588],[-79.998425,40.4587699],[-79.9984314,40.4587389],[-79.9984425,40.4587095]]}},{"type":"Feature","id":null,"properties":{},"geometry":{"type":"LineString","coordinates":[[-79.9984345,40.4588588],[-79.9987547,40.459653],[-79.9988942,40.4600244],[-79.9989612,40.4602815],[-79.9989907,40.4605244],[-79.9989934,40.4608162],[-79.9989585,40.461255],[-79.9989442,40.4615097]]}},{"type":"Feature","id":null,"properties":{},"geometry":{"type":"LineString","coordinates":[[-79.9989442,40.4615097],[-79.9989076,40.4621611],[-79.9989022,40.4624192]]}},{"type":"Feature","id":null,"properties":{},"geometry":{"type":"LineString","coordinates":[[-79.9989022,40.4624192],[-79.9989117,40.4628003],[-79.9989304,40.4630635],[-79.9989666,40.4633528],[-79.999039,40.4637875],[-79.9991624,40.4643344],[-79.999326,40.4648833],[-79.9995191,40.4654241],[-79.9997444,40.4659689]]}},{"type":"Feature","id":null,"properties":{},"geometry":{"type":"LineString","coordinates":[[-79.9997444,40.4659689],[-79.9997817,40.4660473],[-79.9998643,40.4662209]]}},{"type":"Feature","id":null,"properties":{},"geometry":{"type":"LineString","coordinates":[[-79.9998643,40.4662209],[-79.9999134,40.466324],[-80.0001387,40.4667138],[-80.0006161,40.4674524],[-80.0007408,40.4676562],[-80.0007798,40.4677198],[-80.0011543,40.4684267],[-80.0012242,40.4685587]]}},{"type":"Feature","id":null,"properties":{},"geometry":{"type":"LineString","coordinates":[[-80.0014154,40.4689196],[-80.0012242,40.4685587]]}},{"type":"Feature","id":null,"properties":{},"geometry":{"type":"LineString","coordinates":[[-80.0014154,40.4689196],[-80.0022233,40.4704947],[-80.002411,40.4707886],[-80.0026632,40.4710701],[-80.0029153,40.4712497],[-80.0036073,40.4716251],[-80.0039613,40.4718863],[-80.0042027,40.4721475],[-80.004369,40.4723842],[-80.0044104,40.4724719]]}},{"type":"Feature","id":null,"properties":{},"geometry":{"type":"LineString","coordinates":[[-80.0214349,40.4492677],[-80.0226384,40.4493694],[-80.0227276,40.4493791],[-80.0228135,40.4493959],[-80.0229013,40.4494199],[-80.0229878,40.4494541],[-80.0230649,40.4494954],[-80.023134,40.4495429],[-80.0231896,40.4495965],[-80.0232352,40.44965],[-80.0232708,40.4497108],[-80.0233051,40.4497804],[-80.023438,40.4502052],[-80.0234434,40.4502225]]}},{"type":"Feature","id":null,"properties":{},"geometry":{"type":"LineString","coordinates":[[-80.025115,40.4497308],[-80.025067,40.4498213],[-80.0250512,40.4498511],[-80.0249418,40.4500577]]}},{"type":"Feature","id":null,"properties":{},"geometry":{"type":"LineString","coordinates":[[-80.0183157,40.4496869],[-80.0183371,40.4497651],[-80.0183606,40.4498499],[-80.0184208,40.4500473],[-80.0184875,40.4502496],[-80.0185407,40.4504185],[-80.0185841,40.4505488],[-80.0186033,40.4506066]]}},{"type":"Feature","id":null,"properties":{},"geometry":{"type":"LineString","coordinates":[[-80.0249418,40.4500577],[-80.0248928,40.4501363],[-80.0248419,40.4502052],[-80.0247815,40.4502715]]}},{"type":"Feature","id":null,"properties":{},"geometry":{"type":"LineString","coordinates":[[-80.0247815,40.4502715],[-80.0247205,40.4503292],[-80.0246508,40.4503838]]}},{"type":"Feature","id":null,"properties":{},"geometry":{"type":"LineString","coordinates":[[-80.0251194,40.4504069],[-80.0251857,40.4503946],[-80.0258146,40.4502776],[-80.0259141,40.4502639],[-80.0260127,40.4502573],[-80.0261126,40.4502562],[-80.0262132,40.4502649],[-80.026309,40.4502812],[-80.0264183,40.4503108],[-80.0265169,40.4503445],[-80.0266202,40.4503899],[-80.0268579,40.4505263]]}},{"type":"Feature","id":null,"properties":{},"geometry":{"type":"LineString","coordinates":[[-80.0234434,40.4502225],[-80.023559,40.450581],[-80.0235725,40.4506613]]}},{"type":"Feature","id":null,"properties":{},"geometry":{"type":"LineString","coordinates":[[-80.0246508,40.4503838],[-80.024583,40.4504262],[-80.024516,40.4504614],[-80.0244436,40.4504889],[-80.0243685,40.4505109],[-80.0242821,40.4505307]]}},{"type":"Feature","id":null,"properties":{},"geometry":{"type":"LineString","coordinates":[[-80.0242821,40.4505307],[-80.0244892,40.4505032],[-80.024868,40.4504537],[-80.0251194,40.4504069]]}},{"type":"Feature","id":null,"properties":{},"geometry":{"type":"LineString","coordinates":[[-80.0235725,40.4506613],[-80.023649,40.4506463],[-80.0241272,40.4505615],[-80.0242821,40.4505307]]}},{"type":"Feature","id":null,"properties":{},"geometry":{"type":"LineString","coordinates":[[-80.0183157,40.4496869],[-80.0181581,40.4491531]]}},{"type":"Feature","id":null,"properties":{},"geometry":{"type":"LineString","coordinates":[[-80.0172303,40.4498866],[-80.0174459,40.4498471],[-80.0179198,40.4497603],[-80.0183157,40.4496869]]}},{"type":"Feature","id":null,"properties":{},"geometry":{"type":"LineString","coordinates":[[-80.0171447,40.4499023],[-80.0172303,40.4498866]]}},{"type":"Feature","id":null,"properties":{},"geometry":{"type":"LineString","coordinates":[[-80.0159229,40.4501262],[-80.0159934,40.4501141],[-80.0164817,40.4500246],[-80.0166269,40.4499982],[-80.0167983,40.4499665],[-80.0171447,40.4499023]]}},{"type":"Feature","id":null,"properties":{},"geometry":{"type":"LineString","coordinates":[[-80.0134167,40.4505873],[-80.0135368,40.4505631],[-80.0142922,40.450425],[-80.0152847,40.4502431],[-80.0154147,40.4502193],[-80.0158507,40.4501394],[-80.0159229,40.4501262]]}},{"type":"Feature","id":null,"properties":{},"geometry":{"type":"LineString","coordinates":[[-80.0122184,40.4508459],[-80.0123062,40.4508269],[-80.013324,40.450606],[-80.0134167,40.4505873]]}},{"type":"Feature","id":null,"properties":{},"geometry":{"type":"LineString","coordinates":[[-80.0122184,40.4508459],[-80.0120699,40.4508444],[-80.0120192,40.4508559],[-80.0119454,40.4508777],[-80.0118939,40.4508989],[-80.0118436,40.4509273],[-80.011754,40.4509872],[-80.0116542,40.4510711]]}},{"type":"Feature","id":null,"properties":{},"geometry":{"type":"LineString","coordinates":[[-80.0116542,40.4510711],[-80.0114817,40.4512361],[-80.0113877,40.4513147],[-80.0113162,40.4513633],[-80.0112117,40.4514234],[-80.0111438,40.4514598],[-80.0110459,40.4514991],[-80.0109539,40.4515468]]}},{"type":"Feature","id":null,"properties":{},"geometry":{"type":"LineString","coordinates":[[-80.0110681,40.4515583],[-80.0110031,40.4515518],[-80.0109539,40.4515468]]}},{"type":"Feature","id":null,"properties":{},"geometry":{"type":"LineString","coordinates":[[-80.0109539,40.4515468],[-80.0107828,40.4515881]]}},{"type":"Feature","id":null,"properties":{},"geometry":{"type":"LineString","coordinates":[[-80.0268579,40.4505263],[-80.0269803,40.4506318],[-80.0270929,40.450742],[-80.0271908,40.4508548],[-80.0272775,40.4509698]]}},{"type":"Feature","id":null,"properties":{},"geometry":{"type":"LineString","coordinates":[[-80.0186033,40.4506066],[-80.0186197,40.4506581],[-80.0186557,40.4507707],[-80.0187289,40.4509912],[-80.018764,40.4510956]]}},{"type":"Feature","id":null,"properties":{},"geometry":{"type":"LineString","coordinates":[[-80.0235725,40.4506613],[-80.023497,40.4506751],[-80.0230988,40.4507484],[-80.0223048,40.4508945],[-80.0221472,40.4509235],[-80.0216896,40.4510077],[-80.0210319,40.4511287],[-80.020698,40.4511901],[-80.0205401,40.4512191],[-80.0202535,40.4512718],[-80.0200858,40.4513027]]}},{"type":"Feature","id":null,"properties":{},"geometry":{"type":"LineString","coordinates":[[-80.0285295,40.4518368],[-80.0282841,40.4510482],[-80.0282532,40.4509489],[-80.0282423,40.4509164],[-80.0281647,40.4506856],[-80.0281414,40.45064],[-80.0281129,40.4505844],[-80.0280842,40.4505285],[-80.0279608,40.4503284],[-80.0278267,40.4501774]]}},{"type":"Feature","id":null,"properties":{},"geometry":{"type":"LineString","coordinates":[[-80.0272775,40.4509698],[-80.0273484,40.451075],[-80.0274087,40.4511829],[-80.0274597,40.4512928],[-80.0275054,40.4514031]]}},{"type":"Feature","id":null,"properties":{},"geometry":{"type":"LineString","coordinates":[[-80.018764,40.4510956],[-80.018794,40.4511864],[-80.018812,40.4512409],[-80.0188465,40.4513541],[-80.0188949,40.4515134]]}},{"type":"Feature","id":null,"properties":{},"geometry":{"type":"LineString","coordinates":[[-80.0200858,40.4513027],[-80.0196339,40.4513858],[-80.0194767,40.4514147],[-80.0194159,40.4514259],[-80.0192769,40.4514515],[-80.0189465,40.4515048]]}},{"type":"Feature","id":null,"properties":{},"geometry":{"type":"LineString","coordinates":[[-80.0275054,40.4514031],[-80.0276061,40.4517167],[-80.0276441,40.451835],[-80.0276528,40.4518649]]}},{"type":"Feature","id":null,"properties":{},"geometry":{"type":"LineString","coordinates":[[-80.0276528,40.4518649],[-80.0277917,40.4523016],[-80.0279473,40.4527378]]}},{"type":"Feature","id":null,"properties":{},"geometry":{"type":"LineString","coordinates":[[-80.0188949,40.4515134],[-80.019029,40.4519293],[-80.0191711,40.4523382],[-80.0191914,40.4524002],[-80.0192893,40.4526747],[-80.0192963,40.4526969],[-80.0193133,40.4527506],[-80.0194098,40.4530532],[-80.0194284,40.4531114]]}},{"type":"Feature","id":null,"properties":{},"geometry":{"type":"LineString","coordinates":[[-80.0069829,40.4502442],[-80.0069322,40.4500951],[-80.0069065,40.4500494],[-80.0068378,40.4500036]]}},{"type":"Feature","id":null,"properties":{},"geometry":{"type":"LineString","coordinates":[[-80.0067005,40.449984],[-80.0066578,40.449989],[-80.0065889,40.4499971],[-80.0057766,40.4501538],[-80.0057105,40.4501666],[-80.0056779,40.4501729],[-80.005647,40.4501788],[-80.0054451,40.4502178],[-80.0051533,40.4502739],[-80.0048882,40.4503242]]}},{"type":"Feature","id":null,"properties":{},"geometry":{"type":"LineString","coordinates":[[-80.0048202,40.4501136],[-80.0048882,40.4503242]]}},{"type":"Feature","id":null,"properties":{},"geometry":{"type":"LineString","coordinates":[[-80.0048882,40.4503242],[-80.0046272,40.4503772],[-80.0044566,40.4504084]]}},{"type":"Feature","id":null,"properties":{},"geometry":{"type":"LineString","coordinates":[[-80.007385,40.4514262],[-80.0072967,40.4511668],[-80.0072374,40.4509924],[-80.0072143,40.4509243],[-80.0071972,40.4508741],[-80.0071317,40.4506816],[-80.0071117,40.4506227],[-80.0070227,40.4503613],[-80.0070066,40.4503138],[-80.0069829,40.4502442]]}},{"type":"Feature","id":null,"properties":{},"geometry":{"type":"LineString","coordinates":[[-80.0075778,40.4519982],[-80.007385,40.4514262]]}},{"type":"Feature","id":null,"properties":{},"geometry":{"type":"LineString","coordinates":[[-80.0087185,40.4519799],[-80.0086531,40.451993],[-80.0085104,40.4520185],[-80.0082877,40.4520657],[-80.0079419,40.4521389],[-80.0076376,40.4522003]]}},{"type":"Feature","id":null,"properties":{},"geometry":{"type":"LineString","coordinates":[[-80.0076376,40.4522003],[-80.0076137,40.4521201],[-80.0075778,40.4519982]]}},{"type":"Feature","id":null,"properties":{},"geometry":{"type":"LineString","coordinates":[[-80.0079676,40.4535451],[-80.0080055,40.4534816],[-80.0080079,40.4534014],[-80.0079745,40.4532814],[-80.0077977,40.4527107],[-80.0076376,40.4522003]]}},{"type":"Feature","id":null,"properties":{},"geometry":{"type":"LineString","coordinates":[[-80.0065288,40.4538375],[-80.0065596,40.453832],[-80.0078157,40.4536094],[-80.0078871,40.4535868],[-80.0079676,40.4535451]]}},{"type":"Feature","id":null,"properties":{},"geometry":{"type":"LineString","coordinates":[[-80.0107828,40.4515881],[-80.0105278,40.4516498]]}},{"type":"Feature","id":null,"properties":{},"geometry":{"type":"LineString","coordinates":[[-80.0105278,40.4516498],[-80.0102966,40.4516968],[-80.010081,40.4517418],[-80.0098325,40.4517835],[-80.0097978,40.4517893],[-80.0097526,40.4517969],[-80.0097074,40.4518045],[-80.0096105,40.4518218]]}},{"type":"Feature","id":null,"properties":{},"geometry":{"type":"LineString","coordinates":[[-80.0096105,40.4518218],[-80.008794,40.4519658],[-80.0087185,40.4519799]]}},{"type":"Feature","id":null,"properties":{},"geometry":{"type":"LineString","coordinates":[[-80.014013,40.4524293],[-80.0141404,40.4524061],[-80.0143618,40.4523645],[-80.0148827,40.4522667],[-80.014953,40.4522548],[-80.0153819,40.4521762],[-80.015851,40.452088],[-80.0164593,40.4519739],[-80.0165288,40.4519607],[-80.0165982,40.4519491],[-80.0181667,40.4516515],[-80.0184518,40.4515975],[-80.0188949,40.4515134],[-80.0189465,40.4515048]]}},{"type":"Feature","id":null,"properties":{},"geometry":{"type":"LineString","coordinates":[[-80.014013,40.4524293],[-80.0138842,40.4524426],[-80.0138065,40.4524471],[-80.0136996,40.4524469],[-80.0135867,40.4524428],[-80.013472,40.4524326],[-80.0133279,40.4524122],[-80.0132546,40.4523948],[-80.0131964,40.452381],[-80.0130528,40.4523365],[-80.0129697,40.4523042],[-80.0128373,40.4522503],[-80.0126691,40.4521806],[-80.0123081,40.4520292],[-80.0121011,40.451948],[-80.0118328,40.4518353],[-80.0113238,40.4516286],[-80.0112225,40.4515926],[-80.0111747,40.4515797],[-80.0111308,40.4515716],[-80.0110681,40.4515583]]}},{"type":"Feature","id":null,"properties":{},"geometry":{"type":"LineString","coordinates":[[-80.0170532,40.4535482],[-80.0163156,40.4536838],[-80.0162197,40.4537014],[-80.0154747,40.4538385]]}},{"type":"Feature","id":null,"properties":{},"geometry":{"type":"LineString","coordinates":[[-80.0154747,40.4538385],[-80.0149627,40.4539326]]}},{"type":"Feature","id":null,"properties":{},"geometry":{"type":"LineString","coordinates":[[-80.0149627,40.4539326],[-80.0149204,40.4539389]]}},{"type":"Feature","id":null,"properties":{},"geometry":{"type":"LineString","coordinates":[[-80.0146915,40.4539731],[-80.0146579,40.4539785],[-80.0146148,40.4539844]]}},{"type":"Feature","id":null,"properties":{},"geometry":{"type":"LineString","coordinates":[[-80.0146148,40.4539844],[-80.0145705,40.4539911]]}},{"type":"Feature","id":null,"properties":{},"geometry":{"type":"LineString","coordinates":[[-80.0279473,40.4527378],[-80.0281067,40.4532257],[-80.02826,40.453695]]}},{"type":"Feature","id":null,"properties":{},"geometry":{"type":"LineString","coordinates":[[-80.0194284,40.4531114],[-80.0181353,40.4533492],[-80.0179768,40.4533783],[-80.0178104,40.453409],[-80.0170532,40.4535482]]}},{"type":"Feature","id":null,"properties":{},"geometry":{"type":"LineString","coordinates":[[-80.0295266,40.4549592],[-80.0294783,40.4547862],[-80.0293217,40.4542937],[-80.0292399,40.4540364],[-80.0291866,40.4538687],[-80.0291266,40.4536798],[-80.028998,40.4532754],[-80.0287508,40.4525162],[-80.0285295,40.4518368]]}},{"type":"Feature","id":null,"properties":{},"geometry":{"type":"LineString","coordinates":[[-80.02826,40.453695],[-80.0285624,40.4546208],[-80.0288566,40.4555215]]}},{"type":"Feature","id":null,"properties":{},"geometry":{"type":"LineString","coordinates":[[-80.0296678,40.4553904],[-80.0295266,40.4549592]]}},{"type":"Feature","id":null,"properties":{},"geometry":{"type":"LineString","coordinates":[[-80.0288566,40.4555215],[-80.0288933,40.4556392]]}},{"type":"Feature","id":null,"properties":{},"geometry":{"type":"LineString","coordinates":[[-80.0298052,40.4558371],[-80.0296678,40.4553904]]}},{"type":"Feature","id":null,"properties":{},"geometry":{"type":"LineString","coordinates":[[-80.0288933,40.4556392],[-80.0289898,40.4559904],[-80.0291226,40.4563984],[-80.0291357,40.4564386],[-80.0291572,40.4565045],[-80.0292323,40.4567351],[-80.0293068,40.4569056]]}},{"type":"Feature","id":null,"properties":{},"geometry":{"type":"LineString","coordinates":[[-80.030148,40.4568601],[-80.0300969,40.4566518],[-80.0300018,40.4563576],[-80.029983,40.4562993],[-80.0299061,40.4560602],[-80.0298052,40.4558371]]}},{"type":"Feature","id":null,"properties":{},"geometry":{"type":"LineString","coordinates":[[-80.0293068,40.4569056],[-80.0294476,40.4573494]]}},{"type":"Feature","id":null,"properties":{},"geometry":{"type":"LineString","coordinates":[[-80.0072306,40.4552899],[-80.006729,40.4553861],[-80.0066077,40.455408]]}},{"type":"Feature","id":null,"properties":{},"geometry":{"type":"LineString","coordinates":[[-80.0066077,40.455408],[-80.0065863,40.4553418]]}},{"type":"Feature","id":null,"properties":{},"geometry":{"type":"LineString","coordinates":[[-80.00664,40.4555025],[-80.0067614,40.4554784],[-80.0074725,40.4553462],[-80.0076079,40.4552713]]}},{"type":"Feature","id":null,"properties":{},"geometry":{"type":"LineString","coordinates":[[-80.0066273,40.4554663],[-80.0066077,40.455408]]}},{"type":"Feature","id":null,"properties":{},"geometry":{"type":"LineString","coordinates":[[-80.0066273,40.4554663],[-80.00664,40.4555025]]}},{"type":"Feature","id":null,"properties":{},"geometry":{"type":"LineString","coordinates":[[-80.0066077,40.455408],[-80.0064959,40.4554301],[-80.0056979,40.4555829]]}},{"type":"Feature","id":null,"properties":{},"geometry":{"type":"LineString","coordinates":[[-80.0057972,40.4556609],[-80.0065272,40.4555214],[-80.00664,40.4555025]]}},{"type":"Feature","id":null,"properties":{},"geometry":{"type":"LineString","coordinates":[[-80.0056979,40.4555829],[-80.0051704,40.4556873]]}},{"type":"Feature","id":null,"properties":{},"geometry":{"type":"LineString","coordinates":[[-80.00664,40.4555025],[-80.0066457,40.4555187],[-80.0066555,40.4555469],[-80.0067322,40.4557865]]}},{"type":"Feature","id":null,"properties":{},"geometry":{"type":"LineString","coordinates":[[-80.0053231,40.4557487],[-80.0057147,40.4556766],[-80.0057972,40.4556609]]}},{"type":"Feature","id":null,"properties":{},"geometry":{"type":"LineString","coordinates":[[-80.0145705,40.4539911],[-80.0145273,40.4539985]]}},{"type":"Feature","id":null,"properties":{},"geometry":{"type":"LineString","coordinates":[[-80.0145273,40.4539985],[-80.0144376,40.454014],[-80.0137825,40.4541209]]}},{"type":"Feature","id":null,"properties":{},"geometry":{"type":"LineString","coordinates":[[-80.0137825,40.4541209],[-80.0136095,40.4541451]]}},{"type":"Feature","id":null,"properties":{},"geometry":{"type":"LineString","coordinates":[[-80.0136095,40.4541451],[-80.0126755,40.4543166],[-80.0126015,40.454333],[-80.0121355,40.4544221],[-80.0115992,40.4545209],[-80.0106727,40.4547016],[-80.0105981,40.4547155],[-80.0096582,40.4548932],[-80.0095939,40.4549053]]}},{"type":"Feature","id":null,"properties":{},"geometry":{"type":"LineString","coordinates":[[-80.0095939,40.4549053],[-80.0087173,40.4550713],[-80.0086152,40.4550906]]}},{"type":"Feature","id":null,"properties":{},"geometry":{"type":"LineString","coordinates":[[-80.0087176,40.4612153],[-80.0087932,40.4621446],[-80.0088347,40.4623517]]}},{"type":"Feature","id":null,"properties":{},"geometry":{"type":"LineString","coordinates":[[-80.0088347,40.4623517],[-80.0094849,40.4634642],[-80.0098246,40.4644694],[-80.0100426,40.4650971]]}},{"type":"Feature","id":null,"properties":{},"geometry":{"type":"LineString","coordinates":[[-80.0100426,40.4650971],[-80.0100492,40.4651734],[-80.0100975,40.4654733],[-80.010162,40.4658404],[-80.0102018,40.466155],[-80.0101273,40.4665588],[-80.0100408,40.4670277]]}},{"type":"Feature","id":null,"properties":{},"geometry":{"type":"LineString","coordinates":[[-80.0100408,40.4670277],[-80.0099362,40.4672053],[-80.0098913,40.4675358],[-80.0098849,40.4675825],[-80.0097913,40.4684898],[-80.009743,40.4686],[-80.0095129,40.4687672],[-80.0092239,40.4689159],[-80.0087533,40.4691581],[-80.0086273,40.4692478],[-80.0085267,40.469354],[-80.0084127,40.4695274],[-80.0083644,40.4696764],[-80.0083429,40.469861],[-80.0084218,40.4705622],[-80.0085996,40.4710084]]}},{"type":"Feature","id":null,"properties":{},"geometry":{"type":"LineString","coordinates":[[-80.0085996,40.4710084],[-80.0086246,40.4710678],[-80.0086775,40.4711761],[-80.0087406,40.4712985],[-80.0088345,40.4714077],[-80.0089252,40.4714609],[-80.0096207,40.4716716],[-80.0098812,40.4717531],[-80.0099633,40.4717822],[-80.0100931,40.471856],[-80.0101617,40.4719131],[-80.0101773,40.4719259],[-80.0102368,40.4719927],[-80.0102745,40.4720671],[-80.0103071,40.4721345],[-80.0103224,40.4721926],[-80.0103489,40.4723996],[-80.0103485,40.4725621],[-80.010396,40.4741047],[-80.0104046,40.4742059],[-80.0104248,40.4742889],[-80.0104368,40.4743188],[-80.0104642,40.474366],[-80.0105012,40.4744116],[-80.0105477,40.4744545],[-80.0106091,40.4745007],[-80.0109471,40.474736],[-80.0111227,40.4748601],[-80.0111704,40.4748941],[-80.0112558,40.4749577]]}},{"type":"Feature","id":null,"properties":{},"geometry":{"type":"LineString","coordinates":[[-80.0074949,40.4582635],[-80.0076635,40.4587461],[-80.0076824,40.458808],[-80.007703,40.4588757]]}},{"type":"Feature","id":null,"properties":{},"geometry":{"type":"LineString","coordinates":[[-80.0079843,40.4591678],[-80.0079607,40.4591147],[-80.0078894,40.4590517],[-80.0078555,40.4590084],[-80.0078296,40.4589689],[-80.0077807,40.4588433],[-80.0077624,40.4587931]]}},{"type":"Feature","id":null,"properties":{},"geometry":{"type":"LineString","coordinates":[[-80.007703,40.4588757],[-80.0077456,40.4589934],[-80.0077939,40.4590597],[-80.0078537,40.459125],[-80.0078984,40.4591551],[-80.0079843,40.4591678]]}},{"type":"Feature","id":null,"properties":{},"geometry":{"type":"LineString","coordinates":[[-80.0087176,40.4612153],[-80.0084834,40.4596683],[-80.00842,40.4594931],[-80.0083421,40.4594102],[-80.0082548,40.4593297],[-80.0081384,40.4592637],[-80.0079843,40.4591678]]}},{"type":"Feature","id":null,"properties":{},"geometry":{"type":"LineString","coordinates":[[-80.0044104,40.4724719],[-80.0044617,40.4725806]]}},{"type":"Feature","id":null,"properties":{},"geometry":{"type":"LineString","coordinates":[[-80.0044617,40.4725806],[-80.0045192,40.4727025],[-80.0046534,40.4731391],[-80.004943,40.4741716],[-80.0050342,40.4743878],[-80.005193,40.4746165]]}},{"type":"Feature","id":null,"properties":{},"geometry":{"type":"LineString","coordinates":[[-80.005193,40.4746165],[-80.0053883,40.4748449],[-80.0059033,40.4753345],[-80.0061339,40.4755916],[-80.0063807,40.4759181],[-80.0065524,40.4762404],[-80.0066918,40.476571],[-80.0067689,40.4768429],[-80.0068259,40.4771953],[-80.0068259,40.4775666],[-80.006783,40.4780114],[-80.0066006,40.4797211],[-80.0065094,40.4801046],[-80.0063217,40.480582],[-80.0059458,40.4814672]]}},{"type":"Feature","id":null,"properties":{},"geometry":{"type":"LineString","coordinates":[[-80.0059458,40.4814672],[-80.0058764,40.4816307],[-80.0058335,40.4818265],[-80.0058531,40.4820331]]}},{"type":"Feature","id":null,"properties":{},"geometry":{"type":"LineString","coordinates":[[-80.0058531,40.4820331],[-80.0059053,40.4821999],[-80.0059335,40.4822558],[-80.0059609,40.48231]]}},{"type":"Feature","id":null,"properties":{},"geometry":{"type":"LineString","coordinates":[[-80.0059609,40.48231],[-80.0060014,40.4823628],[-80.0061822,40.4825854],[-80.0063753,40.4827323],[-80.0066865,40.4828751],[-80.006885,40.4829282]]}},{"type":"Feature","id":null,"properties":{},"geometry":{"type":"LineString","coordinates":[[-80.0304879,40.4579027],[-80.0302663,40.4572229],[-80.030148,40.4568601]]}},{"type":"Feature","id":null,"properties":{},"geometry":{"type":"LineString","coordinates":[[-80.0294476,40.4573494],[-80.0295862,40.4577864],[-80.0296179,40.4578865]]}},{"type":"Feature","id":null,"properties":{},"geometry":{"type":"LineString","coordinates":[[-80.0404029,40.48438],[-80.0404225,40.4843803],[-80.0404678,40.4843811]]}},{"type":"Feature","id":null,"properties":{},"geometry":{"type":"LineString","coordinates":[[-80.0084694,40.4832518],[-80.0085556,40.4832723]]}},{"type":"Feature","id":null,"properties":{},"geometry":{"type":"LineString","coordinates":[[-80.0085556,40.4832723],[-80.0086679,40.4833278],[-80.0087953,40.4834037],[-80.0088751,40.4834578],[-80.008939,40.4835111],[-80.0090108,40.4835855],[-80.009074,40.483667],[-80.0091158,40.4837398],[-80.0091446,40.4838065],[-80.0091663,40.4839018],[-80.009233,40.4842068],[-80.0093635,40.4848384]]}},{"type":"Feature","id":null,"properties":{},"geometry":{"type":"LineString","coordinates":[[-80.009568,40.4852873],[-80.0095502,40.4851801],[-80.009543,40.4851367],[-80.0094718,40.4848006],[-80.0093073,40.4839835],[-80.0092889,40.4838948],[-80.0092729,40.483836],[-80.0092557,40.4837846],[-80.0092275,40.4837258],[-80.0091919,40.4836661],[-80.0091501,40.4836128],[-80.0091158,40.4835661],[-80.0090691,40.4835204],[-80.0090139,40.4834718],[-80.0089598,40.4834298],[-80.008912,40.4833962],[-80.0088543,40.4833635],[-80.0088027,40.4833364],[-80.0087425,40.4833103],[-80.0086689,40.4832869],[-80.0085556,40.4832723]]}},{"type":"Feature","id":null,"properties":{},"geometry":{"type":"LineString","coordinates":[[-80.0093635,40.4848384],[-80.0094288,40.4851613],[-80.0094342,40.4851952],[-80.0094497,40.4852939]]}},{"type":"Feature","id":null,"properties":{},"geometry":{"type":"LineString","coordinates":[[-80.009568,40.4852873],[-80.0094497,40.4852939]]}},{"type":"Feature","id":null,"properties":{},"geometry":{"type":"LineString","coordinates":[[-80.0094497,40.4852939],[-80.0094627,40.485373]]}},{"type":"Feature","id":null,"properties":{},"geometry":{"type":"LineString","coordinates":[[-80.009682,40.485908],[-80.0096016,40.4854959],[-80.009568,40.4852873]]}},{"type":"Feature","id":null,"properties":{},"geometry":{"type":"LineString","coordinates":[[-80.0094627,40.485373],[-80.0094929,40.4855075],[-80.0096217,40.486174],[-80.009705,40.4863145]]}},{"type":"Feature","id":null,"properties":{},"geometry":{"type":"LineString","coordinates":[[-80.009705,40.4863145],[-80.0097249,40.4861625],[-80.009682,40.485908]]}},{"type":"Feature","id":null,"properties":{},"geometry":{"type":"LineString","coordinates":[[-80.009705,40.4863145],[-80.0098325,40.4869454]]}},{"type":"Feature","id":null,"properties":{},"geometry":{"type":"LineString","coordinates":[[-80.006885,40.4829282],[-80.0084694,40.4832518]]}},{"type":"Feature","id":null,"properties":{},"geometry":{"type":"LineString","coordinates":[[-80.0081091,40.494186],[-80.0079999,40.4941662],[-80.0078699,40.4941467],[-80.0078072,40.4941426],[-80.0077527,40.4941459],[-80.0076716,40.4941597],[-80.0076015,40.4941772],[-80.0075143,40.4942076],[-80.0074482,40.4942427],[-80.007378,40.4942899],[-80.007325,40.4943394],[-80.0072799,40.4943928],[-80.0072428,40.4944499],[-80.0072208,40.4945086],[-80.0072057,40.4945634],[-80.0072015,40.4945996],[-80.0072017,40.4946373],[-80.0072097,40.4947097]]}},{"type":"Feature","id":null,"properties":{},"geometry":{"type":"LineString","coordinates":[[-80.0072097,40.4947097],[-80.0072328,40.4947775],[-80.0072678,40.4948438],[-80.0073059,40.4948941],[-80.0073611,40.4949492],[-80.0074331,40.4949992],[-80.0075051,40.4950385],[-80.0076586,40.4951333],[-80.0077423,40.4951764],[-80.0077914,40.4952087],[-80.0078526,40.495262],[-80.00789,40.4953093],[-80.007929,40.4953616],[-80.0079601,40.4954167],[-80.0079858,40.4954986],[-80.0079921,40.4955335],[-80.0080032,40.4955949],[-80.0080072,40.4956689],[-80.0079922,40.4957374],[-80.0079611,40.4958136],[-80.007919,40.4959081],[-80.0078669,40.4960366]]}},{"type":"Feature","id":null,"properties":{},"geometry":{"type":"LineString","coordinates":[[-80.0098325,40.4869454],[-80.0100385,40.4879644],[-80.0101306,40.4883804],[-80.0101451,40.4884461]]}},{"type":"Feature","id":null,"properties":{},"geometry":{"type":"LineString","coordinates":[[-80.0101451,40.4884461],[-80.0102971,40.4891324]]}},{"type":"Feature","id":null,"properties":{},"geometry":{"type":"LineString","coordinates":[[-80.0102971,40.4891324],[-80.0104502,40.4898241]]}},{"type":"Feature","id":null,"properties":{},"geometry":{"type":"LineString","coordinates":[[-80.0104502,40.4898241],[-80.0106137,40.4905622],[-80.0106604,40.4907304],[-80.0107247,40.4909313],[-80.011007,40.4917539],[-80.0110721,40.4919614],[-80.0111663,40.4922746]]}},{"type":"Feature","id":null,"properties":{},"geometry":{"type":"LineString","coordinates":[[-80.0111663,40.4922746],[-80.0112164,40.492448],[-80.0113722,40.4930232]]}},{"type":"Feature","id":null,"properties":{},"geometry":{"type":"LineString","coordinates":[[-80.0113722,40.4930232],[-80.0115005,40.4934376],[-80.0115275,40.4935248]]}},{"type":"Feature","id":null,"properties":{},"geometry":{"type":"LineString","coordinates":[[-80.0113722,40.4930232],[-80.0113497,40.4932082],[-80.0113323,40.4932873],[-80.0113074,40.4933648],[-80.0112746,40.4934403],[-80.011231,40.4935163],[-80.0111827,40.4935866],[-80.0111217,40.4936641],[-80.0110573,40.4937289],[-80.0109916,40.493785]]}},{"type":"Feature","id":null,"properties":{},"geometry":{"type":"LineString","coordinates":[[-80.0109916,40.493785],[-80.0112263,40.493634],[-80.0112779,40.4936045],[-80.0113403,40.4935764],[-80.0114047,40.4935555],[-80.0115275,40.4935248]]}},{"type":"Feature","id":null,"properties":{},"geometry":{"type":"LineString","coordinates":[[-80.0109916,40.493785],[-80.0109044,40.4938467],[-80.0108226,40.4938997],[-80.0107288,40.4939507]]}},{"type":"Feature","id":null,"properties":{},"geometry":{"type":"LineString","coordinates":[[-80.0107288,40.4939507],[-80.0106221,40.4939971],[-80.010573,40.4940189],[-80.0103707,40.4940879],[-80.0102466,40.4941231],[-80.0102348,40.4941256],[-80.0101143,40.4941511],[-80.0099717,40.4941683]]}},{"type":"Feature","id":null,"properties":{},"geometry":{"type":"LineString","coordinates":[[-80.0099717,40.4941683],[-80.0098208,40.4941916],[-80.00933,40.4942317],[-80.0091174,40.4942491],[-80.0089118,40.4942615],[-80.008795,40.4942646]]}},{"type":"Feature","id":null,"properties":{},"geometry":{"type":"LineString","coordinates":[[-80.008795,40.4942646],[-80.0085642,40.4942526],[-80.0084089,40.4942374],[-80.0082877,40.4942206],[-80.0081091,40.494186]]}},{"type":"Feature","id":null,"properties":{},"geometry":{"type":"LineString","coordinates":[[-80.0115275,40.4935248],[-80.0115122,40.4936185],[-80.0116559,40.4940994],[-80.011671,40.49415],[-80.0119608,40.4951203],[-80.0120739,40.4955747]]}},{"type":"Feature","id":null,"properties":{},"geometry":{"type":"LineString","coordinates":[[-80.0128346,40.4977263],[-80.0115965,40.493604],[-80.0115275,40.4935248]]}},{"type":"Feature","id":null,"properties":{},"geometry":{"type":"LineString","coordinates":[[-80.0120739,40.4955747],[-80.0122212,40.4960651]]}},{"type":"Feature","id":null,"properties":{},"geometry":{"type":"LineString","coordinates":[[-80.0142901,40.4965415],[-80.0139136,40.4969451]]}},{"type":"Feature","id":null,"properties":{},"geometry":{"type":"LineString","coordinates":[[-80.0139136,40.4969451],[-80.0134606,40.4974307]]}},{"type":"Feature","id":null,"properties":{},"geometry":{"type":"LineString","coordinates":[[-80.0130861,40.497827],[-80.0134606,40.4974307]]}},{"type":"Feature","id":null,"properties":{},"geometry":{"type":"LineString","coordinates":[[-80.0134606,40.4974307],[-80.0135038,40.4975207],[-80.0135337,40.4975829],[-80.0135565,40.4976395],[-80.0135753,40.4977017],[-80.013584,40.4977655],[-80.0135833,40.4978333],[-80.0135766,40.4978975],[-80.0135625,40.4979623],[-80.0135405,40.4980217]]}},{"type":"Feature","id":null,"properties":{},"geometry":{"type":"LineString","coordinates":[[-80.0127612,40.4982208],[-80.0128625,40.498076],[-80.0129646,40.4979556],[-80.0130861,40.497827]]}},{"type":"Feature","id":null,"properties":{},"geometry":{"type":"LineString","coordinates":[[-80.0133669,40.4983518],[-80.0135405,40.4980217]]}},{"type":"Feature","id":null,"properties":{},"geometry":{"type":"LineString","coordinates":[[-80.0123967,40.4987294],[-80.0127612,40.4982208]]}},{"type":"Feature","id":null,"properties":{},"geometry":{"type":"LineString","coordinates":[[-80.01237810018154,40.49875580299728],[-80.0123967,40.4987294]]}}]}