{"type":"FeatureCollection","features":[{"type":"Feature","id":null,"properties":{},"geometry":{"type":"LineString","coordinates":[[-79.9929605,40.3786098],[-79.99291496700772,40.378598152025226]]}},{"type":"Feature","id":null,"properties":{},"geometry":{"type":"LineString","coordinates":[[-79.99271663848334,40.378615841510054],[-79.9927603,40.3786306],[-79.9927954,40.3786425],[-79.9928547,40.3786625]]}},{"type":"Feature","id":null,"properties":{},"geometry":{"type":"LineString","coordinates":[[-79.9935706,40.3790512],[-79.9934066,40.3788906],[-79.9933001,40.3788099],[-79.9932149,40.3787508],[-79.9929605,40.3786098]]}},{"type":"Feature","id":null,"properties":{},"geometry":{"type":"LineString","coordinates":[[-79.9928547,40.3786625],[-79.9931786,40.3788364],[-79.9933873,40.3789931],[-79.9935187,40.379131]]}},{"type":"Feature","id":null,"properties":{},"geometry":{"type":"LineString","coordinates":[[-79.9936419,40.3791377],[-79.9935706,40.3790512]]}},{"type":"Feature","id":null,"properties":{},"geometry":{"type":"LineString","coordinates":[[-79.9935187,40.379131],[-79.9935929,40.3792141]]}},{"type":"Feature","id":null,"properties":{},"geometry":{"type":"LineString","coordinates":[[-79.9940371,40.3797332],[-79.9936987,40.3792093],[-79.9936419,40.3791377]]}},{"type":"Feature","id":null,"properties":{},"geometry":{"type":"LineString","coordinates":[[-79.9935929,40.3792141],[-79.9936126,40.3792409],[-79.9939076,40.379703],[-79.9939329,40.3797427]]}},{"type":"Feature","id":null,"properties":{},"geometry":{"type":"LineString","coordinates":[[-79.9939329,40.3797427],[-79.9940971,40.3799722],[-79.9942285,40.3801255],[-79.9943908,40.3803155],[-79.9953064,40.3812202]]}},{"type":"Feature","id":null,"properties":{},"geometry":{"type":"LineString","coordinates":[[-79.995415,40.3812349],[-79.9944542,40.3802757],[-79.9942838,40.3800979],[-79.9941699,40.3799406],[-79.9940371,40.3797332]]}},{"type":"Feature","id":null,"properties":{},"geometry":{"type":"LineString","coordinates":[[-79.9953064,40.3812202],[-79.9953802,40.3813001]]}},{"type":"Feature","id":null,"properties":{},"geometry":{"type":"LineString","coordinates":[[-79.9954847,40.3813156],[-79.995415,40.3812349]]}},{"type":"Feature","id":null,"properties":{},"geometry":{"type":"LineString","coordinates":[[-79.9953802,40.3813001],[-79.9954079,40.3813325],[-79.9955146,40.3814658],[-79.9956259,40.381617],[-79.9957204,40.3817783]]}},{"type":"Feature","id":null,"properties":{},"geometry":{"type":"LineString","coordinates":[[-79.9959056,40.3819877],[-79.9958561,40.3818747],[-79.9957576,40.3816871],[-79.9956718,40.3815608],[-79.9955728,40.3814231],[-79.9954847,40.3813156]]}},{"type":"Feature","id":null,"properties":{},"geometry":{"type":"LineString","coordinates":[[-79.9957204,40.3817783],[-79.9957775,40.3818994],[-79.9958338,40.3820317],[-79.9958807,40.3821775],[-79.9958942,40.3822283]]}},{"type":"Feature","id":null,"properties":{},"geometry":{"type":"LineString","coordinates":[[-79.9959699,40.382209],[-79.9959056,40.3819877]]}},{"type":"Feature","id":null,"properties":{},"geometry":{"type":"LineString","coordinates":[[-79.9958942,40.3822283],[-79.9959084,40.3822857]]}},{"type":"Feature","id":null,"properties":{},"geometry":{"type":"LineString","coordinates":[[-79.9959084,40.3822857],[-79.9959263,40.3824021],[-79.995977,40.3824925]]}},{"type":"Feature","id":null,"properties":{},"geometry":{"type":"LineString","coordinates":[[-79.9957532,40.3835896],[-79.9958431,40.3833793],[-79.9959217,40.3831466],[-79.9959543,40.3829466],[-79.9959759,40.382809],[-79.9959835,40.3826934],[-79.9959834,40.3826387]]}},{"type":"Feature","id":null,"properties":{},"geometry":{"type":"LineString","coordinates":[[-79.9954694,40.3840653],[-79.9956322,40.3837996],[-79.9957532,40.3835896]]}},{"type":"Feature","id":null,"properties":{},"geometry":{"type":"LineString","coordinates":[[-79.995983,40.3822764],[-79.9959699,40.382209]]}},{"type":"Feature","id":null,"properties":{},"geometry":{"type":"LineString","coordinates":[[-79.995977,40.3824925],[-79.9960001,40.3823908],[-79.995983,40.3822764]]}},{"type":"Feature","id":null,"properties":{},"geometry":{"type":"LineString","coordinates":[[-79.995977,40.3824925],[-79.9959834,40.3826387]]}},{"type":"Feature","id":null,"properties":{},"geometry":{"type":"LineString","coordinates":[[-79.9953792,40.3867461],[-79.9956541,40.3870597],[-79.9963568,40.3878494],[-79.9963903,40.3878918],[-79.9964413,40.3879571],[-79.9964862,40.3880123],[-79.9965131,40.3880485],[-79.9965821,40.3881538],[-79.9966552,40.3882702],[-79.9967256,40.388403],[-79.9967719,40.3885026],[-79.9968014,40.3885756],[-79.9968396,40.3886875],[-79.9968646,40.3887743],[-79.9968698,40.3887922],[-79.9968919,40.3888811],[-79.9969174,40.3890154],[-79.9969328,40.3891456],[-79.9969375,40.389257],[-79.9969348,40.3894015],[-79.9969268,40.3895179],[-79.996908,40.389641],[-79.9968745,40.3898045],[-79.9968061,40.3900757],[-79.9967491,40.3903392],[-79.9967263,40.3904842],[-79.9967162,40.390592],[-79.9967122,40.3907478],[-79.9967135,40.3908739],[-79.9967229,40.3910169],[-79.9967498,40.3912043],[-79.9967826,40.3913489],[-79.9968155,40.391473],[-79.9968638,40.391616],[-79.9969268,40.3917682],[-79.9970039,40.3919459],[-79.9971776,40.3923412],[-79.9972245,40.3924622],[-79.9972296,40.3924786],[-79.9972694,40.3926068],[-79.9973063,40.3927441],[-79.9973425,40.3928887],[-79.9973492,40.3929341],[-79.9973593,40.3929954],[-79.997372,40.3930797],[-79.9973761,40.3931103],[-79.9973921,40.3932911],[-79.9973982,40.3934259],[-79.9973975,40.3935623],[-79.9973834,40.3937645],[-79.9973318,40.3943033],[-79.9973206,40.3944027],[-79.997313,40.3944764]]}},{"type":"Feature","id":null,"properties":{},"geometry":{"type":"LineString","coordinates":[[-79.997313,40.3944764],[-79.9973041,40.3945705],[-79.997301,40.3946148],[-79.9972983,40.3946925],[-79.9972989,40.3947624],[-79.9973077,40.3948947],[-79.9973217,40.3949897],[-79.9973486,40.3950867],[-79.9973781,40.3951797],[-79.9974485,40.3953472]]}},{"type":"Feature","id":null,"properties":{},"geometry":{"type":"LineString","coordinates":[[-79.9974485,40.3953472],[-79.9974921,40.3954207]]}},{"type":"Feature","id":null,"properties":{},"geometry":{"type":"LineString","coordinates":[[-79.9974921,40.3954207],[-79.9975578,40.3955203],[-79.9975875,40.3955587],[-79.9976651,40.3956592],[-79.9977755,40.3957808],[-79.9978532,40.3958785]]}},{"type":"Feature","id":null,"properties":{},"geometry":{"type":"LineString","coordinates":[[-79.9978532,40.3958785],[-79.9980693,40.3961338]]}},{"type":"Feature","id":null,"properties":{},"geometry":{"type":"LineString","coordinates":[[-79.9980693,40.3961338],[-79.9981063,40.3961786],[-79.9981296,40.3962071],[-79.9981984,40.3962889]]}},{"type":"Feature","id":null,"properties":{},"geometry":{"type":"LineString","coordinates":[[-79.9981984,40.3962889],[-79.9982403,40.3963367],[-79.998339,40.3964424],[-79.9983973,40.3965044],[-79.998559,40.3966946],[-79.9986924,40.3968524],[-79.9988667,40.3970579]]}},{"type":"Feature","id":null,"properties":{},"geometry":{"type":"LineString","coordinates":[[-79.9954694,40.3840653],[-79.9953631,40.3841682],[-79.9953102,40.3842492],[-79.9950969,40.3845892],[-79.995083,40.3846136],[-79.9950364,40.3846882]]}},{"type":"Feature","id":null,"properties":{},"geometry":{"type":"LineString","coordinates":[[-79.9951376,40.3847287],[-79.995181,40.3846513],[-79.99533,40.3843945],[-79.9954297,40.3841923],[-79.9954694,40.3840653]]}},{"type":"Feature","id":null,"properties":{},"geometry":{"type":"LineString","coordinates":[[-79.9950364,40.3846882],[-79.9949146,40.3849057],[-79.9949085,40.3849196],[-79.9948734,40.3850064]]}},{"type":"Feature","id":null,"properties":{},"geometry":{"type":"LineString","coordinates":[[-79.9949773,40.3850329],[-79.9950151,40.3849548],[-79.9950526,40.3848823],[-79.9951376,40.3847287]]}},{"type":"Feature","id":null,"properties":{},"geometry":{"type":"LineString","coordinates":[[-79.9949135,40.3857841],[-79.9948981,40.385598],[-79.9948963,40.3854336],[-79.9949206,40.3852592],[-79.9949481,40.3851372],[-79.9949545,40.3851085],[-79.9949773,40.3850329]]}},{"type":"Feature","id":null,"properties":{},"geometry":{"type":"LineString","coordinates":[[-79.9948734,40.3850064],[-79.9948432,40.3850959],[-79.99481,40.3852187],[-79.9947803,40.3854352],[-79.9947796,40.3855914],[-79.9947934,40.385753],[-79.9948224,40.3858917],[-79.9948672,40.3860577],[-79.9949714,40.3862691],[-79.9951102,40.3864838],[-79.9952249,40.3866251],[-79.9953792,40.3867461]]}},{"type":"Feature","id":null,"properties":{},"geometry":{"type":"LineString","coordinates":[[-79.9953792,40.3867461],[-79.995325,40.3866068],[-79.9952127,40.3864403],[-79.9950677,40.3862074],[-79.9949774,40.385999],[-79.9949135,40.3857841]]}},{"type":"Feature","id":null,"properties":{},"geometry":{"type":"LineString","coordinates":[[-79.9937689,40.4341008],[-79.9950219,40.4341823],[-79.9953029,40.4342074]]}},{"type":"Feature","id":null,"properties":{},"geometry":{"type":"LineString","coordinates":[[-79.9947361,40.4340324],[-79.9923114,40.4338822],[-79.9913139,40.4338204],[-79.9909616,40.4338047],[-79.9905948,40.4337955],[-79.990234,40.4337945],[-79.9898786,40.4338001],[-79.9895225,40.4338138],[-79.9891658,40.4338338],[-79.9888084,40.4338613],[-79.9884517,40.4338945],[-79.9871629,40.4340304],[-79.9867463,40.4340743],[-79.986326,40.4341272],[-79.9860363,40.4341721],[-79.9857574,40.4342217],[-79.9854758,40.4342752],[-79.9851995,40.4343375],[-79.9843717,40.4345332]]}},{"type":"Feature","id":null,"properties":{},"geometry":{"type":"LineString","coordinates":[[-79.9886421,40.4345585],[-79.9889304,40.4345289],[-79.9892027,40.4344942],[-79.9895594,40.4344406],[-79.9899038,40.43438],[-79.9910125,40.4341589],[-79.9912137,40.4341226],[-79.9914249,40.4340915],[-79.9916341,40.4340675],[-79.991844,40.4340481],[-79.9920572,40.4340338],[-79.9922738,40.4340303],[-79.9925451,40.434032],[-79.9928241,40.4340414],[-79.9937689,40.4341008]]}},{"type":"Feature","id":null,"properties":{},"geometry":{"type":"LineString","coordinates":[[-80.0060323,40.4111164],[-80.006086,40.4111727],[-80.0060998,40.4111875]]}},{"type":"Feature","id":null,"properties":{},"geometry":{"type":"LineString","coordinates":[[-80.006345,40.4112722],[-80.006252,40.4111733],[-80.0061912,40.4111082],[-80.0061373,40.4110507]]}},{"type":"Feature","id":null,"properties":{},"geometry":{"type":"LineString","coordinates":[[-80.0060998,40.4111875],[-80.0063951,40.4115053],[-80.0066951,40.411824],[-80.0070456,40.4121958]]}},{"type":"Feature","id":null,"properties":{},"geometry":{"type":"LineString","coordinates":[[-80.0074182,40.4124019],[-80.0072399,40.4122248],[-80.0068054,40.4117637],[-80.006345,40.4112722]]}},{"type":"Feature","id":null,"properties":{},"geometry":{"type":"LineString","coordinates":[[-80.0070456,40.4121958],[-80.0072401,40.4124022]]}},{"type":"Feature","id":null,"properties":{},"geometry":{"type":"LineString","coordinates":[[-80.0075912,40.4125615],[-80.0074182,40.4124019]]}},{"type":"Feature","id":null,"properties":{},"geometry":{"type":"LineString","coordinates":[[-80.0091509,40.4136149],[-80.0086514,40.4133159],[-80.0081555,40.4130016],[-80.0080087,40.4128992],[-80.0078645,40.4127917],[-80.0077247,40.4126776],[-80.0075912,40.4125615]]}},{"type":"Feature","id":null,"properties":{},"geometry":{"type":"LineString","coordinates":[[-80.0072401,40.4124022],[-80.0073596,40.4125194],[-80.0074813,40.4126322],[-80.0076194,40.4127476],[-80.0077696,40.4128604],[-80.0079255,40.4129657],[-80.0094222,40.4139143]]}},{"type":"Feature","id":null,"properties":{},"geometry":{"type":"LineString","coordinates":[[-80.0095045,40.4138391],[-80.0091509,40.4136149]]}},{"type":"Feature","id":null,"properties":{},"geometry":{"type":"LineString","coordinates":[[-80.0097586,40.4137907],[-80.0095887,40.4141868]]}},{"type":"Feature","id":null,"properties":{},"geometry":{"type":"LineString","coordinates":[[-79.9988667,40.3970579],[-79.9990658,40.3972933],[-79.9992355,40.3974941],[-79.9995265,40.3978393],[-79.9996559,40.3980006],[-79.9997404,40.3981125],[-79.999837,40.3982626],[-79.9998837,40.3983382],[-79.9999188,40.3983949],[-79.9999892,40.3985307],[-80.0000402,40.3986425],[-80.0000985,40.3987978],[-80.000136,40.3989142],[-80.0001649,40.3990169],[-80.0002085,40.3991971],[-80.0002366,40.3993616],[-80.0002668,40.3995959],[-80.0003352,40.4001214],[-80.0004351,40.4009155],[-80.0004638,40.4011436]]}},{"type":"Feature","id":null,"properties":{},"geometry":{"type":"LineString","coordinates":[[-80.0004638,40.4011436],[-80.0004675,40.4011723],[-80.0004879,40.4013318]]}},{"type":"Feature","id":null,"properties":{},"geometry":{"type":"LineString","coordinates":[[-80.0004879,40.4013318],[-80.0004973,40.4013995],[-80.0005069,40.4014675]]}},{"type":"Feature","id":null,"properties":{},"geometry":{"type":"LineString","coordinates":[[-80.0005069,40.4014675],[-80.0005303,40.4016018],[-80.0005692,40.4017498],[-80.0006014,40.4018607],[-80.0006256,40.4019398],[-80.0006443,40.401996],[-80.0006529,40.4020173],[-80.000678,40.4020831]]}},{"type":"Feature","id":null,"properties":{},"geometry":{"type":"LineString","coordinates":[[-80.000678,40.4020831],[-80.0006482,40.4021431],[-80.0009627,40.4028663],[-80.0012604,40.4035464],[-80.0014491,40.4039075],[-80.001537,40.4040758],[-80.0015788,40.4041426],[-80.0017577,40.4044283],[-80.0019942,40.4047502],[-80.0023038,40.4051245],[-80.0027394,40.4055709],[-80.0033514,40.4061068],[-80.0035535,40.4062912],[-80.003694,40.4064276],[-80.0039061,40.406671],[-80.0040752,40.4069023],[-80.0042629,40.4071872],[-80.0043819,40.4074393],[-80.0044922,40.4077219],[-80.004584,40.4080449],[-80.00467,40.4085622],[-80.0047359,40.4089769],[-80.0048233,40.4093152],[-80.0049322,40.409612],[-80.0050612,40.4098881],[-80.0051816,40.4100966],[-80.0053364,40.4103366]]}},{"type":"Feature","id":null,"properties":{},"geometry":{"type":"LineString","coordinates":[[-80.0058917,40.4107961],[-80.0056202,40.410508],[-80.0054238,40.4102657],[-80.0054134,40.4102505],[-80.0052819,40.4100573],[-80.0051529,40.4098499],[-80.0051153,40.4097677],[-80.0050297,40.4095804],[-80.0049251,40.4092956],[-80.0048333,40.4089704],[-80.004775,40.4086005],[-80.0047674,40.4085524],[-80.0046843,40.4080351],[-80.0046309,40.4078491],[-80.0045897,40.4077055],[-80.0044645,40.4073777],[-80.0043418,40.4071435],[-80.0042588,40.4070149],[-80.0042013,40.4069259],[-80.0041683,40.406874],[-80.0040311,40.4066801],[-80.0040007,40.4066371],[-80.0037914,40.4064003],[-80.0036753,40.4062814],[-80.0034259,40.4060478],[-80.0028197,40.4055251],[-80.0023912,40.4050831],[-80.0020744,40.4047077],[-80.0018537,40.4044021],[-80.0016302,40.4040441],[-80.0013578,40.4035148],[-80.0007714,40.402156],[-80.0007541,40.4021202],[-80.000678,40.4020831]]}},{"type":"Feature","id":null,"properties":{},"geometry":{"type":"LineString","coordinates":[[-80.0053364,40.4103366],[-80.0055069,40.4105527]]}},{"type":"Feature","id":null,"properties":{},"geometry":{"type":"LineString","coordinates":[[-80.0055069,40.4105527],[-80.0059036,40.4109781],[-80.0059281,40.4110053],[-80.0060323,40.4111164]]}},{"type":"Feature","id":null,"properties":{},"geometry":{"type":"LineString","coordinates":[[-80.0061373,40.4110507],[-80.0060534,40.410965],[-80.0059869,40.4108971],[-80.0058917,40.4107961]]}},{"type":"Feature","id":null,"properties":{},"geometry":{"type":"LineString","coordinates":[[-80.0092237,40.4146113],[-79.9993366,40.4289064]]}},{"type":"Feature","id":null,"properties":{},"geometry":{"type":"LineString","coordinates":[[-79.9995143,40.4289758],[-80.0094067,40.4146841]]}},{"type":"Feature","id":null,"properties":{},"geometry":{"type":"LineString","coordinates":[[-79.9993366,40.4289064],[-79.9993213,40.42893]]}},{"type":"Feature","id":null,"properties":{},"geometry":{"type":"LineString","coordinates":[[-79.9993213,40.42893],[-79.9992882,40.4289815],[-79.9992618,40.4290574],[-79.9992537,40.4291204],[-79.9992591,40.4291691]]}},{"type":"Feature","id":null,"properties":{},"geometry":{"type":"LineString","coordinates":[[-79.9992591,40.4291691],[-79.9993245,40.4291345],[-79.9994037,40.4290845],[-79.9994576,40.429045],[-79.9995143,40.4289758]]}},{"type":"Feature","id":null,"properties":{},"geometry":{"type":"LineString","coordinates":[[-79.9992591,40.4291691],[-79.9991765,40.4292935]]}},{"type":"Feature","id":null,"properties":{},"geometry":{"type":"LineString","coordinates":[[-79.9991765,40.4292935],[-79.9990869,40.4294233]]}},{"type":"Feature","id":null,"properties":{},"geometry":{"type":"LineString","coordinates":[[-79.9990869,40.4294233],[-79.9958542,40.4340964]]}},{"type":"Feature","id":null,"properties":{},"geometry":{"type":"LineString","coordinates":[[-79.999304,40.4353689],[-79.9988673,40.4351159],[-79.9986307,40.4349857],[-79.998402,40.4348709],[-79.9981546,40.4347576],[-79.9979018,40.4346514],[-79.9976496,40.434556],[-79.9973821,40.4344641],[-79.9971226,40.4343834],[-79.9968483,40.4343084],[-79.9965788,40.4342441],[-79.9962938,40.4341864],[-79.9960195,40.4341379],[-79.9957345,40.4340992],[-79.9954469,40.4340729],[-79.9947361,40.4340324]]}},{"type":"Feature","id":null,"properties":{},"geometry":{"type":"LineString","coordinates":[[-79.9953029,40.4342074],[-79.9955837,40.4342497],[-79.9958631,40.4343021],[-79.9961375,40.434362],[-79.9964138,40.434433],[-79.9966767,40.4345141],[-79.9969355,40.4346065],[-79.997187,40.4347091],[-79.997427,40.4348234],[-79.9976631,40.4349495],[-79.9978936,40.4350821],[-79.9982262,40.4352811],[-79.9988489,40.4356535]]}},{"type":"Feature","id":null,"properties":{},"geometry":{"type":"LineString","coordinates":[[-80.0010708,40.4363454],[-80.0008435,40.4362387],[-80.0006088,40.4361172],[-80.0003647,40.4359835],[-79.999304,40.4353689]]}},{"type":"Feature","id":null,"properties":{},"geometry":{"type":"LineString","coordinates":[[-79.9875756,40.4346296],[-79.9883538,40.4345815],[-79.9886421,40.4345585]]}},{"type":"Feature","id":null,"properties":{},"geometry":{"type":"LineString","coordinates":[[-79.9843717,40.4345332],[-79.9830014,40.4348571],[-79.982583,40.4349484],[-79.9821693,40.4350316],[-79.9817488,40.4351056]]}},{"type":"Feature","id":null,"properties":{},"geometry":{"type":"LineString","coordinates":[[-79.9687435,40.4355813],[-79.9684773,40.4355262],[-79.9682164,40.4354695],[-79.9679415,40.4354032],[-79.9676706,40.4353277],[-79.967403,40.4352455],[-79.9670041,40.4351174],[-79.9666118,40.4349847],[-79.9662292,40.4348383]]}},{"type":"Feature","id":null,"properties":{},"geometry":{"type":"LineString","coordinates":[[-79.9754707,40.4361783],[-79.9764156,40.4360988],[-79.9768397,40.4360598],[-79.9772695,40.4360162],[-79.9777003,40.4359663],[-79.9825005,40.4353379],[-79.9829196,40.4352761],[-79.983336,40.4352067],[-79.9837544,40.4351316],[-79.9848615,40.4349148],[-79.9851465,40.4348637],[-79.9854208,40.4348193],[-79.9856997,40.4347785],[-79.9859827,40.4347443],[-79.9862657,40.4347157],[-79.9865466,40.4346933],[-79.9875756,40.4346296]]}},{"type":"Feature","id":null,"properties":{},"geometry":{"type":"LineString","coordinates":[[-79.9817488,40.4351056],[-79.981372,40.4351664],[-79.9809985,40.4352189],[-79.977748,40.4356672],[-79.9773292,40.4357212],[-79.9769048,40.4357697],[-79.9764783,40.4358115],[-79.9760491,40.4358498],[-79.9756173,40.4358845],[-79.9751969,40.4359131],[-79.9747664,40.4359355],[-79.9743319,40.4359534]]}},{"type":"Feature","id":null,"properties":{},"geometry":{"type":"LineString","coordinates":[[-79.9806082,40.4359171],[-79.9815484,40.4357983],[-79.9828051,40.4356499],[-79.9833305,40.4355918],[-79.9838279,40.4355278],[-79.9844127,40.4354399]]}},{"type":"Feature","id":null,"properties":{},"geometry":{"type":"LineString","coordinates":[[-79.9728337,40.4360213],[-79.9725341,40.4360269],[-79.9722283,40.4360238],[-79.9719467,40.4360151],[-79.971657,40.4360003],[-79.9713794,40.4359804],[-79.9711005,40.4359554],[-79.9708222,40.4359238],[-79.9705432,40.4358875],[-79.970269,40.4358457],[-79.9695783,40.4357309],[-79.9690338,40.4356354],[-79.9687435,40.4355813]]}},{"type":"Feature","id":null,"properties":{},"geometry":{"type":"LineString","coordinates":[[-79.9667626,40.4358231],[-79.9652985,40.4358216],[-79.9652077,40.4358263],[-79.9651349,40.4358342],[-79.9650628,40.4358477],[-79.9649964,40.4358661],[-79.964906,40.4359014]]}},{"type":"Feature","id":null,"properties":{},"geometry":{"type":"LineString","coordinates":[[-79.9848844,40.435267],[-79.9818499,40.4356911],[-79.979282,40.4360024],[-79.9777968,40.4361716],[-79.9746994,40.4364971]]}},{"type":"Feature","id":null,"properties":{},"geometry":{"type":"LineString","coordinates":[[-79.9656399,40.4358849],[-79.9652794,40.435872],[-79.9651694,40.4358738],[-79.9650695,40.4358809],[-79.964906,40.4359014]]}},{"type":"Feature","id":null,"properties":{},"geometry":{"type":"LineString","coordinates":[[-79.9674433,40.4359526],[-79.9671489,40.4359386],[-79.9657729,40.4358896],[-79.9656399,40.4358849]]}},{"type":"Feature","id":null,"properties":{},"geometry":{"type":"LineString","coordinates":[[-79.9795931,40.4360453],[-79.9806082,40.4359171]]}},{"type":"Feature","id":null,"properties":{},"geometry":{"type":"LineString","coordinates":[[-79.9743319,40.4359534],[-79.9739526,40.4359716],[-79.9731315,40.436011],[-79.9728337,40.4360213]]}},{"type":"Feature","id":null,"properties":{},"geometry":{"type":"LineString","coordinates":[[-79.9684136,40.4356985],[-79.9697895,40.4359947],[-79.9700671,40.4360483],[-79.9703454,40.4360973],[-79.9706291,40.4361402],[-79.9709147,40.436179],[-79.9712037,40.4362132],[-79.971476,40.4362412],[-79.9717241,40.4362617],[-79.9720017,40.436281],[-79.9722712,40.4362948],[-79.9726233,40.4363068]]}},{"type":"Feature","id":null,"properties":{},"geometry":{"type":"LineString","coordinates":[[-79.9686194,40.4360652],[-79.9681225,40.4359988],[-79.9680387,40.4359914],[-79.9674433,40.4359526]]}},{"type":"Feature","id":null,"properties":{},"geometry":{"type":"LineString","coordinates":[[-79.964906,40.4359014],[-79.9647568,40.4359512],[-79.964614,40.4360317],[-79.9644712,40.4361395],[-79.9644139,40.4361814]]}},{"type":"Feature","id":null,"properties":{},"geometry":{"type":"LineString","coordinates":[[-79.9691192,40.4361203],[-79.9686194,40.4360652]]}},{"type":"Feature","id":null,"properties":{},"geometry":{"type":"LineString","coordinates":[[-79.9778101,40.4362448],[-79.9795931,40.4360453]]}},{"type":"Feature","id":null,"properties":{},"geometry":{"type":"LineString","coordinates":[[-79.9681123,40.4362171],[-79.9683311,40.4362116],[-79.968555,40.4362116],[-79.9686992,40.4362137],[-79.9693148,40.4362415]]}},{"type":"Feature","id":null,"properties":{},"geometry":{"type":"LineString","coordinates":[[-79.9727642,40.4363093],[-79.9731282,40.4363109],[-79.9734977,40.4363045],[-79.9738611,40.4362907],[-79.9754707,40.4361783]]}},{"type":"Feature","id":null,"properties":{},"geometry":{"type":"LineString","coordinates":[[-79.9958542,40.4340964],[-79.9954166,40.4347267],[-79.9951532,40.4351099]]}},{"type":"Feature","id":null,"properties":{},"geometry":{"type":"LineString","coordinates":[[-79.9931286,40.4353009],[-79.9922665,40.435047],[-79.9919634,40.4349674],[-79.9916255,40.434902],[-79.9913036,40.4348673],[-79.9906223,40.4348489],[-79.9892571,40.4348367],[-79.9886879,40.4348513],[-79.9877819,40.4349102],[-79.9870657,40.4349653],[-79.9865239,40.4350184],[-79.9861216,40.4350694],[-79.9848844,40.435267]]}},{"type":"Feature","id":null,"properties":{},"geometry":{"type":"LineString","coordinates":[[-79.9844127,40.4354399],[-79.9863925,40.4351041],[-79.9869128,40.435049],[-79.9879133,40.4349714],[-79.9887448,40.4349224],[-79.9893349,40.4349143],[-79.9905767,40.4349224],[-79.9911802,40.4349326],[-79.9914914,40.4349571],[-79.991824,40.4350082],[-79.9921512,40.4350796],[-79.9928405,40.4352899],[-79.9933394,40.4354451],[-79.9936398,40.4355471],[-79.9942132,40.4357665]]}},{"type":"Feature","id":null,"properties":{},"geometry":{"type":"LineString","coordinates":[[-79.9938662,40.4355034],[-79.9933998,40.4353614],[-79.9931286,40.4353009]]}},{"type":"Feature","id":null,"properties":{},"geometry":{"type":"LineString","coordinates":[[-79.9951532,40.4351099],[-79.9946984,40.4357708]]}},{"type":"Feature","id":null,"properties":{},"geometry":{"type":"LineString","coordinates":[[-79.9942603,40.4356423],[-79.9938662,40.4355034]]}},{"type":"Feature","id":null,"properties":{},"geometry":{"type":"LineString","coordinates":[[-79.9946984,40.4357708],[-79.994582,40.4359579]]}},{"type":"Feature","id":null,"properties":{},"geometry":{"type":"LineString","coordinates":[[-79.994582,40.4359579],[-79.9945034,40.4360604]]}},{"type":"Feature","id":null,"properties":{},"geometry":{"type":"LineString","coordinates":[[-79.9936998,40.4389934],[-79.9936824,40.4390219]]}},{"type":"Feature","id":null,"properties":{},"geometry":{"type":"LineString","coordinates":[[-79.9938109,40.4390894],[-79.9938367,40.4390331]]}},{"type":"Feature","id":null,"properties":{},"geometry":{"type":"LineString","coordinates":[[-80.0100049,40.4141562],[-80.0095045,40.4138391]]}},{"type":"Feature","id":null,"properties":{},"geometry":{"type":"LineString","coordinates":[[-80.0094222,40.4139143],[-80.0099226,40.4142315]]}},{"type":"Feature","id":null,"properties":{},"geometry":{"type":"LineString","coordinates":[[-80.0095887,40.4141868],[-80.0095203,40.4142289],[-80.0094609,40.4142655],[-80.0094297,40.4143111]]}},{"type":"Feature","id":null,"properties":{},"geometry":{"type":"LineString","coordinates":[[-80.0095533,40.4144513],[-80.0095991,40.4143445],[-80.009613,40.4143121],[-80.0096075,40.4142839],[-80.0095887,40.4141868]]}},{"type":"Feature","id":null,"properties":{},"geometry":{"type":"LineString","coordinates":[[-80.0094297,40.4143111],[-80.0093805,40.4143828]]}},{"type":"Feature","id":null,"properties":{},"geometry":{"type":"LineString","coordinates":[[-80.0099226,40.4142315],[-80.0104945,40.4145939]]}},{"type":"Feature","id":null,"properties":{},"geometry":{"type":"LineString","coordinates":[[-80.0093805,40.4143828],[-80.0092702,40.4145436]]}},{"type":"Feature","id":null,"properties":{},"geometry":{"type":"LineString","coordinates":[[-80.0094533,40.4146162],[-80.0094983,40.4145506],[-80.0095291,40.4145017],[-80.0095533,40.4144513]]}},{"type":"Feature","id":null,"properties":{},"geometry":{"type":"LineString","coordinates":[[-80.0114332,40.414967],[-80.0112391,40.4148909],[-80.0110942,40.4148255],[-80.0109514,40.4147545],[-80.0107972,40.4146698],[-80.0106402,40.4145764],[-80.0102854,40.4143515],[-80.0100049,40.4141562]]}},{"type":"Feature","id":null,"properties":{},"geometry":{"type":"LineString","coordinates":[[-80.0092702,40.4145436],[-80.0092237,40.4146113]]}},{"type":"Feature","id":null,"properties":{},"geometry":{"type":"LineString","coordinates":[[-80.0127334,40.4154486],[-80.0131417,40.4155526],[-80.0132891,40.4155942],[-80.0134275,40.4156431],[-80.0135397,40.4156909],[-80.0136491,40.415747],[-80.0137467,40.415806]]}},{"type":"Feature","id":null,"properties":{},"geometry":{"type":"LineString","coordinates":[[-80.0146065,40.4170138],[-80.0145839,40.4169402],[-80.0144637,40.4165496],[-80.0144299,40.4164467],[-80.014387,40.4163423],[-80.0143363,40.4162379],[-80.0142733,40.4161358],[-80.0142019,40.4160442],[-80.0141194,40.4159535],[-80.0140296,40.4158685],[-80.0139293,40.4157876],[-80.0138388,40.415724],[-80.0137328,40.41566],[-80.0136128,40.4155985],[-80.0134888,40.4155479],[-80.0133432,40.4154979],[-80.0131702,40.4154443]]}},{"type":"Feature","id":null,"properties":{},"geometry":{"type":"LineString","coordinates":[[-80.0137467,40.415806],[-80.0138297,40.4158643],[-80.0139227,40.4159394],[-80.0140059,40.4160181],[-80.0140827,40.4161024],[-80.0141481,40.4161863],[-80.0142056,40.4162796],[-80.0142529,40.4163771],[-80.0142935,40.4164759],[-80.0143261,40.416575],[-80.014436,40.4169322],[-80.0144488,40.4169738],[-80.014477,40.4170655]]}},{"type":"Feature","id":null,"properties":{},"geometry":{"type":"LineString","coordinates":[[-80.0146295,40.4170885],[-80.0146065,40.4170138]]}},{"type":"Feature","id":null,"properties":{},"geometry":{"type":"LineString","coordinates":[[-80.0148714,40.4178748],[-80.0146773,40.4172439],[-80.0146295,40.4170885]]}},{"type":"Feature","id":null,"properties":{},"geometry":{"type":"LineString","coordinates":[[-80.014477,40.4170655],[-80.014755,40.4178739],[-80.0150195,40.4186467],[-80.0150515,40.4187475],[-80.0150761,40.4188474],[-80.0150984,40.4189604],[-80.0151137,40.4190638],[-80.0151252,40.4191753],[-80.0152037,40.4204846],[-80.015213,40.4205772],[-80.0152272,40.4206723],[-80.015245,40.4207616],[-80.0152728,40.4208794],[-80.0153093,40.4209994],[-80.0153475,40.4211061],[-80.0153915,40.4212108],[-80.0154417,40.4213181],[-80.0154981,40.4214235],[-80.0155584,40.4215205],[-80.0156223,40.4216175],[-80.0156897,40.4217116],[-80.0157589,40.4217993],[-80.0158461,40.4218989],[-80.0175971,40.4237241],[-80.0178609,40.4239854],[-80.0181352,40.424247],[-80.0188178,40.424887],[-80.0190952,40.4250876]]}},{"type":"Feature","id":null,"properties":{},"geometry":{"type":"LineString","coordinates":[[-80.0190952,40.4250876],[-80.0188911,40.4248417],[-80.0184963,40.4244715],[-80.0182088,40.4242019],[-80.0179352,40.4239411],[-80.0176727,40.423681],[-80.0159235,40.4218578],[-80.0158387,40.4217608],[-80.0157717,40.4216758],[-80.0157059,40.4215842],[-80.0156432,40.421489],[-80.0155846,40.4213945],[-80.0155299,40.4212924],[-80.015481,40.4211878],[-80.0154381,40.4210857],[-80.0154008,40.4209818],[-80.0153653,40.4208649],[-80.0153381,40.4207499],[-80.0153208,40.4206628],[-80.015307,40.4205704],[-80.0152979,40.4204803],[-80.0152195,40.4191708],[-80.0152077,40.419057],[-80.015192,40.418951],[-80.0151692,40.4188354],[-80.0151438,40.4187324],[-80.0148714,40.4178748]]}},{"type":"Feature","id":null,"properties":{},"geometry":{"type":"LineString","coordinates":[[-80.0190952,40.4250876],[-80.0193282,40.4253044]]}},{"type":"Feature","id":null,"properties":{},"geometry":{"type":"LineString","coordinates":[[-80.0193282,40.4253044],[-80.0197089,40.4256605]]}},{"type":"Feature","id":null,"properties":{},"geometry":{"type":"LineString","coordinates":[[-80.0197089,40.4256605],[-80.0197182,40.4256692],[-80.0197994,40.425745],[-80.0199103,40.4258405]]}},{"type":"Feature","id":null,"properties":{},"geometry":{"type":"LineString","coordinates":[[-80.0355373,40.4199911],[-80.0353146,40.4199629],[-80.0351,40.4199417],[-80.0348935,40.4199281],[-80.0346782,40.4199184],[-80.0344603,40.41992],[-80.0342444,40.4199276],[-80.0340284,40.419945],[-80.0338098,40.4199705],[-80.033604,40.4200047],[-80.0334159,40.4200411]]}},{"type":"Feature","id":null,"properties":{},"geometry":{"type":"LineString","coordinates":[[-80.034254,40.4200232],[-80.0344639,40.4200144],[-80.0346752,40.4200116],[-80.0348846,40.420021],[-80.0350869,40.4200343],[-80.0352966,40.420055]]}},{"type":"Feature","id":null,"properties":{},"geometry":{"type":"LineString","coordinates":[[-80.0334159,40.4200411],[-80.0332412,40.4200808],[-80.0330468,40.4201339],[-80.0328563,40.4201977],[-80.0326598,40.4202687]]}},{"type":"Feature","id":null,"properties":{},"geometry":{"type":"LineString","coordinates":[[-80.03967360142535,40.42057145829773],[-80.0389202,40.4204619],[-80.0355373,40.4199911]]}},{"type":"Feature","id":null,"properties":{},"geometry":{"type":"LineString","coordinates":[[-80.0352966,40.420055],[-80.035516,40.4200828],[-80.0388979,40.4205544],[-80.03962364363481,40.42065856676801]]}},{"type":"Feature","id":null,"properties":{},"geometry":{"type":"LineString","coordinates":[[-80.0306317,40.4224141],[-80.0306821,40.4222609],[-80.0307453,40.4221116],[-80.0308099,40.4219726],[-80.0308996,40.4218112],[-80.0309891,40.421671],[-80.0310859,40.4215395],[-80.0311986,40.421401],[-80.0313235,40.4212646],[-80.0314422,40.4211442],[-80.0315791,40.4210242],[-80.0317187,40.4209114],[-80.0318766,40.4207992],[-80.0320326,40.4206953],[-80.032192,40.4206035],[-80.0323537,40.4205176],[-80.0325302,40.4204339],[-80.0327177,40.4203538],[-80.0329087,40.4202849],[-80.0330934,40.4202229],[-80.0332809,40.4201717],[-80.0334517,40.4201319],[-80.0336324,40.4200981],[-80.0338328,40.4200648],[-80.0340446,40.4200401],[-80.034254,40.4200232]]}},{"type":"Feature","id":null,"properties":{},"geometry":{"type":"LineString","coordinates":[[-80.0326598,40.4202687],[-80.0324661,40.4203514],[-80.0322843,40.4204376],[-80.032118,40.4205259],[-80.0319531,40.4206209],[-80.0317921,40.4207281],[-80.0316299,40.4208435],[-80.0314857,40.4209599],[-80.0313442,40.4210839],[-80.0312215,40.4212085],[-80.0310934,40.4213483],[-80.0309774,40.4214908],[-80.0308775,40.4216266],[-80.030785,40.4217715],[-80.0306924,40.421938],[-80.0306261,40.4220809],[-80.030561,40.4222345],[-80.0305087,40.4223933],[-80.0304685,40.4225521],[-80.0304364,40.4227155],[-80.0304162,40.4228793],[-80.0304075,40.4230437],[-80.0304095,40.423207],[-80.0304209,40.4233637],[-80.0304423,40.4235347],[-80.0304718,40.4236966],[-80.0305047,40.4238614]]}},{"type":"Feature","id":null,"properties":{},"geometry":{"type":"LineString","coordinates":[[-80.0305926,40.4225682],[-80.0306317,40.4224141]]}},{"type":"Feature","id":null,"properties":{},"geometry":{"type":"LineString","coordinates":[[-80.0308037,40.4246222],[-80.030629,40.4238462],[-80.0305964,40.4236828],[-80.0305674,40.4235236],[-80.0305464,40.4233565],[-80.0305353,40.4232039],[-80.030533,40.4230434],[-80.0305432,40.422886],[-80.0305617,40.4227271],[-80.0305926,40.4225682]]}},{"type":"Feature","id":null,"properties":{},"geometry":{"type":"LineString","coordinates":[[-80.0305047,40.4238614],[-80.0306559,40.4245332]]}},{"type":"Feature","id":null,"properties":{},"geometry":{"type":"LineString","coordinates":[[-80.0094067,40.4146841],[-80.0094533,40.4146162]]}},{"type":"Feature","id":null,"properties":{},"geometry":{"type":"LineString","coordinates":[[-80.0104945,40.4145939],[-80.0107277,40.4147417],[-80.0108813,40.4148362],[-80.0110233,40.4149122],[-80.0111753,40.4149876],[-80.0113207,40.4150479]]}},{"type":"Feature","id":null,"properties":{},"geometry":{"type":"LineString","coordinates":[[-80.0113207,40.4150479],[-80.0114266,40.4150876]]}},{"type":"Feature","id":null,"properties":{},"geometry":{"type":"LineString","coordinates":[[-80.0131702,40.4154443],[-80.0130247,40.4154039],[-80.0119116,40.4151207],[-80.0117554,40.4150767],[-80.0115824,40.4150195],[-80.0114332,40.414967]]}},{"type":"Feature","id":null,"properties":{},"geometry":{"type":"LineString","coordinates":[[-80.0114266,40.4150876],[-80.0115225,40.4151221],[-80.0117004,40.4151809],[-80.0118626,40.4152266],[-80.0127334,40.4154486]]}},{"type":"Feature","id":null,"properties":{},"geometry":{"type":"LineString","coordinates":[[-80.0084726,40.4391089],[-80.005924,40.4381903]]}},{"type":"Feature","id":null,"properties":{},"geometry":{"type":"LineString","coordinates":[[-80.0124003,40.4382957],[-80.0103226,40.4394042]]}},{"type":"Feature","id":null,"properties":{},"geometry":{"type":"LineString","coordinates":[[-80.0102762,40.4394498],[-80.0123796,40.43833]]}},{"type":"Feature","id":null,"properties":{},"geometry":{"type":"LineString","coordinates":[[-80.0062314,40.4386233],[-80.006854,40.438839],[-80.0074827,40.4390648],[-80.0078153,40.4391751],[-80.0081532,40.4392797],[-80.0084967,40.4393781]]}},{"type":"Feature","id":null,"properties":{},"geometry":{"type":"LineString","coordinates":[[-80.0089679,40.4392909],[-80.0084726,40.4391089]]}},{"type":"Feature","id":null,"properties":{},"geometry":{"type":"LineString","coordinates":[[-80.0306559,40.4245332],[-80.0307678,40.4250301]]}},{"type":"Feature","id":null,"properties":{},"geometry":{"type":"LineString","coordinates":[[-80.0309156,40.4251191],[-80.0308037,40.4246222]]}},{"type":"Feature","id":null,"properties":{},"geometry":{"type":"LineString","coordinates":[[-80.0313106,40.4252506],[-80.0312838,40.4252028],[-80.0312486,40.4251561],[-80.0311672,40.4250741],[-80.031068,40.4250018],[-80.0309801,40.4249446],[-80.0307878,40.4248387]]}},{"type":"Feature","id":null,"properties":{},"geometry":{"type":"LineString","coordinates":[[-80.0313932,40.4255628],[-80.0313878,40.4254903],[-80.0313717,40.4254173],[-80.0313503,40.4253479],[-80.0313106,40.4252506]]}},{"type":"Feature","id":null,"properties":{},"geometry":{"type":"LineString","coordinates":[[-80.0313175,40.4259036],[-80.0313543,40.4257869],[-80.0313744,40.4257114],[-80.0313871,40.4256378],[-80.0313932,40.4255628]]}},{"type":"Feature","id":null,"properties":{},"geometry":{"type":"LineString","coordinates":[[-80.0308817,40.4269396],[-80.0309382,40.4267142],[-80.0309752,40.4264948],[-80.0309992,40.4262759],[-80.0310108,40.426045],[-80.0310088,40.4258156],[-80.0309929,40.4255952],[-80.030963,40.4253753],[-80.0309156,40.4251191]]}},{"type":"Feature","id":null,"properties":{},"geometry":{"type":"LineString","coordinates":[[-80.0309175,40.4271708],[-80.0313175,40.4259036]]}},{"type":"Feature","id":null,"properties":{},"geometry":{"type":"LineString","coordinates":[[-80.0307678,40.4250301],[-80.0307997,40.4251717],[-80.030838,40.4253867],[-80.0308675,40.4256031],[-80.0308829,40.4258188],[-80.0308849,40.4260431],[-80.0308735,40.4262698],[-80.03085,40.4264847],[-80.0308138,40.4266991],[-80.0307588,40.4269186],[-80.0306866,40.4271302],[-80.0305992,40.4273448],[-80.0304966,40.4275505],[-80.030384,40.4277445],[-80.0302499,40.4279435],[-80.0301433,40.4280819],[-80.0300419,40.4281944],[-80.0299454,40.4282927],[-80.0297542,40.4284677],[-80.029563,40.4286362]]}},{"type":"Feature","id":null,"properties":{},"geometry":{"type":"LineString","coordinates":[[-80.0287137,40.4297137],[-80.0288294,40.4296419],[-80.0290422,40.4294942],[-80.0292398,40.4293434],[-80.0294396,40.4291741],[-80.0295706,40.4290551],[-80.0297083,40.4289213],[-80.0298319,40.4287926],[-80.029961,40.4286481],[-80.0300718,40.428517],[-80.0301793,40.4283705],[-80.0302798,40.428232],[-80.0303793,40.4280824],[-80.0304721,40.4279284],[-80.030553,40.4277782],[-80.0306299,40.4276256],[-80.0307007,40.4274678],[-80.0307624,40.4273169],[-80.0308198,40.427152],[-80.0308817,40.4269396]]}},{"type":"Feature","id":null,"properties":{},"geometry":{"type":"LineString","coordinates":[[-80.0287214,40.4299028],[-80.0289394,40.4297125],[-80.0295157,40.4292244],[-80.0296489,40.4291034],[-80.0297886,40.4289676],[-80.0299142,40.4288368],[-80.030045,40.4286904],[-80.0301582,40.4285565],[-80.0302674,40.4284077],[-80.0303688,40.4282678],[-80.03047,40.4281157],[-80.0305645,40.4279589],[-80.0306466,40.4278065],[-80.0307246,40.4276517],[-80.0307965,40.4274916],[-80.0308592,40.4273381],[-80.0309175,40.4271708]]}},{"type":"Feature","id":null,"properties":{},"geometry":{"type":"LineString","coordinates":[[-80.0205939,40.4261805],[-80.0204625,40.4261187],[-80.0203408,40.4260559],[-80.0202144,40.4259865],[-80.0200696,40.4258989],[-80.0199103,40.4258405]]}},{"type":"Feature","id":null,"properties":{},"geometry":{"type":"LineString","coordinates":[[-80.0199103,40.4258405],[-80.0200122,40.4259554],[-80.0201467,40.4260378],[-80.0202872,40.4261143],[-80.0204117,40.4261785],[-80.0205465,40.4262418],[-80.0221528,40.4269276],[-80.0228658,40.4272529],[-80.022973,40.4273083]]}},{"type":"Feature","id":null,"properties":{},"geometry":{"type":"LineString","coordinates":[[-80.022973,40.4273083],[-80.0230703,40.4273671],[-80.0231729,40.4274385],[-80.0232805,40.42752]]}},{"type":"Feature","id":null,"properties":{},"geometry":{"type":"LineString","coordinates":[[-80.024207,40.4288736],[-80.0240983,40.4286387],[-80.0238109,40.4280173],[-80.023763,40.4279208],[-80.0237056,40.4278238],[-80.0236359,40.4277225],[-80.0235641,40.4276322],[-80.0234813,40.427544],[-80.0233784,40.4274512],[-80.0232647,40.4273652],[-80.0231567,40.42729],[-80.0230519,40.4272266],[-80.0229374,40.4271675],[-80.0228889,40.4271464],[-80.0228114,40.4271127],[-80.0226265,40.4270381],[-80.0221986,40.4268655],[-80.0221671,40.4268521],[-80.0218224,40.4267049],[-80.0215811,40.4266019],[-80.0205939,40.4261805]]}},{"type":"Feature","id":null,"properties":{},"geometry":{"type":"LineString","coordinates":[[-80.0232805,40.42752],[-80.0233762,40.4276062],[-80.0234776,40.4277041],[-80.0235635,40.4277991],[-80.0236201,40.4278744],[-80.0236734,40.4279571],[-80.0237203,40.4280415],[-80.0241121,40.428883]]}},{"type":"Feature","id":null,"properties":{},"geometry":{"type":"LineString","coordinates":[[-80.0245187,40.4293789],[-80.0244375,40.4292696],[-80.0243624,40.429152],[-80.0242823,40.4290137],[-80.024207,40.4288736]]}},{"type":"Feature","id":null,"properties":{},"geometry":{"type":"LineString","coordinates":[[-80.0241121,40.428883],[-80.0242196,40.4290956],[-80.0243323,40.4292936],[-80.0244147,40.4294223],[-80.0244898,40.429532],[-80.0245797,40.4296433],[-80.0246675,40.4297413],[-80.0247681,40.4298423]]}},{"type":"Feature","id":null,"properties":{},"geometry":{"type":"LineString","coordinates":[[-80.0261891,40.4306671],[-80.0250952,40.4299128],[-80.0249733,40.4298219],[-80.0248472,40.4297183],[-80.0247299,40.4296091],[-80.0246186,40.4294947],[-80.0245187,40.4293789]]}},{"type":"Feature","id":null,"properties":{},"geometry":{"type":"LineString","coordinates":[[-80.0247681,40.4298423],[-80.0248761,40.4299398],[-80.0249881,40.4300322],[-80.0252458,40.430229]]}},{"type":"Feature","id":null,"properties":{},"geometry":{"type":"LineString","coordinates":[[-80.0278955,40.4298367],[-80.0275432,40.4300672],[-80.02725,40.430251]]}},{"type":"Feature","id":null,"properties":{},"geometry":{"type":"LineString","coordinates":[[-80.0252458,40.430229],[-80.0256198,40.4305145]]}},{"type":"Feature","id":null,"properties":{},"geometry":{"type":"LineString","coordinates":[[-80.02725,40.430251],[-80.0267454,40.4305373],[-80.0260262,40.43092]]}},{"type":"Feature","id":null,"properties":{},"geometry":{"type":"LineString","coordinates":[[-80.0266094,40.4308446],[-80.0267115,40.4307903],[-80.0270211,40.4306258],[-80.0275674,40.4303355]]}},{"type":"Feature","id":null,"properties":{},"geometry":{"type":"LineString","coordinates":[[-80.0256198,40.4305145],[-80.0259211,40.4307445]]}},{"type":"Feature","id":null,"properties":{},"geometry":{"type":"LineString","coordinates":[[-80.0266626,40.4309939],[-80.0261891,40.4306671]]}},{"type":"Feature","id":null,"properties":{},"geometry":{"type":"LineString","coordinates":[[-80.0277125,40.4313078],[-80.0277353,40.4311945],[-80.0277682,40.4310791],[-80.0277988,40.4309975],[-80.0278664,40.4308584],[-80.0279311,40.4307458],[-80.0280002,40.4306401],[-80.0280746,40.4305467],[-80.0281535,40.4304563]]}},{"type":"Feature","id":null,"properties":{},"geometry":{"type":"LineString","coordinates":[[-80.0264344,40.4309375],[-80.0266094,40.4308446]]}},{"type":"Feature","id":null,"properties":{},"geometry":{"type":"LineString","coordinates":[[-80.0259211,40.4307445],[-80.0264721,40.4311652]]}},{"type":"Feature","id":null,"properties":{},"geometry":{"type":"LineString","coordinates":[[-80.0271828,40.4314042],[-80.0270614,40.4312945],[-80.026936,40.4311909],[-80.0267968,40.4310863],[-80.0266626,40.4309939]]}},{"type":"Feature","id":null,"properties":{},"geometry":{"type":"LineString","coordinates":[[-80.0264721,40.4311652],[-80.0266479,40.4312994]]}},{"type":"Feature","id":null,"properties":{},"geometry":{"type":"LineString","coordinates":[[-80.0260262,40.43092],[-80.0253748,40.4312878],[-80.0249681,40.4315124],[-80.024807,40.4315982],[-80.0245745,40.431722]]}},{"type":"Feature","id":null,"properties":{},"geometry":{"type":"LineString","coordinates":[[-80.0247001,40.4318589],[-80.0264344,40.4309375]]}},{"type":"Feature","id":null,"properties":{},"geometry":{"type":"LineString","coordinates":[[-80.0277058,40.431688],[-80.0276971,40.4315619],[-80.0276984,40.4314333],[-80.0277125,40.4313078]]}},{"type":"Feature","id":null,"properties":{},"geometry":{"type":"LineString","coordinates":[[-80.0274121,40.4316421],[-80.0272961,40.4315155],[-80.0271828,40.4314042]]}},{"type":"Feature","id":null,"properties":{},"geometry":{"type":"LineString","coordinates":[[-80.0245745,40.431722],[-80.024404,40.4318128]]}},{"type":"Feature","id":null,"properties":{},"geometry":{"type":"LineString","coordinates":[[-80.0245294,40.4319498],[-80.0247001,40.4318589]]}},{"type":"Feature","id":null,"properties":{},"geometry":{"type":"LineString","coordinates":[[-80.0278681,40.4322793],[-80.027616,40.4319049],[-80.027516,40.4317687],[-80.0274121,40.4316421]]}},{"type":"Feature","id":null,"properties":{},"geometry":{"type":"LineString","coordinates":[[-80.0278681,40.4322793],[-80.0277829,40.4320428],[-80.0277494,40.4319335],[-80.0277259,40.4318228],[-80.0277058,40.431688]]}},{"type":"Feature","id":null,"properties":{},"geometry":{"type":"LineString","coordinates":[[-80.0266479,40.4312994],[-80.0268026,40.4314231],[-80.0269327,40.4315359],[-80.0270607,40.4316635],[-80.0271928,40.4318105],[-80.0273095,40.4319529],[-80.0279555,40.4327934],[-80.0280505,40.4329064],[-80.0281497,40.433013],[-80.0282449,40.4331044],[-80.0283502,40.4331988],[-80.0284622,40.4332912],[-80.0285769,40.4333775],[-80.0287056,40.4334622],[-80.0288464,40.4335479]]}},{"type":"Feature","id":null,"properties":{},"geometry":{"type":"LineString","coordinates":[[-80.028202,40.4327499],[-80.0280934,40.4326098],[-80.0279941,40.4324664],[-80.0278681,40.4322793]]}},{"type":"Feature","id":null,"properties":{},"geometry":{"type":"LineString","coordinates":[[-80.029563,40.4286362],[-80.0293645,40.4287985],[-80.0291881,40.4289315],[-80.0291577,40.4289544],[-80.0278955,40.4298367]]}},{"type":"Feature","id":null,"properties":{},"geometry":{"type":"LineString","coordinates":[[-80.0275674,40.4303355],[-80.0280029,40.4301042],[-80.0287137,40.4297137]]}},{"type":"Feature","id":null,"properties":{},"geometry":{"type":"LineString","coordinates":[[-80.0282534,40.4303527],[-80.0284857,40.4301251],[-80.0287214,40.4299028]]}},{"type":"Feature","id":null,"properties":{},"geometry":{"type":"LineString","coordinates":[[-80.0281535,40.4304563],[-80.0282534,40.4303527]]}},{"type":"Feature","id":null,"properties":{},"geometry":{"type":"LineString","coordinates":[[-80.0285311,40.4331192],[-80.0284186,40.4329987],[-80.0283085,40.4328743],[-80.028202,40.4327499]]}},{"type":"Feature","id":null,"properties":{},"geometry":{"type":"LineString","coordinates":[[-80.0291002,40.4335875],[-80.0289316,40.4334765],[-80.0288176,40.4333892],[-80.0286721,40.433258],[-80.0285311,40.4331192]]}},{"type":"Feature","id":null,"properties":{},"geometry":{"type":"LineString","coordinates":[[-80.0288464,40.4335479],[-80.0318079,40.4352232],[-80.0319457,40.4353103],[-80.0320765,40.4353966],[-80.0321911,40.4354874],[-80.0323071,40.435588],[-80.0324245,40.4357053],[-80.0325184,40.4358166],[-80.0326042,40.4359314],[-80.0326893,40.436056],[-80.0327618,40.4361815],[-80.0328214,40.4363076],[-80.0328717,40.4364388],[-80.0329126,40.4365822],[-80.0329442,40.4367297],[-80.0329589,40.4368756],[-80.0329616,40.4370242],[-80.0329549,40.4371798],[-80.0328241,40.4387793],[-80.032804,40.438935],[-80.0327698,40.4390891],[-80.0327235,40.4392412],[-80.0326625,40.4393927]]}},{"type":"Feature","id":null,"properties":{},"geometry":{"type":"LineString","coordinates":[[-80.0327578,40.4394179],[-80.0328209,40.4392611],[-80.0328686,40.4391041],[-80.0329039,40.4389451],[-80.0329246,40.4387854],[-80.0330555,40.4371835],[-80.0330623,40.4370249],[-80.0330596,40.4368722],[-80.0330443,40.4367206],[-80.0330116,40.4365679],[-80.0329694,40.4364199],[-80.0329173,40.4362838],[-80.0328554,40.4361531],[-80.0327802,40.4360228],[-80.0326927,40.4358948],[-80.0326046,40.4357769],[-80.0325071,40.4356613],[-80.0323852,40.4355394],[-80.0322653,40.4354355],[-80.0321459,40.4353409],[-80.0320109,40.4352518],[-80.0318701,40.4351629],[-80.0292921,40.4337045],[-80.0291002,40.4335875]]}},{"type":"Feature","id":null,"properties":{},"geometry":{"type":"LineString","coordinates":[[-80.0326625,40.4393927],[-80.0325975,40.4395203],[-80.0325224,40.4396474],[-80.0324372,40.4397704]]}},{"type":"Feature","id":null,"properties":{},"geometry":{"type":"LineString","coordinates":[[-80.0324372,40.4397704],[-80.0323353,40.4398965],[-80.0322206,40.4400194],[-80.0320666,40.4401747]]}},{"type":"Feature","id":null,"properties":{},"geometry":{"type":"LineString","coordinates":[[-80.024404,40.4318128],[-80.0138766,40.4374221],[-80.0137632,40.4374911]]}},{"type":"Feature","id":null,"properties":{},"geometry":{"type":"LineString","coordinates":[[-80.0138754,40.4375986],[-80.0142647,40.4374119],[-80.0144219,40.4373354],[-80.0245294,40.4319498]]}},{"type":"Feature","id":null,"properties":{},"geometry":{"type":"LineString","coordinates":[[-80.0138276,40.437621],[-80.0138526,40.437609],[-80.0138754,40.4375986]]}},{"type":"Feature","id":null,"properties":{},"geometry":{"type":"LineString","coordinates":[[-80.0137632,40.4374911],[-80.0134997,40.437632],[-80.0127496,40.4380944],[-80.0125781,40.4381933],[-80.0124003,40.4382957]]}},{"type":"Feature","id":null,"properties":{},"geometry":{"type":"LineString","coordinates":[[-80.0123796,40.43833],[-80.0124379,40.4383017],[-80.0127662,40.438135],[-80.012976,40.4380392],[-80.0137817,40.4376419],[-80.0138276,40.437621]]}},{"type":"Feature","id":null,"properties":{},"geometry":{"type":"LineString","coordinates":[[-80.0281922,40.4441835],[-80.0260809,40.4480041]]}},{"type":"Feature","id":null,"properties":{},"geometry":{"type":"LineString","coordinates":[[-80.0260809,40.4480041],[-80.0257204,40.448671],[-80.0254517,40.4491195]]}},{"type":"Feature","id":null,"properties":{},"geometry":{"type":"LineString","coordinates":[[-80.0151303,40.4486164],[-80.0133647,40.4485481]]}},{"type":"Feature","id":null,"properties":{},"geometry":{"type":"LineString","coordinates":[[-80.0166087,40.4486758],[-80.0151303,40.4486164]]}},{"type":"Feature","id":null,"properties":{},"geometry":{"type":"LineString","coordinates":[[-80.017738,40.4487212],[-80.0166087,40.4486758]]}},{"type":"Feature","id":null,"properties":{},"geometry":{"type":"LineString","coordinates":[[-79.9094908,40.4254592],[-79.9092474,40.4254413],[-79.9089624,40.4254265],[-79.9086761,40.4254189],[-79.9083864,40.4254194],[-79.9081042,40.425429],[-79.9077782,40.425446]]}},{"type":"Feature","id":null,"properties":{},"geometry":{"type":"LineString","coordinates":[[-79.9077782,40.425446],[-79.9046923,40.4256065]]}},{"type":"Feature","id":null,"properties":{},"geometry":{"type":"LineString","coordinates":[[-79.9108402,40.4256398],[-79.910587,40.4256024],[-79.910049,40.4255231],[-79.9097697,40.4254868],[-79.9094908,40.4254592]]}},{"type":"Feature","id":null,"properties":{},"geometry":{"type":"LineString","coordinates":[[-79.9046994,40.4256857],[-79.90771,40.4255291],[-79.9077853,40.4255252]]}},{"type":"Feature","id":null,"properties":{},"geometry":{"type":"LineString","coordinates":[[-79.9077853,40.4255252],[-79.9079732,40.4255155],[-79.9081836,40.4255092],[-79.9083924,40.4255087],[-79.9086083,40.4255153],[-79.9088192,40.4255299],[-79.9090368,40.4255495],[-79.9092481,40.4255768],[-79.9105443,40.4257686],[-79.910791,40.4258054]]}},{"type":"Feature","id":null,"properties":{},"geometry":{"type":"LineString","coordinates":[[-79.9117247,40.4257715],[-79.9113037,40.4257088],[-79.9108402,40.4256398]]}},{"type":"Feature","id":null,"properties":{},"geometry":{"type":"LineString","coordinates":[[-79.9046923,40.4256065],[-79.8984793,40.4259295]]}},{"type":"Feature","id":null,"properties":{},"geometry":{"type":"LineString","coordinates":[[-79.8976229,40.4260536],[-79.9046994,40.4256857]]}},{"type":"Feature","id":null,"properties":{},"geometry":{"type":"LineString","coordinates":[[-79.910791,40.4258054],[-79.9112608,40.4258754],[-79.9116819,40.4259381]]}},{"type":"Feature","id":null,"properties":{},"geometry":{"type":"LineString","coordinates":[[-79.8984793,40.4259295],[-79.8976305,40.4259736]]}},{"type":"Feature","id":null,"properties":{},"geometry":{"type":"LineString","coordinates":[[-79.9122306,40.4258464],[-79.9117247,40.4257715]]}},{"type":"Feature","id":null,"properties":{},"geometry":{"type":"LineString","coordinates":[[-79.9116819,40.4259381],[-79.9132393,40.4261683]]}},{"type":"Feature","id":null,"properties":{},"geometry":{"type":"LineString","coordinates":[[-79.9247895,40.4277056],[-79.9122306,40.4258464]]}},{"type":"Feature","id":null,"properties":{},"geometry":{"type":"LineString","coordinates":[[-79.9132393,40.4261683],[-79.9260248,40.4280581]]}},{"type":"Feature","id":null,"properties":{},"geometry":{"type":"LineString","coordinates":[[-79.9503008,40.4276379],[-79.9505789,40.4275681],[-79.9507526,40.4275303],[-79.9509267,40.4274978]]}},{"type":"Feature","id":null,"properties":{},"geometry":{"type":"LineString","coordinates":[[-79.9509702,40.4273744],[-79.9507444,40.4274157],[-79.9505357,40.4274608],[-79.9475068,40.4282213]]}},{"type":"Feature","id":null,"properties":{},"geometry":{"type":"LineString","coordinates":[[-79.9263637,40.4279386],[-79.9247895,40.4277056]]}},{"type":"Feature","id":null,"properties":{},"geometry":{"type":"LineString","coordinates":[[-79.9268415,40.4280114],[-79.9263637,40.4279386]]}},{"type":"Feature","id":null,"properties":{},"geometry":{"type":"LineString","coordinates":[[-79.947553,40.4283279],[-79.9503008,40.4276379]]}},{"type":"Feature","id":null,"properties":{},"geometry":{"type":"LineString","coordinates":[[-79.9271737,40.4280738],[-79.926911,40.4280245],[-79.9268415,40.4280114]]}},{"type":"Feature","id":null,"properties":{},"geometry":{"type":"LineString","coordinates":[[-79.9260248,40.4280581],[-79.9263218,40.4281047]]}},{"type":"Feature","id":null,"properties":{},"geometry":{"type":"LineString","coordinates":[[-79.9275258,40.4281529],[-79.9273634,40.4281146],[-79.9271737,40.4280738]]}},{"type":"Feature","id":null,"properties":{},"geometry":{"type":"LineString","coordinates":[[-79.9263218,40.4281047],[-79.9265553,40.4281419]]}},{"type":"Feature","id":null,"properties":{},"geometry":{"type":"LineString","coordinates":[[-79.9265553,40.4281419],[-79.9268575,40.4281902],[-79.9269026,40.4281974]]}},{"type":"Feature","id":null,"properties":{},"geometry":{"type":"LineString","coordinates":[[-79.9269026,40.4281974],[-79.9271828,40.4282562],[-79.9274609,40.4283182]]}},{"type":"Feature","id":null,"properties":{},"geometry":{"type":"LineString","coordinates":[[-79.9274609,40.4283182],[-79.9277191,40.4283784],[-79.9287383,40.4286263],[-79.9290153,40.4286906]]}},{"type":"Feature","id":null,"properties":{},"geometry":{"type":"LineString","coordinates":[[-79.9307163,40.428859],[-79.930436,40.4288313],[-79.9301554,40.4287942],[-79.9299731,40.4287656],[-79.9298115,40.4287342],[-79.9296446,40.4286987],[-79.9294478,40.428652],[-79.9281088,40.4282976],[-79.9275258,40.4281529]]}},{"type":"Feature","id":null,"properties":{},"geometry":{"type":"LineString","coordinates":[[-79.9475068,40.4282213],[-79.9443635,40.4290106],[-79.9441399,40.4290616],[-79.9439129,40.4291058],[-79.9436856,40.4291429],[-79.9434573,40.4291747]]}},{"type":"Feature","id":null,"properties":{},"geometry":{"type":"LineString","coordinates":[[-79.9354244,40.4285561],[-79.9335427,40.4288106],[-79.9332644,40.4288419],[-79.9331954,40.4288484],[-79.9329791,40.4288686],[-79.9326992,40.4288872],[-79.9324177,40.4289009],[-79.9321301,40.4289099],[-79.9318489,40.428912],[-79.9315626,40.4289079],[-79.9312775,40.4288973],[-79.9309959,40.4288812],[-79.9307163,40.428859]]}},{"type":"Feature","id":null,"properties":{},"geometry":{"type":"LineString","coordinates":[[-79.9439467,40.4292151],[-79.9441794,40.4291698],[-79.9444078,40.4291177],[-79.947553,40.4283279]]}},{"type":"Feature","id":null,"properties":{},"geometry":{"type":"LineString","coordinates":[[-79.9561043,40.4287714],[-79.9559616,40.4286412],[-79.9558215,40.4285233],[-79.9556659,40.4284054],[-79.9555131,40.4282968],[-79.9553501,40.4281901],[-79.9551798,40.4280891],[-79.9550114,40.4279964],[-79.954831,40.4279057],[-79.9546465,40.4278196],[-79.9544558,40.4277411],[-79.9542653,40.4276704],[-79.9540675,40.4276028],[-79.9538689,40.4275413],[-79.9536648,40.4274864],[-79.9534655,40.4274408],[-79.9532541,40.4273967],[-79.953046,40.4273634],[-79.9528373,40.4273347],[-79.9526205,40.4273132],[-79.9524103,40.4272978],[-79.9521948,40.4272906],[-79.9519821,40.4272891],[-79.9517686,40.4272947],[-79.9515539,40.4273065],[-79.9513391,40.4273254],[-79.951155,40.4273471],[-79.9509702,40.4273744]]}},{"type":"Feature","id":null,"properties":{},"geometry":{"type":"LineString","coordinates":[[-79.9509267,40.4274978],[-79.9511418,40.4274629],[-79.9513589,40.4274367],[-79.9515677,40.4274183],[-79.9517765,40.4274068],[-79.9519839,40.4274013],[-79.9521909,40.4274028],[-79.9524,40.4274098],[-79.9526039,40.4274247],[-79.9528146,40.4274457],[-79.9530177,40.4274736],[-79.9532194,40.4275059],[-79.9534248,40.4275487],[-79.9536189,40.4275931],[-79.9538165,40.4276463],[-79.9540095,40.427706],[-79.9542028,40.4277721],[-79.9543884,40.427841],[-79.9545728,40.4279169],[-79.9547518,40.4280004],[-79.9549275,40.4280887],[-79.9550912,40.4281789],[-79.9552567,40.428277],[-79.9554147,40.4283804],[-79.9555635,40.4284862],[-79.9557147,40.4286008],[-79.9558503,40.4287149],[-79.9559894,40.4288418],[-79.95612,40.4289696]]}},{"type":"Feature","id":null,"properties":{},"geometry":{"type":"LineString","coordinates":[[-79.95612,40.4289696],[-79.9568395,40.429728]]}},{"type":"Feature","id":null,"properties":{},"geometry":{"type":"LineString","coordinates":[[-79.9586513,40.4313406],[-79.9585098,40.4312307],[-79.9583715,40.4311142],[-79.9582211,40.4309783],[-79.9580881,40.4308522],[-79.956238,40.4289023],[-79.9561043,40.4287714]]}},{"type":"Feature","id":null,"properties":{},"geometry":{"type":"LineString","coordinates":[[-79.9568395,40.429728],[-79.9578735,40.4308177]]}},{"type":"Feature","id":null,"properties":{},"geometry":{"type":"LineString","coordinates":[[-79.9578735,40.4308177],[-79.9579708,40.4309203],[-79.9581072,40.4310496],[-79.9582604,40.4311881],[-79.9584024,40.4313076],[-79.9585474,40.4314204]]}},{"type":"Feature","id":null,"properties":{},"geometry":{"type":"LineString","coordinates":[[-79.959164,40.4316971],[-79.9589886,40.4315814],[-79.9588169,40.4314628],[-79.9586513,40.4313406]]}},{"type":"Feature","id":null,"properties":{},"geometry":{"type":"LineString","coordinates":[[-79.9585474,40.4314204],[-79.958716,40.4315447],[-79.9588908,40.4316655],[-79.9590716,40.4317846]]}},{"type":"Feature","id":null,"properties":{},"geometry":{"type":"LineString","coordinates":[[-79.9662292,40.4348383],[-79.960079,40.4321776],[-79.9598976,40.4320957],[-79.9597144,40.4320046],[-79.9595358,40.4319124],[-79.9593674,40.4318184],[-79.959164,40.4316971]]}},{"type":"Feature","id":null,"properties":{},"geometry":{"type":"LineString","coordinates":[[-79.9590716,40.4317846],[-79.9592783,40.4319078],[-79.9594508,40.4320042],[-79.9596327,40.432098],[-79.9598196,40.432191],[-79.960005,40.4322747],[-79.9663915,40.4350406],[-79.9667274,40.4351769],[-79.9670694,40.4353043],[-79.9673321,40.4353933],[-79.9675989,40.4354777],[-79.9678677,40.4355564],[-79.968139,40.435629],[-79.9684136,40.4356985]]}},{"type":"Feature","id":null,"properties":{},"geometry":{"type":"MultiLineString","coordinates":[[[-79.895236,40.4261777],[-79.89570601584504,40.42615326287805]],[[-79.89716350691982,40.42607748482184],[-79.8976229,40.4260536]]]}},{"type":"Feature","id":null,"properties":{},"geometry":{"type":"MultiLineString","coordinates":[[[-79.8976305,40.4259736],[-79.89733785095152,40.42598881976667]],[[-79.89543978534557,40.42608753225457],[-79.8949597,40.4261125],[-79.89474,40.4261274],[-79.8945314,40.4261463],[-79.8943142,40.4261703],[-79.8940989,40.4262009],[-79.8938917,40.4262346],[-79.8936819,40.4262729],[-79.8934706,40.4263178],[-79.8932661,40.4263668],[-79.8930596,40.4264219],[-79.8928272,40.4264878]]]}},{"type":"Feature","id":null,"properties":{},"geometry":{"type":"LineString","coordinates":[[-79.892785,40.4265897],[-79.8930405,40.4265133],[-79.893299,40.4264421],[-79.8935003,40.4263939],[-79.8937081,40.4263497],[-79.8939148,40.426312],[-79.8941194,40.4262787],[-79.8943313,40.4262486],[-79.8945451,40.426225],[-79.8947508,40.4262064],[-79.8949678,40.4261917],[-79.895236,40.4261777]]}},{"type":"Feature","id":null,"properties":{},"geometry":{"type":"LineString","coordinates":[[-79.8928272,40.4264878],[-79.8926406,40.4265484],[-79.8924556,40.4266145],[-79.8922743,40.4266843]]}},{"type":"Feature","id":null,"properties":{},"geometry":{"type":"LineString","coordinates":[[-79.8922292,40.4267932],[-79.8924124,40.4267195],[-79.892599,40.4266505],[-79.892785,40.4265897]]}},{"type":"Feature","id":null,"properties":{},"geometry":{"type":"LineString","coordinates":[[-79.8922743,40.4266843],[-79.8920779,40.4267652],[-79.8918948,40.4268471],[-79.8917151,40.4269316],[-79.8915354,40.4270209],[-79.8913658,40.4271131],[-79.89125,40.427179]]}},{"type":"Feature","id":null,"properties":{},"geometry":{"type":"LineString","coordinates":[[-79.8912945,40.4272535],[-79.8914273,40.4271772],[-79.8915943,40.4270865],[-79.8917999,40.4269846],[-79.8920142,40.4268856],[-79.8922292,40.4267932]]}},{"type":"Feature","id":null,"properties":{},"geometry":{"type":"LineString","coordinates":[[-79.89125,40.427179],[-79.8910858,40.4272779],[-79.8910482888962,40.42730175436661]]}},{"type":"Feature","id":null,"properties":{},"geometry":{"type":"LineString","coordinates":[[-79.89111364430747,40.42736364735645],[-79.8911516,40.4273395],[-79.8912945,40.4272535]]}},{"type":"Feature","id":null,"properties":{},"geometry":{"type":"LineString","coordinates":[[-79.89322307452134,40.44650505597425],[-79.8934553,40.4465832],[-79.8936696,40.4466531]]}},{"type":"Feature","id":null,"properties":{},"geometry":{"type":"LineString","coordinates":[[-79.9723269,40.4364742],[-79.9691192,40.4361203]]}},{"type":"Feature","id":null,"properties":{},"geometry":{"type":"LineString","coordinates":[[-79.9726233,40.4363068],[-79.9727642,40.4363093]]}},{"type":"Feature","id":null,"properties":{},"geometry":{"type":"LineString","coordinates":[[-79.9644139,40.4361814],[-79.9642522,40.4362942],[-79.9640971,40.4364024],[-79.9638768,40.4365635]]}},{"type":"Feature","id":null,"properties":{},"geometry":{"type":"LineString","coordinates":[[-79.9662755,40.4365743],[-79.966304,40.4364997],[-79.966331,40.436429],[-79.9663563,40.4363892],[-79.9663858,40.4363596],[-79.9664294,40.4363336],[-79.966477,40.4363127],[-79.9665327,40.4362974],[-79.966591,40.4362882],[-79.966624,40.4362853],[-79.9666483,40.4362831],[-79.9681123,40.4362171]]}},{"type":"Feature","id":null,"properties":{},"geometry":{"type":"LineString","coordinates":[[-79.9747209,40.4365795],[-79.9750182,40.4365406],[-79.97528,40.4365107],[-79.9778101,40.4362448]]}},{"type":"Feature","id":null,"properties":{},"geometry":{"type":"LineString","coordinates":[[-79.9693148,40.4362415],[-79.9694476,40.4362721],[-79.9695776,40.4363094],[-79.9703776,40.4365546],[-79.970507,40.4365906],[-79.9706519,40.436625],[-79.9707672,40.436649],[-79.970872,40.4366692]]}},{"type":"Feature","id":null,"properties":{},"geometry":{"type":"LineString","coordinates":[[-79.9746994,40.4364971],[-79.9741323,40.4365567]]}},{"type":"Feature","id":null,"properties":{},"geometry":{"type":"LineString","coordinates":[[-79.9741323,40.4365567],[-79.9739339,40.4365735],[-79.9737542,40.4365832],[-79.9736227,40.4365865],[-79.9734776,40.4365842],[-79.9733445,40.4365773],[-79.9731959,40.4365669],[-79.9730585,40.4365549],[-79.9723269,40.4364742]]}},{"type":"Feature","id":null,"properties":{},"geometry":{"type":"LineString","coordinates":[[-79.9638768,40.4365635],[-79.9635503,40.4367907]]}},{"type":"Feature","id":null,"properties":{},"geometry":{"type":"LineString","coordinates":[[-79.9721913,40.4368595],[-79.9726206,40.4368792],[-79.9727152,40.4368807],[-79.9728191,40.4368782],[-79.9729197,40.4368721],[-79.9730176,40.4368629],[-79.9731266,40.436849],[-79.9739396,40.4367215],[-79.9747209,40.4365795]]}},{"type":"Feature","id":null,"properties":{},"geometry":{"type":"LineString","coordinates":[[-79.9290153,40.4286906],[-79.9292952,40.4287493],[-79.9295665,40.4288016],[-79.9298484,40.4288503],[-79.9301337,40.4288909],[-79.9304177,40.4289261],[-79.9307017,40.4289542],[-79.9309847,40.4289767],[-79.9312697,40.428993],[-79.9315583,40.4290037],[-79.9318483,40.4290078],[-79.9321333,40.4290058],[-79.9324244,40.4289966],[-79.9327087,40.4289828],[-79.9329923,40.4289639],[-79.9332813,40.4289368],[-79.9335629,40.4289052],[-79.9354452,40.4286506],[-79.9356578,40.4286251],[-79.9358611,40.4286043],[-79.9360713,40.4285877],[-79.9362798,40.4285757],[-79.9364944,40.4285687],[-79.9366982,40.4285684],[-79.9369159,40.428573],[-79.9371188,40.4285807],[-79.9373335,40.4285945],[-79.9375413,40.4286133],[-79.9377465,40.4286359],[-79.9379543,40.4286644]]}},{"type":"Feature","id":null,"properties":{},"geometry":{"type":"LineString","coordinates":[[-79.9379543,40.4286644],[-79.9381572,40.4286981],[-79.9396627,40.4290056]]}},{"type":"Feature","id":null,"properties":{},"geometry":{"type":"LineString","coordinates":[[-79.9422553,40.4292439],[-79.9420142,40.4292387],[-79.9417765,40.4292283],[-79.9415382,40.4292083],[-79.9413012,40.4291835],[-79.9410663,40.4291526],[-79.9408324,40.4291155],[-79.9394609,40.4288508],[-79.9381861,40.4286048],[-79.9379789,40.4285704],[-79.9377666,40.4285413],[-79.9375578,40.4285183],[-79.9373462,40.4284992],[-79.9371273,40.4284851],[-79.9369207,40.4284772],[-79.9366998,40.4284726],[-79.9364916,40.4284729],[-79.9362723,40.42848],[-79.9360601,40.4284923],[-79.9358462,40.4285091],[-79.9356396,40.4285303],[-79.9354244,40.4285561]]}},{"type":"Feature","id":null,"properties":{},"geometry":{"type":"LineString","coordinates":[[-79.9396627,40.4290056],[-79.9407986,40.4292248],[-79.9410359,40.4292632],[-79.9412753,40.4292935],[-79.9415146,40.4293198],[-79.941757,40.4293391],[-79.941997,40.4293508]]}},{"type":"Feature","id":null,"properties":{},"geometry":{"type":"LineString","coordinates":[[-79.9434573,40.4291747],[-79.9432196,40.4292013],[-79.9429792,40.4292223],[-79.9427361,40.4292372],[-79.9424957,40.4292441],[-79.9422553,40.4292439]]}},{"type":"Feature","id":null,"properties":{},"geometry":{"type":"LineString","coordinates":[[-79.9434811,40.4292855],[-79.9437143,40.4292531],[-79.9439467,40.4292151]]}},{"type":"Feature","id":null,"properties":{},"geometry":{"type":"LineString","coordinates":[[-79.941997,40.4293508],[-79.9422454,40.4293607],[-79.9424931,40.4293587],[-79.9427411,40.4293531],[-79.9429871,40.429338],[-79.9432351,40.4293149],[-79.9434811,40.4292855]]}},{"type":"Feature","id":null,"properties":{},"geometry":{"type":"LineString","coordinates":[[-79.9514105,40.4437469],[-79.9510292,40.4438502],[-79.9509103,40.4438825],[-79.9508526,40.4438981],[-79.9507569,40.443924]]}},{"type":"Feature","id":null,"properties":{},"geometry":{"type":"LineString","coordinates":[[-79.9507569,40.443924],[-79.9508022,40.4440272],[-79.9512701,40.4450916],[-79.9513006,40.4451556],[-79.9514992,40.4455722],[-79.9518517,40.4463886],[-79.9518983,40.4464965]]}},{"type":"Feature","id":null,"properties":{},"geometry":{"type":"LineString","coordinates":[[-79.9518983,40.4464965],[-79.9517904,40.4465625],[-79.9517043,40.4466151],[-79.9515799,40.4466714],[-79.9514502,40.446715],[-79.951329,40.4467487],[-79.9511838,40.4467692],[-79.9507581,40.4467918],[-79.9505804,40.4468013],[-79.9504504,40.4468094],[-79.9500602,40.4468337],[-79.949746,40.446862],[-79.949637,40.4468715],[-79.9492391,40.4469136],[-79.9491459,40.4469234],[-79.9489816,40.4469408]]}},{"type":"Feature","id":null,"properties":{},"geometry":{"type":"LineString","coordinates":[[-79.970872,40.4366692],[-79.9709935,40.4366876],[-79.9721913,40.4368595]]}},{"type":"Feature","id":null,"properties":{},"geometry":{"type":"LineString","coordinates":[[-79.9635503,40.4367907],[-79.963471,40.4368502],[-79.9632069,40.4370484],[-79.9631016,40.4371191]]}},{"type":"Feature","id":null,"properties":{},"geometry":{"type":"LineString","coordinates":[[-79.9652115,40.4375721],[-79.965345,40.4374665],[-79.9654339,40.4374001],[-79.9655275,40.4373095],[-79.9655999,40.4372277],[-79.9656554,40.437151],[-79.965733,40.4370222],[-79.9658019,40.4369329],[-79.9658592,40.4368685],[-79.9659473,40.4367877],[-79.9660291,40.4367195],[-79.9661342,40.4366555],[-79.966214,40.436611],[-79.9662755,40.4365743]]}},{"type":"Feature","id":null,"properties":{},"geometry":{"type":"LineString","coordinates":[[-79.9631016,40.4371191],[-79.9630195,40.4371684],[-79.9629015,40.4372456]]}},{"type":"Feature","id":null,"properties":{},"geometry":{"type":"LineString","coordinates":[[-79.9646232,40.4377638],[-79.9647813,40.4377332],[-79.9649084,40.4376987],[-79.965036,40.4376549],[-79.965117,40.437622],[-79.9652115,40.4375721]]}},{"type":"Feature","id":null,"properties":{},"geometry":{"type":"LineString","coordinates":[[-79.9639387,40.4378492],[-79.9640641,40.4378184],[-79.9641752,40.4377955],[-79.9642791,40.43779],[-79.9643914,40.437784],[-79.9645518,40.43777],[-79.9646232,40.4377638]]}},{"type":"Feature","id":null,"properties":{},"geometry":{"type":"LineString","coordinates":[[-79.9629015,40.4372456],[-79.9626997,40.4373942],[-79.9626625,40.4374216],[-79.9620278,40.437889],[-79.9613687,40.4383743],[-79.9613326,40.4384008],[-79.9612424,40.4384673]]}},{"type":"Feature","id":null,"properties":{},"geometry":{"type":"LineString","coordinates":[[-79.9620939,40.4391338],[-79.9629891,40.4384455],[-79.963071,40.4383858],[-79.9632057,40.4382711],[-79.9633767,40.4381245],[-79.963436,40.4380806],[-79.9635366,40.4380186],[-79.9636561,40.4379586],[-79.9638071,40.4378921],[-79.9639387,40.4378492]]}},{"type":"Feature","id":null,"properties":{},"geometry":{"type":"LineString","coordinates":[[-79.960231,40.4405016],[-79.960291,40.4404564],[-79.9607724,40.4400942],[-79.9617586,40.4393808],[-79.9620069,40.4391978],[-79.9620939,40.4391338]]}},{"type":"Feature","id":null,"properties":{},"geometry":{"type":"LineString","coordinates":[[-79.9612424,40.4384673],[-79.9611724,40.4385186],[-79.9609752,40.4386634],[-79.9605763,40.4389562],[-79.9604702,40.439034],[-79.9603411,40.4391288],[-79.9602076,40.4392273],[-79.9597054,40.439598],[-79.9595083,40.4397295],[-79.9594379,40.4397764],[-79.9593665,40.4398279],[-79.9592523,40.4399101],[-79.9589697,40.4401289],[-79.9588398,40.4402234],[-79.9583936,40.4405462],[-79.9583384,40.4405853],[-79.9582796,40.4406269],[-79.9576812,40.4410505],[-79.957616,40.4410967],[-79.9575694,40.4411304],[-79.9570279,40.4415219],[-79.9569723,40.4415621],[-79.9569134,40.4416059],[-79.9564927,40.441917],[-79.9564358,40.4419581]]}},{"type":"Feature","id":null,"properties":{},"geometry":{"type":"LineString","coordinates":[[-79.9578736,40.4422246],[-79.9579207,40.4421899],[-79.9581867,40.441994],[-79.9584159,40.4418222],[-79.958473,40.4417794],[-79.9585369,40.4417319],[-79.9588005,40.4415358],[-79.9591217,40.4413128],[-79.9591778,40.4412739],[-79.9592395,40.4412276],[-79.9593594,40.4411374],[-79.9601014,40.4405988],[-79.9601139,40.4405897],[-79.960231,40.4405016]]}},{"type":"Feature","id":null,"properties":{},"geometry":{"type":"LineString","coordinates":[[-79.9574644,40.4425184],[-79.9578068,40.4422726],[-79.9578736,40.4422246]]}},{"type":"Feature","id":null,"properties":{},"geometry":{"type":"LineString","coordinates":[[-79.9564358,40.4419581],[-79.9563804,40.4419969],[-79.9556804,40.4424879],[-79.9555245,40.4425997],[-79.9553991,40.442675],[-79.9552409,40.442734],[-79.9546937,40.4428803],[-79.9537633,40.4431291],[-79.9537085,40.4431438],[-79.9535474,40.4431909]]}},{"type":"Feature","id":null,"properties":{},"geometry":{"type":"LineString","coordinates":[[-79.9535474,40.4431909],[-79.9533998,40.4432289],[-79.9523786,40.4434917],[-79.9523368,40.4435024],[-79.9522663,40.4435206],[-79.9521585,40.4435483]]}},{"type":"Feature","id":null,"properties":{},"geometry":{"type":"LineString","coordinates":[[-79.954785,40.4444185],[-79.9548973,40.4443416],[-79.955599,40.4438524],[-79.9556927,40.4437849],[-79.9561008,40.4434773],[-79.9561043,40.4434747],[-79.9565042,40.4431982],[-79.9565686,40.4431553],[-79.9566267,40.443115],[-79.9573744,40.4425824],[-79.9574644,40.4425184]]}},{"type":"Feature","id":null,"properties":{},"geometry":{"type":"LineString","coordinates":[[-79.9521585,40.4435483],[-79.9517919,40.4436436]]}},{"type":"Feature","id":null,"properties":{},"geometry":{"type":"LineString","coordinates":[[-79.9517919,40.4436436],[-79.9514105,40.4437469]]}},{"type":"Feature","id":null,"properties":{},"geometry":{"type":"LineString","coordinates":[[-79.9518983,40.4464965],[-79.952019,40.4464104],[-79.9524167,40.4461266],[-79.9530725,40.4456475],[-79.9531565,40.4455862],[-79.9537969,40.4451263],[-79.9538404,40.445095],[-79.9539361,40.4450263],[-79.9540552,40.4449411],[-79.9546652,40.4445047],[-79.954785,40.4444185]]}},{"type":"Feature","id":null,"properties":{},"geometry":{"type":"LineString","coordinates":[[-79.9906246,40.4563247],[-79.9898674,40.4566338],[-79.9892295,40.4569297],[-79.9876837,40.4576377],[-79.9871183,40.4579129],[-79.9865963,40.4582009],[-79.9860719,40.4585288],[-79.98522,40.4591244],[-79.9846854,40.4594829],[-79.9843001,40.4598114]]}},{"type":"Feature","id":null,"properties":{},"geometry":{"type":"LineString","coordinates":[[-79.9843532,40.4598474],[-79.9849188,40.459422],[-79.9861188,40.4585961],[-79.9866931,40.4582451],[-79.9872005,40.4579653],[-79.9877452,40.4577018],[-79.9881834,40.4574977]]}},{"type":"Feature","id":null,"properties":{},"geometry":{"type":"LineString","coordinates":[[-79.9489816,40.4469408],[-79.9488526,40.4469656],[-79.9487949,40.4469767],[-79.9485357,40.4470102],[-79.9483043,40.4470315],[-79.9474045,40.4470804],[-79.9472806,40.4470707]]}},{"type":"Feature","id":null,"properties":{},"geometry":{"type":"LineString","coordinates":[[-79.9472806,40.4470707],[-79.9472066,40.4470761],[-79.9460804,40.4471587],[-79.9454447,40.4472053],[-79.9453777,40.4472102],[-79.945275,40.447219],[-79.9450706,40.447234],[-79.9444186,40.4472817],[-79.9441699,40.4472996],[-79.9438349,40.4473274],[-79.9425553,40.4474201],[-79.9424494,40.4474268]]}},{"type":"Feature","id":null,"properties":{},"geometry":{"type":"LineString","coordinates":[[-79.9424494,40.4474268],[-79.9423636,40.447433],[-79.9408909,40.4475403],[-79.9407641,40.4475495],[-79.9404486,40.4475723],[-79.9403278,40.447581],[-79.9397863,40.4476201],[-79.9396149,40.4476325],[-79.9395443,40.4476376],[-79.9389476,40.4476807],[-79.9388282,40.4476893],[-79.9387885,40.4476922],[-79.9382353,40.4477321],[-79.9381976,40.4477348],[-79.9381359,40.4477393],[-79.9380551,40.4477451],[-79.9377103,40.44777],[-79.9372958,40.4478],[-79.9369407,40.4478257],[-79.9366647,40.4478456],[-79.9365751,40.4478521],[-79.9363883,40.4478656],[-79.9361757,40.4478809],[-79.9361093,40.4478857],[-79.936043,40.4478905],[-79.9357556,40.4479213],[-79.9356993,40.4479354],[-79.9352687,40.4480729],[-79.9349266,40.4481781],[-79.9347519,40.4482318],[-79.9343331,40.4483643],[-79.9343088,40.448372],[-79.9342023,40.4484057],[-79.9341461,40.4484229],[-79.9341228,40.44843],[-79.933872,40.4485072],[-79.9333967,40.4486536],[-79.9331824,40.4487196],[-79.9325471,40.4489159],[-79.9324465,40.4489462],[-79.9319751,40.4490917],[-79.9312491,40.4493226],[-79.930954,40.4494164]]}},{"type":"Feature","id":null,"properties":{},"geometry":{"type":"LineString","coordinates":[[-79.930954,40.4494164],[-79.9303898,40.4495906]]}},{"type":"Feature","id":null,"properties":{},"geometry":{"type":"LineString","coordinates":[[-79.9303898,40.4495906],[-79.9297112,40.4498],[-79.9296397,40.4498221]]}},{"type":"Feature","id":null,"properties":{},"geometry":{"type":"LineString","coordinates":[[-79.9296397,40.4498221],[-79.9295591,40.4498474],[-79.9289845,40.450028],[-79.9286257,40.4501407],[-79.928424,40.4502041],[-79.927605,40.4504573],[-79.9274864,40.4504939],[-79.927473,40.4504993],[-79.9274166,40.450522],[-79.9273558,40.4505465],[-79.9272924,40.450572],[-79.9271995,40.4506094],[-79.9270194,40.4506819],[-79.9263873,40.4509366],[-79.926261,40.450992],[-79.9261923,40.4510222],[-79.9258764,40.4511546],[-79.925837,40.4511711],[-79.9257868,40.4511922],[-79.9254899,40.4513122],[-79.9253601,40.4513647],[-79.9240408,40.4518982],[-79.9239651,40.4519288]]}},{"type":"Feature","id":null,"properties":{},"geometry":{"type":"LineString","coordinates":[[-79.9239651,40.4519288],[-79.923889,40.4519589],[-79.9223478,40.4525696],[-79.9220582,40.4526941],[-79.9217524,40.4527533],[-79.9215913,40.4527741],[-79.9207996,40.4528762],[-79.9207154,40.4528871]]}},{"type":"Feature","id":null,"properties":{},"geometry":{"type":"LineString","coordinates":[[-79.9207154,40.4528871],[-79.9206267,40.4528991],[-79.9202148,40.4529548],[-79.9196803,40.453027]]}},{"type":"Feature","id":null,"properties":{},"geometry":{"type":"LineString","coordinates":[[-79.9196803,40.453027],[-79.9191918,40.453093],[-79.9186782,40.4531624],[-79.9185659,40.4531776],[-79.9177398,40.4532891],[-79.9169958,40.4533896],[-79.9159432,40.4535383],[-79.9154723,40.4536012],[-79.9153299,40.4536202],[-79.9152188,40.4536351],[-79.9149774,40.4536673],[-79.9147902,40.4536942],[-79.9142801,40.4537674],[-79.9135659,40.4538699]]}},{"type":"Feature","id":null,"properties":{},"geometry":{"type":"LineString","coordinates":[[-79.9120497,40.4537833],[-79.9123144,40.4539678],[-79.9123494,40.4539907],[-79.9124,40.4540257]]}},{"type":"Feature","id":null,"properties":{},"geometry":{"type":"LineString","coordinates":[[-79.9936824,40.4390219],[-79.9935914,40.4391584]]}},{"type":"Feature","id":null,"properties":{},"geometry":{"type":"LineString","coordinates":[[-79.9936131,40.439453],[-79.9938109,40.4390894]]}},{"type":"Feature","id":null,"properties":{},"geometry":{"type":"LineString","coordinates":[[-79.9935914,40.4391584],[-79.9933419,40.4396833]]}},{"type":"Feature","id":null,"properties":{},"geometry":{"type":"LineString","coordinates":[[-79.9932665,40.4401644],[-79.9934402,40.4398041],[-79.9936131,40.439453]]}},{"type":"Feature","id":null,"properties":{},"geometry":{"type":"LineString","coordinates":[[-79.9933419,40.4396833],[-79.9931159,40.4400711],[-79.993018,40.4402481]]}},{"type":"Feature","id":null,"properties":{},"geometry":{"type":"LineString","coordinates":[[-79.993018,40.4402481],[-79.9927676,40.440718]]}},{"type":"Feature","id":null,"properties":{},"geometry":{"type":"LineString","coordinates":[[-79.9927129,40.4413247],[-79.9930241,40.4406718],[-79.9932665,40.4401644]]}},{"type":"Feature","id":null,"properties":{},"geometry":{"type":"LineString","coordinates":[[-79.9927676,40.440718],[-79.9922877,40.4416867]]}},{"type":"Feature","id":null,"properties":{},"geometry":{"type":"LineString","coordinates":[[-79.9926018,40.4415719],[-79.9927129,40.4413247]]}},{"type":"Feature","id":null,"properties":{},"geometry":{"type":"LineString","coordinates":[[-79.9925939,40.4415896],[-79.9926018,40.4415719]]}},{"type":"Feature","id":null,"properties":{},"geometry":{"type":"LineString","coordinates":[[-79.9988489,40.4356535],[-79.9994286,40.4360003],[-79.9995902,40.4360881]]}},{"type":"Feature","id":null,"properties":{},"geometry":{"type":"LineString","coordinates":[[-80.0013037,40.4364464],[-80.0010708,40.4363454]]}},{"type":"Feature","id":null,"properties":{},"geometry":{"type":"LineString","coordinates":[[-79.9995902,40.4360881],[-79.99979,40.4361882],[-79.9999798,40.4362765],[-80.0001749,40.4363596],[-80.0005598,40.4365103],[-80.001186,40.4367456],[-80.0015825,40.4368763]]}},{"type":"Feature","id":null,"properties":{},"geometry":{"type":"LineString","coordinates":[[-80.005924,40.4381903],[-80.0015983,40.4365646],[-80.0013037,40.4364464]]}},{"type":"Feature","id":null,"properties":{},"geometry":{"type":"LineString","coordinates":[[-80.0015825,40.4368763],[-80.0039857,40.4377794]]}},{"type":"Feature","id":null,"properties":{},"geometry":{"type":"LineString","coordinates":[[-80.0039857,40.4377794],[-80.0057583,40.4384456]]}},{"type":"Feature","id":null,"properties":{},"geometry":{"type":"LineString","coordinates":[[-80.0057583,40.4384456],[-80.0062314,40.4386233]]}},{"type":"Feature","id":null,"properties":{},"geometry":{"type":"LineString","coordinates":[[-80.0069287,40.4486226],[-80.0062669,40.4487463],[-80.0046809,40.4489964]]}},{"type":"Feature","id":null,"properties":{},"geometry":{"type":"LineString","coordinates":[[-80.0046809,40.4489964],[-80.0040655,40.4491076]]}},{"type":"Feature","id":null,"properties":{},"geometry":{"type":"LineString","coordinates":[[-80.0040655,40.4491076],[-80.0031455,40.4492713]]}},{"type":"Feature","id":null,"properties":{},"geometry":{"type":"LineString","coordinates":[[-80.0090443,40.4417222],[-80.0091783,40.4412116]]}},{"type":"Feature","id":null,"properties":{},"geometry":{"type":"LineString","coordinates":[[-80.0088207,40.4417095],[-80.008822,40.4420532]]}},{"type":"Feature","id":null,"properties":{},"geometry":{"type":"LineString","coordinates":[[-80.008963,40.4420508],[-80.0090443,40.4417222]]}},{"type":"Feature","id":null,"properties":{},"geometry":{"type":"LineString","coordinates":[[-80.008822,40.4420532],[-80.0087914,40.4424017]]}},{"type":"Feature","id":null,"properties":{},"geometry":{"type":"LineString","coordinates":[[-80.0088986,40.4426876],[-80.0089077,40.4424924],[-80.008925,40.4422745],[-80.008963,40.4420508]]}},{"type":"Feature","id":null,"properties":{},"geometry":{"type":"LineString","coordinates":[[-80.0087914,40.4424017],[-80.0088006,40.4427465],[-80.0088232,40.4429452],[-80.0088763,40.4432277],[-80.0089397,40.4434798],[-80.0090115,40.4437309]]}},{"type":"Feature","id":null,"properties":{},"geometry":{"type":"LineString","coordinates":[[-80.0090159,40.4437323],[-80.0089785,40.4435096],[-80.0089416,40.443268],[-80.0089019,40.4429346],[-80.0088986,40.4426876]]}},{"type":"Feature","id":null,"properties":{},"geometry":{"type":"LineString","coordinates":[[-80.0096013,40.4455513],[-80.0090159,40.4437323]]}},{"type":"Feature","id":null,"properties":{},"geometry":{"type":"LineString","coordinates":[[-80.0090115,40.4437309],[-80.0095989,40.4455537]]}},{"type":"Feature","id":null,"properties":{},"geometry":{"type":"LineString","coordinates":[[-80.0095989,40.4455537],[-80.0096337,40.4458231],[-80.009623,40.4461456],[-80.0095801,40.4464682],[-80.009505,40.4467315],[-80.009395,40.4469887],[-80.0092958,40.4471764],[-80.0091536,40.4473908],[-80.0089846,40.4475826],[-80.0087513,40.447797],[-80.0085018,40.4479909],[-80.0082014,40.4481766],[-80.0079118,40.4483175],[-80.0075242,40.4484746],[-80.0072988,40.4485379],[-80.0069287,40.4486226]]}},{"type":"Feature","id":null,"properties":{},"geometry":{"type":"LineString","coordinates":[[-79.9908314,40.4443249],[-79.9909571,40.444129],[-79.9911717,40.4438248],[-79.9917135,40.4430675],[-79.9920139,40.4426389],[-79.9921641,40.4424041],[-79.9923009,40.4421591],[-79.9924169,40.4419366],[-79.9925939,40.4415896]]}},{"type":"Feature","id":null,"properties":{},"geometry":{"type":"LineString","coordinates":[[-79.9922877,40.4416867],[-79.9921695,40.4419305],[-79.9919656,40.4423041],[-79.9917913,40.4426001],[-79.9915391,40.4429655],[-79.9910215,40.4436568],[-79.9910134,40.4436677],[-79.9906165,40.4442025],[-79.9904689,40.4444372],[-79.9903486,40.4446433]]}},{"type":"Feature","id":null,"properties":{},"geometry":{"type":"LineString","coordinates":[[-79.9904491,40.4457164],[-79.9904502,40.4456334],[-79.9904663,40.4454048],[-79.9905065,40.445166],[-79.9905655,40.4449475],[-79.9906513,40.4447046],[-79.9907429,40.4445004],[-79.9908314,40.4443249]]}},{"type":"Feature","id":null,"properties":{},"geometry":{"type":"LineString","coordinates":[[-79.9903486,40.4446433],[-79.9902517,40.4448679],[-79.9901766,40.4450823],[-79.9901363,40.445266],[-79.9901015,40.4454231],[-79.9900827,40.4456334],[-79.99008,40.4458559],[-79.9900881,40.4460784],[-79.9901202,40.4462866],[-79.9901824,40.4465416],[-79.9902655,40.4467907],[-79.9903701,40.4470152],[-79.9904956,40.4472273]]}},{"type":"Feature","id":null,"properties":{},"geometry":{"type":"LineString","coordinates":[[-79.9912955,40.4477745],[-79.9910568,40.4474908],[-79.9908905,40.4472703],[-79.9907885,40.4470989],[-79.9906893,40.4469029],[-79.9906061,40.4466866],[-79.9905391,40.4464641],[-79.9904935,40.4462722],[-79.9904663,40.4460927],[-79.9904475,40.4458457],[-79.9904491,40.4457164]]}},{"type":"Feature","id":null,"properties":{},"geometry":{"type":"LineString","coordinates":[[-79.9904956,40.4472273],[-79.9905993,40.4473874]]}},{"type":"Feature","id":null,"properties":{},"geometry":{"type":"LineString","coordinates":[[-79.9905993,40.4473874],[-79.9908878,40.4477472],[-79.9910769,40.4479472]]}},{"type":"Feature","id":null,"properties":{},"geometry":{"type":"LineString","coordinates":[[-79.9933284,40.4496348],[-79.9921377,40.4485644],[-79.9915261,40.4480154],[-79.9912955,40.4477745]]}},{"type":"Feature","id":null,"properties":{},"geometry":{"type":"LineString","coordinates":[[-79.9910769,40.4479472],[-79.9911775,40.4480442],[-79.9914895,40.4483425],[-79.9935346,40.4501022],[-79.993842,40.4503809]]}},{"type":"Feature","id":null,"properties":{},"geometry":{"type":"LineString","coordinates":[[-79.994638,40.4507672],[-79.9935432,40.4498177],[-79.9933284,40.4496348]]}},{"type":"Feature","id":null,"properties":{},"geometry":{"type":"LineString","coordinates":[[-80.0028102,40.4496034],[-80.0035285,40.4494572],[-80.0056196,40.4490887]]}},{"type":"Feature","id":null,"properties":{},"geometry":{"type":"LineString","coordinates":[[-80.0031455,40.4492713],[-80.002478,40.4493902],[-80.0017359,40.4495177],[-80.0012254,40.4495826],[-80.0008005,40.4496229],[-80.0003953,40.4496504]]}},{"type":"Feature","id":null,"properties":{},"geometry":{"type":"LineString","coordinates":[[-80.0004756,40.4500112],[-80.0015504,40.4498213],[-80.0028102,40.4496034]]}},{"type":"Feature","id":null,"properties":{},"geometry":{"type":"LineString","coordinates":[[-79.9997974,40.4501236],[-80.0004756,40.4500112]]}},{"type":"Feature","id":null,"properties":{},"geometry":{"type":"LineString","coordinates":[[-79.9987702,40.4503642],[-79.9989696,40.4502862],[-79.999088,40.4502477],[-79.9993828,40.4501842],[-79.9997974,40.4501236]]}},{"type":"Feature","id":null,"properties":{},"geometry":{"type":"LineString","coordinates":[[-79.9977228,40.4500894],[-79.9974839,40.4502496],[-79.9973409,40.4503677],[-79.997157,40.4505387],[-79.9970161,40.4506926],[-79.9968568,40.4508931],[-79.9967301,40.4510905],[-79.996628,40.4512708],[-79.9965402,40.4514558],[-79.9964299,40.4517527]]}},{"type":"Feature","id":null,"properties":{},"geometry":{"type":"LineString","coordinates":[[-79.9961533,40.4530104],[-79.9963032,40.4526609],[-79.9963783,40.452467],[-79.9965633,40.4519343],[-79.996735,40.4514689],[-79.9968315,40.4512485],[-79.9969415,40.4510627],[-79.9970783,40.4508647],[-79.9972312,40.4506933],[-79.9974029,40.4505178],[-79.9976416,40.4503259],[-79.9979205,40.4501361],[-79.9981941,40.4499789],[-79.9985213,40.449836],[-79.9988432,40.4497279],[-79.999208,40.4496319],[-79.9996452,40.4495666],[-80.0000475,40.4495299],[-80.0005196,40.4494993],[-80.000761,40.4494891],[-80.0008335,40.4494909],[-80.0009246,40.4494931]]}},{"type":"Feature","id":null,"properties":{},"geometry":{"type":"LineString","coordinates":[[-79.9964299,40.4517527],[-79.9963195,40.4520357]]}},{"type":"Feature","id":null,"properties":{},"geometry":{"type":"LineString","coordinates":[[-79.9963195,40.4520357],[-79.9961643,40.452491],[-79.9960638,40.4527128]]}},{"type":"Feature","id":null,"properties":{},"geometry":{"type":"LineString","coordinates":[[-79.9979876,40.4549304],[-79.9978615,40.4545467],[-79.9977837,40.4543426],[-79.9976684,40.4541018],[-79.9974485,40.4536977],[-79.9972714,40.4534242],[-79.9970756,40.4531507],[-79.9967564,40.452767],[-79.9961047,40.45212],[-79.9956085,40.451675],[-79.9951981,40.4513117],[-79.9948172,40.4509627],[-79.994638,40.4507672]]}},{"type":"Feature","id":null,"properties":{},"geometry":{"type":"LineString","coordinates":[[-79.993842,40.4503809],[-79.9944392,40.4508892]]}},{"type":"Feature","id":null,"properties":{},"geometry":{"type":"LineString","coordinates":[[-79.9944392,40.4508892],[-79.9953966,40.4517832],[-79.9956889,40.4520669],[-79.9959545,40.4523669],[-79.9962039,40.4526813],[-79.9963729,40.4529078],[-79.9965365,40.4531731],[-79.9966599,40.4533895],[-79.9967994,40.453665],[-79.9969013,40.4539161],[-79.9970086,40.454212],[-79.9970476,40.4543277]]}},{"type":"Feature","id":null,"properties":{},"geometry":{"type":"LineString","coordinates":[[-79.995879,40.4533976],[-79.9959962,40.4532543]]}},{"type":"Feature","id":null,"properties":{},"geometry":{"type":"LineString","coordinates":[[-79.9960638,40.4527128],[-79.9959008,40.4529221],[-79.9957506,40.4531527],[-79.9955468,40.4534221],[-79.9953268,40.4536732],[-79.9950988,40.4538957],[-79.994836,40.4541202],[-79.9945678,40.4543283],[-79.9943103,40.4545018],[-79.9939267,40.4547569],[-79.9933259,40.4551202]]}},{"type":"Feature","id":null,"properties":{},"geometry":{"type":"LineString","coordinates":[[-79.994698,40.4544935],[-79.994954,40.4543038],[-79.9952276,40.4540773],[-79.9954314,40.4538936],[-79.9956219,40.4536997],[-79.9957989,40.4534956],[-79.995879,40.4533976]]}},{"type":"Feature","id":null,"properties":{},"geometry":{"type":"LineString","coordinates":[[-79.9939549,40.4549344],[-79.994698,40.4544935]]}},{"type":"Feature","id":null,"properties":{},"geometry":{"type":"LineString","coordinates":[[-79.9933259,40.4551202],[-79.9928324,40.4554386],[-79.9923764,40.4556917],[-79.9921028,40.4558203],[-79.9918426,40.4559223],[-79.9910175,40.4561913]]}},{"type":"Feature","id":null,"properties":{},"geometry":{"type":"LineString","coordinates":[[-79.9903403,40.4565262],[-79.9911574,40.4562113],[-79.9917354,40.4560325],[-79.992135,40.4558937],[-79.9924971,40.4557509],[-79.9928082,40.455606],[-79.9930765,40.4554549],[-79.9933339,40.455308],[-79.9937175,40.4550753],[-79.9939549,40.4549344]]}},{"type":"Feature","id":null,"properties":{},"geometry":{"type":"LineString","coordinates":[[-79.9910175,40.4561913],[-79.9906246,40.4563247]]}},{"type":"Feature","id":null,"properties":{},"geometry":{"type":"LineString","coordinates":[[-79.9881834,40.4574977],[-79.9894235,40.4569359],[-79.9903403,40.4565262]]}},{"type":"Feature","id":null,"properties":{},"geometry":{"type":"LineString","coordinates":[[-79.9959962,40.4532543],[-79.9961533,40.4530104]]}},{"type":"Feature","id":null,"properties":{},"geometry":{"type":"LineString","coordinates":[[-80.0003953,40.4496504],[-79.9997712,40.449685],[-79.9994467,40.4497258],[-79.9991302,40.4497891],[-79.9988298,40.4498789],[-79.9985294,40.4499871],[-79.9983041,40.4501014],[-79.9980439,40.4502524],[-79.9977784,40.4504259],[-79.9975584,40.4506076],[-79.9973465,40.4508239],[-79.9971856,40.4510219],[-79.9970327,40.4512627],[-79.9969335,40.4514628],[-79.9968315,40.4517261],[-79.9967752,40.4519526],[-79.9967404,40.4522118],[-79.9967269,40.4524465],[-79.996735,40.452618],[-79.9967806,40.4529119],[-79.9968342,40.4531446],[-79.9969254,40.4534752],[-79.9970542,40.4538324],[-79.9973948,40.4548406],[-79.9977811,40.4560529],[-79.998111,40.4570285],[-79.9982102,40.4573121],[-79.9983631,40.4576877],[-79.9986514,40.4584233]]}},{"type":"Feature","id":null,"properties":{},"geometry":{"type":"LineString","coordinates":[[-79.9970476,40.4543277],[-79.9972983,40.4550712]]}},{"type":"Feature","id":null,"properties":{},"geometry":{"type":"LineString","coordinates":[[-79.9992764,40.4590561],[-79.9988815,40.4579687],[-79.9984178,40.4566785],[-79.9979888,40.4554662],[-79.9976566,40.4544386],[-79.9974587,40.4538385],[-79.9971843,40.4529801],[-79.9971525,40.4528394],[-79.9971323,40.4526954],[-79.9971207,40.4525438],[-79.9971236,40.4523668],[-79.9971496,40.4521602],[-79.9971901,40.4519865],[-79.9972377,40.4518403],[-79.9973201,40.4516425],[-79.9974298,40.4514381],[-79.9975714,40.4512512],[-79.9977375,40.4510622],[-79.9979166,40.4508929],[-79.9980914,40.4507522],[-79.9982864,40.450617],[-79.9984525,40.4505236],[-79.9987702,40.4503642]]}},{"type":"Feature","id":null,"properties":{},"geometry":{"type":"LineString","coordinates":[[-79.9972983,40.4550712],[-79.9975249,40.4557672]]}},{"type":"Feature","id":null,"properties":{},"geometry":{"type":"LineString","coordinates":[[-79.9975249,40.4557672],[-79.9977515,40.4564631],[-79.9978244,40.4566533]]}},{"type":"Feature","id":null,"properties":{},"geometry":{"type":"LineString","coordinates":[[-79.9992764,40.4590561],[-79.9992475,40.4587239],[-79.9991061,40.4583428],[-79.9987735,40.4573121],[-79.9984462,40.4563264],[-79.9981351,40.4553815],[-79.9979876,40.4549304]]}},{"type":"Feature","id":null,"properties":{},"geometry":{"type":"LineString","coordinates":[[-79.9978244,40.4566533],[-79.9978642,40.456757],[-79.9979876,40.4570632],[-79.9981807,40.4574897],[-79.998524,40.4582764],[-79.9986514,40.4584233]]}},{"type":"Feature","id":null,"properties":{},"geometry":{"type":"LineString","coordinates":[[-79.9997288,40.4610509],[-79.9996801,40.4605509],[-79.9996076,40.4601448],[-79.9992764,40.4590561]]}},{"type":"Feature","id":null,"properties":{},"geometry":{"type":"LineString","coordinates":[[-79.9986514,40.4584233],[-79.9991731,40.4596734],[-79.9992536,40.4599346],[-79.9993045,40.4601713],[-79.9993421,40.4604162],[-79.9993662,40.4606999],[-79.9993877,40.4611407],[-79.9994159,40.4617153],[-79.9994552,40.4624263]]}},{"type":"Feature","id":null,"properties":{},"geometry":{"type":"LineString","coordinates":[[-79.9843001,40.4598114],[-79.9836702,40.4603601],[-79.983065,40.4609088],[-79.9826527,40.4613257],[-79.9821078,40.4618946],[-79.9819511,40.4620635]]}},{"type":"Feature","id":null,"properties":{},"geometry":{"type":"LineString","coordinates":[[-79.9813854,40.4628605],[-79.9816796,40.4625185],[-79.9822082,40.4619372],[-79.9829896,40.4611052],[-79.9833797,40.4606923],[-79.9838251,40.4602996],[-79.9843532,40.4598474]]}},{"type":"Feature","id":null,"properties":{},"geometry":{"type":"LineString","coordinates":[[-79.9819511,40.4620635],[-79.9815123,40.4625363],[-79.9812166,40.4629009]]}},{"type":"Feature","id":null,"properties":{},"geometry":{"type":"LineString","coordinates":[[-79.9812166,40.4629009],[-79.9803739,40.4639912]]}},{"type":"Feature","id":null,"properties":{},"geometry":{"type":"LineString","coordinates":[[-79.9772352,40.467992],[-79.9789909,40.4657988],[-79.9795461,40.4651152],[-79.9800207,40.4645664],[-79.9813854,40.4628605]]}},{"type":"Feature","id":null,"properties":{},"geometry":{"type":"LineString","coordinates":[[-79.9803739,40.4639912],[-79.9798698,40.4645979],[-79.9794522,40.4650785],[-79.9778583,40.46705],[-79.977404,40.4675774]]}},{"type":"Feature","id":null,"properties":{},"geometry":{"type":"LineString","coordinates":[[-79.977404,40.4675774],[-79.9770449,40.4680271],[-79.9766898,40.4685093]]}},{"type":"Feature","id":null,"properties":{},"geometry":{"type":"LineString","coordinates":[[-79.9766638,40.4687428],[-79.9772352,40.467992]]}},{"type":"Feature","id":null,"properties":{},"geometry":{"type":"LineString","coordinates":[[-79.97569099823744,40.4700000284268],[-79.9758662,40.4697872],[-79.9760377,40.4695631],[-79.9765647,40.4688731],[-79.9766638,40.4687428]]}},{"type":"Feature","id":null,"properties":{},"geometry":{"type":"LineString","coordinates":[[-79.9766898,40.4685093],[-79.9762176,40.4691629],[-79.9756926,40.469856],[-79.97560855658256,40.46995408338086]]}},{"type":"Feature","id":null,"properties":{},"geometry":{"type":"LineString","coordinates":[[-79.9997583,40.4616743],[-79.9997288,40.4610509]]}},{"type":"Feature","id":null,"properties":{},"geometry":{"type":"LineString","coordinates":[[-79.9994552,40.4624263],[-79.999498,40.4632115],[-79.9995572,40.4642996],[-79.9996001,40.4646914],[-79.9996859,40.4650791],[-79.9998093,40.4654342],[-79.9999488,40.4657811],[-80.0001633,40.4661443]]}},{"type":"Feature","id":null,"properties":{},"geometry":{"type":"LineString","coordinates":[[-80.0020945,40.4682828],[-80.0006408,40.4663035],[-80.0003726,40.4658913],[-80.0001365,40.4654505],[-80.0000024,40.4650669],[-79.999938,40.4646996],[-79.9998898,40.464267],[-79.9998307,40.4634548],[-79.9998008,40.4628039],[-79.9997847,40.4623243],[-79.9997725,40.4620241],[-79.9997583,40.4616743]]}},{"type":"Feature","id":null,"properties":{},"geometry":{"type":"LineString","coordinates":[[-80.0001633,40.4661443],[-80.0004155,40.4665076],[-80.0010163,40.4672993],[-80.0018746,40.4684746]]}},{"type":"Feature","id":null,"properties":{},"geometry":{"type":"LineString","coordinates":[[-80.0023112,40.4685776],[-80.0020945,40.4682828]]}},{"type":"Feature","id":null,"properties":{},"geometry":{"type":"LineString","coordinates":[[-80.0018746,40.4684746],[-80.0021015,40.46878]]}},{"type":"Feature","id":null,"properties":{},"geometry":{"type":"LineString","coordinates":[[-80.0021015,40.46878],[-80.0029207,40.4698826],[-80.0037715,40.4710502]]}},{"type":"Feature","id":null,"properties":{},"geometry":{"type":"LineString","coordinates":[[-80.0037715,40.4710502],[-80.0039828,40.4713527]]}},{"type":"Feature","id":null,"properties":{},"geometry":{"type":"LineString","coordinates":[[-80.0039828,40.4713527],[-80.0046909,40.4722985],[-80.0051522,40.4730004],[-80.005796,40.4740124],[-80.0062412,40.4746245],[-80.0070137,40.47571],[-80.0072873,40.4762119],[-80.007416,40.4765587],[-80.007475,40.4769382]]}},{"type":"Feature","id":null,"properties":{},"geometry":{"type":"LineString","coordinates":[[-80.0075336,40.4810993],[-80.0075394,40.4801536],[-80.0077594,40.4779991],[-80.0078076,40.4774768],[-80.007813,40.4770933],[-80.0077862,40.4767464],[-80.0077057,40.4764077],[-80.0075716,40.4760405],[-80.0073087,40.4755875],[-80.0063646,40.4743144],[-80.0060588,40.4738777],[-80.005458,40.4729228],[-80.0048572,40.4720087],[-80.004015,40.4708865],[-80.0032103,40.469801],[-80.0023112,40.4685776]]}},{"type":"Feature","id":null,"properties":{},"geometry":{"type":"LineString","coordinates":[[-80.0103226,40.4394042],[-80.0100917,40.4394877],[-80.0099952,40.4395117],[-80.009917,40.4395249],[-80.0098429,40.4395296],[-80.0097599,40.4395261],[-80.0096657,40.4395117],[-80.0095838,40.4394948],[-80.0094927,40.439472],[-80.0094105,40.4394484],[-80.0089679,40.4392909]]}},{"type":"Feature","id":null,"properties":{},"geometry":{"type":"LineString","coordinates":[[-80.0084967,40.4393781],[-80.0087063,40.4394335],[-80.0089626,40.4395005],[-80.0092424,40.4395669],[-80.0093218,40.4395818],[-80.0093957,40.4395912],[-80.0094838,40.4395991],[-80.0095566,40.4395996],[-80.0096337,40.4395948],[-80.0097095,40.4395861],[-80.0098302,40.4395708],[-80.0098961,40.4395604],[-80.0099643,40.4395479],[-80.010031,40.4395325],[-80.0100977,40.4395148],[-80.0101833,40.4394879],[-80.0102762,40.4394498]]}},{"type":"Feature","id":null,"properties":{},"geometry":{"type":"LineString","coordinates":[[-80.0103226,40.4394042],[-80.0098215,40.4397008]]}},{"type":"Feature","id":null,"properties":{},"geometry":{"type":"LineString","coordinates":[[-80.0099437,40.4396593],[-80.0102762,40.4394498]]}},{"type":"Feature","id":null,"properties":{},"geometry":{"type":"LineString","coordinates":[[-80.0093951,40.4405049],[-80.0094319,40.440392],[-80.0094802,40.440291],[-80.0095251,40.4401984],[-80.0095849,40.4401055],[-80.0096468,40.4400148],[-80.00971,40.4399239],[-80.0097738,40.4398488],[-80.0098922,40.4397331],[-80.0099437,40.4396593]]}},{"type":"Feature","id":null,"properties":{},"geometry":{"type":"LineString","coordinates":[[-80.0098215,40.4397008],[-80.0093173,40.4399975],[-80.0092173,40.4400636],[-80.0091308,40.4401322],[-80.0090591,40.4402006],[-80.0089994,40.4402716],[-80.0089538,40.4403486],[-80.0089136,40.4404405],[-80.0088774,40.4405594],[-80.0088512,40.4406814]]}},{"type":"Feature","id":null,"properties":{},"geometry":{"type":"LineString","coordinates":[[-80.0093227,40.4407109],[-80.0093951,40.4405049]]}},{"type":"Feature","id":null,"properties":{},"geometry":{"type":"LineString","coordinates":[[-80.0088512,40.4406814],[-80.008819,40.4409806],[-80.0088113,40.4410696],[-80.0088035,40.4411892]]}},{"type":"Feature","id":null,"properties":{},"geometry":{"type":"LineString","coordinates":[[-80.0091783,40.4412116],[-80.0093227,40.4407109]]}},{"type":"Feature","id":null,"properties":{},"geometry":{"type":"LineString","coordinates":[[-80.0088035,40.4411892],[-80.0088207,40.4417095]]}},{"type":"Feature","id":null,"properties":{},"geometry":{"type":"LineString","coordinates":[[-80.0316299,40.4407446],[-80.0323019,40.4400647],[-80.0324194,40.4399388],[-80.0325248,40.4398084],[-80.032613,40.439681],[-80.0326904,40.4395499],[-80.0327578,40.4394179]]}},{"type":"Feature","id":null,"properties":{},"geometry":{"type":"LineString","coordinates":[[-80.0311735,40.4412021],[-80.0316299,40.4407446]]}},{"type":"Feature","id":null,"properties":{},"geometry":{"type":"LineString","coordinates":[[-80.0320666,40.4401747],[-80.0296745,40.4425858],[-80.0295019,40.4428259]]}},{"type":"Feature","id":null,"properties":{},"geometry":{"type":"LineString","coordinates":[[-80.0295019,40.4428259],[-80.0297549,40.4426319],[-80.0311735,40.4412021]]}},{"type":"Feature","id":null,"properties":{},"geometry":{"type":"LineString","coordinates":[[-80.0295019,40.4428259],[-80.0290877,40.4432416]]}},{"type":"Feature","id":null,"properties":{},"geometry":{"type":"LineString","coordinates":[[-80.0290877,40.4432416],[-80.0285947,40.4437391],[-80.0284602,40.4438796],[-80.028309,40.4440466]]}},{"type":"Feature","id":null,"properties":{},"geometry":{"type":"LineString","coordinates":[[-80.028309,40.4440466],[-80.0282222,40.4441424],[-80.0281922,40.4441835]]}},{"type":"Feature","id":null,"properties":{},"geometry":{"type":"LineString","coordinates":[[-80.0288989,40.4539402],[-80.0282229,40.4517885]]}},{"type":"Feature","id":null,"properties":{},"geometry":{"type":"LineString","coordinates":[[-80.0278754,40.451753],[-80.0287002,40.4541995]]}},{"type":"Feature","id":null,"properties":{},"geometry":{"type":"LineString","coordinates":[[-80.0295708,40.4560785],[-80.0288989,40.4539402]]}},{"type":"Feature","id":null,"properties":{},"geometry":{"type":"LineString","coordinates":[[-80.0182019,40.4487399],[-80.017738,40.4487212]]}},{"type":"Feature","id":null,"properties":{},"geometry":{"type":"LineString","coordinates":[[-80.0189967,40.4487719],[-80.0182019,40.4487399]]}},{"type":"Feature","id":null,"properties":{},"geometry":{"type":"LineString","coordinates":[[-80.0212579,40.4487888],[-80.0197993,40.44877],[-80.0189967,40.4487719]]}},{"type":"Feature","id":null,"properties":{},"geometry":{"type":"LineString","coordinates":[[-80.0138556,40.4487629],[-80.0177957,40.4488767]]}},{"type":"Feature","id":null,"properties":{},"geometry":{"type":"LineString","coordinates":[[-80.0234222,40.4489279],[-80.0230179,40.4488841],[-80.0225859,40.4488459],[-80.0221567,40.4488158],[-80.0217384,40.4487975],[-80.0212579,40.4487888]]}},{"type":"Feature","id":null,"properties":{},"geometry":{"type":"LineString","coordinates":[[-80.0177957,40.4488767],[-80.0182652,40.4488923]]}},{"type":"Feature","id":null,"properties":{},"geometry":{"type":"LineString","coordinates":[[-80.0182652,40.4488923],[-80.0195834,40.4489609]]}},{"type":"Feature","id":null,"properties":{},"geometry":{"type":"LineString","coordinates":[[-80.0195834,40.4489609],[-80.0209025,40.4490043]]}},{"type":"Feature","id":null,"properties":{},"geometry":{"type":"LineString","coordinates":[[-80.0209025,40.4490043],[-80.021245,40.4490156]]}},{"type":"Feature","id":null,"properties":{},"geometry":{"type":"LineString","coordinates":[[-80.0254011,40.4492719],[-80.0252147,40.449226],[-80.0248057,40.4491341],[-80.0245562,40.4490847],[-80.0242706,40.4490428],[-80.0234222,40.4489279]]}},{"type":"Feature","id":null,"properties":{},"geometry":{"type":"LineString","coordinates":[[-80.0287002,40.4541995],[-80.029348,40.4561209]]}},{"type":"Feature","id":null,"properties":{},"geometry":{"type":"LineString","coordinates":[[-80.0297373,40.4566085],[-80.0295708,40.4560785]]}},{"type":"Feature","id":null,"properties":{},"geometry":{"type":"LineString","coordinates":[[-80.029348,40.4561209],[-80.0295259,40.4566487]]}},{"type":"Feature","id":null,"properties":{},"geometry":{"type":"LineString","coordinates":[[-80.0299493,40.457283],[-80.0297373,40.4566085]]}},{"type":"Feature","id":null,"properties":{},"geometry":{"type":"LineString","coordinates":[[-80.0295259,40.4566487],[-80.0300316,40.4580822]]}},{"type":"Feature","id":null,"properties":{},"geometry":{"type":"LineString","coordinates":[[-80.030178,40.4580536],[-80.0299493,40.457283]]}},{"type":"Feature","id":null,"properties":{},"geometry":{"type":"LineString","coordinates":[[-80.0310757,40.4607098],[-80.030178,40.4580536]]}},{"type":"Feature","id":null,"properties":{},"geometry":{"type":"LineString","coordinates":[[-80.0300316,40.4580822],[-80.0309299,40.4607374]]}},{"type":"Feature","id":null,"properties":{},"geometry":{"type":"LineString","coordinates":[[-80.0318245,40.4627535],[-80.03175,40.4626015],[-80.0316802,40.4624482],[-80.0316164,40.4622941],[-80.0315609,40.4621457],[-80.0310757,40.4607098]]}},{"type":"Feature","id":null,"properties":{},"geometry":{"type":"LineString","coordinates":[[-80.0309299,40.4607374],[-80.031415,40.4621757],[-80.0314716,40.4623271],[-80.0315367,40.4624843],[-80.0316077,40.4626404],[-80.0316835,40.462795]]}},{"type":"Feature","id":null,"properties":{},"geometry":{"type":"LineString","coordinates":[[-80.0056196,40.4490887],[-80.0061767,40.4489764],[-80.0064067,40.4489267],[-80.0067005,40.4488543],[-80.0069944,40.4487543],[-80.0073431,40.4486236],[-80.0077079,40.4484665],[-80.0080029,40.4483195],[-80.0082604,40.4481623],[-80.0084697,40.4480256],[-80.0087406,40.447801],[-80.0089739,40.4475826],[-80.0091912,40.4473295],[-80.0093253,40.447107],[-80.0094299,40.446905],[-80.0095157,40.4466825],[-80.0095855,40.4464151],[-80.0096203,40.4460926],[-80.0096284,40.4457966],[-80.0096013,40.4455513]]}},{"type":"Feature","id":null,"properties":{},"geometry":{"type":"LineString","coordinates":[[-80.0071639,40.4486423],[-80.0071401,40.4486589]]}},{"type":"Feature","id":null,"properties":{},"geometry":{"type":"LineString","coordinates":[[-80.007475,40.4769382],[-80.0074858,40.4774483],[-80.0074321,40.4780604],[-80.0072444,40.4797374],[-80.0071907,40.4802801],[-80.0071693,40.4807942],[-80.0072015,40.4814267],[-80.0072819,40.4820305],[-80.0073731,40.4825079],[-80.0074858,40.4829649]]}},{"type":"Feature","id":null,"properties":{},"geometry":{"type":"LineString","coordinates":[[-80.0077771,40.4828331],[-80.0076092,40.4821162],[-80.0075448,40.481496],[-80.0075336,40.4810993]]}},{"type":"Feature","id":null,"properties":{},"geometry":{"type":"LineString","coordinates":[[-80.0074858,40.4829649],[-80.0075931,40.4833688],[-80.0078065,40.4839479]]}},{"type":"Feature","id":null,"properties":{},"geometry":{"type":"LineString","coordinates":[[-80.0094264,40.4878222],[-80.0092721,40.4870368],[-80.0091863,40.4866941],[-80.009087,40.4863677],[-80.0089476,40.4859903],[-80.0085587,40.4849886],[-80.0080705,40.4837768],[-80.0078935,40.4833158],[-80.0077771,40.4828331]]}},{"type":"Feature","id":null,"properties":{},"geometry":{"type":"LineString","coordinates":[[-80.0078065,40.4839479],[-80.0085158,40.4858332],[-80.0087049,40.4863473],[-80.0088573,40.486875],[-80.0089892,40.4874387]]}},{"type":"Feature","id":null,"properties":{},"geometry":{"type":"LineString","coordinates":[[-80.0102873,40.4917959],[-80.0099963,40.4903557],[-80.0094264,40.4878222]]}},{"type":"Feature","id":null,"properties":{},"geometry":{"type":"LineString","coordinates":[[-80.0089892,40.4874387],[-80.009248,40.4884851],[-80.0096476,40.490268],[-80.0100821,40.4922385],[-80.0102002,40.4926913],[-80.0103235,40.493034],[-80.0104684,40.4932829],[-80.0106776,40.4935725]]}},{"type":"Feature","id":null,"properties":{},"geometry":{"type":"LineString","coordinates":[[-80.0109592,40.4932033],[-80.010809,40.4929871],[-80.0106588,40.4927444],[-80.0105202,40.4924938],[-80.0104049,40.4921909],[-80.0102873,40.4917959]]}},{"type":"Feature","id":null,"properties":{},"geometry":{"type":"LineString","coordinates":[[-80.0316835,40.462795],[-80.0317593,40.4629393],[-80.0318548,40.4631028],[-80.031941,40.4632357],[-80.0320952,40.4634551],[-80.0322578,40.4636704],[-80.0326306,40.4641492],[-80.0328922,40.4644947],[-80.0334747,40.4652484],[-80.0336842,40.4655326],[-80.0339127,40.4658266],[-80.0341675,40.4661266],[-80.0343928,40.4663735]]}},{"type":"Feature","id":null,"properties":{},"geometry":{"type":"LineString","coordinates":[[-80.0354962,40.4675167],[-80.0354358,40.4674121],[-80.035397,40.4673516],[-80.035232,40.4671197],[-80.0350308,40.4668618],[-80.0347491,40.4665532],[-80.0345844,40.4663735],[-80.03443,40.466193],[-80.0342529,40.4659979],[-80.0340629,40.4657817],[-80.0335138,40.4650611],[-80.0326136,40.463883],[-80.0323916,40.4636099],[-80.0322307,40.4633987],[-80.0320774,40.4631831],[-80.0319917,40.463054],[-80.0318986,40.4628946],[-80.0318245,40.4627535]]}},{"type":"Feature","id":null,"properties":{},"geometry":{"type":"LineString","coordinates":[[-80.0343928,40.4663735],[-80.034714,40.4667185],[-80.0350247,40.4670407],[-80.0351816,40.4672363],[-80.0352696,40.4673496],[-80.0353653,40.4674853],[-80.0354328,40.4676031],[-80.0355196,40.4677625],[-80.0356056,40.4679389],[-80.0356985,40.4681579],[-80.0358344,40.4684604],[-80.0359699,40.4687324],[-80.0361018,40.4690358],[-80.0362279,40.4693092],[-80.0363593,40.4695745],[-80.0365042,40.4698173],[-80.0366678,40.470103],[-80.0371506,40.4709212]]}},{"type":"Feature","id":null,"properties":{},"geometry":{"type":"LineString","coordinates":[[-80.0372337,40.4708906],[-80.0365337,40.4697112],[-80.0363459,40.4693684],[-80.0362011,40.4690521],[-80.0360504,40.468714],[-80.0359094,40.468412],[-80.0357995,40.468162],[-80.0356463,40.4678141],[-80.0354962,40.4675167]]}},{"type":"Feature","id":null,"properties":{},"geometry":{"type":"LineString","coordinates":[[-80.0380598,40.4722883],[-80.0372337,40.4708906]]}},{"type":"Feature","id":null,"properties":{},"geometry":{"type":"LineString","coordinates":[[-80.0371506,40.4709212],[-80.037974,40.4723128]]}},{"type":"Feature","id":null,"properties":{},"geometry":{"type":"LineString","coordinates":[[-80.0380939,40.47234],[-80.0380598,40.4722883]]}},{"type":"Feature","id":null,"properties":{},"geometry":{"type":"LineString","coordinates":[[-80.037974,40.4723128],[-80.0381993,40.4726902],[-80.0383656,40.4729412],[-80.0385292,40.4731657],[-80.0389128,40.4736513],[-80.0396504,40.4746],[-80.0405409,40.4757426],[-80.0413509,40.4767872],[-80.0416053,40.4771134]]}},{"type":"Feature","id":null,"properties":{},"geometry":{"type":"LineString","coordinates":[[-80.0430514,40.4788724],[-80.0430162,40.4788131],[-80.0428529,40.4785378],[-80.0427361,40.4783866],[-80.0418122,40.4771851],[-80.0409942,40.476165],[-80.0398924,40.4747603],[-80.0386097,40.4731249],[-80.0382476,40.4726086],[-80.0380939,40.47234]]}},{"type":"Feature","id":null,"properties":{},"geometry":{"type":"LineString","coordinates":[[-80.0416053,40.4771134],[-80.0420939,40.47774],[-80.0425579,40.4783399]]}},{"type":"Feature","id":null,"properties":{},"geometry":{"type":"LineString","coordinates":[[-80.021245,40.4490156],[-80.0217204,40.4490291],[-80.0221305,40.4490497],[-80.0225393,40.4490777],[-80.0229397,40.4491177],[-80.0233348,40.4491667],[-80.0237271,40.4492232],[-80.0241053,40.4492879],[-80.0244991,40.4493633],[-80.0249168,40.449452],[-80.0252362,40.4495291]]}},{"type":"Feature","id":null,"properties":{},"geometry":{"type":"LineString","coordinates":[[-80.0254517,40.4491195],[-80.025181,40.4496109],[-80.0251677,40.4496351]]}},{"type":"Feature","id":null,"properties":{},"geometry":{"type":"LineString","coordinates":[[-80.0268556,40.4499067],[-80.026641,40.4497725],[-80.026477,40.4496807],[-80.0263054,40.4495949],[-80.0261293,40.4495158],[-80.025953,40.4494454],[-80.0257716,40.4493819],[-80.0255895,40.449325],[-80.0254011,40.4492719]]}},{"type":"Feature","id":null,"properties":{},"geometry":{"type":"LineString","coordinates":[[-80.0251677,40.4496351],[-80.025115,40.4497308]]}},{"type":"Feature","id":null,"properties":{},"geometry":{"type":"LineString","coordinates":[[-80.0252362,40.4495291],[-80.0255398,40.449607],[-80.02579,40.4496771],[-80.0259939,40.4497439],[-80.0261783,40.4498149],[-80.0263647,40.4499011],[-80.0265364,40.4499894],[-80.0267027,40.4500914],[-80.0268515,40.4501965],[-80.0270158,40.4503251],[-80.0271479,40.450445],[-80.0272659,40.4505675],[-80.0273766,40.4506966],[-80.0274859,40.4508461],[-80.0275744,40.4509875],[-80.0276501,40.4511365],[-80.0277172,40.4512895],[-80.0277742,40.4514436],[-80.0278754,40.451753]]}},{"type":"Feature","id":null,"properties":{},"geometry":{"type":"LineString","coordinates":[[-80.0282229,40.4517885],[-80.0281616,40.4515938],[-80.0281182,40.4514793],[-80.0280699,40.4513707],[-80.0279962,40.4512104],[-80.027911,40.4510456],[-80.0278232,40.4508931],[-80.0277172,40.4507328],[-80.0276153,40.4505981],[-80.0274959,40.4504619],[-80.0273739,40.4503282],[-80.0272438,40.4502078],[-80.027099,40.4500848],[-80.0268556,40.4499067]]}},{"type":"Feature","id":null,"properties":{},"geometry":{"type":"LineString","coordinates":[[-80.0128824,40.4950085],[-80.0147335,40.4956325],[-80.0185315,40.4968971],[-80.0192664,40.4971664],[-80.0197922,40.4973989],[-80.0200236984854,40.49753093094314]]}},{"type":"Feature","id":null,"properties":{},"geometry":{"type":"LineString","coordinates":[[-80.01996571769371,40.49722658666037],[-80.0198458,40.4971623],[-80.0193791,40.4969583],[-80.0189714,40.4968074],[-80.0147925,40.4954163],[-80.0136414,40.4950309],[-80.0132284,40.4948739],[-80.0128529,40.4947046]]}},{"type":"Feature","id":null,"properties":{},"geometry":{"type":"LineString","coordinates":[[-80.0130475,40.4986725],[-80.0130349,40.4985382],[-80.0130161,40.4984018]]}},{"type":"Feature","id":null,"properties":{},"geometry":{"type":"LineString","coordinates":[[-80.01304324660173,40.49873058807631],[-80.0130475,40.4986725]]}},{"type":"Feature","id":null,"properties":{},"geometry":{"type":"LineString","coordinates":[[-80.0425579,40.4783399],[-80.0427859,40.4786235],[-80.0430031,40.4788271],[-80.0430514,40.4788724]]}},{"type":"Feature","id":null,"properties":{},"geometry":{"type":"LineString","coordinates":[[-80.0430514,40.4788724],[-80.0431772,40.478988],[-80.0434445,40.4792335]]}},{"type":"Feature","id":null,"properties":{},"geometry":{"type":"LineString","coordinates":[[-80.0434445,40.4792335],[-80.0435882,40.4793672]]}},{"type":"Feature","id":null,"properties":{},"geometry":{"type":"LineString","coordinates":[[-80.0435882,40.4793672],[-80.0437178,40.4794866]]}},{"type":"Feature","id":null,"properties":{},"geometry":{"type":"LineString","coordinates":[[-80.0437178,40.4794866],[-80.0447467,40.4804219]]}},{"type":"Feature","id":null,"properties":{},"geometry":{"type":"LineString","coordinates":[[-80.0447467,40.4804219],[-80.0450028,40.4806613],[-80.0451988,40.4808343]]}},{"type":"Feature","id":null,"properties":{},"geometry":{"type":"LineString","coordinates":[[-80.0451988,40.4808343],[-80.0453928,40.4810045],[-80.0454298,40.481037],[-80.0456412,40.4812105],[-80.0460434,40.4814852]]}},{"type":"Feature","id":null,"properties":{},"geometry":{"type":"LineString","coordinates":[[-80.0460434,40.4814852],[-80.0464785,40.481755],[-80.0465124,40.4817726],[-80.047412,40.4822406],[-80.0478373,40.4824775],[-80.0482723,40.4827198],[-80.0488752,40.4830892]]}},{"type":"Feature","id":null,"properties":{},"geometry":{"type":"LineString","coordinates":[[-80.0488752,40.4830892],[-80.0495592,40.4835173]]}},{"type":"Feature","id":null,"properties":{},"geometry":{"type":"LineString","coordinates":[[-80.0495592,40.4835173],[-80.05067275678674,40.48421339494247]]}},{"type":"Feature","id":null,"properties":{},"geometry":{"type":"LineString","coordinates":[[-80.0128529,40.4947046],[-80.0124988,40.4945128],[-80.012236,40.4943558],[-80.0119463,40.494164],[-80.0116942,40.4939784],[-80.0113911,40.4937051],[-80.0111738,40.4934726],[-80.0109592,40.4932033]]}},{"type":"Feature","id":null,"properties":{},"geometry":{"type":"LineString","coordinates":[[-80.0106776,40.4935725],[-80.0108654,40.4937928],[-80.0110746,40.4939968],[-80.011375,40.494266],[-80.0117398,40.4945108],[-80.0120938,40.4946944],[-80.01248,40.4948616],[-80.0128824,40.4950085]]}},{"type":"Feature","id":null,"properties":{},"geometry":{"type":"LineString","coordinates":[[-80.0122212,40.4960651],[-80.012417,40.4967171]]}},{"type":"Feature","id":null,"properties":{},"geometry":{"type":"LineString","coordinates":[[-80.012417,40.4967171],[-80.0127256,40.4977446],[-80.0127969,40.4979966]]}},{"type":"Feature","id":null,"properties":{},"geometry":{"type":"LineString","coordinates":[[-80.0128823,40.4978977],[-80.0128346,40.4977263]]}},{"type":"Feature","id":null,"properties":{},"geometry":{"type":"LineString","coordinates":[[-80.0129701,40.498167],[-80.0129193,40.4980321],[-80.0128823,40.4978977]]}},{"type":"Feature","id":null,"properties":{},"geometry":{"type":"LineString","coordinates":[[-80.0127969,40.4979966],[-80.0128306,40.4981415],[-80.0128605,40.4982837]]}},{"type":"Feature","id":null,"properties":{},"geometry":{"type":"LineString","coordinates":[[-80.0130161,40.4984018],[-80.0129982,40.4982824],[-80.0129701,40.498167]]}},{"type":"Feature","id":null,"properties":{},"geometry":{"type":"LineString","coordinates":[[-80.0128605,40.4982837],[-80.0128851,40.4984176],[-80.0129032,40.4985468]]}},{"type":"Feature","id":null,"properties":{},"geometry":{"type":"LineString","coordinates":[[-80.0129032,40.4985468],[-80.0129084,40.4986801],[-80.01290728431385,40.49873515482026]]}},{"type":"Feature","id":null,"properties":{},"geometry":{"type":"LineString","coordinates":[[-79.8936696,40.4466531],[-79.8938471,40.4467121],[-79.8939665,40.4467518],[-79.8940244,40.4467718],[-79.8946112,40.4469661],[-79.8948371,40.4470411],[-79.8950797,40.4471224],[-79.8951726,40.4471546]]}},{"type":"Feature","id":null,"properties":{},"geometry":{"type":"LineString","coordinates":[[-79.8951726,40.4471546],[-79.8952563,40.4471813],[-79.8954549,40.4472453],[-79.8955444,40.4472741],[-79.8957115,40.4473295],[-79.8961036,40.4474596],[-79.8963267,40.4475337],[-79.8965718,40.4476151],[-79.8966152,40.4476295],[-79.8972407,40.4478369],[-79.8974266,40.4478984],[-79.8977396,40.4480021],[-79.8981757,40.4481472],[-79.898207,40.4481569]]}},{"type":"Feature","id":null,"properties":{},"geometry":{"type":"LineString","coordinates":[[-79.898207,40.4481569],[-79.8986969,40.4483192],[-79.8990443,40.4484343],[-79.899554,40.4486032],[-79.8997735,40.448676],[-79.9012577,40.4491682],[-79.9013193,40.4491881],[-79.9013874,40.4492115],[-79.9024882,40.4495784],[-79.9025262,40.4495911],[-79.9032475,40.4498318],[-79.9036871,40.4499784],[-79.9037561,40.4500016],[-79.9038218,40.4500222],[-79.9038994,40.4500495],[-79.9056136,40.4506224],[-79.9057959,40.4506833],[-79.9063296,40.4508616],[-79.9081027,40.4514584],[-79.9081775,40.4514856]]}},{"type":"Feature","id":null,"properties":{},"geometry":{"type":"LineString","coordinates":[[-79.9081775,40.4514856],[-79.9082601,40.4515147],[-79.908679,40.451674],[-79.908905,40.4517726],[-79.9091122,40.4518676],[-79.909199,40.4519111],[-79.9092791,40.4519512],[-79.9094515,40.452041],[-79.9096198,40.4521349],[-79.9097861,40.452237],[-79.9099631,40.4523492],[-79.9100252,40.4523908],[-79.9101187,40.4524533],[-79.9103041,40.4525881],[-79.9103708,40.4526352],[-79.9104399,40.4526825],[-79.910717,40.4528684],[-79.9112504,40.4532331],[-79.9115964,40.4534696]]}},{"type":"Feature","id":null,"properties":{},"geometry":{"type":"LineString","coordinates":[[-79.9115964,40.4534696],[-79.9120497,40.4537833]]}},{"type":"Feature","id":null,"properties":{},"geometry":{"type":"LineString","coordinates":[[-79.9118941,40.4544675],[-79.9114388,40.4548983],[-79.9113475,40.4549878],[-79.9110434,40.4552735],[-79.9106401,40.4556574],[-79.9105339,40.4557583]]}},{"type":"Feature","id":null,"properties":{},"geometry":{"type":"LineString","coordinates":[[-79.9105339,40.4557583],[-79.9098147,40.4564421]]}},{"type":"Feature","id":null,"properties":{},"geometry":{"type":"LineString","coordinates":[[-79.9098147,40.4564421],[-79.9096709,40.4565789]]}},{"type":"Feature","id":null,"properties":{},"geometry":{"type":"LineString","coordinates":[[-79.9096709,40.4565789],[-79.9094496,40.4567893],[-79.9093593,40.4568857]]}},{"type":"Feature","id":null,"properties":{},"geometry":{"type":"LineString","coordinates":[[-79.9093593,40.4568857],[-79.9091263,40.4571969],[-79.909065,40.4572798]]}},{"type":"Feature","id":null,"properties":{},"geometry":{"type":"LineString","coordinates":[[-79.909065,40.4572798],[-79.9090167,40.4573453],[-79.908825,40.4576049],[-79.9087546,40.4577003],[-79.9086647,40.4578241],[-79.9085457,40.4579833],[-79.9084334,40.4581353],[-79.9082855,40.4583357],[-79.9082383,40.4583997],[-79.908147,40.4585232],[-79.9081082,40.4585758],[-79.9080737,40.4586257],[-79.908031,40.4586804]]}},{"type":"Feature","id":null,"properties":{},"geometry":{"type":"LineString","coordinates":[[-79.908031,40.4586804],[-79.9079854,40.4587424],[-79.9079249,40.4588242],[-79.9074352,40.4594873],[-79.9071109,40.4599338],[-79.9068427,40.4602897]]}},{"type":"Feature","id":null,"properties":{},"geometry":{"type":"LineString","coordinates":[[-79.9068427,40.4602897],[-79.9064045,40.4608832],[-79.9061972,40.4611639],[-79.9060171,40.4614078],[-79.9059284,40.461528],[-79.9058322,40.4616696],[-79.9057706,40.4617859]]}},{"type":"Feature","id":null,"properties":{},"geometry":{"type":"LineString","coordinates":[[-79.9057706,40.4617859],[-79.9057214,40.4618876],[-79.9056713,40.4620262],[-79.9056391,40.4621491],[-79.9056177,40.4622728],[-79.9056076,40.4623956],[-79.9056083,40.462517],[-79.9056142,40.4625812]]}},{"type":"Feature","id":null,"properties":{},"geometry":{"type":"LineString","coordinates":[[-79.9056142,40.4625812],[-79.905619,40.4626343],[-79.9056398,40.4627491],[-79.9056713,40.462871],[-79.9057136,40.4629925],[-79.9057685,40.4631159],[-79.9058296,40.4632276],[-79.905902,40.4633414],[-79.9062257,40.4637822],[-79.9069449,40.4647615],[-79.9075268,40.4655538],[-79.9076148,40.4656751],[-79.9084751,40.466845],[-79.9085094,40.4668997],[-79.9085445,40.4669556],[-79.9086049,40.4670688],[-79.9086554,40.4671767],[-79.9086646,40.4671963],[-79.9087169,40.4673295],[-79.9087618,40.4674754],[-79.9087896,40.4675988],[-79.9088077,40.4677299],[-79.9088158,40.4678478]]}},{"type":"Feature","id":null,"properties":{},"geometry":{"type":"LineString","coordinates":[[-79.9088158,40.4678478],[-79.9088085,40.467911],[-79.9088005,40.4679574],[-79.9087802,40.4680366],[-79.9087522,40.4681457],[-79.9086457,40.4690017],[-79.9086161,40.4693485]]}},{"type":"Feature","id":null,"properties":{},"geometry":{"type":"LineString","coordinates":[[-79.9086749,40.4702228],[-79.9086831,40.4701262],[-79.9087131,40.4697742],[-79.9087348,40.4695206],[-79.9088036,40.4687147],[-79.9088464,40.4682142],[-79.9088518,40.4681504],[-79.908852,40.4680934],[-79.908846,40.4680393],[-79.9088327,40.4679552],[-79.9088158,40.4678478]]}},{"type":"Feature","id":null,"properties":{},"geometry":{"type":"LineString","coordinates":[[-79.9086161,40.4693485],[-79.9086021,40.4695118],[-79.9085533,40.4700844],[-79.9085503,40.4701185],[-79.9085383,40.4702598]]}},{"type":"Feature","id":null,"properties":{},"geometry":{"type":"LineString","coordinates":[[-79.9086677,40.4703075],[-79.9086749,40.4702228]]}},{"type":"Feature","id":null,"properties":{},"geometry":{"type":"LineString","coordinates":[[-79.9085383,40.4702598],[-79.9085173,40.4705059],[-79.9084892,40.4710805],[-79.908535,40.471211]]}},{"type":"Feature","id":null,"properties":{},"geometry":{"type":"LineString","coordinates":[[-79.9135659,40.4538699],[-79.9133064,40.4539046],[-79.9129705,40.4539495]]}},{"type":"Feature","id":null,"properties":{},"geometry":{"type":"LineString","coordinates":[[-79.9129705,40.4539495],[-79.9125805,40.4540041],[-79.9124,40.4540257]]}},{"type":"Feature","id":null,"properties":{},"geometry":{"type":"LineString","coordinates":[[-79.9124,40.4540257],[-79.9122983,40.4541036],[-79.9122225,40.4541618],[-79.9118941,40.4544675]]}},{"type":"Feature","id":null,"properties":{},"geometry":{"type":"LineString","coordinates":[[-79.9133818,40.4862562],[-79.9108648,40.4856146]]}},{"type":"Feature","id":null,"properties":{},"geometry":{"type":"LineString","coordinates":[[-79.9133818,40.4862562],[-79.9161139,40.4869551]]}},{"type":"Feature","id":null,"properties":{},"geometry":{"type":"LineString","coordinates":[[-79.9161139,40.4869551],[-79.9171477,40.4872167],[-79.9172827,40.4872481]]}},{"type":"Feature","id":null,"properties":{},"geometry":{"type":"LineString","coordinates":[[-79.9172827,40.4872481],[-79.9176399,40.4873231],[-79.9178752,40.4873683],[-79.9180385,40.4874071]]}},{"type":"Feature","id":null,"properties":{},"geometry":{"type":"LineString","coordinates":[[-79.9180385,40.4874071],[-79.9183258,40.4874674],[-79.9183969,40.4874838]]}},{"type":"Feature","id":null,"properties":{},"geometry":{"type":"LineString","coordinates":[[-79.9183969,40.4874838],[-79.9193914,40.4877003]]}},{"type":"Feature","id":null,"properties":{},"geometry":{"type":"LineString","coordinates":[[-79.9193914,40.4877003],[-79.9196309,40.4877469],[-79.9197132,40.4877674],[-79.9198923,40.4878073],[-79.9200528,40.4878454]]}},{"type":"Feature","id":null,"properties":{},"geometry":{"type":"LineString","coordinates":[[-79.908535,40.471211],[-79.9086012,40.4710861],[-79.908655,40.4704564],[-79.9086677,40.4703075]]}},{"type":"Feature","id":null,"properties":{},"geometry":{"type":"LineString","coordinates":[[-79.908535,40.471211],[-79.9085056,40.4717006],[-79.9084841,40.4719643],[-79.9084251,40.472609],[-79.9084006,40.4728763]]}},{"type":"Feature","id":null,"properties":{},"geometry":{"type":"LineString","coordinates":[[-79.9084006,40.4728763],[-79.9083225,40.4731239],[-79.9082836,40.4734237],[-79.9082529,40.4737802]]}},{"type":"Feature","id":null,"properties":{},"geometry":{"type":"LineString","coordinates":[[-79.9083505,40.4742368],[-79.9083986,40.473679],[-79.9084134,40.4735081],[-79.9084348,40.4731276],[-79.9084006,40.4728763]]}},{"type":"Feature","id":null,"properties":{},"geometry":{"type":"LineString","coordinates":[[-79.9082529,40.4737802],[-79.9082323,40.4740194],[-79.9082287,40.4740607],[-79.9082142,40.4742288]]}},{"type":"Feature","id":null,"properties":{},"geometry":{"type":"LineString","coordinates":[[-79.9082908,40.4749303],[-79.9083371,40.4743924],[-79.9083442,40.4743103],[-79.9083463,40.4742857],[-79.9083505,40.4742368]]}},{"type":"Feature","id":null,"properties":{},"geometry":{"type":"LineString","coordinates":[[-79.9082142,40.4742288],[-79.9082077,40.4743046],[-79.9081374,40.4751188],[-79.9081161,40.4756267],[-79.9081456,40.4759327]]}},{"type":"Feature","id":null,"properties":{},"geometry":{"type":"LineString","coordinates":[[-79.9081456,40.4759327],[-79.9082167,40.4756318],[-79.9082739,40.4751257],[-79.9082908,40.4749303]]}},{"type":"Feature","id":null,"properties":{},"geometry":{"type":"LineString","coordinates":[[-79.9081456,40.4759327],[-79.9080098,40.4774925],[-79.9078549,40.4792719],[-79.9078389,40.479526],[-79.9078307,40.4797323],[-79.9078274,40.4799506],[-79.9078281,40.4801781],[-79.9078361,40.4804035],[-79.9078502,40.4806366],[-79.9078696,40.4808789],[-79.9078978,40.4811181],[-79.9079327,40.4813512],[-79.9080226,40.4819026],[-79.908044,40.4820662],[-79.9080547,40.4822248],[-79.9080607,40.4823886],[-79.9080594,40.4825457],[-79.9080507,40.4826885],[-79.9080366,40.4828512],[-79.9080178,40.4830103]]}},{"type":"Feature","id":null,"properties":{},"geometry":{"type":"LineString","coordinates":[[-79.9080178,40.4830103],[-79.9079287,40.4835107],[-79.9079253,40.483531]]}},{"type":"Feature","id":null,"properties":{},"geometry":{"type":"LineString","coordinates":[[-79.9079253,40.483531],[-79.9079102,40.4836359]]}},{"type":"Feature","id":null,"properties":{},"geometry":{"type":"LineString","coordinates":[[-79.9079102,40.4836359],[-79.9078963,40.4837999],[-79.9078573,40.4842623]]}},{"type":"Feature","id":null,"properties":{},"geometry":{"type":"LineString","coordinates":[[-79.9078573,40.4842623],[-79.9079752,40.4843337],[-79.908049,40.4843878],[-79.9081134,40.484452],[-79.9081972,40.4845387],[-79.9082663,40.4846107]]}},{"type":"Feature","id":null,"properties":{},"geometry":{"type":"LineString","coordinates":[[-79.9082663,40.4846107],[-79.9084111,40.4847448],[-79.9085163,40.4848248],[-79.9086612,40.4849151],[-79.9087732,40.4849692],[-79.908916,40.4850324],[-79.9090783,40.4851003],[-79.9092573,40.4851717],[-79.9094256,40.4852323],[-79.9095752,40.4852808],[-79.9097515,40.4853308],[-79.9098517,40.4853563],[-79.9108328,40.4856064],[-79.9108648,40.4856146]]}},{"type":"Feature","id":null,"properties":{},"geometry":{"type":"LineString","coordinates":[[-79.9131596,40.4865689],[-79.913072,40.486771],[-79.9129023,40.4871373],[-79.9124842,40.4879823],[-79.9123586493817,40.48824682092246]]}},{"type":"Feature","id":null,"properties":{},"geometry":{"type":"LineString","coordinates":[[-79.8868507,40.490931],[-79.8859951,40.4908494],[-79.885354,40.4908045],[-79.8848417,40.49078],[-79.88459979817323,40.49077433058245]]}},{"type":"Feature","id":null,"properties":{},"geometry":{"type":"LineString","coordinates":[[-79.88460327736163,40.49089670765709],[-79.8852285,40.4909395]]}},{"type":"Feature","id":null,"properties":{},"geometry":{"type":"LineString","coordinates":[[-79.8939332,40.4919308],[-79.8899728,40.4913655],[-79.8876446,40.4910309],[-79.8868507,40.490931]]}},{"type":"Feature","id":null,"properties":{},"geometry":{"type":"MultiLineString","coordinates":[[[-79.8852285,40.4909395],[-79.8857188,40.4909799],[-79.8862821,40.491035],[-79.88683422607734,40.49110119704671]],[[-79.89623453724484,40.492493269265665],[-79.8965871,40.4925506]]]}},{"type":"Feature","id":null,"properties":{},"geometry":{"type":"LineString","coordinates":[[-79.8956242,40.4922202],[-79.8939332,40.4919308]]}},{"type":"Feature","id":null,"properties":{},"geometry":{"type":"LineString","coordinates":[[-79.9200528,40.4878454],[-79.920241,40.487891],[-79.9204701,40.4879413]]}},{"type":"Feature","id":null,"properties":{},"geometry":{"type":"LineString","coordinates":[[-79.9204701,40.4879413],[-79.9215478,40.4881884],[-79.9219989,40.4882919]]}},{"type":"Feature","id":null,"properties":{},"geometry":{"type":"LineString","coordinates":[[-79.9124664712548,40.48826952026417],[-79.9129002,40.487348],[-79.9130144,40.4870895],[-79.913177,40.4867663],[-79.9132499,40.486604]]}},{"type":"Feature","id":null,"properties":{},"geometry":{"type":"LineString","coordinates":[[-79.9219989,40.4882919],[-79.9224894,40.4884044]]}},{"type":"Feature","id":null,"properties":{},"geometry":{"type":"LineString","coordinates":[[-79.9372397,40.4885496],[-79.9372235,40.4885097],[-79.9371566,40.4884203]]}},{"type":"Feature","id":null,"properties":{},"geometry":{"type":"LineString","coordinates":[[-79.9371566,40.4884203],[-79.9367904,40.4885498]]}},{"type":"Feature","id":null,"properties":{},"geometry":{"type":"LineString","coordinates":[[-79.9371566,40.4884203],[-79.9371509,40.4885326],[-79.9371594,40.488565]]}},{"type":"Feature","id":null,"properties":{},"geometry":{"type":"LineString","coordinates":[[-79.9224894,40.4884044],[-79.9228278,40.488482],[-79.9232056,40.4885686],[-79.9236508,40.4886708]]}},{"type":"Feature","id":null,"properties":{},"geometry":{"type":"LineString","coordinates":[[-79.9366623,40.4885951],[-79.9367904,40.4885498]]}},{"type":"Feature","id":null,"properties":{},"geometry":{"type":"LineString","coordinates":[[-79.9372829,40.4886558],[-79.9372397,40.4885496]]}},{"type":"Feature","id":null,"properties":{},"geometry":{"type":"LineString","coordinates":[[-79.9371594,40.488565],[-79.9371851,40.4886628]]}},{"type":"Feature","id":null,"properties":{},"geometry":{"type":"LineString","coordinates":[[-79.936422,40.4886802],[-79.9366623,40.4885951]]}},{"type":"Feature","id":null,"properties":{},"geometry":{"type":"LineString","coordinates":[[-79.9236508,40.4886708],[-79.9242664,40.4888119],[-79.924855,40.4889469]]}},{"type":"Feature","id":null,"properties":{},"geometry":{"type":"LineString","coordinates":[[-79.9374525,40.4891789],[-79.9372829,40.4886558]]}},{"type":"Feature","id":null,"properties":{},"geometry":{"type":"LineString","coordinates":[[-79.9345681,40.4891771],[-79.9348065,40.4891816],[-79.9348779,40.48918],[-79.9349459,40.4891734],[-79.9350204,40.4891611],[-79.9350945,40.4891443],[-79.9351702,40.4891203],[-79.9356634,40.4889478],[-79.9358748,40.4888738],[-79.936422,40.4886802]]}},{"type":"Feature","id":null,"properties":{},"geometry":{"type":"LineString","coordinates":[[-79.9333248,40.4891534],[-79.9345681,40.4891771]]}},{"type":"Feature","id":null,"properties":{},"geometry":{"type":"LineString","coordinates":[[-79.924855,40.4889469],[-79.927052,40.4894508],[-79.9271544,40.4894711],[-79.9272668,40.4894894],[-79.9273801,40.4895024],[-79.9274971,40.4895106],[-79.9276171,40.4895154],[-79.9300481,40.4895844],[-79.9301662,40.4895836],[-79.9302695,40.4895778],[-79.9303708,40.489565],[-79.9304656,40.4895482],[-79.9305692,40.4895263],[-79.9308667,40.4894566]]}},{"type":"Feature","id":null,"properties":{},"geometry":{"type":"LineString","coordinates":[[-79.9308667,40.4894566],[-79.9316035,40.4892839],[-79.9320971,40.4891683],[-79.9321776,40.4891536],[-79.932255,40.4891439],[-79.9323385,40.489138],[-79.9324196,40.4891361],[-79.9332224,40.4891514],[-79.9333248,40.4891534]]}},{"type":"Feature","id":null,"properties":{},"geometry":{"type":"LineString","coordinates":[[-79.9371851,40.4886628],[-79.93796611986798,40.49107542330549]]}},{"type":"Feature","id":null,"properties":{},"geometry":{"type":"LineString","coordinates":[[-79.93805830474703,40.4910506571481],[-79.9374525,40.4891789]]}},{"type":"Feature","id":null,"properties":{},"geometry":{"type":"LineString","coordinates":[[-79.8966381,40.4924241],[-79.8956242,40.4922202]]}},{"type":"Feature","id":null,"properties":{},"geometry":{"type":"LineString","coordinates":[[-79.89692435121232,40.492486604947615],[-79.8966381,40.4924241]]}},{"type":"Feature","id":null,"properties":{},"geometry":{"type":"LineString","coordinates":[[-79.8965871,40.4925506],[-79.89691217110644,40.49261194672273]]}}]}