{"type":"FeatureCollection","features":[{"type":"Feature","id":null,"properties":{"bridge_name":"W&P Subdivision"},"geometry":{"type":"LineString","coordinates":[[-79.9375015,40.3778004],[-79.9372645,40.3780012]]}},{"type":"Feature","id":null,"properties":{"bridge_name":"Corley Street"},"geometry":{"type":"LineString","coordinates":[[-79.9347371,40.3799822],[-79.9346435,40.3798982]]}},{"type":"Feature","id":null,"properties":{"bridge_name":"Calera Street"},"geometry":{"type":"LineString","coordinates":[[-79.9329369,40.3829672],[-79.9329525,40.382837]]}},{"type":"Feature","id":null,"properties":{"bridge_name":"W&P Subdivision"},"geometry":{"type":"LineString","coordinates":[[-79.9321807,40.3832253],[-79.9321871,40.3833363]]}},{"type":"Feature","id":null,"properties":{"bridge_name":null},"geometry":{"type":"LineString","coordinates":[[-79.9314496,40.3832631],[-79.9314554,40.3833248]]}},{"type":"Feature","id":null,"properties":{"bridge_name":"Mifflin Road"},"geometry":{"type":"LineString","coordinates":[[-79.9332427,40.3849534],[-79.9330737,40.3847593],[-79.9328886,40.3845897],[-79.9326445,40.384416],[-79.9323951,40.3842771],[-79.931805,40.3839563]]}},{"type":"Feature","id":null,"properties":{"bridge_name":"Mifflin Road"},"geometry":{"type":"LineString","coordinates":[[-79.9318747,40.3840667],[-79.9322288,40.3842648],[-79.9325077,40.384416],[-79.9326821,40.3845304],[-79.9328752,40.3846694],[-79.9329798,40.3847654],[-79.9330817,40.3848839],[-79.9332185,40.3850616]]}},{"type":"Feature","id":null,"properties":{"bridge_name":null},"geometry":{"type":"LineString","coordinates":[[-79.9321254,40.3854539],[-79.9319658,40.3859126]]}},{"type":"Feature","id":null,"properties":{"bridge_name":"W&P Subdivision"},"geometry":{"type":"LineString","coordinates":[[-79.9320754,40.3857469],[-79.9319934,40.385996]]}},{"type":"Feature","id":null,"properties":{"bridge_name":"Ramp Street"},"geometry":{"type":"LineString","coordinates":[[-79.9324254,40.3866614],[-79.9322829,40.3866553]]}},{"type":"Feature","id":null,"properties":{"bridge_name":"Glass Run Road"},"geometry":{"type":"LineString","coordinates":[[-79.9376151,40.3895757],[-79.9379303,40.3895889]]}},{"type":"Feature","id":null,"properties":{"bridge_name":"Mifflin Road"},"geometry":{"type":"LineString","coordinates":[[-79.9341734,40.3898667],[-79.9340446,40.3895174]]}},{"type":"Feature","id":null,"properties":{"bridge_name":null},"geometry":{"type":"LineString","coordinates":[[-79.9343171,40.3915238],[-79.9344685,40.3916849]]}},{"type":"Feature","id":null,"properties":{"bridge_name":null},"geometry":{"type":"LineString","coordinates":[[-79.9342981,40.3915613],[-79.9344685,40.3916849]]}},{"type":"Feature","id":null,"properties":{"bridge_name":null},"geometry":{"type":"LineString","coordinates":[[-79.9340876,40.3925991],[-79.9328554,40.3928029]]}},{"type":"Feature","id":null,"properties":{"bridge_name":null},"geometry":{"type":"LineString","coordinates":[[-79.9332038,40.3928289],[-79.9340996,40.3926797]]}},{"type":"Feature","id":null,"properties":{"bridge_name":null},"geometry":{"type":"LineString","coordinates":[[-79.9332038,40.3928289],[-79.9334062,40.3928238],[-79.9335909,40.392851]]}},{"type":"Feature","id":null,"properties":{"bridge_name":null},"geometry":{"type":"LineString","coordinates":[[-79.9328511,40.3928871],[-79.9332038,40.3928289]]}},{"type":"Feature","id":null,"properties":{"bridge_name":"Glenwood Bridge"},"geometry":{"type":"LineString","coordinates":[[-79.9349131,40.3930096],[-79.9348882,40.3928176]]}},{"type":"Feature","id":null,"properties":{"bridge_name":null},"geometry":{"type":"LineString","coordinates":[[-79.9335909,40.392851],[-79.9344148,40.393026]]}},{"type":"Feature","id":null,"properties":{"bridge_name":null},"geometry":{"type":"LineString","coordinates":[[-79.9332208,40.3929067],[-79.9335959,40.3930024],[-79.9336211,40.3929382],[-79.9335628,40.3929246]]}},{"type":"Feature","id":null,"properties":{"bridge_name":"Glenwood Bridge"},"geometry":{"type":"LineString","coordinates":[[-79.9347842,40.3928512],[-79.9348118,40.3930587]]}},{"type":"Feature","id":null,"properties":{"bridge_name":null},"geometry":{"type":"LineString","coordinates":[[-79.9347125,40.3928902],[-79.9347527,40.3929801],[-79.9347835,40.3930728]]}},{"type":"Feature","id":null,"properties":{"bridge_name":null},"geometry":{"type":"LineString","coordinates":[[-79.9344112,40.3930828],[-79.934323,40.3930672],[-79.9340388,40.3930018],[-79.9336881,40.392929],[-79.9335699,40.3929028],[-79.9335628,40.3929246]]}},{"type":"Feature","id":null,"properties":{"bridge_name":null},"geometry":{"type":"LineString","coordinates":[[-79.93249481577338,40.3929391314157],[-79.9325158,40.3929351],[-79.9328511,40.3928871]]}},{"type":"Feature","id":null,"properties":{"bridge_name":null},"geometry":{"type":"LineString","coordinates":[[-79.9328511,40.3928871],[-79.9330469,40.3929055],[-79.9332038,40.3929412],[-79.9333781,40.393023],[-79.9336369,40.3931803]]}},{"type":"Feature","id":null,"properties":{"bridge_name":null},"geometry":{"type":"LineString","coordinates":[[-79.9333398,40.3930685],[-79.9333531,40.3931546],[-79.9333222,40.3931578],[-79.9333054,40.3930499],[-79.9332722,40.3930533],[-79.9332899,40.3931643],[-79.9332632,40.3931661],[-79.9332373,40.3930077],[-79.9332208,40.3929067]]}},{"type":"Feature","id":null,"properties":{"bridge_name":null},"geometry":{"type":"LineString","coordinates":[[-79.9332373,40.3930077],[-79.9331928,40.3930123],[-79.9332096,40.3931103],[-79.93317,40.3931134],[-79.9331526,40.3929969]]}},{"type":"Feature","id":null,"properties":{"bridge_name":null},"geometry":{"type":"LineString","coordinates":[[-79.9331526,40.3929969],[-79.9325088136472,40.393084053193924]]}},{"type":"Feature","id":null,"properties":{"bridge_name":null},"geometry":{"type":"LineString","coordinates":[[-79.9328554,40.3928029],[-79.93248727450785,40.39286212627631]]}},{"type":"Feature","id":null,"properties":{"bridge_name":"Mon Line"},"geometry":{"type":"LineString","coordinates":[[-79.9339156,40.3935845],[-79.9340041,40.3935935],[-79.9342237,40.3936135]]}},{"type":"Feature","id":null,"properties":{"bridge_name":"Mon Line"},"geometry":{"type":"LineString","coordinates":[[-79.9339137,40.3936245],[-79.9342607,40.3936533]]}},{"type":"Feature","id":null,"properties":{"bridge_name":"Mon Line"},"geometry":{"type":"LineString","coordinates":[[-79.9342237,40.3936135],[-79.9345876,40.3936543],[-79.9351099,40.3937152]]}},{"type":"Feature","id":null,"properties":{"bridge_name":null},"geometry":{"type":"LineString","coordinates":[[-79.933908,40.3936623],[-79.9339808,40.3936674],[-79.9342651,40.3936899]]}},{"type":"Feature","id":null,"properties":{"bridge_name":"Mon Line"},"geometry":{"type":"LineString","coordinates":[[-79.93255677092257,40.39358208430217],[-79.9326069,40.3935782],[-79.9328447,40.3935658],[-79.9330484,40.3935603],[-79.9332871,40.3935596],[-79.9334995,40.3935644],[-79.9337363,40.3935755],[-79.9339156,40.3935845]]}},{"type":"Feature","id":null,"properties":{"bridge_name":"Mon Line"},"geometry":{"type":"LineString","coordinates":[[-79.9342607,40.3936533],[-79.9346698,40.3936999],[-79.93512,40.3937522]]}},{"type":"Feature","id":null,"properties":{"bridge_name":null},"geometry":{"type":"LineString","coordinates":[[-79.9342651,40.3936899],[-79.9347077,40.393741],[-79.9350875,40.3937854]]}},{"type":"Feature","id":null,"properties":{"bridge_name":"Mon Line"},"geometry":{"type":"LineString","coordinates":[[-79.93256123290092,40.393630349086834],[-79.9327879,40.3936145],[-79.9330182,40.3936056],[-79.9332353,40.3936014],[-79.933444,40.3936049],[-79.9336918,40.3936116],[-79.9339137,40.3936245]]}},{"type":"Feature","id":null,"properties":{"bridge_name":null},"geometry":{"type":"LineString","coordinates":[[-79.93256580804052,40.3936764948914],[-79.9327041,40.3936633],[-79.9330608,40.393645],[-79.93338,40.3936409],[-79.9336107,40.393647],[-79.933836,40.3936572],[-79.933908,40.3936623]]}},{"type":"Feature","id":null,"properties":{"bridge_name":null},"geometry":{"type":"LineString","coordinates":[[-79.9351771,40.3938354],[-79.9347836,40.3937863]]}},{"type":"Feature","id":null,"properties":{"bridge_name":null},"geometry":{"type":"LineString","coordinates":[[-79.9350434,40.3935035],[-79.935057,40.3936216],[-79.9350957,40.3939256],[-79.9351658,40.3944819],[-79.9352469,40.3950989],[-79.9353327,40.395762],[-79.9354089,40.3963294],[-79.935496,40.3970155],[-79.9356314,40.3980488],[-79.9357475,40.3989357],[-79.9357898,40.3992682],[-79.9358177,40.3994321],[-79.9358443,40.3995435],[-79.9358757,40.399643],[-79.9359108,40.3997029]]}},{"type":"Feature","id":null,"properties":{"bridge_name":"Glenwood Bridge"},"geometry":{"type":"LineString","coordinates":[[-79.9358311,40.3997101],[-79.9357794,40.3995777],[-79.9357443,40.399381],[-79.935713,40.3991646],[-79.9356075,40.3983659],[-79.9353829,40.3965537],[-79.935201,40.3952202],[-79.9349874,40.3935081]]}},{"type":"Feature","id":null,"properties":{"bridge_name":"Glenwood Bridge"},"geometry":{"type":"LineString","coordinates":[[-79.934875,40.3935174],[-79.9351004,40.3952492],[-79.9352317,40.3962293],[-79.935506,40.3983694],[-79.9355428,40.3986453],[-79.935611,40.3991597],[-79.9356397,40.3993922],[-79.9356727,40.3995801],[-79.9357223,40.399718]]}},{"type":"Feature","id":null,"properties":{"bridge_name":null},"geometry":{"type":"LineString","coordinates":[[-79.9356422,40.3997287],[-79.9356192,40.3996614],[-79.935601,40.3995813],[-79.9355829,40.3994377],[-79.9355478,40.3991706],[-79.9354995,40.3987958],[-79.9354426,40.3983647],[-79.9353822,40.397908],[-79.9352963,40.3972679],[-79.935202,40.396544],[-79.9351209,40.3959021],[-79.9350339,40.395227],[-79.9349504,40.3945906],[-79.9348537,40.3938381],[-79.9348271,40.3936456],[-79.9348145,40.3935224]]}},{"type":"Feature","id":null,"properties":{"bridge_name":"W&P Subdivision"},"geometry":{"type":"LineString","coordinates":[[-79.93128904267125,40.3982874388092],[-79.9318235,40.3990383],[-79.9320077,40.3992448],[-79.9321615,40.3993633],[-79.9322832,40.3994424],[-79.9324232,40.3995155],[-79.9325795,40.3995812],[-79.9327472,40.3996316],[-79.9329124,40.3996679],[-79.9330679,40.3996924],[-79.9332262,40.3997037],[-79.9333819,40.3997076],[-79.9335574,40.3997021]]}},{"type":"Feature","id":null,"properties":{"bridge_name":"Homestead Grays Bridge"},"geometry":{"type":"LineString","coordinates":[[-79.9196834,40.411577],[-79.91857399343434,40.4107552462135]]}},{"type":"Feature","id":null,"properties":{"bridge_name":"Homestead Grays Bridge"},"geometry":{"type":"LineString","coordinates":[[-79.9207276,40.4123644],[-79.9196834,40.411577]]}},{"type":"Feature","id":null,"properties":{"bridge_name":null},"geometry":{"type":"LineString","coordinates":[[-79.9368751,40.4241771],[-79.9368693,40.4242808]]}},{"type":"Feature","id":null,"properties":{"bridge_name":null},"geometry":{"type":"LineString","coordinates":[[-79.9272044,40.4265633],[-79.9264349,40.4272346]]}},{"type":"Feature","id":null,"properties":{"bridge_name":"Murray Avenue"},"geometry":{"type":"LineString","coordinates":[[-79.9272967,40.4266175],[-79.9265107,40.4272708]]}},{"type":"Feature","id":null,"properties":{"bridge_name":null},"geometry":{"type":"LineString","coordinates":[[-79.9442588,40.4035942],[-79.9439495,40.4036438],[-79.9432984,40.4036879],[-79.9432719,40.4036927]]}},{"type":"Feature","id":null,"properties":{"bridge_name":null},"geometry":{"type":"LineString","coordinates":[[-79.9442687,40.4068686],[-79.9442724,40.4068807]]}},{"type":"Feature","id":null,"properties":{"bridge_name":null},"geometry":{"type":"LineString","coordinates":[[-79.9443638,40.4068661],[-79.9442724,40.4068807],[-79.94397,40.4069296]]}},{"type":"Feature","id":null,"properties":{"bridge_name":"West Elizabeth Street"},"geometry":{"type":"LineString","coordinates":[[-79.9439785,40.4069699],[-79.9442686,40.4069204],[-79.9443754,40.4069021]]}},{"type":"Feature","id":null,"properties":{"bridge_name":null},"geometry":{"type":"LineString","coordinates":[[-79.9439889,40.4070115],[-79.9443884,40.4069476]]}},{"type":"Feature","id":null,"properties":{"bridge_name":null},"geometry":{"type":"LineString","coordinates":[[-79.9508889,40.4100431],[-79.9508231,40.4096023]]}},{"type":"Feature","id":null,"properties":{"bridge_name":null},"geometry":{"type":"LineString","coordinates":[[-79.9507704,40.4096073],[-79.9508342,40.4100454]]}},{"type":"Feature","id":null,"properties":{"bridge_name":null},"geometry":{"type":"LineString","coordinates":[[-79.9482832,40.4188728],[-79.9485693,40.4187864]]}},{"type":"Feature","id":null,"properties":{"bridge_name":null},"geometry":{"type":"LineString","coordinates":[[-79.9512038,40.4184725],[-79.9511803,40.4185784],[-79.9511434,40.4186931],[-79.9510878,40.418814],[-79.9510196,40.418923],[-79.9509403,40.4190342],[-79.9508572,40.4191319],[-79.950796,40.419198]]}},{"type":"Feature","id":null,"properties":{"bridge_name":null},"geometry":{"type":"LineString","coordinates":[[-79.9508408,40.4192226],[-79.9509152,40.4191483],[-79.9509662,40.4190872],[-79.9510274,40.4190129],[-79.9510813,40.4189241],[-79.9511469,40.4187921],[-79.9511877,40.4186978],[-79.95123,40.4185513]]}},{"type":"Feature","id":null,"properties":{"bridge_name":null},"geometry":{"type":"LineString","coordinates":[[-79.920854,40.4123611],[-79.9206019,40.4121727],[-79.92004,40.4117553],[-79.9194751,40.4113379],[-79.9187781,40.4108152],[-79.91863298189844,40.410703349258746]]}},{"type":"Feature","id":null,"properties":{"bridge_name":null},"geometry":{"type":"LineString","coordinates":[[-79.9207166,40.4124569],[-79.9205081,40.4123045],[-79.9198472,40.4118194],[-79.91850739554579,40.41081411192533]]}},{"type":"Feature","id":null,"properties":{"bridge_name":null},"geometry":{"type":"LineString","coordinates":[[-79.9158083,40.4151224],[-79.9155698,40.4152472]]}},{"type":"Feature","id":null,"properties":{"bridge_name":null},"geometry":{"type":"LineString","coordinates":[[-79.9156002,40.4152751],[-79.9158327,40.4151563]]}},{"type":"Feature","id":null,"properties":{"bridge_name":null},"geometry":{"type":"LineString","coordinates":[[-79.9155825,40.4153786],[-79.9158678,40.4152136],[-79.9161219,40.4150573]]}},{"type":"Feature","id":null,"properties":{"bridge_name":"Glenwood Running Track"},"geometry":{"type":"LineString","coordinates":[[-79.9156088,40.4154037],[-79.9158712,40.4152564],[-79.9161397,40.4150905]]}},{"type":"Feature","id":null,"properties":{"bridge_name":"P&W Subdivision"},"geometry":{"type":"LineString","coordinates":[[-79.915638,40.4154304],[-79.9159273,40.4152663],[-79.9161823,40.4151237]]}},{"type":"Feature","id":null,"properties":{"bridge_name":"McFarren Street"},"geometry":{"type":"LineString","coordinates":[[-79.9166473,40.4154077],[-79.916162,40.415579]]}},{"type":"Feature","id":null,"properties":{"bridge_name":null},"geometry":{"type":"LineString","coordinates":[[-79.9166769,40.4154386],[-79.9160977,40.4156435]]}},{"type":"Feature","id":null,"properties":{"bridge_name":"Nine Mile Run Trail"},"geometry":{"type":"LineString","coordinates":[[-79.9125313,40.4196126],[-79.9128528,40.4197274]]}},{"type":"Feature","id":null,"properties":{"bridge_name":"Penn-Lincoln Parkway East"},"geometry":{"type":"LineString","coordinates":[[-79.9077782,40.425446],[-79.9046923,40.4256065]]}},{"type":"Feature","id":null,"properties":{"bridge_name":"Penn-Lincoln Parkway East"},"geometry":{"type":"LineString","coordinates":[[-79.9046994,40.4256857],[-79.90771,40.4255291],[-79.9077853,40.4255252]]}},{"type":"Feature","id":null,"properties":{"bridge_name":"Penn-Lincoln Parkway East"},"geometry":{"type":"LineString","coordinates":[[-79.8928272,40.4264878],[-79.8926406,40.4265484],[-79.8924556,40.4266145],[-79.8922743,40.4266843]]}},{"type":"Feature","id":null,"properties":{"bridge_name":"Penn-Lincoln Parkway East"},"geometry":{"type":"LineString","coordinates":[[-79.8922292,40.4267932],[-79.8924124,40.4267195],[-79.892599,40.4266505],[-79.892785,40.4265897]]}},{"type":"Feature","id":null,"properties":{"bridge_name":null},"geometry":{"type":"LineString","coordinates":[[-79.892179,40.4269144],[-79.8922455,40.426878],[-79.8923146,40.4268443],[-79.8923971,40.4268098],[-79.8925593,40.4267478],[-79.8927473,40.4266806]]}},{"type":"Feature","id":null,"properties":{"bridge_name":"Penn-Lincoln Parkway East"},"geometry":{"type":"LineString","coordinates":[[-79.89125,40.427179],[-79.8910858,40.4272779],[-79.8910482888962,40.42730175436661]]}},{"type":"Feature","id":null,"properties":{"bridge_name":"Penn-Lincoln Parkway East"},"geometry":{"type":"LineString","coordinates":[[-79.89111364430747,40.42736364735645],[-79.8911516,40.4273395],[-79.8912945,40.4272535]]}},{"type":"Feature","id":null,"properties":{"bridge_name":"Iron Gate Trail"},"geometry":{"type":"LineString","coordinates":[[-79.9055949,40.4276672],[-79.9055728,40.4276231]]}},{"type":"Feature","id":null,"properties":{"bridge_name":null},"geometry":{"type":"LineString","coordinates":[[-79.9004512,40.4277565],[-79.9003534,40.4277007]]}},{"type":"Feature","id":null,"properties":{"bridge_name":null},"geometry":{"type":"LineString","coordinates":[[-79.89147675384375,40.4275618278306],[-79.8914784,40.4275605]]}},{"type":"Feature","id":null,"properties":{"bridge_name":null},"geometry":{"type":"LineString","coordinates":[[-79.926575,40.4273292],[-79.9273505,40.4266617]]}},{"type":"Feature","id":null,"properties":{"bridge_name":null},"geometry":{"type":"LineString","coordinates":[[-79.9278031,40.427609],[-79.927891,40.4275672]]}},{"type":"Feature","id":null,"properties":{"bridge_name":"Forward Avenue"},"geometry":{"type":"LineString","coordinates":[[-79.927849,40.4276433],[-79.9279387,40.4276029]]}},{"type":"Feature","id":null,"properties":{"bridge_name":null},"geometry":{"type":"LineString","coordinates":[[-79.937023,40.4274689],[-79.9370207,40.4275222],[-79.9369821,40.4276373],[-79.9369395,40.4277278],[-79.936886,40.427804],[-79.9368162,40.4278957],[-79.9366868,40.428011],[-79.9365726,40.4280963],[-79.9364463,40.4281692],[-79.9362553,40.4282335],[-79.9360493,40.4282794],[-79.9354399,40.4283718]]}},{"type":"Feature","id":null,"properties":{"bridge_name":"Penn-Lincoln Parkway East"},"geometry":{"type":"LineString","coordinates":[[-79.9271737,40.4280738],[-79.926911,40.4280245],[-79.9268415,40.4280114]]}},{"type":"Feature","id":null,"properties":{"bridge_name":null},"geometry":{"type":"LineString","coordinates":[[-79.9268843,40.428107],[-79.9267005,40.4280757]]}},{"type":"Feature","id":null,"properties":{"bridge_name":null},"geometry":{"type":"LineString","coordinates":[[-79.926911,40.4280245],[-79.9268843,40.428107],[-79.9268575,40.4281902]]}},{"type":"Feature","id":null,"properties":{"bridge_name":"Penn-Lincoln Parkway East"},"geometry":{"type":"LineString","coordinates":[[-79.9265553,40.4281419],[-79.9268575,40.4281902],[-79.9269026,40.4281974]]}},{"type":"Feature","id":null,"properties":{"bridge_name":null},"geometry":{"type":"LineString","coordinates":[[-79.9296144,40.4285012],[-79.9294551,40.4284148]]}},{"type":"Feature","id":null,"properties":{"bridge_name":null},"geometry":{"type":"LineString","coordinates":[[-79.9296144,40.4285012],[-79.9295986,40.4284606],[-79.9295937,40.4284296]]}},{"type":"Feature","id":null,"properties":{"bridge_name":"Penn-Lincoln Parkway East"},"geometry":{"type":"LineString","coordinates":[[-79.9509702,40.4273744],[-79.9507444,40.4274157],[-79.9505357,40.4274608],[-79.9475068,40.4282213]]}},{"type":"Feature","id":null,"properties":{"bridge_name":"Penn-Lincoln Parkway East"},"geometry":{"type":"LineString","coordinates":[[-79.947553,40.4283279],[-79.9503008,40.4276379]]}},{"type":"Feature","id":null,"properties":{"bridge_name":null},"geometry":{"type":"LineString","coordinates":[[-79.9376933,40.429126],[-79.9383271,40.4279386]]}},{"type":"Feature","id":null,"properties":{"bridge_name":"P&W Subdivision"},"geometry":{"type":"LineString","coordinates":[[-79.9496002,40.4293097],[-79.9496133,40.4291088],[-79.9496534,40.4288954]]}},{"type":"Feature","id":null,"properties":{"bridge_name":"P&W Subdivision"},"geometry":{"type":"LineString","coordinates":[[-79.9496448,40.4294027],[-79.949646,40.4292566],[-79.9496596,40.4291247],[-79.9496887,40.4289756]]}},{"type":"Feature","id":null,"properties":{"bridge_name":"Penn-Lincoln Parkway East"},"geometry":{"type":"LineString","coordinates":[[-79.9434573,40.4291747],[-79.9432196,40.4292013],[-79.9429792,40.4292223],[-79.9427361,40.4292372],[-79.9424957,40.4292441],[-79.9422553,40.4292439]]}},{"type":"Feature","id":null,"properties":{"bridge_name":"Penn-Lincoln Parkway East"},"geometry":{"type":"LineString","coordinates":[[-79.941997,40.4293508],[-79.9422454,40.4293607],[-79.9424931,40.4293587],[-79.9427411,40.4293531],[-79.9429871,40.429338],[-79.9432351,40.4293149],[-79.9434811,40.4292855]]}},{"type":"Feature","id":null,"properties":{"bridge_name":"Bridle Trail"},"geometry":{"type":"LineString","coordinates":[[-79.94844,40.4314797],[-79.9483885,40.4315842],[-79.9483799,40.4316495]]}},{"type":"Feature","id":null,"properties":{"bridge_name":"Bridle Trail"},"geometry":{"type":"LineString","coordinates":[[-79.947616,40.433028],[-79.9474787,40.4331456]]}},{"type":"Feature","id":null,"properties":{"bridge_name":null},"geometry":{"type":"LineString","coordinates":[[-79.9486127,40.4345118],[-79.9493607,40.4344191],[-79.9499431,40.4343499],[-79.9514479,40.4341824],[-79.9516591,40.4341501]]}},{"type":"Feature","id":null,"properties":{"bridge_name":"Stewart Avenue"},"geometry":{"type":"LineString","coordinates":[[-79.9934149,40.3783906],[-79.9932044,40.3784856]]}},{"type":"Feature","id":null,"properties":{"bridge_name":null},"geometry":{"type":"LineString","coordinates":[[-79.9936685,40.3790962],[-79.9935964,40.3790115]]}},{"type":"Feature","id":null,"properties":{"bridge_name":"Saw Mill Run Boulevard"},"geometry":{"type":"LineString","coordinates":[[-79.9936419,40.3791377],[-79.9935706,40.3790512]]}},{"type":"Feature","id":null,"properties":{"bridge_name":"Saw Mill Run Boulevard"},"geometry":{"type":"LineString","coordinates":[[-79.9935187,40.379131],[-79.9935929,40.3792141]]}},{"type":"Feature","id":null,"properties":{"bridge_name":null},"geometry":{"type":"LineString","coordinates":[[-79.994541,40.3810575],[-79.9946361,40.3813039]]}},{"type":"Feature","id":null,"properties":{"bridge_name":"Saw Mill Run Boulevard"},"geometry":{"type":"LineString","coordinates":[[-79.9953064,40.3812202],[-79.9953802,40.3813001]]}},{"type":"Feature","id":null,"properties":{"bridge_name":"Saw Mill Run Boulevard"},"geometry":{"type":"LineString","coordinates":[[-79.9954847,40.3813156],[-79.995415,40.3812349]]}},{"type":"Feature","id":null,"properties":{"bridge_name":null},"geometry":{"type":"LineString","coordinates":[[-79.9954819,40.381244],[-79.9955554,40.3813261]]}},{"type":"Feature","id":null,"properties":{"bridge_name":"Overbrook Line"},"geometry":{"type":"LineString","coordinates":[[-79.9972839,40.3828064],[-79.9970786,40.3829279]]}},{"type":"Feature","id":null,"properties":{"bridge_name":"Overbrook Line"},"geometry":{"type":"LineString","coordinates":[[-79.9971132,40.3829638],[-79.9973189,40.3828409]]}},{"type":"Feature","id":null,"properties":{"bridge_name":"Bajo Street"},"geometry":{"type":"LineString","coordinates":[[-79.9636909,40.4096754],[-79.9635967,40.4097166]]}},{"type":"Feature","id":null,"properties":{"bridge_name":"Bajo Street"},"geometry":{"type":"LineString","coordinates":[[-79.9628064,40.4097337],[-79.9625894,40.4096846]]}},{"type":"Feature","id":null,"properties":{"bridge_name":"Mon Line"},"geometry":{"type":"LineString","coordinates":[[-79.95589469277841,40.410475230722156],[-79.9560118,40.4108091],[-79.9560654,40.4109784],[-79.9561153,40.4111491],[-79.956157,40.4113122],[-79.9561897,40.4114622],[-79.9562178,40.4116273],[-79.9562369,40.4117648]]}},{"type":"Feature","id":null,"properties":{"bridge_name":"Mon Line"},"geometry":{"type":"LineString","coordinates":[[-79.9558436789213,40.410482109181565],[-79.9559629,40.4108212],[-79.9560187,40.4109875],[-79.9560704,40.4111595],[-79.9561102,40.411321],[-79.956143,40.4114725],[-79.9561693,40.4116301],[-79.9561873,40.4117717]]}},{"type":"Feature","id":null,"properties":{"bridge_name":null},"geometry":{"type":"LineString","coordinates":[[-79.956133,40.4117797],[-79.9560879,40.4115147],[-79.9560385,40.4112709],[-79.955944,40.4109944],[-79.9558279,40.4106443],[-79.95577315276599,40.41049742078107]]}},{"type":"Feature","id":null,"properties":{"bridge_name":"Eads Street"},"geometry":{"type":"LineString","coordinates":[[-79.9690091,40.4122767],[-79.9689658,40.4123531]]}},{"type":"Feature","id":null,"properties":{"bridge_name":"Eisel Street"},"geometry":{"type":"LineString","coordinates":[[-79.9684509,40.4123848],[-79.9684389,40.4123044]]}},{"type":"Feature","id":null,"properties":{"bridge_name":null},"geometry":{"type":"LineString","coordinates":[[-79.9648741,40.423522],[-79.9650554,40.4236289]]}},{"type":"Feature","id":null,"properties":{"bridge_name":"Mon Line"},"geometry":{"type":"LineString","coordinates":[[-79.9648418,40.4235465],[-79.9650317,40.4236555]]}},{"type":"Feature","id":null,"properties":{"bridge_name":"Mon Line"},"geometry":{"type":"LineString","coordinates":[[-79.9648124,40.4235726],[-79.9650035,40.423682]]}},{"type":"Feature","id":null,"properties":{"bridge_name":"Fritz Street"},"geometry":{"type":"LineString","coordinates":[[-79.9885601,40.4232607],[-79.9885895,40.4231258]]}},{"type":"Feature","id":null,"properties":{"bridge_name":"Mission Street"},"geometry":{"type":"LineString","coordinates":[[-79.9747144,40.4232416],[-79.973905,40.4232033]]}},{"type":"Feature","id":null,"properties":{"bridge_name":null},"geometry":{"type":"LineString","coordinates":[[-79.9739019,40.4232396],[-79.9747088,40.4232854]]}},{"type":"Feature","id":null,"properties":{"bridge_name":"Mission Street"},"geometry":{"type":"LineString","coordinates":[[-79.9775935,40.4237597],[-79.9761273,40.423434]]}},{"type":"Feature","id":null,"properties":{"bridge_name":null},"geometry":{"type":"LineString","coordinates":[[-79.9761154,40.4234675],[-79.9774751,40.4237749]]}},{"type":"Feature","id":null,"properties":{"bridge_name":"Mon Line"},"geometry":{"type":"LineString","coordinates":[[-79.9748584,40.4249756],[-79.975092,40.4249908]]}},{"type":"Feature","id":null,"properties":{"bridge_name":"Mon Line"},"geometry":{"type":"LineString","coordinates":[[-79.9748551,40.4250137],[-79.9750893,40.4250271]]}},{"type":"Feature","id":null,"properties":{"bridge_name":"Mon Line"},"geometry":{"type":"LineString","coordinates":[[-79.9764533,40.425071],[-79.9767619,40.4250894]]}},{"type":"Feature","id":null,"properties":{"bridge_name":"Mon Line"},"geometry":{"type":"LineString","coordinates":[[-79.9764498,40.4251065],[-79.976759,40.4251257]]}},{"type":"Feature","id":null,"properties":{"bridge_name":null},"geometry":{"type":"LineString","coordinates":[[-79.9748423,40.4251884],[-79.9750745,40.4252007]]}},{"type":"Feature","id":null,"properties":{"bridge_name":null},"geometry":{"type":"LineString","coordinates":[[-79.9647814,40.423602],[-79.9649784,40.4237135]]}},{"type":"Feature","id":null,"properties":{"bridge_name":"Mon Line"},"geometry":{"type":"LineString","coordinates":[[-79.9682696,40.4243831],[-79.9684914,40.4244098]]}},{"type":"Feature","id":null,"properties":{"bridge_name":"Mon Line"},"geometry":{"type":"LineString","coordinates":[[-79.9682556,40.4244185],[-79.9684742,40.4244454]]}},{"type":"Feature","id":null,"properties":{"bridge_name":null},"geometry":{"type":"LineString","coordinates":[[-79.9696497,40.4245063],[-79.969891,40.4245332]]}},{"type":"Feature","id":null,"properties":{"bridge_name":"Mon Line"},"geometry":{"type":"LineString","coordinates":[[-79.9696347,40.4245387],[-79.9698752,40.4245656]]}},{"type":"Feature","id":null,"properties":{"bridge_name":"Mon Line"},"geometry":{"type":"LineString","coordinates":[[-79.9696182,40.4245743],[-79.969858,40.4246008]]}},{"type":"Feature","id":null,"properties":{"bridge_name":null},"geometry":{"type":"LineString","coordinates":[[-79.9696029,40.4246073],[-79.9698414,40.424635]]}},{"type":"Feature","id":null,"properties":{"bridge_name":"Mon Line"},"geometry":{"type":"LineString","coordinates":[[-79.9720018,40.4248023],[-79.9722381,40.4248235]]}},{"type":"Feature","id":null,"properties":{"bridge_name":"Mon Line"},"geometry":{"type":"LineString","coordinates":[[-79.9719908,40.4248382],[-79.9722285,40.4248587]]}},{"type":"Feature","id":null,"properties":{"bridge_name":"Mon Line"},"geometry":{"type":"LineString","coordinates":[[-79.9732692,40.4248831],[-79.9735081,40.4248984]]}},{"type":"Feature","id":null,"properties":{"bridge_name":"P&W Subdivision"},"geometry":{"type":"LineString","coordinates":[[-79.9523078,40.4248966],[-79.9523056,40.4248645],[-79.9522999,40.4247811]]}},{"type":"Feature","id":null,"properties":{"bridge_name":"P&W Subdivision"},"geometry":{"type":"LineString","coordinates":[[-79.9522544,40.4250189],[-79.9522561,40.4249021],[-79.95225,40.4247905]]}},{"type":"Feature","id":null,"properties":{"bridge_name":null},"geometry":{"type":"LineString","coordinates":[[-79.9528332,40.4250283],[-79.9526429,40.4247838]]}},{"type":"Feature","id":null,"properties":{"bridge_name":null},"geometry":{"type":"LineString","coordinates":[[-79.9528212,40.4250282],[-79.9526284,40.424784]]}},{"type":"Feature","id":null,"properties":{"bridge_name":"P&W Subdivision"},"geometry":{"type":"LineString","coordinates":[[-79.9523071,40.4250172],[-79.9523078,40.4248966]]}},{"type":"Feature","id":null,"properties":{"bridge_name":"Eliza Furnace Trail"},"geometry":{"type":"LineString","coordinates":[[-79.9535362,40.4259408],[-79.9536596,40.4260837]]}},{"type":"Feature","id":null,"properties":{"bridge_name":"Eliza Furnace Trail"},"geometry":{"type":"LineString","coordinates":[[-79.9533404,40.4260653],[-79.953547,40.4261511]]}},{"type":"Feature","id":null,"properties":{"bridge_name":null},"geometry":{"type":"LineString","coordinates":[[-79.9500113,40.425801],[-79.9509322,40.4272766]]}},{"type":"Feature","id":null,"properties":{"bridge_name":"Frazier Street"},"geometry":{"type":"LineString","coordinates":[[-79.9499353,40.4258199],[-79.9508453,40.4272721]]}},{"type":"Feature","id":null,"properties":{"bridge_name":"Penn-Lincoln Parkway East"},"geometry":{"type":"LineString","coordinates":[[-79.9503008,40.4276379],[-79.9505789,40.4275681],[-79.9507526,40.4275303],[-79.9509267,40.4274978]]}},{"type":"Feature","id":null,"properties":{"bridge_name":null},"geometry":{"type":"LineString","coordinates":[[-79.9748399,40.4252241],[-79.9750713,40.4252368]]}},{"type":"Feature","id":null,"properties":{"bridge_name":null},"geometry":{"type":"LineString","coordinates":[[-79.976435,40.4252788],[-79.9767333,40.425301]]}},{"type":"Feature","id":null,"properties":{"bridge_name":"Mon Line"},"geometry":{"type":"LineString","coordinates":[[-79.9807833,40.4253237],[-79.981013,40.425337]]}},{"type":"Feature","id":null,"properties":{"bridge_name":"Mon Line"},"geometry":{"type":"LineString","coordinates":[[-79.9807815,40.4253617],[-79.9810086,40.4253738]]}},{"type":"Feature","id":null,"properties":{"bridge_name":"South 15th Street Stairs"},"geometry":{"type":"LineString","coordinates":[[-79.9835505,40.4256002],[-79.9835905,40.425306]]}},{"type":"Feature","id":null,"properties":{"bridge_name":null},"geometry":{"type":"LineString","coordinates":[[-79.9807739,40.4255724],[-79.9809826,40.4255798]]}},{"type":"Feature","id":null,"properties":{"bridge_name":null},"geometry":{"type":"LineString","coordinates":[[-79.9855134,40.4257434],[-79.9855495,40.4255404]]}},{"type":"Feature","id":null,"properties":{"bridge_name":"Brosville Street"},"geometry":{"type":"LineString","coordinates":[[-79.9856091,40.4255468],[-79.9855786,40.4257496]]}},{"type":"Feature","id":null,"properties":{"bridge_name":null},"geometry":{"type":"LineString","coordinates":[[-79.9885978,40.4264858],[-79.9887102,40.426283]]}},{"type":"Feature","id":null,"properties":{"bridge_name":"P J McArdle Roadway"},"geometry":{"type":"LineString","coordinates":[[-79.9932914,40.4277323],[-79.992443,40.4278215],[-79.9922606,40.4278133],[-79.9920299,40.4277643],[-79.9913862,40.4275397]]}},{"type":"Feature","id":null,"properties":{"bridge_name":"Mon Line"},"geometry":{"type":"LineString","coordinates":[[-79.9732657,40.4249208],[-79.9735035,40.424934]]}},{"type":"Feature","id":null,"properties":{"bridge_name":"Great Allegheny Passage"},"geometry":{"type":"LineString","coordinates":[[-79.9621195,40.4275494],[-79.9621229,40.4275474],[-79.9622873,40.42745]]}},{"type":"Feature","id":null,"properties":{"bridge_name":"Great Allegheny Passage"},"geometry":{"type":"LineString","coordinates":[[-79.9621229,40.4275474],[-79.9621373,40.4275612]]}},{"type":"Feature","id":null,"properties":{"bridge_name":null},"geometry":{"type":"LineString","coordinates":[[-79.9620994,40.4275615],[-79.9621134,40.4275754]]}},{"type":"Feature","id":null,"properties":{"bridge_name":null},"geometry":{"type":"LineString","coordinates":[[-79.9621138,40.4276729],[-79.9621698,40.4276419],[-79.9621704,40.4276319],[-79.9621134,40.4275754]]}},{"type":"Feature","id":null,"properties":{"bridge_name":null},"geometry":{"type":"LineString","coordinates":[[-79.9674049,40.427566],[-79.9673479,40.4276877]]}},{"type":"Feature","id":null,"properties":{"bridge_name":"Great Allegheny Passage"},"geometry":{"type":"LineString","coordinates":[[-79.9617939,40.4277632],[-79.9617821,40.4277516],[-79.9620994,40.4275615],[-79.9621195,40.4275494]]}},{"type":"Feature","id":null,"properties":{"bridge_name":"Great Allegheny Passage"},"geometry":{"type":"LineString","coordinates":[[-79.9617504,40.4277639],[-79.962093,40.4275605],[-79.9621329,40.4276001],[-79.9618194,40.4277882],[-79.9617939,40.4277632]]}},{"type":"Feature","id":null,"properties":{"bridge_name":"Hot Metal Street"},"geometry":{"type":"LineString","coordinates":[[-79.9620438,40.427496],[-79.9617862,40.4276448],[-79.961671,40.4277119],[-79.9616544,40.4277216],[-79.9612947,40.4279275],[-79.9612454,40.4279558],[-79.9607195,40.4282583],[-79.9606724,40.4282854],[-79.9597811,40.428798],[-79.9597344,40.4288246],[-79.9593882,40.429024],[-79.9593569,40.429042],[-79.9589126,40.4292955]]}},{"type":"Feature","id":null,"properties":{"bridge_name":"Hot Metal Bike/Pedestrian Bridge"},"geometry":{"type":"LineString","coordinates":[[-79.9617504,40.4277639],[-79.9617395,40.4277699],[-79.9617228,40.4277796],[-79.9613612,40.4279869],[-79.9613125,40.4280149],[-79.9607876,40.4283172],[-79.9607428,40.428343],[-79.9598546,40.4288545],[-79.9598086,40.4288806],[-79.9594587,40.4290825],[-79.9594272,40.4291006],[-79.9589815,40.4293554]]}},{"type":"Feature","id":null,"properties":{"bridge_name":null},"geometry":{"type":"LineString","coordinates":[[-79.9640754,40.4290401],[-79.9641296,40.4290719]]}},{"type":"Feature","id":null,"properties":{"bridge_name":null},"geometry":{"type":"LineString","coordinates":[[-79.9644335,40.4292483],[-79.9644904,40.4292786]]}},{"type":"Feature","id":null,"properties":{"bridge_name":null},"geometry":{"type":"LineString","coordinates":[[-79.9647085,40.4294062],[-79.9647633,40.4294381]]}},{"type":"Feature","id":null,"properties":{"bridge_name":"Great Allegheny Passage"},"geometry":{"type":"LineString","coordinates":[[-79.9583882,40.4297063],[-79.9577276,40.430099]]}},{"type":"Feature","id":null,"properties":{"bridge_name":null},"geometry":{"type":"LineString","coordinates":[[-79.9577276,40.430099],[-79.9575706,40.4299479]]}},{"type":"Feature","id":null,"properties":{"bridge_name":"Great Allegheny Passage"},"geometry":{"type":"LineString","coordinates":[[-79.9578979,40.4302585],[-79.9577276,40.430099]]}},{"type":"Feature","id":null,"properties":{"bridge_name":null},"geometry":{"type":"LineString","coordinates":[[-79.9669997,40.4301641],[-79.96696,40.4302633]]}},{"type":"Feature","id":null,"properties":{"bridge_name":"Birmingham Bridge"},"geometry":{"type":"LineString","coordinates":[[-79.9734172,40.4299454],[-79.973446,40.4300686],[-79.9736293,40.4307909],[-79.9737123,40.4312278]]}},{"type":"Feature","id":null,"properties":{"bridge_name":"Eliza Furnace Trail"},"geometry":{"type":"LineString","coordinates":[[-79.9589422,40.4312939],[-79.9592184,40.4314745]]}},{"type":"Feature","id":null,"properties":{"bridge_name":"Penn-Lincoln Parkway East"},"geometry":{"type":"LineString","coordinates":[[-79.959164,40.4316971],[-79.9589886,40.4315814],[-79.9588169,40.4314628],[-79.9586513,40.4313406]]}},{"type":"Feature","id":null,"properties":{"bridge_name":null},"geometry":{"type":"LineString","coordinates":[[-79.9934012,40.4277807],[-79.9932995,40.4277857],[-79.9930958,40.427806],[-79.9925668,40.4278588],[-79.9925236,40.427862],[-79.9924178,40.4278695],[-79.9922732,40.4278667],[-79.992164,40.4278515],[-79.992015,40.4278178],[-79.9918025,40.4277425],[-79.9914535,40.4276123],[-79.9913502,40.4275745]]}},{"type":"Feature","id":null,"properties":{"bridge_name":null},"geometry":{"type":"LineString","coordinates":[[-79.9737974,40.4300822],[-79.9737994,40.4301856],[-79.9738041,40.4302892],[-79.9738155,40.4303931],[-79.9738287,40.4304858],[-79.9738303,40.4304967]]}},{"type":"Feature","id":null,"properties":{"bridge_name":null},"geometry":{"type":"LineString","coordinates":[[-79.9738421,40.4303813],[-79.9738548,40.4304831],[-79.9738562,40.430494]]}},{"type":"Feature","id":null,"properties":{"bridge_name":null},"geometry":{"type":"LineString","coordinates":[[-79.9738562,40.430494],[-79.9738303,40.4304967]]}},{"type":"Feature","id":null,"properties":{"bridge_name":"Birmingham Bridge"},"geometry":{"type":"LineString","coordinates":[[-79.9734764,40.4338563],[-79.9738564,40.4319683],[-79.9738756,40.431852],[-79.9738909,40.4317291],[-79.9738986,40.4316062],[-79.9738965,40.4314768],[-79.9738868,40.431342],[-79.9738693,40.4312119],[-79.9738354,40.4310547],[-79.973585,40.4300921],[-79.9735545,40.4299532]]}},{"type":"Feature","id":null,"properties":{"bridge_name":null},"geometry":{"type":"LineString","coordinates":[[-79.9887537,40.4305417],[-79.988755,40.4305635],[-79.9887785,40.4307124],[-79.9888006,40.4307968],[-79.9888802,40.431056],[-79.9889767,40.4313757],[-79.9890289,40.4315604],[-79.9890524,40.4316021],[-79.9890602,40.4316637],[-79.9891828,40.4320688],[-79.9893302,40.4325652],[-79.9894502,40.4329653],[-79.9895937,40.4334509],[-79.9896224,40.4335224],[-79.989642,40.4335819],[-79.9896433,40.4336187],[-79.9898024,40.4341558],[-79.9898421,40.434286],[-79.9898546,40.4343271]]}},{"type":"Feature","id":null,"properties":{"bridge_name":"South 10th Street Bridge"},"geometry":{"type":"LineString","coordinates":[[-79.9897584,40.4343377],[-79.9897478,40.4343024],[-79.9887215,40.4308859],[-79.9886785,40.4307083],[-79.9886544,40.430549]]}},{"type":"Feature","id":null,"properties":{"bridge_name":null},"geometry":{"type":"LineString","coordinates":[[-79.9896707,40.4343524],[-79.989661,40.4343175],[-79.9895924,40.4340714],[-79.9895024,40.4337666],[-79.9894359,40.433569],[-79.9894281,40.4335303],[-79.9892467,40.4329187],[-79.9891254,40.4325126],[-79.9889911,40.4320618],[-79.9888828,40.4317044],[-79.9888672,40.4316706],[-79.9888476,40.431611],[-79.9888502,40.4315852],[-79.9887824,40.4313559],[-79.9886754,40.4310004],[-79.9886545,40.4309339],[-79.9886024,40.4307561],[-79.9885854,40.4306588],[-79.9885737,40.4305506]]}},{"type":"Feature","id":null,"properties":{"bridge_name":"Penn-Lincoln Parkway East"},"geometry":{"type":"LineString","coordinates":[[-79.9886421,40.4345585],[-79.9889304,40.4345289],[-79.9892027,40.4344942],[-79.9895594,40.4344406],[-79.9899038,40.43438],[-79.9910125,40.4341589],[-79.9912137,40.4341226],[-79.9914249,40.4340915],[-79.9916341,40.4340675],[-79.991844,40.4340481],[-79.9920572,40.4340338],[-79.9922738,40.4340303],[-79.9925451,40.434032],[-79.9928241,40.4340414],[-79.9937689,40.4341008]]}},{"type":"Feature","id":null,"properties":{"bridge_name":"Penn-Lincoln Parkway East"},"geometry":{"type":"LineString","coordinates":[[-79.9875756,40.4346296],[-79.9883538,40.4345815],[-79.9886421,40.4345585]]}},{"type":"Feature","id":null,"properties":{"bridge_name":"Penn-Lincoln Parkway East"},"geometry":{"type":"LineString","coordinates":[[-79.9585474,40.4314204],[-79.958716,40.4315447],[-79.9588908,40.4316655],[-79.9590716,40.4317846]]}},{"type":"Feature","id":null,"properties":{"bridge_name":"Birmingham Bridge"},"geometry":{"type":"LineString","coordinates":[[-79.9737123,40.4312278],[-79.973729,40.4313514],[-79.9737383,40.4314808],[-79.9737403,40.431604],[-79.973733,40.4317205],[-79.9737183,40.4318388],[-79.9736996,40.4319517],[-79.9733286,40.4337951]]}},{"type":"Feature","id":null,"properties":{"bridge_name":null},"geometry":{"type":"LineString","coordinates":[[-79.9590296,40.4324752],[-79.9588549,40.4325536]]}},{"type":"Feature","id":null,"properties":{"bridge_name":null},"geometry":{"type":"LineString","coordinates":[[-79.9738303,40.4304967],[-79.9738554,40.4306381],[-79.97387,40.4307085],[-79.9739558,40.4310381],[-79.9739906,40.4311996],[-79.9740088,40.4313347],[-79.9740188,40.4314737],[-79.974021,40.4316078],[-79.9740129,40.4317357],[-79.9739972,40.4318622],[-79.973976,40.4319811],[-79.9738974,40.4323611],[-79.9739131,40.4323738],[-79.9736115,40.4338721],[-79.9735644,40.4341062],[-79.9735411,40.434189],[-79.9735035,40.4347209],[-79.9732079,40.4361789],[-79.9731926,40.4362792],[-79.9731868,40.4363632],[-79.9731875,40.4364491],[-79.9731914,40.4365265],[-79.9732004,40.4366016],[-79.9732147,40.4366826],[-79.9732351,40.4367765],[-79.9732682,40.4369022]]}},{"type":"Feature","id":null,"properties":{"bridge_name":"Birmingham Bridge"},"geometry":{"type":"LineString","coordinates":[[-79.9733286,40.4337951],[-79.9732627,40.4342314],[-79.9731719,40.4346822]]}},{"type":"Feature","id":null,"properties":{"bridge_name":"Birmingham Bridge"},"geometry":{"type":"LineString","coordinates":[[-79.9732857,40.4346955],[-79.9733422,40.4344149],[-79.9733536,40.434358],[-79.9733764,40.4342447],[-79.9734764,40.4338563]]}},{"type":"Feature","id":null,"properties":{"bridge_name":"Birmingham Bridge"},"geometry":{"type":"LineString","coordinates":[[-79.973162,40.4342859],[-79.9731719,40.4346822]]}},{"type":"Feature","id":null,"properties":{"bridge_name":"Birmingham Bridge"},"geometry":{"type":"LineString","coordinates":[[-79.9732857,40.4346955],[-79.9734399,40.4344852]]}},{"type":"Feature","id":null,"properties":{"bridge_name":null},"geometry":{"type":"LineString","coordinates":[[-79.9733286,40.4337951],[-79.973162,40.4342859],[-79.9730484,40.4346202],[-79.9730344,40.4346662],[-79.9730237,40.4347102],[-79.9727098,40.436355]]}},{"type":"Feature","id":null,"properties":{"bridge_name":null},"geometry":{"type":"LineString","coordinates":[[-79.9731832,40.4369],[-79.9731537,40.4367879],[-79.9731329,40.4366919],[-79.9731182,40.4366087],[-79.9731088,40.4365306],[-79.9731047,40.4364505],[-79.9731041,40.4363617],[-79.9731101,40.4362739],[-79.9731259,40.4361705],[-79.9734207,40.4347112],[-79.9734253,40.4346677],[-79.9734399,40.4344852],[-79.9734563,40.4342734],[-79.9734764,40.4338563]]}},{"type":"Feature","id":null,"properties":{"bridge_name":null},"geometry":{"type":"LineString","coordinates":[[-79.9949534,40.4356245],[-79.9949997,40.4355547],[-79.9955332,40.4347798],[-79.9956326,40.4346145],[-79.995709,40.4344794],[-79.9957528,40.434366],[-79.9958542,40.4340964]]}},{"type":"Feature","id":null,"properties":{"bridge_name":null},"geometry":{"type":"LineString","coordinates":[[-79.9935391,40.4349888],[-79.9935633,40.4348013]]}},{"type":"Feature","id":null,"properties":{"bridge_name":null},"geometry":{"type":"LineString","coordinates":[[-79.9953364,40.4346237],[-79.9947012,40.4355424]]}},{"type":"Feature","id":null,"properties":{"bridge_name":null},"geometry":{"type":"LineString","coordinates":[[-79.99663,40.435232],[-79.9965268,40.4351914]]}},{"type":"Feature","id":null,"properties":{"bridge_name":null},"geometry":{"type":"LineString","coordinates":[[-79.9959868,40.4341357],[-79.9959749,40.4341853],[-79.995965,40.4342448],[-79.9959532,40.4342824],[-79.9959106,40.4343621],[-79.9957386,40.4346097],[-79.9955508,40.4348768],[-79.9953659,40.4351462],[-79.995184,40.4354103],[-79.9950476,40.4356029],[-79.9950101,40.4356797],[-79.9949982,40.4357466],[-79.9950318,40.4357971],[-79.9951297,40.435852],[-79.9952483,40.4358858],[-79.9958009,40.4360476],[-79.9961637,40.4361627],[-79.9963041,40.4362147],[-79.9967292,40.4363749],[-79.9970295,40.4364916]]}},{"type":"Feature","id":null,"properties":{"bridge_name":"Liberty Bridge"},"geometry":{"type":"LineString","coordinates":[[-79.9951532,40.4351099],[-79.9946984,40.4357708]]}},{"type":"Feature","id":null,"properties":{"bridge_name":"Boulevard of the Allies"},"geometry":{"type":"LineString","coordinates":[[-79.9942603,40.4356423],[-79.9938662,40.4355034]]}},{"type":"Feature","id":null,"properties":{"bridge_name":null},"geometry":{"type":"LineString","coordinates":[[-79.9947012,40.4355424],[-79.9946405,40.4355891],[-79.9946024,40.435617],[-79.9945712,40.4356361],[-79.9945413,40.4356485],[-79.9944968,40.4356609],[-79.9944525,40.4356635],[-79.9944064,40.4356622],[-79.9942603,40.4356423]]}},{"type":"Feature","id":null,"properties":{"bridge_name":null},"geometry":{"type":"LineString","coordinates":[[-79.9947012,40.4355424],[-79.9946647,40.4356229],[-79.9946539,40.4356641],[-79.9946487,40.4357043],[-79.9946532,40.4357408],[-79.9946692,40.4357864]]}},{"type":"Feature","id":null,"properties":{"bridge_name":null},"geometry":{"type":"LineString","coordinates":[[-79.9964624,40.4356048],[-79.9963754,40.435742]]}},{"type":"Feature","id":null,"properties":{"bridge_name":"Penn-Lincoln Parkway East"},"geometry":{"type":"LineString","coordinates":[[-79.9728337,40.4360213],[-79.9725341,40.4360269],[-79.9722283,40.4360238],[-79.9719467,40.4360151],[-79.971657,40.4360003],[-79.9713794,40.4359804],[-79.9711005,40.4359554],[-79.9708222,40.4359238],[-79.9705432,40.4358875],[-79.970269,40.4358457],[-79.9695783,40.4357309],[-79.9690338,40.4356354],[-79.9687435,40.4355813]]}},{"type":"Feature","id":null,"properties":{"bridge_name":"Birmingham Bridge"},"geometry":{"type":"LineString","coordinates":[[-79.9731719,40.4346822],[-79.9731687,40.4346981],[-79.9727141,40.4369574]]}},{"type":"Feature","id":null,"properties":{"bridge_name":null},"geometry":{"type":"LineString","coordinates":[[-79.9717437,40.4358623],[-79.9710032,40.435813],[-79.9707431,40.4358013],[-79.9704876,40.4357947],[-79.9702106,40.4357921],[-79.9685027,40.4357963]]}},{"type":"Feature","id":null,"properties":{"bridge_name":null},"geometry":{"type":"LineString","coordinates":[[-79.9711729,40.4361228],[-79.9695615,40.4358246],[-79.9690057,40.4357217],[-79.968717,40.4356647]]}},{"type":"Feature","id":null,"properties":{"bridge_name":null},"geometry":{"type":"LineString","coordinates":[[-79.9728422,40.4359325],[-79.9725898,40.4359187],[-79.9717437,40.4358623]]}},{"type":"Feature","id":null,"properties":{"bridge_name":"Boulevard of the Allies"},"geometry":{"type":"LineString","coordinates":[[-79.9657477,40.4360132],[-79.9656073,40.4359901],[-79.9646829,40.4357945]]}},{"type":"Feature","id":null,"properties":{"bridge_name":"Boulevard of the Allies"},"geometry":{"type":"LineString","coordinates":[[-79.9646192,40.4358662],[-79.9655384,40.4360608],[-79.965689,40.4360876]]}},{"type":"Feature","id":null,"properties":{"bridge_name":null},"geometry":{"type":"LineString","coordinates":[[-79.9656521,40.4361345],[-79.9655214,40.4361112],[-79.9645789,40.4359117]]}},{"type":"Feature","id":null,"properties":{"bridge_name":"Birmingham Bridge"},"geometry":{"type":"LineString","coordinates":[[-79.9727424,40.4373954],[-79.9732857,40.4346955]]}},{"type":"Feature","id":null,"properties":{"bridge_name":"Eliza Furnace Trail"},"geometry":{"type":"LineString","coordinates":[[-79.9727269,40.4361819],[-79.9725928,40.4361768]]}},{"type":"Feature","id":null,"properties":{"bridge_name":"Boulevard of the Allies"},"geometry":{"type":"LineString","coordinates":[[-79.9723269,40.4364742],[-79.9691192,40.4361203]]}},{"type":"Feature","id":null,"properties":{"bridge_name":"Penn-Lincoln Parkway East"},"geometry":{"type":"LineString","coordinates":[[-79.9726233,40.4363068],[-79.9727642,40.4363093]]}},{"type":"Feature","id":null,"properties":{"bridge_name":null},"geometry":{"type":"LineString","coordinates":[[-79.9741323,40.4365567],[-79.9738953,40.4365546],[-79.9737559,40.4365485],[-79.9735171,40.4365347],[-79.9733964,40.436525],[-79.9732831,40.4365112],[-79.9731671,40.4364918],[-79.9711729,40.4361228]]}},{"type":"Feature","id":null,"properties":{"bridge_name":null},"geometry":{"type":"LineString","coordinates":[[-79.9727098,40.436355],[-79.9726667,40.4365805]]}},{"type":"Feature","id":null,"properties":{"bridge_name":"Boulevard of the Allies"},"geometry":{"type":"LineString","coordinates":[[-79.9741323,40.4365567],[-79.9739339,40.4365735],[-79.9737542,40.4365832],[-79.9736227,40.4365865],[-79.9734776,40.4365842],[-79.9733445,40.4365773],[-79.9731959,40.4365669],[-79.9730585,40.4365549],[-79.9723269,40.4364742]]}},{"type":"Feature","id":null,"properties":{"bridge_name":null},"geometry":{"type":"LineString","coordinates":[[-79.9724987,40.4367202],[-79.9726323,40.4367315],[-79.9727644,40.4367376],[-79.9728992,40.4367386],[-79.9730317,40.4367348],[-79.9732033,40.4367271],[-79.9733743,40.4367149],[-79.9747209,40.4365795]]}},{"type":"Feature","id":null,"properties":{"bridge_name":null},"geometry":{"type":"LineString","coordinates":[[-79.9726667,40.4365805],[-79.9726163,40.4368448]]}},{"type":"Feature","id":null,"properties":{"bridge_name":null},"geometry":{"type":"LineString","coordinates":[[-79.9709099,40.4366147],[-79.9713634,40.4366797],[-79.9719791,40.4367679],[-79.9722322,40.4368025],[-79.9724656,40.4368182],[-79.9726464,40.4368189],[-79.9729885,40.4368023],[-79.9733868,40.4367607],[-79.9736639,40.4367264]]}},{"type":"Feature","id":null,"properties":{"bridge_name":"Boulevard of the Allies"},"geometry":{"type":"LineString","coordinates":[[-79.9721913,40.4368595],[-79.9726206,40.4368792],[-79.9727152,40.4368807],[-79.9728191,40.4368782],[-79.9729197,40.4368721],[-79.9730176,40.4368629],[-79.9731266,40.436849],[-79.9739396,40.4367215],[-79.9747209,40.4365795]]}},{"type":"Feature","id":null,"properties":{"bridge_name":"Boulevard of the Allies"},"geometry":{"type":"LineString","coordinates":[[-79.970872,40.4366692],[-79.9709935,40.4366876],[-79.9721913,40.4368595]]}},{"type":"Feature","id":null,"properties":{"bridge_name":null},"geometry":{"type":"LineString","coordinates":[[-79.9886421,40.4345585],[-79.9894434,40.4345667],[-79.9897029,40.4345761],[-79.9899611,40.4345917],[-79.9904863,40.4346331]]}},{"type":"Feature","id":null,"properties":{"bridge_name":"Penn-Lincoln Parkway East"},"geometry":{"type":"LineString","coordinates":[[-79.9843717,40.4345332],[-79.9830014,40.4348571],[-79.982583,40.4349484],[-79.9821693,40.4350316],[-79.9817488,40.4351056]]}},{"type":"Feature","id":null,"properties":{"bridge_name":null},"geometry":{"type":"LineString","coordinates":[[-79.988569,40.434829],[-79.9885878,40.4350056]]}},{"type":"Feature","id":null,"properties":{"bridge_name":"Eliza Furnace Trail"},"geometry":{"type":"LineString","coordinates":[[-79.9831897,40.4349459],[-79.9825538,40.4350863]]}},{"type":"Feature","id":null,"properties":{"bridge_name":"Boulevard of the Allies"},"geometry":{"type":"LineString","coordinates":[[-79.9746994,40.4364971],[-79.9741323,40.4365567]]}},{"type":"Feature","id":null,"properties":{"bridge_name":null},"geometry":{"type":"LineString","coordinates":[[-79.9747356,40.4366358],[-79.9742053,40.4367242],[-79.9729976,40.4369129]]}},{"type":"Feature","id":null,"properties":{"bridge_name":null},"geometry":{"type":"LineString","coordinates":[[-79.9859274,40.436785],[-79.9859091,40.4369685]]}},{"type":"Feature","id":null,"properties":{"bridge_name":null},"geometry":{"type":"LineString","coordinates":[[-79.9905838,40.4371124],[-79.9905624,40.4374189],[-79.9905583,40.4374841],[-79.9905542,40.4375532],[-79.9905408,40.4376859],[-79.9906621,40.4376961],[-79.990649,40.4378729],[-79.9906292,40.4380645]]}},{"type":"Feature","id":null,"properties":{"bridge_name":null},"geometry":{"type":"LineString","coordinates":[[-79.992296,40.4380734],[-79.9923315,40.4377388]]}},{"type":"Feature","id":null,"properties":{"bridge_name":"Bigelow Boulevard"},"geometry":{"type":"LineString","coordinates":[[-79.9927333,40.4413407],[-79.9923827,40.4414255],[-79.9922704,40.4414574]]}},{"type":"Feature","id":null,"properties":{"bridge_name":"Bridge of Sighs"},"geometry":{"type":"LineString","coordinates":[[-79.9960106,40.4385179],[-79.9958205,40.4384474]]}},{"type":"Feature","id":null,"properties":{"bridge_name":"Crosstown Boulevard"},"geometry":{"type":"LineString","coordinates":[[-79.9936998,40.4389934],[-79.9936824,40.4390219]]}},{"type":"Feature","id":null,"properties":{"bridge_name":"Crosstown Boulevard"},"geometry":{"type":"LineString","coordinates":[[-79.9938109,40.4390894],[-79.9938367,40.4390331]]}},{"type":"Feature","id":null,"properties":{"bridge_name":null},"geometry":{"type":"LineString","coordinates":[[-79.9934268,40.4401762],[-79.9934042,40.440139]]}},{"type":"Feature","id":null,"properties":{"bridge_name":null},"geometry":{"type":"LineString","coordinates":[[-79.9928667,40.4403046],[-79.9926918,40.4400624]]}},{"type":"Feature","id":null,"properties":{"bridge_name":null},"geometry":{"type":"LineString","coordinates":[[-79.9934042,40.440139],[-79.9931846,40.4402101],[-79.9930364,40.4402622],[-79.9928667,40.4403046],[-79.992792,40.4403199]]}},{"type":"Feature","id":null,"properties":{"bridge_name":"Centre Avenue"},"geometry":{"type":"LineString","coordinates":[[-79.9933597,40.4402425],[-79.9934164,40.440223]]}},{"type":"Feature","id":null,"properties":{"bridge_name":"Chatham Street"},"geometry":{"type":"LineString","coordinates":[[-79.993386,40.4402868],[-79.9933597,40.4402425]]}},{"type":"Feature","id":null,"properties":{"bridge_name":"Centre Avenue"},"geometry":{"type":"LineString","coordinates":[[-79.9933597,40.4402425],[-79.9932583,40.4402372],[-79.9931182,40.4402824],[-79.9930031,40.4403174],[-79.9929413,40.4403338],[-79.992876,40.4403499]]}},{"type":"Feature","id":null,"properties":{"bridge_name":"Centre Avenue"},"geometry":{"type":"LineString","coordinates":[[-79.9928218,40.4404477],[-79.992936,40.4404221],[-79.9930942,40.4403792],[-79.9932922,40.440313],[-79.9933597,40.4402425]]}},{"type":"Feature","id":null,"properties":{"bridge_name":null},"geometry":{"type":"LineString","coordinates":[[-79.9721913,40.4368595],[-79.9725981,40.4369299]]}},{"type":"Feature","id":null,"properties":{"bridge_name":null},"geometry":{"type":"LineString","coordinates":[[-79.9725981,40.4369299],[-79.9729423,40.4369766]]}},{"type":"Feature","id":null,"properties":{"bridge_name":null},"geometry":{"type":"LineString","coordinates":[[-79.9729423,40.4369766],[-79.9733116,40.4370267],[-79.9733917,40.4370333],[-79.9734672,40.4370359],[-79.9735413,40.4370344],[-79.9736191,40.4370289]]}},{"type":"Feature","id":null,"properties":{"bridge_name":"Birmingham Bridge"},"geometry":{"type":"LineString","coordinates":[[-79.9727141,40.4369574],[-79.9726433,40.4373092],[-79.9726286,40.4373821]]}},{"type":"Feature","id":null,"properties":{"bridge_name":null},"geometry":{"type":"LineString","coordinates":[[-79.9612959,40.4413502],[-79.9611049,40.441251]]}},{"type":"Feature","id":null,"properties":{"bridge_name":null},"geometry":{"type":"LineString","coordinates":[[-79.9618394,40.4413297],[-79.9617197,40.4414646]]}},{"type":"Feature","id":null,"properties":{"bridge_name":null},"geometry":{"type":"LineString","coordinates":[[-79.9612613,40.4419867],[-79.9611777,40.4421334]]}},{"type":"Feature","id":null,"properties":{"bridge_name":null},"geometry":{"type":"LineString","coordinates":[[-79.9618254,40.4422851],[-79.9617035,40.4424059]]}},{"type":"Feature","id":null,"properties":{"bridge_name":null},"geometry":{"type":"LineString","coordinates":[[-79.9558567,40.442644],[-79.9556053,40.4424412],[-79.9556001,40.4424143],[-79.9555779,40.4422988],[-79.9554457,40.4421899],[-79.9553296,40.4420955]]}},{"type":"Feature","id":null,"properties":{"bridge_name":null},"geometry":{"type":"LineString","coordinates":[[-79.9556001,40.4424143],[-79.9556625,40.4423699]]}},{"type":"Feature","id":null,"properties":{"bridge_name":"Bigelow Boulevard"},"geometry":{"type":"LineString","coordinates":[[-79.9931252,40.4412351],[-79.9927333,40.4413407]]}},{"type":"Feature","id":null,"properties":{"bridge_name":null},"geometry":{"type":"LineString","coordinates":[[-79.9931287,40.4413567],[-79.9930174,40.4413609],[-79.9928994,40.4413833],[-79.9924194,40.4415047],[-79.992339,40.4415262]]}},{"type":"Feature","id":null,"properties":{"bridge_name":null},"geometry":{"type":"LineString","coordinates":[[-79.9926799,40.4415513],[-79.992768,40.4413397]]}},{"type":"Feature","id":null,"properties":{"bridge_name":"Crosstown Boulevard"},"geometry":{"type":"LineString","coordinates":[[-79.9926018,40.4415719],[-79.9927129,40.4413247]]}},{"type":"Feature","id":null,"properties":{"bridge_name":null},"geometry":{"type":"LineString","coordinates":[[-79.9931502,40.4414167],[-79.9930083,40.4414254],[-79.9924451,40.4415662],[-79.992268,40.4416336],[-79.9921768,40.4416866],[-79.9921415,40.4417162]]}},{"type":"Feature","id":null,"properties":{"bridge_name":null},"geometry":{"type":"LineString","coordinates":[[-79.9926548,40.4416063],[-79.9926799,40.4415513]]}},{"type":"Feature","id":null,"properties":{"bridge_name":null},"geometry":{"type":"LineString","coordinates":[[-79.9929397,40.4418445],[-79.992928,40.4415582]]}},{"type":"Feature","id":null,"properties":{"bridge_name":"Bigelow Boulevard"},"geometry":{"type":"LineString","coordinates":[[-79.9938499,40.4419238],[-79.9940169,40.4416701]]}},{"type":"Feature","id":null,"properties":{"bridge_name":null},"geometry":{"type":"LineString","coordinates":[[-79.9936495,40.4425666],[-79.9936326,40.442712],[-79.993396,40.4429814],[-79.9931892,40.4431482]]}},{"type":"Feature","id":null,"properties":{"bridge_name":null},"geometry":{"type":"LineString","coordinates":[[-79.9925782,40.4432559],[-79.9928244,40.4430657]]}},{"type":"Feature","id":null,"properties":{"bridge_name":null},"geometry":{"type":"LineString","coordinates":[[-79.992339,40.4415262],[-79.9923076,40.4415215],[-79.9922668,40.4415124],[-79.9922458,40.4415068]]}},{"type":"Feature","id":null,"properties":{"bridge_name":null},"geometry":{"type":"LineString","coordinates":[[-79.992339,40.4415262],[-79.9922852,40.4415405],[-79.9922171,40.4415645]]}},{"type":"Feature","id":null,"properties":{"bridge_name":"Crosstown Boulevard"},"geometry":{"type":"LineString","coordinates":[[-79.9925939,40.4415896],[-79.9926018,40.4415719]]}},{"type":"Feature","id":null,"properties":{"bridge_name":null},"geometry":{"type":"LineString","coordinates":[[-79.9912232,40.4428416],[-79.9922005,40.4428057]]}},{"type":"Feature","id":null,"properties":{"bridge_name":null},"geometry":{"type":"LineString","coordinates":[[-79.9921794,40.4428534],[-79.9916914,40.4428741],[-79.9914051,40.4428854],[-79.9912373,40.4428938],[-79.9911845,40.4429028]]}},{"type":"Feature","id":null,"properties":{"bridge_name":null},"geometry":{"type":"LineString","coordinates":[[-79.9910596,40.4429852],[-79.9911479,40.4431287],[-79.9911882,40.4432389],[-79.9911989,40.4433451],[-79.9911855,40.4434839],[-79.991156,40.4436023],[-79.9910755,40.4437554],[-79.9908225,40.4441296]]}},{"type":"Feature","id":null,"properties":{"bridge_name":"Bigelow Boulevard"},"geometry":{"type":"LineString","coordinates":[[-79.9911034,40.4441046],[-79.9913487,40.4439637],[-79.9921695,40.4434207],[-79.9927519,40.4430246]]}},{"type":"Feature","id":null,"properties":{"bridge_name":null},"geometry":{"type":"LineString","coordinates":[[-79.9914591,40.4440085],[-79.991494,40.4439799],[-79.9917195,40.4438252],[-79.9925782,40.4432559]]}},{"type":"Feature","id":null,"properties":{"bridge_name":null},"geometry":{"type":"LineString","coordinates":[[-79.9911034,40.4441046],[-79.9912445,40.4439783],[-79.991397,40.4438495],[-79.9915157,40.4437361],[-79.9916388,40.4435952]]}},{"type":"Feature","id":null,"properties":{"bridge_name":null},"geometry":{"type":"LineString","coordinates":[[-79.9738803,40.4442602],[-79.9737421,40.4440542]]}},{"type":"Feature","id":null,"properties":{"bridge_name":null},"geometry":{"type":"LineString","coordinates":[[-79.9910889,40.4443922],[-79.9912767,40.4441779],[-79.9914591,40.4440085]]}},{"type":"Feature","id":null,"properties":{"bridge_name":null},"geometry":{"type":"LineString","coordinates":[[-79.9904881,40.4441983],[-79.9903272,40.4443984],[-79.9901689,40.4445678],[-79.99,40.4447229]]}},{"type":"Feature","id":null,"properties":{"bridge_name":"Bigelow Boulevard"},"geometry":{"type":"LineString","coordinates":[[-79.9898894,40.4449042],[-79.9903217,40.444628],[-79.9908027,40.444316],[-79.9909472,40.4442203],[-79.9911034,40.4441046]]}},{"type":"Feature","id":null,"properties":{"bridge_name":"NS Pittsburgh Line"},"geometry":{"type":"LineString","coordinates":[[-79.9920393,40.4448172],[-79.9918358,40.4448549],[-79.9916179,40.4449188],[-79.9914442,40.4449918],[-79.9913905,40.4450144]]}},{"type":"Feature","id":null,"properties":{"bridge_name":"Veterans Bridge"},"geometry":{"type":"LineString","coordinates":[[-79.9904491,40.4457164],[-79.9904502,40.4456334],[-79.9904663,40.4454048],[-79.9905065,40.445166],[-79.9905655,40.4449475],[-79.9906513,40.4447046],[-79.9907429,40.4445004],[-79.9908314,40.4443249]]}},{"type":"Feature","id":null,"properties":{"bridge_name":null},"geometry":{"type":"LineString","coordinates":[[-79.9908225,40.4441296],[-79.9905445,40.4445923],[-79.9904372,40.4448291],[-79.9903486,40.445072],[-79.9902816,40.4453128],[-79.990244,40.4455761],[-79.990236,40.4458721],[-79.9902575,40.4461395]]}},{"type":"Feature","id":null,"properties":{"bridge_name":"NS Pittsburgh Line"},"geometry":{"type":"LineString","coordinates":[[-79.9921212,40.4450721],[-79.991924,40.4451194],[-79.9917532,40.4451754],[-79.9915673,40.4452489]]}},{"type":"Feature","id":null,"properties":{"bridge_name":"Veterans Bridge"},"geometry":{"type":"LineString","coordinates":[[-79.9903486,40.4446433],[-79.9902517,40.4448679],[-79.9901766,40.4450823],[-79.9901363,40.445266],[-79.9901015,40.4454231],[-79.9900827,40.4456334],[-79.99008,40.4458559],[-79.9900881,40.4460784],[-79.9901202,40.4462866],[-79.9901824,40.4465416],[-79.9902655,40.4467907],[-79.9903701,40.4470152],[-79.9904956,40.4472273]]}},{"type":"Feature","id":null,"properties":{"bridge_name":null},"geometry":{"type":"LineString","coordinates":[[-79.9900965,40.4448291],[-79.9900456,40.4449985],[-79.9899973,40.4452393],[-79.9899597,40.4455006],[-79.9899517,40.4457497],[-79.9899678,40.4460395],[-79.9900107,40.4462967],[-79.9900858,40.4465355],[-79.9902105,40.4468121],[-79.9903285,40.4470594],[-79.9904083,40.4472066]]}},{"type":"Feature","id":null,"properties":{"bridge_name":null},"geometry":{"type":"LineString","coordinates":[[-79.9912955,40.4477745],[-79.991164,40.4475683],[-79.9909977,40.4472805],[-79.9908502,40.4469744],[-79.9907349,40.4466539],[-79.9906759,40.4464151],[-79.9906437,40.4461763],[-79.9906276,40.4459803],[-79.9906383,40.4456966],[-79.9906571,40.4454884],[-79.9907081,40.4452373],[-79.99081,40.4449168],[-79.9909441,40.4446229],[-79.9910889,40.4443922]]}},{"type":"Feature","id":null,"properties":{"bridge_name":null},"geometry":{"type":"LineString","coordinates":[[-79.9925782,40.4432559],[-79.9929083,40.4430823]]}},{"type":"Feature","id":null,"properties":{"bridge_name":"Skywalk"},"geometry":{"type":"LineString","coordinates":[[-79.9951564,40.4446718],[-79.9950747,40.4444709]]}},{"type":"Feature","id":null,"properties":{"bridge_name":"NS Pittsburgh Line"},"geometry":{"type":"LineString","coordinates":[[-79.9941719,40.4453651],[-79.9939791,40.4452419],[-79.9937367,40.4451182],[-79.9934287,40.4449984],[-79.9933957,40.4449881],[-79.9931336,40.4449061],[-79.9929539,40.4448576],[-79.9927266,40.4448219],[-79.9925625,40.4448029],[-79.9924625,40.4448007],[-79.9922686,40.4447963],[-79.9920393,40.4448172]]}},{"type":"Feature","id":null,"properties":{"bridge_name":"NS Pittsburgh Line"},"geometry":{"type":"LineString","coordinates":[[-79.9942123,40.4454638],[-79.994036,40.4453493],[-79.9938485,40.4452475],[-79.9936801,40.4451796],[-79.9934052,40.4450954],[-79.993094,40.4450331],[-79.9928278,40.4450132],[-79.9925717,40.4450142],[-79.9923416,40.4450357],[-79.9921212,40.4450721]]}},{"type":"Feature","id":null,"properties":{"bridge_name":"NS Fort Wayne Line"},"geometry":{"type":"LineString","coordinates":[[-79.9952819,40.4468336],[-79.9951951,40.4467034],[-79.9949984,40.4464007]]}},{"type":"Feature","id":null,"properties":{"bridge_name":"NS Fort Wayne Line"},"geometry":{"type":"LineString","coordinates":[[-79.9952819,40.4468336],[-79.9954604,40.447105]]}},{"type":"Feature","id":null,"properties":{"bridge_name":"NS Fort Wayne Line"},"geometry":{"type":"LineString","coordinates":[[-79.997317,40.449813],[-79.9971923,40.4496423],[-79.9971183,40.4495298],[-79.9969279,40.4492351],[-79.9967203,40.4489177],[-79.9965139,40.4486072],[-79.9963108,40.4482981],[-79.9956234,40.4472542],[-79.9954335,40.4469676],[-79.9952671,40.4467127],[-79.9951475,40.446532],[-79.9950465,40.4463805]]}},{"type":"Feature","id":null,"properties":{"bridge_name":null},"geometry":{"type":"LineString","coordinates":[[-79.9970646,40.449341],[-79.9957319,40.4473216],[-79.9955467,40.4469352]]}},{"type":"Feature","id":null,"properties":{"bridge_name":"NS Fort Wayne Line"},"geometry":{"type":"LineString","coordinates":[[-79.9954604,40.447105],[-79.9961212,40.4481004],[-79.9964692,40.4486347],[-79.9970648,40.44954],[-79.9971413,40.4496479],[-79.9972838,40.4498391]]}},{"type":"Feature","id":null,"properties":{"bridge_name":"Veterans Bridge"},"geometry":{"type":"LineString","coordinates":[[-79.994638,40.4507672],[-79.9935432,40.4498177],[-79.9933284,40.4496348]]}},{"type":"Feature","id":null,"properties":{"bridge_name":"Iron Gate Trail"},"geometry":{"type":"LineString","coordinates":[[-79.90637,40.4284822],[-79.9062743,40.4285004]]}},{"type":"Feature","id":null,"properties":{"bridge_name":"Dinky Bridge Trail"},"geometry":{"type":"LineString","coordinates":[[-79.9002134,40.4293462],[-79.900187,40.4293236]]}},{"type":"Feature","id":null,"properties":{"bridge_name":"Concrete Block"},"geometry":{"type":"LineString","coordinates":[[-79.9093455,40.4293572],[-79.9093231,40.4293158]]}},{"type":"Feature","id":null,"properties":{"bridge_name":null},"geometry":{"type":"LineString","coordinates":[[-79.901111,40.4300922],[-79.9010771,40.4300502]]}},{"type":"Feature","id":null,"properties":{"bridge_name":"Tranquil Trail"},"geometry":{"type":"LineString","coordinates":[[-79.9007073,40.4302675],[-79.900718,40.4301989]]}},{"type":"Feature","id":null,"properties":{"bridge_name":null},"geometry":{"type":"LineString","coordinates":[[-79.8996683,40.4325527],[-79.8996117,40.4325187]]}},{"type":"Feature","id":null,"properties":{"bridge_name":"Tranquil Trail"},"geometry":{"type":"LineString","coordinates":[[-79.9002216,40.4328277],[-79.9002611,40.4327581]]}},{"type":"Feature","id":null,"properties":{"bridge_name":null},"geometry":{"type":"LineString","coordinates":[[-79.9011918,40.4332884],[-79.9012373,40.4332924]]}},{"type":"Feature","id":null,"properties":{"bridge_name":null},"geometry":{"type":"LineString","coordinates":[[-79.9156193,40.4333756],[-79.9154235,40.4332793]]}},{"type":"Feature","id":null,"properties":{"bridge_name":null},"geometry":{"type":"LineString","coordinates":[[-79.9096523,40.4336065],[-79.9096658,40.4336211]]}},{"type":"Feature","id":null,"properties":{"bridge_name":"Charles Anderson Bridge"},"geometry":{"type":"LineString","coordinates":[[-79.9516629,40.4342305],[-79.9497504,40.4344522]]}},{"type":"Feature","id":null,"properties":{"bridge_name":null},"geometry":{"type":"LineString","coordinates":[[-79.9516865,40.4343005],[-79.9515477,40.4343146],[-79.9509242,40.4343832],[-79.950218,40.4344608],[-79.949563,40.4345399],[-79.9487857,40.4346325],[-79.9486421,40.4346486]]}},{"type":"Feature","id":null,"properties":{"bridge_name":"Charles Anderson Bridge"},"geometry":{"type":"LineString","coordinates":[[-79.9497504,40.4344522],[-79.948624,40.4345767]]}},{"type":"Feature","id":null,"properties":{"bridge_name":"Hollow Run Trail"},"geometry":{"type":"LineString","coordinates":[[-79.9410293,40.4351428],[-79.9410708,40.4351911]]}},{"type":"Feature","id":null,"properties":{"bridge_name":"Wilmot Road"},"geometry":{"type":"LineString","coordinates":[[-79.9468327,40.4352342],[-79.9466738,40.4352713],[-79.9465469,40.4352936],[-79.9464057,40.4353113]]}},{"type":"Feature","id":null,"properties":{"bridge_name":"Hollow Run Trail"},"geometry":{"type":"LineString","coordinates":[[-79.941209,40.4352979],[-79.9413107,40.4353126]]}},{"type":"Feature","id":null,"properties":{"bridge_name":"Wilmot Road"},"geometry":{"type":"LineString","coordinates":[[-79.9464172,40.4353734],[-79.946581,40.4353525],[-79.946712,40.4353295],[-79.9468457,40.4352966]]}},{"type":"Feature","id":null,"properties":{"bridge_name":"Hollow Run Trail"},"geometry":{"type":"LineString","coordinates":[[-79.9416807,40.4354047],[-79.9417396,40.435455]]}},{"type":"Feature","id":null,"properties":{"bridge_name":"Lower Panther Hollow Trail"},"geometry":{"type":"LineString","coordinates":[[-79.9411576,40.43541],[-79.9412822,40.435477]]}},{"type":"Feature","id":null,"properties":{"bridge_name":"Hollow Run Trail"},"geometry":{"type":"LineString","coordinates":[[-79.9420039,40.4355295],[-79.9420876,40.4355091]]}},{"type":"Feature","id":null,"properties":{"bridge_name":"Falls Ravine Trail"},"geometry":{"type":"LineString","coordinates":[[-79.904794,40.4344209],[-79.9048583,40.4343847]]}},{"type":"Feature","id":null,"properties":{"bridge_name":"Riverview Ext. Trail"},"geometry":{"type":"LineString","coordinates":[[-79.9078544,40.4344378],[-79.9077726,40.43439]]}},{"type":"Feature","id":null,"properties":{"bridge_name":"Falls Ravine Trail"},"geometry":{"type":"LineString","coordinates":[[-79.9059388,40.4344984],[-79.9060371,40.4344916]]}},{"type":"Feature","id":null,"properties":{"bridge_name":"Braddock Trail"},"geometry":{"type":"LineString","coordinates":[[-79.898201,40.4346752],[-79.8982274,40.434761]]}},{"type":"Feature","id":null,"properties":{"bridge_name":null},"geometry":{"type":"LineString","coordinates":[[-79.8985085,40.4362077],[-79.8985627,40.4361812]]}},{"type":"Feature","id":null,"properties":{"bridge_name":null},"geometry":{"type":"LineString","coordinates":[[-79.9079034,40.436397],[-79.9078519,40.436389]]}},{"type":"Feature","id":null,"properties":{"bridge_name":null},"geometry":{"type":"LineString","coordinates":[[-79.9073491,40.4364985],[-79.9072424,40.4365026],[-79.9071372,40.4365122],[-79.9070904,40.4365224]]}},{"type":"Feature","id":null,"properties":{"bridge_name":null},"geometry":{"type":"LineString","coordinates":[[-79.9079755,40.4366568],[-79.9078761,40.4366128],[-79.9077733,40.4365721]]}},{"type":"Feature","id":null,"properties":{"bridge_name":"Biddle Trail"},"geometry":{"type":"LineString","coordinates":[[-79.8985613,40.4367548],[-79.8984802,40.4367315]]}},{"type":"Feature","id":null,"properties":{"bridge_name":null},"geometry":{"type":"LineString","coordinates":[[-79.8989309,40.4375773],[-79.8988896,40.4375924]]}},{"type":"Feature","id":null,"properties":{"bridge_name":"Hollow Run Trail"},"geometry":{"type":"LineString","coordinates":[[-79.9422421,40.435553],[-79.942301,40.4356075]]}},{"type":"Feature","id":null,"properties":{"bridge_name":"Hollow Run Trail"},"geometry":{"type":"LineString","coordinates":[[-79.9432285,40.4356867],[-79.943368,40.4356581]]}},{"type":"Feature","id":null,"properties":{"bridge_name":"Hollow Run Trail"},"geometry":{"type":"LineString","coordinates":[[-79.94284,40.4356834],[-79.9429036,40.4356944]]}},{"type":"Feature","id":null,"properties":{"bridge_name":"Lower Panther Hollow Trail"},"geometry":{"type":"LineString","coordinates":[[-79.9426198,40.4358046],[-79.942694,40.4358216],[-79.9428399,40.4358412]]}},{"type":"Feature","id":null,"properties":{"bridge_name":null},"geometry":{"type":"LineString","coordinates":[[-79.9465252,40.4363053],[-79.9465458,40.4363848],[-79.946557,40.4364191],[-79.9466335,40.4366515],[-79.9467284,40.4369117],[-79.9468856,40.4372993]]}},{"type":"Feature","id":null,"properties":{"bridge_name":null},"geometry":{"type":"LineString","coordinates":[[-79.9468071,40.4369989],[-79.9467978,40.4369114]]}},{"type":"Feature","id":null,"properties":{"bridge_name":null},"geometry":{"type":"LineString","coordinates":[[-79.9465588,40.436298],[-79.9466171,40.4364801],[-79.9467605,40.4368872],[-79.9468882,40.4372132],[-79.9470328,40.4375316],[-79.947174,40.4378421]]}},{"type":"Feature","id":null,"properties":{"bridge_name":"Panther Hollow Bridge"},"geometry":{"type":"LineString","coordinates":[[-79.9464633,40.4363123],[-79.9465217,40.4365093],[-79.9466263,40.4368269],[-79.9469199,40.4375249],[-79.947071,40.4378592]]}},{"type":"Feature","id":null,"properties":{"bridge_name":null},"geometry":{"type":"LineString","coordinates":[[-79.9467336,40.4371153],[-79.9467865,40.4370856]]}},{"type":"Feature","id":null,"properties":{"bridge_name":null},"geometry":{"type":"LineString","coordinates":[[-79.9463825,40.4363381],[-79.9464182,40.4364092],[-79.9464683,40.4365691],[-79.946532,40.4367834],[-79.9466255,40.4370403],[-79.9467898,40.4374114],[-79.9468618,40.4375758],[-79.9469572,40.4377834],[-79.9469944,40.4378678]]}},{"type":"Feature","id":null,"properties":{"bridge_name":null},"geometry":{"type":"LineString","coordinates":[[-79.9463593,40.4372851],[-79.9464355,40.4372508]]}},{"type":"Feature","id":null,"properties":{"bridge_name":null},"geometry":{"type":"LineString","coordinates":[[-79.9456433,40.437968],[-79.945694,40.4380225]]}},{"type":"Feature","id":null,"properties":{"bridge_name":"Lower Panther Hollow Trail"},"geometry":{"type":"LineString","coordinates":[[-79.9455589,40.4379751],[-79.9456036,40.4380231],[-79.9456809,40.438108]]}},{"type":"Feature","id":null,"properties":{"bridge_name":"Schenley Drive"},"geometry":{"type":"LineString","coordinates":[[-79.949239,40.4413649],[-79.9483531,40.440878]]}},{"type":"Feature","id":null,"properties":{"bridge_name":null},"geometry":{"type":"LineString","coordinates":[[-79.9484526,40.4407805],[-79.9485015,40.4408225],[-79.9487063,40.4409346],[-79.9498122,40.4415555],[-79.9500272,40.4416781]]}},{"type":"Feature","id":null,"properties":{"bridge_name":null},"geometry":{"type":"LineString","coordinates":[[-79.9482568,40.4409427],[-79.9483489,40.4409706],[-79.9484901,40.4410486],[-79.9486794,40.4411541],[-79.9488144,40.4412214],[-79.9495005,40.4416106],[-79.9498703,40.4418219]]}},{"type":"Feature","id":null,"properties":{"bridge_name":"Schenley Drive"},"geometry":{"type":"LineString","coordinates":[[-79.9499438,40.4417538],[-79.949239,40.4413649]]}},{"type":"Feature","id":null,"properties":{"bridge_name":null},"geometry":{"type":"LineString","coordinates":[[-79.9553296,40.4420955],[-79.9551568,40.4419551],[-79.9550795,40.4420097]]}},{"type":"Feature","id":null,"properties":{"bridge_name":null},"geometry":{"type":"LineString","coordinates":[[-79.9462794,40.4421037],[-79.946496,40.4420971]]}},{"type":"Feature","id":null,"properties":{"bridge_name":null},"geometry":{"type":"LineString","coordinates":[[-79.9554457,40.4421899],[-79.9555696,40.4420977]]}},{"type":"Feature","id":null,"properties":{"bridge_name":"Greenfield Bridge"},"geometry":{"type":"LineString","coordinates":[[-79.9382475,40.4279141],[-79.9376149,40.4291019]]}},{"type":"Feature","id":null,"properties":{"bridge_name":null},"geometry":{"type":"LineString","coordinates":[[-79.9298625,40.4286207],[-79.9296144,40.4285012]]}},{"type":"Feature","id":null,"properties":{"bridge_name":null},"geometry":{"type":"LineString","coordinates":[[-79.9327679,40.4291788],[-79.9329724,40.4291355],[-79.9331475,40.4290873],[-79.9333013,40.4290311],[-79.9334365,40.4289749],[-79.9335999,40.4288904],[-79.933735,40.4288132],[-79.9338375,40.4287319],[-79.9339369,40.4286389],[-79.934002,40.4285571],[-79.9340547,40.4284869],[-79.9341097,40.4284045],[-79.9341367,40.4283222]]}},{"type":"Feature","id":null,"properties":{"bridge_name":null},"geometry":{"type":"LineString","coordinates":[[-79.9316619,40.4290702],[-79.9316663,40.4290203],[-79.9316705,40.4288704],[-79.9316689,40.4288204]]}},{"type":"Feature","id":null,"properties":{"bridge_name":null},"geometry":{"type":"LineString","coordinates":[[-79.9317474,40.4288216],[-79.9317404,40.4290715]]}},{"type":"Feature","id":null,"properties":{"bridge_name":"Lower Panther Hollow Trail"},"geometry":{"type":"LineString","coordinates":[[-79.9357503,40.4337964],[-79.9356644,40.4338552],[-79.9356215,40.4339466],[-79.9355958,40.4340446],[-79.9356044,40.4341034]]}},{"type":"Feature","id":null,"properties":{"bridge_name":null},"geometry":{"type":"LineString","coordinates":[[-79.9365523,40.4341561],[-79.9365845,40.4340915]]}},{"type":"Feature","id":null,"properties":{"bridge_name":null},"geometry":{"type":"LineString","coordinates":[[-79.9272827,40.4431837],[-79.9272556,40.4432053],[-79.9272201,40.4432266],[-79.9271612,40.4432507],[-79.9270723,40.4432842],[-79.9270232,40.4433121],[-79.9269758,40.4433546],[-79.9269528,40.4433953],[-79.9269348,40.4434613]]}},{"type":"Feature","id":null,"properties":{"bridge_name":null},"geometry":{"type":"LineString","coordinates":[[-79.9372369,40.4534735],[-79.9375723,40.454055]]}},{"type":"Feature","id":null,"properties":{"bridge_name":"South Aiken Avenue"},"geometry":{"type":"LineString","coordinates":[[-79.9374849,40.4540822],[-79.9374521,40.4540247],[-79.9371629,40.453518]]}},{"type":"Feature","id":null,"properties":{"bridge_name":null},"geometry":{"type":"LineString","coordinates":[[-79.9493544,40.4425119],[-79.9490851,40.4424402]]}},{"type":"Feature","id":null,"properties":{"bridge_name":null},"geometry":{"type":"LineString","coordinates":[[-79.9490378,40.4426925],[-79.9492634,40.4426324]]}},{"type":"Feature","id":null,"properties":{"bridge_name":"Randy Pausch Memorial Bridge"},"geometry":{"type":"LineString","coordinates":[[-79.9445738,40.4432713],[-79.943779,40.4431713]]}},{"type":"Feature","id":null,"properties":{"bridge_name":null},"geometry":{"type":"LineString","coordinates":[[-79.9462439,40.4434774],[-79.94619,40.4436272]]}},{"type":"Feature","id":null,"properties":{"bridge_name":null},"geometry":{"type":"LineString","coordinates":[[-79.94619,40.4436272],[-79.9461768,40.443664]]}},{"type":"Feature","id":null,"properties":{"bridge_name":null},"geometry":{"type":"LineString","coordinates":[[-79.9461768,40.443664],[-79.9461535,40.4437285]]}},{"type":"Feature","id":null,"properties":{"bridge_name":"Forbes Avenue"},"geometry":{"type":"LineString","coordinates":[[-79.9463614,40.4445388],[-79.9472574,40.4445083]]}},{"type":"Feature","id":null,"properties":{"bridge_name":null},"geometry":{"type":"LineString","coordinates":[[-79.9463658,40.4446104],[-79.9463614,40.4445388],[-79.9463567,40.4444685]]}},{"type":"Feature","id":null,"properties":{"bridge_name":"Forbes Avenue"},"geometry":{"type":"LineString","coordinates":[[-79.9463217,40.4445409],[-79.9463614,40.4445388]]}},{"type":"Feature","id":null,"properties":{"bridge_name":null},"geometry":{"type":"LineString","coordinates":[[-79.9463367,40.4446114],[-79.9463658,40.4446104],[-79.9472038,40.444583]]}},{"type":"Feature","id":null,"properties":{"bridge_name":null},"geometry":{"type":"LineString","coordinates":[[-79.9010961,40.4393936],[-79.8995206,40.4394891]]}},{"type":"Feature","id":null,"properties":{"bridge_name":"Forbes Avenue"},"geometry":{"type":"LineString","coordinates":[[-79.901103,40.4394592],[-79.9005628,40.4394919],[-79.9003222,40.4395065]]}},{"type":"Feature","id":null,"properties":{"bridge_name":"Forbes Avenue"},"geometry":{"type":"LineString","coordinates":[[-79.9003222,40.4395065],[-79.9000364,40.4395238],[-79.8995274,40.4395546]]}},{"type":"Feature","id":null,"properties":{"bridge_name":null},"geometry":{"type":"LineString","coordinates":[[-79.8995368,40.4396442],[-79.8997364,40.4396321],[-79.9011124,40.4395488]]}},{"type":"Feature","id":null,"properties":{"bridge_name":"NS Pittsburgh Line"},"geometry":{"type":"LineString","coordinates":[[-79.8931691,40.4502944],[-79.8926914,40.4500158]]}},{"type":"Feature","id":null,"properties":{"bridge_name":"NS Pittsburgh Line"},"geometry":{"type":"LineString","coordinates":[[-79.8927421,40.4500966],[-79.8931088,40.4503087]]}},{"type":"Feature","id":null,"properties":{"bridge_name":"East Busway"},"geometry":{"type":"LineString","coordinates":[[-79.8928889,40.4503661],[-79.8927068,40.4502673]]}},{"type":"Feature","id":null,"properties":{"bridge_name":"NS Pittsburgh Line"},"geometry":{"type":"LineString","coordinates":[[-79.8991176,40.4527172],[-79.8987663,40.4525805]]}},{"type":"Feature","id":null,"properties":{"bridge_name":"NS Pittsburgh Line"},"geometry":{"type":"LineString","coordinates":[[-79.8987475,40.4526499],[-79.899064,40.4527723]]}},{"type":"Feature","id":null,"properties":{"bridge_name":"East Busway"},"geometry":{"type":"LineString","coordinates":[[-79.8988541,40.4528384],[-79.8986822,40.4527747]]}},{"type":"Feature","id":null,"properties":{"bridge_name":"Neville Street Ramp"},"geometry":{"type":"LineString","coordinates":[[-79.9497048,40.4526867],[-79.949749,40.4529655],[-79.9498241,40.4532227],[-79.9501591,40.4540125]]}},{"type":"Feature","id":null,"properties":{"bridge_name":null},"geometry":{"type":"LineString","coordinates":[[-79.9509752,40.4539721],[-79.9497649,40.4539941]]}},{"type":"Feature","id":null,"properties":{"bridge_name":"Baum Boulevard"},"geometry":{"type":"LineString","coordinates":[[-79.9498534,40.4540574],[-79.9509757,40.45404]]}},{"type":"Feature","id":null,"properties":{"bridge_name":null},"geometry":{"type":"LineString","coordinates":[[-79.9497727,40.4541267],[-79.9509763,40.4541117]]}},{"type":"Feature","id":null,"properties":{"bridge_name":"Centre Avenue"},"geometry":{"type":"LineString","coordinates":[[-79.9433756,40.4544723],[-79.9430611,40.4545643]]}},{"type":"Feature","id":null,"properties":{"bridge_name":null},"geometry":{"type":"LineString","coordinates":[[-79.9425337,40.4546555],[-79.9427338,40.4545955],[-79.943183,40.4544704],[-79.9433174,40.4544335]]}},{"type":"Feature","id":null,"properties":{"bridge_name":"Neville Avenue Ramp"},"geometry":{"type":"LineString","coordinates":[[-79.9501591,40.4540125],[-79.9502554,40.4542311],[-79.9507037,40.4552513]]}},{"type":"Feature","id":null,"properties":{"bridge_name":"Centre Avenue"},"geometry":{"type":"LineString","coordinates":[[-79.9430611,40.4545643],[-79.942633,40.4547042]]}},{"type":"Feature","id":null,"properties":{"bridge_name":null},"geometry":{"type":"LineString","coordinates":[[-79.9427203,40.454747],[-79.9434707,40.4545317]]}},{"type":"Feature","id":null,"properties":{"bridge_name":null},"geometry":{"type":"LineString","coordinates":[[-79.9423133,40.4549083],[-79.942183,40.4546622]]}},{"type":"Feature","id":null,"properties":{"bridge_name":null},"geometry":{"type":"LineString","coordinates":[[-79.9008049,40.453718],[-79.9010524,40.4534032]]}},{"type":"Feature","id":null,"properties":{"bridge_name":null},"geometry":{"type":"LineString","coordinates":[[-79.9055192,40.455179],[-79.9054004,40.4551335]]}},{"type":"Feature","id":null,"properties":{"bridge_name":null},"geometry":{"type":"LineString","coordinates":[[-79.9055995,40.4552101],[-79.9055192,40.455179]]}},{"type":"Feature","id":null,"properties":{"bridge_name":"NS Pittsburgh Line"},"geometry":{"type":"LineString","coordinates":[[-79.9055788,40.4552653],[-79.9053521,40.4551744]]}},{"type":"Feature","id":null,"properties":{"bridge_name":"NS Pittsburgh Line"},"geometry":{"type":"LineString","coordinates":[[-79.9053492,40.4552175],[-79.9055513,40.4552992]]}},{"type":"Feature","id":null,"properties":{"bridge_name":"East Busway"},"geometry":{"type":"LineString","coordinates":[[-79.9097418,40.4567677],[-79.907972,40.4560836],[-79.9075777,40.4559816],[-79.9071324,40.4559183],[-79.9065638,40.4558857],[-79.906191,40.4558204],[-79.9058503,40.4557183],[-79.905507,40.4555714],[-79.9042156,40.4549753]]}},{"type":"Feature","id":null,"properties":{"bridge_name":null},"geometry":{"type":"LineString","coordinates":[[-79.9098206,40.4566004],[-79.9096845,40.4565813],[-79.9095544,40.4565581]]}},{"type":"Feature","id":null,"properties":{"bridge_name":"Valley Industrial Track"},"geometry":{"type":"LineString","coordinates":[[-79.9068342,40.456642],[-79.9068521,40.4567588],[-79.906858,40.4568469]]}},{"type":"Feature","id":null,"properties":{"bridge_name":"Valley Industrial Track"},"geometry":{"type":"LineString","coordinates":[[-79.9073547,40.4569814],[-79.907489,40.4569083],[-79.907656,40.4568254]]}},{"type":"Feature","id":null,"properties":{"bridge_name":null},"geometry":{"type":"LineString","coordinates":[[-79.9149434,40.4569189],[-79.9150851,40.4570097]]}},{"type":"Feature","id":null,"properties":{"bridge_name":"Veterans Bridge"},"geometry":{"type":"LineString","coordinates":[[-79.9912955,40.4477745],[-79.9910568,40.4474908],[-79.9908905,40.4472703],[-79.9907885,40.4470989],[-79.9906893,40.4469029],[-79.9906061,40.4466866],[-79.9905391,40.4464641],[-79.9904935,40.4462722],[-79.9904663,40.4460927],[-79.9904475,40.4458457],[-79.9904491,40.4457164]]}},{"type":"Feature","id":null,"properties":{"bridge_name":null},"geometry":{"type":"LineString","coordinates":[[-79.9902575,40.4461395],[-79.9903031,40.4463824],[-79.990354,40.4465927],[-79.9904264,40.4468029],[-79.990531,40.4470295],[-79.9906437,40.4472193],[-79.9907858,40.4474296],[-79.9909253,40.4476092]]}},{"type":"Feature","id":null,"properties":{"bridge_name":null},"geometry":{"type":"LineString","coordinates":[[-79.9904083,40.4472066],[-79.9905993,40.4473874]]}},{"type":"Feature","id":null,"properties":{"bridge_name":"Veterans Bridge"},"geometry":{"type":"LineString","coordinates":[[-79.9904956,40.4472273],[-79.9905993,40.4473874]]}},{"type":"Feature","id":null,"properties":{"bridge_name":"Veterans Bridge"},"geometry":{"type":"LineString","coordinates":[[-79.9905993,40.4473874],[-79.9908878,40.4477472],[-79.9910769,40.4479472]]}},{"type":"Feature","id":null,"properties":{"bridge_name":null},"geometry":{"type":"LineString","coordinates":[[-79.9909253,40.4476092],[-79.9910889,40.4477847],[-79.9914242,40.4481031],[-79.992717,40.4492543],[-79.9932162,40.4497111]]}},{"type":"Feature","id":null,"properties":{"bridge_name":"Veterans Bridge"},"geometry":{"type":"LineString","coordinates":[[-79.9933284,40.4496348],[-79.9921377,40.4485644],[-79.9915261,40.4480154],[-79.9912955,40.4477745]]}},{"type":"Feature","id":null,"properties":{"bridge_name":"Veterans Bridge"},"geometry":{"type":"LineString","coordinates":[[-79.9910769,40.4479472],[-79.9911775,40.4480442],[-79.9914895,40.4483425],[-79.9935346,40.4501022],[-79.993842,40.4503809]]}},{"type":"Feature","id":null,"properties":{"bridge_name":"David McCullough Bridge"},"geometry":{"type":"LineString","coordinates":[[-79.9907272,40.4515371],[-79.9877449,40.4490258]]}},{"type":"Feature","id":null,"properties":{"bridge_name":null},"geometry":{"type":"LineString","coordinates":[[-79.9925006,40.4529358],[-79.9923664,40.4528269],[-79.9918542,40.4523814],[-79.9916149,40.4521945],[-79.9912866,40.4519127],[-79.9902113,40.4510179],[-79.9896806,40.4505579],[-79.9895737,40.4504737],[-79.9888178,40.4498297],[-79.9878761,40.4490298],[-79.987787,40.4489514]]}},{"type":"Feature","id":null,"properties":{"bridge_name":null},"geometry":{"type":"LineString","coordinates":[[-79.9876663,40.4490627],[-79.9878728,40.4492311],[-79.9883045,40.4495982],[-79.9893288,40.4504691],[-79.9894688,40.4505937],[-79.9898469,40.4509041],[-79.9900891,40.4511126],[-79.991174,40.4520197],[-79.991698,40.4524607],[-79.9917903,40.4525393],[-79.99236,40.4530174]]}},{"type":"Feature","id":null,"properties":{"bridge_name":"26th Street Ramp"},"geometry":{"type":"LineString","coordinates":[[-79.9797475,40.4521408],[-79.9797342,40.4520889],[-79.9797222,40.4520525],[-79.9797056,40.4520177],[-79.9796786,40.451976],[-79.9795427,40.4517979],[-79.9794577,40.4517066]]}},{"type":"Feature","id":null,"properties":{"bridge_name":"David McCullough Bridge"},"geometry":{"type":"LineString","coordinates":[[-79.992435,40.4529752],[-79.9907272,40.4515371]]}},{"type":"Feature","id":null,"properties":{"bridge_name":null},"geometry":{"type":"LineString","coordinates":[[-79.9916695,40.4542839],[-79.9915133,40.4543953]]}},{"type":"Feature","id":null,"properties":{"bridge_name":null},"geometry":{"type":"LineString","coordinates":[[-79.991555,40.4546595],[-79.9914616,40.4545896]]}},{"type":"Feature","id":null,"properties":{"bridge_name":"Conemaugh Line"},"geometry":{"type":"LineString","coordinates":[[-79.9923089,40.4547306],[-79.9921896,40.4548317]]}},{"type":"Feature","id":null,"properties":{"bridge_name":"Conemaugh Line"},"geometry":{"type":"LineString","coordinates":[[-79.9923478,40.4547623],[-79.9922945,40.4548067]]}},{"type":"Feature","id":null,"properties":{"bridge_name":"Conemaugh Line"},"geometry":{"type":"LineString","coordinates":[[-79.9922945,40.4548067],[-79.9922204,40.4548684]]}},{"type":"Feature","id":null,"properties":{"bridge_name":null},"geometry":{"type":"LineString","coordinates":[[-79.9895772,40.4551247],[-79.9894513,40.45504]]}},{"type":"Feature","id":null,"properties":{"bridge_name":"Charles J. Lieberth Pedestrian Walkway"},"geometry":{"type":"LineString","coordinates":[[-79.9911677,40.4560243],[-79.9913847,40.4563805]]}},{"type":"Feature","id":null,"properties":{"bridge_name":"Chestnut Street"},"geometry":{"type":"LineString","coordinates":[[-79.9944438,40.4547728],[-79.9944366,40.4547407]]}},{"type":"Feature","id":null,"properties":{"bridge_name":"Chestnut Street"},"geometry":{"type":"LineString","coordinates":[[-79.9943776,40.4547759],[-79.9944109,40.4547971]]}},{"type":"Feature","id":null,"properties":{"bridge_name":null},"geometry":{"type":"LineString","coordinates":[[-79.9935603,40.4552658],[-79.993508,40.4552704],[-79.9934494,40.4552714],[-79.9929347,40.4552514]]}},{"type":"Feature","id":null,"properties":{"bridge_name":null},"geometry":{"type":"LineString","coordinates":[[-79.9738283,40.4563275],[-79.9730819,40.455692]]}},{"type":"Feature","id":null,"properties":{"bridge_name":"28th Street Bridge"},"geometry":{"type":"LineString","coordinates":[[-79.9730362,40.4557215],[-79.9737864,40.4563553]]}},{"type":"Feature","id":null,"properties":{"bridge_name":null},"geometry":{"type":"LineString","coordinates":[[-79.9729921,40.45575],[-79.9737438,40.4563836]]}},{"type":"Feature","id":null,"properties":{"bridge_name":"Finland Street"},"geometry":{"type":"LineString","coordinates":[[-79.9603922,40.4578709],[-79.9605443,40.4580975]]}},{"type":"Feature","id":null,"properties":{"bridge_name":"Finland Street"},"geometry":{"type":"LineString","coordinates":[[-79.9605443,40.4580975],[-79.9605171,40.4581089],[-79.9604953,40.4580771]]}},{"type":"Feature","id":null,"properties":{"bridge_name":"Bloomfield Pedestrian Bridge"},"geometry":{"type":"LineString","coordinates":[[-79.9576993,40.4586359],[-79.9577037,40.4588708]]}},{"type":"Feature","id":null,"properties":{"bridge_name":"Herron Avenue"},"geometry":{"type":"LineString","coordinates":[[-79.9660121,40.4593445],[-79.9660522,40.4594372]]}},{"type":"Feature","id":null,"properties":{"bridge_name":null},"geometry":{"type":"LineString","coordinates":[[-79.956629,40.4592887],[-79.956597,40.4593397],[-79.956538,40.4594435],[-79.9563988,40.4596501],[-79.9562585,40.4598404],[-79.9560769,40.4600827]]}},{"type":"Feature","id":null,"properties":{"bridge_name":"Bloomfield Bridge"},"geometry":{"type":"LineString","coordinates":[[-79.9567551,40.4593562],[-79.9564817,40.4596632],[-79.9560769,40.4600827]]}},{"type":"Feature","id":null,"properties":{"bridge_name":"Herron Avenue"},"geometry":{"type":"LineString","coordinates":[[-79.9660522,40.4594372],[-79.9660838,40.4595032],[-79.9665272,40.4604317]]}},{"type":"Feature","id":null,"properties":{"bridge_name":null},"geometry":{"type":"LineString","coordinates":[[-79.9821339,40.4602498],[-79.9813762,40.4602452]]}},{"type":"Feature","id":null,"properties":{"bridge_name":null},"geometry":{"type":"LineString","coordinates":[[-79.9813762,40.4602452],[-79.9812326,40.460256],[-79.9811581,40.4602653]]}},{"type":"Feature","id":null,"properties":{"bridge_name":null},"geometry":{"type":"LineString","coordinates":[[-79.9794466,40.4644421],[-79.9793975,40.464455],[-79.9793495,40.4644626],[-79.9792763,40.4644527],[-79.9791265,40.4644031],[-79.9787796,40.4642544],[-79.9781234,40.463967],[-79.9772962,40.4635978],[-79.9765488,40.4632708],[-79.9755913,40.4628483],[-79.9753431,40.4627403],[-79.9747319,40.4624762],[-79.9745934,40.4624155],[-79.9744612,40.4623379],[-79.9742121,40.4621273],[-79.9735379,40.4615598],[-79.9729324,40.461063],[-79.9724686,40.4606659],[-79.9721513,40.4603451]]}},{"type":"Feature","id":null,"properties":{"bridge_name":"31st Street Bridge"},"geometry":{"type":"LineString","coordinates":[[-79.979414,40.4646093],[-79.978821,40.4643591],[-79.9782482,40.4640843],[-79.9772492,40.4636445],[-79.9765158,40.4633201],[-79.9753098,40.4627865],[-79.9749164,40.4626146],[-79.9745629,40.4624589],[-79.974486,40.4624159],[-79.9743924,40.4623598],[-79.9743224,40.4623041],[-79.9741949,40.462198],[-79.9737176,40.4617893],[-79.9732387,40.4613893],[-79.9729774,40.4611666],[-79.972571,40.4608201],[-79.9723003,40.4605894],[-79.9720786,40.4603918]]}},{"type":"Feature","id":null,"properties":{"bridge_name":"River Avenue"},"geometry":{"type":"LineString","coordinates":[[-79.9801475,40.4633984],[-79.9796577,40.46421]]}},{"type":"Feature","id":null,"properties":{"bridge_name":null},"geometry":{"type":"LineString","coordinates":[[-79.9801963,40.4634392],[-79.9799602,40.4638258],[-79.9798218,40.4640599],[-79.9796752,40.4643027],[-79.9795987,40.4644266],[-79.979564,40.4644827]]}},{"type":"Feature","id":null,"properties":{"bridge_name":"30th Street Bridge"},"geometry":{"type":"LineString","coordinates":[[-79.9786561,40.4637789],[-79.9794916,40.4641393],[-79.9796577,40.46421]]}},{"type":"Feature","id":null,"properties":{"bridge_name":null},"geometry":{"type":"LineString","coordinates":[[-79.97947,40.4641913],[-79.9791362,40.4640426],[-79.9786377,40.4638133]]}},{"type":"Feature","id":null,"properties":{"bridge_name":null},"geometry":{"type":"LineString","coordinates":[[-79.9794466,40.4644421],[-79.9794724,40.464421],[-79.9795017,40.4643766],[-79.9795325,40.4643342],[-79.979537,40.4642892],[-79.9795221,40.4642532],[-79.97947,40.4641913]]}},{"type":"Feature","id":null,"properties":{"bridge_name":null},"geometry":{"type":"LineString","coordinates":[[-79.9802991,40.4639498],[-79.9797979,40.4645691],[-79.9797597,40.4646075],[-79.9796568,40.4647108]]}},{"type":"Feature","id":null,"properties":{"bridge_name":null},"geometry":{"type":"LineString","coordinates":[[-79.9457844,40.4604215],[-79.9459986,40.4604368]]}},{"type":"Feature","id":null,"properties":{"bridge_name":"Bloomfield Bridge"},"geometry":{"type":"LineString","coordinates":[[-79.9540327,40.4624422],[-79.9565436,40.4597056],[-79.9568494,40.4594068]]}},{"type":"Feature","id":null,"properties":{"bridge_name":null},"geometry":{"type":"LineString","coordinates":[[-79.9456899,40.4610365],[-79.9459393,40.4610592]]}},{"type":"Feature","id":null,"properties":{"bridge_name":null},"geometry":{"type":"LineString","coordinates":[[-79.9569246,40.4594472],[-79.9565835,40.4597627],[-79.9546441,40.461884],[-79.9542492,40.462352],[-79.9535418,40.463189]]}},{"type":"Feature","id":null,"properties":{"bridge_name":"Bloomfield Bridge"},"geometry":{"type":"LineString","coordinates":[[-79.9560769,40.4600827],[-79.9535655,40.462814],[-79.9532334,40.4631693],[-79.953016,40.4634019]]}},{"type":"Feature","id":null,"properties":{"bridge_name":"Bloomfield Bridge"},"geometry":{"type":"LineString","coordinates":[[-79.9533547,40.463167],[-79.9540327,40.4624422]]}},{"type":"Feature","id":null,"properties":{"bridge_name":null},"geometry":{"type":"LineString","coordinates":[[-79.9534577,40.4631997],[-79.9537291,40.4628896],[-79.9540327,40.4624422]]}},{"type":"Feature","id":null,"properties":{"bridge_name":null},"geometry":{"type":"LineString","coordinates":[[-79.9532334,40.4631693],[-79.9529684,40.4633629]]}},{"type":"Feature","id":null,"properties":{"bridge_name":null},"geometry":{"type":"LineString","coordinates":[[-79.9535299,40.4661567],[-79.9537283,40.466118]]}},{"type":"Feature","id":null,"properties":{"bridge_name":null},"geometry":{"type":"LineString","coordinates":[[-79.9525303,40.4669083],[-79.9523473,40.4669378]]}},{"type":"Feature","id":null,"properties":{"bridge_name":null},"geometry":{"type":"LineString","coordinates":[[-79.9660803,40.4593328],[-79.9664222,40.4600996],[-79.9670178,40.4612795]]}},{"type":"Feature","id":null,"properties":{"bridge_name":null},"geometry":{"type":"LineString","coordinates":[[-79.966889,40.4613157],[-79.9662943,40.4601322],[-79.9659534,40.4593657]]}},{"type":"Feature","id":null,"properties":{"bridge_name":"P&W Subdivision"},"geometry":{"type":"LineString","coordinates":[[-79.9670918,40.4605623],[-79.967239,40.4606097],[-79.9673844,40.4606651],[-79.9675458,40.4607333],[-79.9677036,40.4608108],[-79.9677977,40.460865],[-79.9679357,40.4609485],[-79.9680477,40.4610234]]}},{"type":"Feature","id":null,"properties":{"bridge_name":"Herron Avenue"},"geometry":{"type":"LineString","coordinates":[[-79.9665272,40.4604317],[-79.9669658,40.4612944]]}},{"type":"Feature","id":null,"properties":{"bridge_name":"P&W Subdivision"},"geometry":{"type":"LineString","coordinates":[[-79.9680477,40.4610234],[-79.968066,40.4610374],[-79.9683133,40.4612235],[-79.9687127,40.4615581],[-79.9691327,40.46191],[-79.9698074,40.4624782],[-79.9700351,40.4626709],[-79.9703142,40.4629079],[-79.9713007,40.4637473],[-79.9718247,40.464189],[-79.9722337,40.4645352],[-79.9726962,40.4649255]]}},{"type":"Feature","id":null,"properties":{"bridge_name":"River Branch"},"geometry":{"type":"LineString","coordinates":[[-79.9719273,40.4654293],[-79.9720754,40.4652274],[-79.9721385,40.4651171],[-79.9721782,40.4650133],[-79.9721962,40.4649203],[-79.9721983,40.4648259],[-79.9721889,40.4647177],[-79.9721622,40.4646144],[-79.9721094,40.4645099],[-79.9720273,40.4643942],[-79.9718247,40.464189]]}},{"type":"Feature","id":null,"properties":{"bridge_name":"River Branch"},"geometry":{"type":"LineString","coordinates":[[-79.9708045,40.466819],[-79.9709898,40.4665906],[-79.9711747,40.466358],[-79.9714842,40.465957],[-79.9719273,40.4654293]]}},{"type":"Feature","id":null,"properties":{"bridge_name":"River Branch"},"geometry":{"type":"LineString","coordinates":[[-79.9701677,40.467562],[-79.9703998,40.4673027],[-79.970592,40.4670783],[-79.9708045,40.466819]]}},{"type":"Feature","id":null,"properties":{"bridge_name":"40th Street Bridge"},"geometry":{"type":"LineString","coordinates":[[-79.9644182,40.4702826],[-79.9647229,40.4704634],[-79.9670671,40.4718546]]}},{"type":"Feature","id":null,"properties":{"bridge_name":"40th Street Bridge"},"geometry":{"type":"LineString","coordinates":[[-79.9670671,40.4718546],[-79.9671026,40.471876]]}},{"type":"Feature","id":null,"properties":{"bridge_name":"River Avenue"},"geometry":{"type":"LineString","coordinates":[[-79.9796577,40.46421],[-79.9795698,40.4643551],[-79.9795061,40.4644603]]}},{"type":"Feature","id":null,"properties":{"bridge_name":null},"geometry":{"type":"LineString","coordinates":[[-79.979564,40.4644827],[-79.9795061,40.4644603],[-79.9794466,40.4644421]]}},{"type":"Feature","id":null,"properties":{"bridge_name":null},"geometry":{"type":"LineString","coordinates":[[-79.9797078,40.46458],[-79.9796706,40.4645864],[-79.9796202,40.4645709],[-79.9795688,40.4645374],[-79.979564,40.4644827]]}},{"type":"Feature","id":null,"properties":{"bridge_name":"River Avenue"},"geometry":{"type":"LineString","coordinates":[[-79.9795061,40.4644603],[-79.979414,40.4646093]]}},{"type":"Feature","id":null,"properties":{"bridge_name":null},"geometry":{"type":"LineString","coordinates":[[-79.9798135,40.4646364],[-79.9797597,40.4646075],[-79.9797078,40.46458]]}},{"type":"Feature","id":null,"properties":{"bridge_name":null},"geometry":{"type":"LineString","coordinates":[[-79.9799708,40.4646954],[-79.9798135,40.4646364]]}},{"type":"Feature","id":null,"properties":{"bridge_name":"31st Street Bridge"},"geometry":{"type":"LineString","coordinates":[[-79.9798719,40.4648066],[-79.9797561,40.4647552],[-79.9796568,40.4647108],[-79.979414,40.4646093]]}},{"type":"Feature","id":null,"properties":{"bridge_name":null},"geometry":{"type":"LineString","coordinates":[[-79.9796568,40.4647108],[-79.9795624,40.4648055],[-79.9787485,40.4658319]]}},{"type":"Feature","id":null,"properties":{"bridge_name":"Lowrie Street"},"geometry":{"type":"LineString","coordinates":[[-79.9812575,40.4656008],[-79.9811554,40.4657496],[-79.9811287,40.4657886]]}},{"type":"Feature","id":null,"properties":{"bridge_name":"P&W Subdivision"},"geometry":{"type":"LineString","coordinates":[[-79.9726962,40.4649255],[-79.9727767,40.4649943],[-79.973533,40.4656333],[-79.974189,40.4661941],[-79.9746774,40.4665981],[-79.9751431,40.4670016],[-79.975339,40.4671961],[-79.9754665,40.4673352],[-79.9755466,40.467438],[-79.9756215,40.4675449],[-79.9757348,40.4677428],[-79.9757887,40.4678609],[-79.9758304,40.4679844],[-79.9758615,40.4681216],[-79.9758768,40.4682162],[-79.9758918,40.4683667],[-79.9758911,40.4685119],[-79.9758812,40.4686389],[-79.9758608,40.4687659],[-79.9758225,40.4689155],[-79.9757841,40.4690225],[-79.9756893,40.4692308],[-79.9755888,40.4694017],[-79.9754693,40.4695615]]}},{"type":"Feature","id":null,"properties":{"bridge_name":null},"geometry":{"type":"LineString","coordinates":[[-79.9756705,40.4680394],[-79.9756537,40.46783]]}},{"type":"Feature","id":null,"properties":{"bridge_name":null},"geometry":{"type":"LineString","coordinates":[[-79.9755913,40.4685688],[-79.9756244,40.4684413],[-79.9756623,40.4682598],[-79.9756646,40.4681699],[-79.9756694,40.468065],[-79.9756705,40.4680394]]}},{"type":"Feature","id":null,"properties":{"bridge_name":null},"geometry":{"type":"LineString","coordinates":[[-79.9753479,40.4690298],[-79.9755088,40.4687237],[-79.9755913,40.4685688]]}},{"type":"Feature","id":null,"properties":{"bridge_name":null},"geometry":{"type":"LineString","coordinates":[[-79.96867538662504,40.472764211076026],[-79.9678831,40.472286],[-79.9670304,40.4717623],[-79.9664391,40.4714111],[-79.9661045,40.4712067],[-79.9657639,40.4710014],[-79.9650096,40.4705489],[-79.9644879,40.4702424]]}},{"type":"Feature","id":null,"properties":{"bridge_name":null},"geometry":{"type":"LineString","coordinates":[[-79.9643775,40.4703482],[-79.9644255,40.4703747],[-79.9649004,40.4706548],[-79.9659966,40.4713071],[-79.9668169,40.4718016],[-79.9673734,40.4721327],[-79.9679586,40.4724986],[-79.96859422636707,40.472883278881625]]}},{"type":"Feature","id":null,"properties":{"bridge_name":"40th Street Bridge"},"geometry":{"type":"LineString","coordinates":[[-79.9671026,40.471876],[-79.9680909,40.4724709],[-79.96864661366678,40.47280674501432]]}},{"type":"Feature","id":null,"properties":{"bridge_name":null},"geometry":{"type":"LineString","coordinates":[[-79.9445076,40.4551109],[-79.9438063,40.4553226]]}},{"type":"Feature","id":null,"properties":{"bridge_name":"Baum Boulevard"},"geometry":{"type":"LineString","coordinates":[[-79.9445354,40.4551734],[-79.9441868,40.4552796]]}},{"type":"Feature","id":null,"properties":{"bridge_name":"Baum Boulevard"},"geometry":{"type":"LineString","coordinates":[[-79.9441868,40.4552796],[-79.9438307,40.4553884]]}},{"type":"Feature","id":null,"properties":{"bridge_name":null},"geometry":{"type":"LineString","coordinates":[[-79.9438727,40.4554472],[-79.9445653,40.4552387]]}},{"type":"Feature","id":null,"properties":{"bridge_name":"South Millvale Avenue"},"geometry":{"type":"LineString","coordinates":[[-79.9475697,40.4563551],[-79.9474267,40.4575431]]}},{"type":"Feature","id":null,"properties":{"bridge_name":null},"geometry":{"type":"LineString","coordinates":[[-79.9475394,40.4575433],[-79.9476672,40.4563603]]}},{"type":"Feature","id":null,"properties":{"bridge_name":"East Busway"},"geometry":{"type":"LineString","coordinates":[[-79.9520203,40.4574139],[-79.9522083,40.4574432]]}},{"type":"Feature","id":null,"properties":{"bridge_name":"NS Pittsburgh Line"},"geometry":{"type":"LineString","coordinates":[[-79.9526184,40.4576293],[-79.9524024,40.4575811],[-79.95206,40.4575239]]}},{"type":"Feature","id":null,"properties":{"bridge_name":"NS Pittsburgh Line"},"geometry":{"type":"LineString","coordinates":[[-79.9520822,40.4575707],[-79.952392,40.4576201],[-79.9526238,40.4576731]]}},{"type":"Feature","id":null,"properties":{"bridge_name":null},"geometry":{"type":"LineString","coordinates":[[-79.9480409,40.4577139],[-79.9482127,40.4575475]]}},{"type":"Feature","id":null,"properties":{"bridge_name":null},"geometry":{"type":"LineString","coordinates":[[-79.9370893,40.4535405],[-79.9374224,40.454104]]}},{"type":"Feature","id":null,"properties":{"bridge_name":null},"geometry":{"type":"LineString","coordinates":[[-79.9354136,40.4547967],[-79.9351994,40.4545922]]}},{"type":"Feature","id":null,"properties":{"bridge_name":null},"geometry":{"type":"LineString","coordinates":[[-79.9333784,40.4560046],[-79.9334209,40.4560755],[-79.9335791,40.4563398]]}},{"type":"Feature","id":null,"properties":{"bridge_name":null},"geometry":{"type":"LineString","coordinates":[[-79.9332629,40.4560586],[-79.9333164,40.45615],[-79.9334707,40.4564139]]}},{"type":"Feature","id":null,"properties":{"bridge_name":"South Negley Avenue"},"geometry":{"type":"LineString","coordinates":[[-79.93352,40.4563798],[-79.9333657,40.4561149]]}},{"type":"Feature","id":null,"properties":{"bridge_name":null},"geometry":{"type":"LineString","coordinates":[[-79.9251882,40.4588188],[-79.9251874,40.458834],[-79.9251689,40.45915]]}},{"type":"Feature","id":null,"properties":{"bridge_name":"South Highland Avenue"},"geometry":{"type":"LineString","coordinates":[[-79.9250913,40.4588105],[-79.9250877,40.458856],[-79.9250694,40.4592331]]}},{"type":"Feature","id":null,"properties":{"bridge_name":null},"geometry":{"type":"LineString","coordinates":[[-79.9249928,40.459194],[-79.9250114,40.4588746],[-79.9250121,40.458863]]}},{"type":"Feature","id":null,"properties":{"bridge_name":null},"geometry":{"type":"LineString","coordinates":[[-79.9225719,40.4597652],[-79.9224604,40.4596546],[-79.922322,40.459508],[-79.9221794,40.4593532]]}},{"type":"Feature","id":null,"properties":{"bridge_name":null},"geometry":{"type":"LineString","coordinates":[[-79.9224141,40.4596663],[-79.9224604,40.4596546]]}},{"type":"Feature","id":null,"properties":{"bridge_name":null},"geometry":{"type":"LineString","coordinates":[[-79.9169612,40.4569876],[-79.916729,40.4571233]]}},{"type":"Feature","id":null,"properties":{"bridge_name":"Valley Industrial Track"},"geometry":{"type":"LineString","coordinates":[[-79.9066851,40.4576352],[-79.9066097,40.4578085]]}},{"type":"Feature","id":null,"properties":{"bridge_name":"Valley Industrial Track"},"geometry":{"type":"LineString","coordinates":[[-79.906701,40.4578293],[-79.9067799,40.4576579]]}},{"type":"Feature","id":null,"properties":{"bridge_name":"Valley Industrial Track"},"geometry":{"type":"LineString","coordinates":[[-79.9064149,40.4582726],[-79.9063386,40.4584525]]}},{"type":"Feature","id":null,"properties":{"bridge_name":"Valley Industrial Track"},"geometry":{"type":"LineString","coordinates":[[-79.9063842,40.4584595],[-79.9064624,40.4582813]]}},{"type":"Feature","id":null,"properties":{"bridge_name":"East Busway"},"geometry":{"type":"LineString","coordinates":[[-79.9160546,40.4591977],[-79.9162117,40.4592572]]}},{"type":"Feature","id":null,"properties":{"bridge_name":"Lincoln Avenue"},"geometry":{"type":"LineString","coordinates":[[-79.9060475,40.4623958],[-79.9054615,40.4626992],[-79.9048967,40.4629751]]}},{"type":"Feature","id":null,"properties":{"bridge_name":null},"geometry":{"type":"LineString","coordinates":[[-79.9188995,40.4642574],[-79.9188549,40.4642287]]}},{"type":"Feature","id":null,"properties":{"bridge_name":"East Liberty Boulevard"},"geometry":{"type":"LineString","coordinates":[[-79.9187791,40.4647226],[-79.9189348,40.46479]]}},{"type":"Feature","id":null,"properties":{"bridge_name":null},"geometry":{"type":"LineString","coordinates":[[-79.9187476,40.4647645],[-79.918902,40.4648338]]}},{"type":"Feature","id":null,"properties":{"bridge_name":null},"geometry":{"type":"LineString","coordinates":[[-79.9236421,40.4597709],[-79.9237674,40.4597382]]}},{"type":"Feature","id":null,"properties":{"bridge_name":null},"geometry":{"type":"LineString","coordinates":[[-79.9213522,40.4598267],[-79.9211342,40.4598282],[-79.9210753,40.4598158]]}},{"type":"Feature","id":null,"properties":{"bridge_name":null},"geometry":{"type":"LineString","coordinates":[[-79.9214374,40.4600405],[-79.9213857,40.4599736],[-79.9213582,40.4598996],[-79.9213522,40.4598267],[-79.9213753,40.4597454]]}},{"type":"Feature","id":null,"properties":{"bridge_name":null},"geometry":{"type":"LineString","coordinates":[[-79.9213464,40.4600615],[-79.9210718,40.4598683],[-79.9210449,40.4598232]]}},{"type":"Feature","id":null,"properties":{"bridge_name":"Penn Avenue"},"geometry":{"type":"LineString","coordinates":[[-79.9211833,40.4601052],[-79.9208633,40.459861]]}},{"type":"Feature","id":null,"properties":{"bridge_name":null},"geometry":{"type":"LineString","coordinates":[[-79.9226194,40.4600176],[-79.9227454,40.4599869]]}},{"type":"Feature","id":null,"properties":{"bridge_name":null},"geometry":{"type":"LineString","coordinates":[[-79.920716,40.4598931],[-79.9210571,40.4601281]]}},{"type":"Feature","id":null,"properties":{"bridge_name":null},"geometry":{"type":"LineString","coordinates":[[-79.9190565,40.464622],[-79.918897,40.4645496]]}},{"type":"Feature","id":null,"properties":{"bridge_name":"East Liberty Boulevard"},"geometry":{"type":"LineString","coordinates":[[-79.9190419,40.4646643],[-79.9188603,40.4645817]]}},{"type":"Feature","id":null,"properties":{"bridge_name":null},"geometry":{"type":"LineString","coordinates":[[-79.9192416,40.4817828],[-79.9191305,40.481886]]}},{"type":"Feature","id":null,"properties":{"bridge_name":null},"geometry":{"type":"LineString","coordinates":[[-79.9163835,40.4674454],[-79.9156802,40.4663206]]}},{"type":"Feature","id":null,"properties":{"bridge_name":"Meadow Street"},"geometry":{"type":"LineString","coordinates":[[-79.9162919,40.4674363],[-79.9156058,40.466338]]}},{"type":"Feature","id":null,"properties":{"bridge_name":null},"geometry":{"type":"LineString","coordinates":[[-79.9162187,40.467457],[-79.9155347,40.4663586]]}},{"type":"Feature","id":null,"properties":{"bridge_name":"Larimer Avenue"},"geometry":{"type":"LineString","coordinates":[[-79.9099536,40.4670577],[-79.9074291,40.4677712]]}},{"type":"Feature","id":null,"properties":{"bridge_name":"Brilliant Branch"},"geometry":{"type":"LineString","coordinates":[[-79.9073251,40.473784],[-79.9072518,40.4745961]]}},{"type":"Feature","id":null,"properties":{"bridge_name":"Connecting Road Trail"},"geometry":{"type":"LineString","coordinates":[[-79.9124073,40.47746],[-79.9121168,40.4773669]]}},{"type":"Feature","id":null,"properties":{"bridge_name":"Allegheny River Boulevard"},"geometry":{"type":"LineString","coordinates":[[-79.8846766,40.4814668],[-79.88415553790762,40.4814419181932]]}},{"type":"Feature","id":null,"properties":{"bridge_name":null},"geometry":{"type":"LineString","coordinates":[[-79.9053697,40.4837584],[-79.9051381,40.4838181],[-79.9050323,40.4838383],[-79.9049137,40.4838539],[-79.9047796,40.4838653],[-79.9046475,40.4838692]]}},{"type":"Feature","id":null,"properties":{"bridge_name":null},"geometry":{"type":"LineString","coordinates":[[-79.906431,40.4838341],[-79.9063774,40.4840341]]}},{"type":"Feature","id":null,"properties":{"bridge_name":"Brilliant Branch"},"geometry":{"type":"LineString","coordinates":[[-79.9062816,40.4843877],[-79.9061765,40.4846832],[-79.9061229,40.4848301],[-79.9060625,40.4849752],[-79.9059594,40.4852094]]}},{"type":"Feature","id":null,"properties":{"bridge_name":null},"geometry":{"type":"LineString","coordinates":[[-79.9535499,40.4675689],[-79.9535974,40.467515]]}},{"type":"Feature","id":null,"properties":{"bridge_name":"62nd Street Bridge"},"geometry":{"type":"LineString","coordinates":[[-79.93805830474703,40.4910506571481],[-79.9374525,40.4891789]]}},{"type":"Feature","id":null,"properties":{"bridge_name":null},"geometry":{"type":"LineString","coordinates":[[-79.93811281621358,40.49103584009885],[-79.9377757,40.4899944],[-79.9375084,40.4891684],[-79.9373527,40.488688],[-79.9373446,40.4886519],[-79.9373401,40.4886138],[-79.9373423,40.4885741],[-79.9373523,40.4885319]]}},{"type":"Feature","id":null,"properties":{"bridge_name":"One Wild Place"},"geometry":{"type":"LineString","coordinates":[[-79.9197492,40.4830418],[-79.9198104,40.4830818],[-79.919982,40.483196],[-79.9201278,40.4832847]]}},{"type":"Feature","id":null,"properties":{"bridge_name":null},"geometry":{"type":"LineString","coordinates":[[-79.9214182,40.4837782],[-79.9214189,40.4837579],[-79.921338,40.4837035]]}},{"type":"Feature","id":null,"properties":{"bridge_name":null},"geometry":{"type":"LineString","coordinates":[[-79.9215989,40.4838529],[-79.9214451,40.4837542],[-79.9214189,40.4837579]]}},{"type":"Feature","id":null,"properties":{"bridge_name":null},"geometry":{"type":"LineString","coordinates":[[-79.919458,40.487637],[-79.9184311,40.487397]]}},{"type":"Feature","id":null,"properties":{"bridge_name":"Butler Street"},"geometry":{"type":"LineString","coordinates":[[-79.9183969,40.4874838],[-79.9193914,40.4877003]]}},{"type":"Feature","id":null,"properties":{"bridge_name":null},"geometry":{"type":"LineString","coordinates":[[-79.9183618,40.4875751],[-79.9194031,40.4877895]]}},{"type":"Feature","id":null,"properties":{"bridge_name":null},"geometry":{"type":"LineString","coordinates":[[-79.9372829,40.4886558],[-79.9372834,40.4885867],[-79.9372925,40.4885395]]}},{"type":"Feature","id":null,"properties":{"bridge_name":"62nd Street Bridge"},"geometry":{"type":"LineString","coordinates":[[-79.9372829,40.4886558],[-79.9372397,40.4885496]]}},{"type":"Feature","id":null,"properties":{"bridge_name":"62nd Street Bridge"},"geometry":{"type":"LineString","coordinates":[[-79.9371594,40.488565],[-79.9371851,40.4886628]]}},{"type":"Feature","id":null,"properties":{"bridge_name":null},"geometry":{"type":"LineString","coordinates":[[-79.9370859,40.4885791],[-79.9371201,40.4885978],[-79.9371513,40.4886215],[-79.9371851,40.4886628]]}},{"type":"Feature","id":null,"properties":{"bridge_name":null},"geometry":{"type":"LineString","coordinates":[[-79.9059594,40.4852094],[-79.905847,40.4854483]]}},{"type":"Feature","id":null,"properties":{"bridge_name":null},"geometry":{"type":"LineString","coordinates":[[-79.9134191,40.4861665],[-79.9133944,40.4861984],[-79.9133719,40.4862285],[-79.9133515,40.4862608],[-79.913322,40.4863067],[-79.9133087,40.4863346],[-79.9132778,40.486394],[-79.9132578,40.4864335],[-79.9132415,40.4864628],[-79.9132268,40.4864841],[-79.9131596,40.4865689]]}},{"type":"Feature","id":null,"properties":{"bridge_name":null},"geometry":{"type":"LineString","coordinates":[[-79.9132499,40.486604],[-79.9133231,40.4864188],[-79.9133734,40.4863355],[-79.9134084,40.4862789],[-79.9134648,40.4862162],[-79.9135006,40.4861857]]}},{"type":"Feature","id":null,"properties":{"bridge_name":null},"geometry":{"type":"LineString","coordinates":[[-79.9129862,40.4862709],[-79.9130283,40.4862798],[-79.9130595,40.4862927],[-79.913084,40.4863102],[-79.9131065,40.4863264],[-79.9131308,40.4863475],[-79.9131462,40.4863683],[-79.9131604,40.4864152],[-79.9131591,40.4864544],[-79.9131596,40.4865689]]}},{"type":"Feature","id":null,"properties":{"bridge_name":null},"geometry":{"type":"LineString","coordinates":[[-79.9132499,40.486604],[-79.9133929,40.4864923],[-79.913479,40.4864509],[-79.9135144,40.4864408],[-79.9135616,40.4864407],[-79.9136496,40.486447]]}},{"type":"Feature","id":null,"properties":{"bridge_name":"Brilliant Branch Bridge"},"geometry":{"type":"LineString","coordinates":[[-79.905847,40.4854483],[-79.9054962,40.4861849],[-79.90524876356325,40.486701238485466]]}},{"type":"Feature","id":null,"properties":{"bridge_name":null},"geometry":{"type":"LineString","coordinates":[[-79.9145525,40.4875887],[-79.9143034,40.4875357]]}},{"type":"Feature","id":null,"properties":{"bridge_name":null},"geometry":{"type":"LineString","coordinates":[[-79.9164512,40.487803],[-79.9165334,40.487628]]}},{"type":"Feature","id":null,"properties":{"bridge_name":"Highland Park Bridge"},"geometry":{"type":"LineString","coordinates":[[-79.9124664712548,40.48826952026417],[-79.9129002,40.487348],[-79.9130144,40.4870895],[-79.913177,40.4867663],[-79.9132499,40.486604]]}},{"type":"Feature","id":null,"properties":{"bridge_name":null},"geometry":{"type":"LineString","coordinates":[[-79.90161471047554,40.48881091998613],[-79.9015796,40.4888066],[-79.9012717,40.4887475],[-79.9010237,40.4886862],[-79.9001225,40.4884282]]}},{"type":"Feature","id":null,"properties":{"bridge_name":null},"geometry":{"type":"LineString","coordinates":[[-79.913632,40.4864866],[-79.9136025,40.4864852],[-79.9135664,40.4864878],[-79.9135228,40.4865032],[-79.9134835,40.486526],[-79.9134623,40.4865503],[-79.9134401,40.4865867],[-79.9133516,40.4867752],[-79.9130936,40.4873233],[-79.9128761,40.4877608],[-79.91261919880084,40.488301121231785]]}},{"type":"Feature","id":null,"properties":{"bridge_name":"Highland Park Bridge"},"geometry":{"type":"LineString","coordinates":[[-79.9131596,40.4865689],[-79.913072,40.486771],[-79.9129023,40.4871373],[-79.9124842,40.4879823],[-79.9123586493817,40.48824682092246]]}},{"type":"Feature","id":null,"properties":{"bridge_name":"Allegheny Valley Expressway"},"geometry":{"type":"LineString","coordinates":[[-79.89692435121232,40.492486604947615],[-79.8966381,40.4924241]]}},{"type":"Feature","id":null,"properties":{"bridge_name":"Allegheny Valley Expressway"},"geometry":{"type":"LineString","coordinates":[[-79.8965871,40.4925506],[-79.89691217110644,40.49261194672273]]}},{"type":"Feature","id":null,"properties":{"bridge_name":"62nd Street Bridge"},"geometry":{"type":"LineString","coordinates":[[-79.9374525,40.4891789],[-79.9372829,40.4886558]]}},{"type":"Feature","id":null,"properties":{"bridge_name":"62nd Street Bridge"},"geometry":{"type":"LineString","coordinates":[[-79.9371851,40.4886628],[-79.93796611986798,40.49107542330549]]}},{"type":"Feature","id":null,"properties":{"bridge_name":null},"geometry":{"type":"LineString","coordinates":[[-79.93701,40.4885958],[-79.9370476,40.4886108],[-79.9370804,40.4886284],[-79.9371092,40.4886493],[-79.9371361,40.4886832],[-79.9371522,40.4887216],[-79.93791714436225,40.49108441490225]]}},{"type":"Feature","id":null,"properties":{"bridge_name":"Jacob Street"},"geometry":{"type":"LineString","coordinates":[[-79.9993793,40.3899236],[-79.9994142,40.3901169]]}},{"type":"Feature","id":null,"properties":{"bridge_name":"Overbrook Line"},"geometry":{"type":"LineString","coordinates":[[-79.9983073,40.3899126],[-79.9982739,40.3900957],[-79.9982509,40.3902099],[-79.9981513,40.3905935],[-79.9981114,40.3907518],[-79.9980786,40.3909567],[-79.9980621,40.391157],[-79.9980676,40.3912876],[-79.9980861,40.39157],[-79.9981049,40.3918416]]}},{"type":"Feature","id":null,"properties":{"bridge_name":"Overbrook Line"},"geometry":{"type":"LineString","coordinates":[[-79.9981646,40.3918399],[-79.9981258,40.3913969],[-79.9981191,40.3911619],[-79.9981271,40.3910312],[-79.9981553,40.3908249],[-79.9982237,40.3905644],[-79.9982585,40.3904177],[-79.9983135,40.390163],[-79.998357,40.3899186]]}},{"type":"Feature","id":null,"properties":{"bridge_name":null},"geometry":{"type":"LineString","coordinates":[[-79.9976085,40.3928294],[-79.9976569,40.3928234]]}},{"type":"Feature","id":null,"properties":{"bridge_name":null},"geometry":{"type":"LineString","coordinates":[[-79.9976085,40.3928294],[-79.9975501,40.3928366]]}},{"type":"Feature","id":null,"properties":{"bridge_name":"Pittsburgh Subdivision"},"geometry":{"type":"LineString","coordinates":[[-79.999059,40.394559],[-79.9989814,40.3941666]]}},{"type":"Feature","id":null,"properties":{"bridge_name":"Ansonia Place"},"geometry":{"type":"LineString","coordinates":[[-79.9974723,40.3944896],[-79.9977875,40.3945159]]}},{"type":"Feature","id":null,"properties":{"bridge_name":"South Busway"},"geometry":{"type":"LineString","coordinates":[[-79.9996864,40.3956665],[-79.9998098,40.395977]]}},{"type":"Feature","id":null,"properties":{"bridge_name":null},"geometry":{"type":"LineString","coordinates":[[-79.998098,40.3960298],[-79.997808,40.3956824]]}},{"type":"Feature","id":null,"properties":{"bridge_name":"Pittsburgh Subdivision"},"geometry":{"type":"LineString","coordinates":[[-79.9995326,40.3958271],[-79.999572,40.3959113]]}},{"type":"Feature","id":null,"properties":{"bridge_name":"Saw Mill Run Boulevard"},"geometry":{"type":"LineString","coordinates":[[-79.9978532,40.3958785],[-79.9980693,40.3961338]]}},{"type":"Feature","id":null,"properties":{"bridge_name":"Overbrook Line"},"geometry":{"type":"LineString","coordinates":[[-79.9980853,40.3956292],[-79.9978169,40.3963422],[-79.9977877,40.3964601],[-79.9977633,40.3965798],[-79.9977597,40.3967557]]}},{"type":"Feature","id":null,"properties":{"bridge_name":"Overbrook Line"},"geometry":{"type":"LineString","coordinates":[[-79.9978106,40.3967585],[-79.9978079,40.3966349],[-79.9978334,40.3964885],[-79.997883,40.3963306],[-79.9981284,40.395634]]}},{"type":"Feature","id":null,"properties":{"bridge_name":"Colerain Street"},"geometry":{"type":"LineString","coordinates":[[-79.99789,40.3962503],[-79.9980376,40.3962813]]}},{"type":"Feature","id":null,"properties":{"bridge_name":null},"geometry":{"type":"LineString","coordinates":[[-80.0000472,40.4007969],[-79.9999113,40.4008479]]}},{"type":"Feature","id":null,"properties":{"bridge_name":"Pittsburgh Subdivision"},"geometry":{"type":"LineString","coordinates":[[-80.0013793,40.4007897],[-80.0015941,40.4014992]]}},{"type":"Feature","id":null,"properties":{"bridge_name":null},"geometry":{"type":"LineString","coordinates":[[-80.000339,40.4010711],[-80.0003654,40.4012592]]}},{"type":"Feature","id":null,"properties":{"bridge_name":"Saw Mill Run Boulevard"},"geometry":{"type":"LineString","coordinates":[[-80.0004638,40.4011436],[-80.0004675,40.4011723],[-80.0004879,40.4013318]]}},{"type":"Feature","id":null,"properties":{"bridge_name":null},"geometry":{"type":"LineString","coordinates":[[-80.0006015,40.4013947],[-80.0005808,40.4012063]]}},{"type":"Feature","id":null,"properties":{"bridge_name":"South Busway"},"geometry":{"type":"LineString","coordinates":[[-80.0017892,40.401439],[-80.0020613,40.4023608]]}},{"type":"Feature","id":null,"properties":{"bridge_name":null},"geometry":{"type":"LineString","coordinates":[[-80.0049462,40.3765561],[-80.0050642,40.3765111]]}},{"type":"Feature","id":null,"properties":{"bridge_name":"McNeilly Road"},"geometry":{"type":"LineString","coordinates":[[-80.0039721,40.378023],[-80.0041169,40.3781277]]}},{"type":"Feature","id":null,"properties":{"bridge_name":"Library Road"},"geometry":{"type":"LineString","coordinates":[[-80.0022429,40.3787009],[-80.0025768,40.3786055]]}},{"type":"Feature","id":null,"properties":{"bridge_name":null},"geometry":{"type":"LineString","coordinates":[[-80.0037588,40.4061747],[-80.0037961,40.4061496],[-80.0039142,40.4060565]]}},{"type":"Feature","id":null,"properties":{"bridge_name":"Ensign Avenue"},"geometry":{"type":"LineString","coordinates":[[-80.0039577,40.4060782],[-80.0037983,40.4061982]]}},{"type":"Feature","id":null,"properties":{"bridge_name":"Timberland Avenue"},"geometry":{"type":"LineString","coordinates":[[-80.0062638,40.4104001],[-80.0063271,40.4103252]]}},{"type":"Feature","id":null,"properties":{"bridge_name":"Overbrook Line"},"geometry":{"type":"LineString","coordinates":[[-80.0047998,40.4108179],[-80.0057465,40.4118795]]}},{"type":"Feature","id":null,"properties":{"bridge_name":"Overbrook Line"},"geometry":{"type":"LineString","coordinates":[[-80.005857,40.4119231],[-80.0057898,40.4118509],[-80.0054837,40.4115192],[-80.005165,40.411165],[-80.0048535,40.4108054]]}},{"type":"Feature","id":null,"properties":{"bridge_name":"P J McArdle Roadway"},"geometry":{"type":"LineString","coordinates":[[-80.0031037,40.430703],[-80.0016608,40.4300768]]}},{"type":"Feature","id":null,"properties":{"bridge_name":null},"geometry":{"type":"LineString","coordinates":[[-80.0016359,40.4301153],[-80.0030757,40.4307402]]}},{"type":"Feature","id":null,"properties":{"bridge_name":null},"geometry":{"type":"LineString","coordinates":[[-79.9952102,40.3850835],[-79.9957701,40.385161]]}},{"type":"Feature","id":null,"properties":{"bridge_name":"Englewood Pedestrian Bridge"},"geometry":{"type":"LineString","coordinates":[[-79.9965475,40.3879165],[-79.9970569,40.3876904]]}},{"type":"Feature","id":null,"properties":{"bridge_name":"P J McArdle Roadway"},"geometry":{"type":"LineString","coordinates":[[-79.9973939,40.4290053],[-79.9967849,40.4286966]]}},{"type":"Feature","id":null,"properties":{"bridge_name":"Terminal Street"},"geometry":{"type":"LineString","coordinates":[[-79.9969564,40.4297655],[-79.9969073,40.429855],[-79.9968982,40.42987]]}},{"type":"Feature","id":null,"properties":{"bridge_name":null},"geometry":{"type":"LineString","coordinates":[[-79.9968395,40.4298418],[-79.9968414,40.4298361]]}},{"type":"Feature","id":null,"properties":{"bridge_name":null},"geometry":{"type":"LineString","coordinates":[[-79.9968182,40.429829],[-79.9968414,40.4298361],[-79.9969073,40.429855]]}},{"type":"Feature","id":null,"properties":{"bridge_name":null},"geometry":{"type":"LineString","coordinates":[[-79.9962248,40.4308735],[-79.9962551,40.430876],[-79.9963241,40.4308881]]}},{"type":"Feature","id":null,"properties":{"bridge_name":"Terminal Street"},"geometry":{"type":"LineString","coordinates":[[-79.9963452,40.43084],[-79.9963241,40.4308881],[-79.996231,40.4312252]]}},{"type":"Feature","id":null,"properties":{"bridge_name":null},"geometry":{"type":"LineString","coordinates":[[-79.9958542,40.4340964],[-79.9956291,40.4342595],[-79.9955487,40.4343366],[-79.9954285,40.4344902],[-79.9953364,40.4346237]]}},{"type":"Feature","id":null,"properties":{"bridge_name":"Liberty Bridge"},"geometry":{"type":"LineString","coordinates":[[-79.9958542,40.4340964],[-79.9954166,40.4347267],[-79.9951532,40.4351099]]}},{"type":"Feature","id":null,"properties":{"bridge_name":"Pittsburgh Subdivision"},"geometry":{"type":"LineString","coordinates":[[-80.0016331,40.4016297],[-80.0018596,40.4023738]]}},{"type":"Feature","id":null,"properties":{"bridge_name":"Edgebrook Avenue"},"geometry":{"type":"LineString","coordinates":[[-80.0010152,40.4020207],[-80.0011433,40.4019998]]}},{"type":"Feature","id":null,"properties":{"bridge_name":"Overbrook Line"},"geometry":{"type":"LineString","coordinates":[[-79.9996808,40.4025111],[-79.9996283,40.4023074],[-79.9995425,40.4019321],[-79.9994575,40.40155]]}},{"type":"Feature","id":null,"properties":{"bridge_name":"Overbrook Line"},"geometry":{"type":"LineString","coordinates":[[-79.9994058,40.4015563],[-79.9994918,40.4019474],[-79.9995646,40.4022738],[-79.9996306,40.4025173]]}},{"type":"Feature","id":null,"properties":{"bridge_name":null},"geometry":{"type":"LineString","coordinates":[[-80.0010695,40.4021693],[-80.0012111,40.4021289]]}},{"type":"Feature","id":null,"properties":{"bridge_name":null},"geometry":{"type":"LineString","coordinates":[[-79.9983313,40.4291742],[-79.9982742,40.4292164],[-79.998179,40.4292634],[-79.9980823,40.4292864],[-79.9979887,40.4292931],[-79.9979259,40.4292869],[-79.9978514,40.429269],[-79.997774,40.4292381],[-79.9974007,40.4290561],[-79.9969292,40.4288208],[-79.9967528,40.4287302]]}},{"type":"Feature","id":null,"properties":{"bridge_name":"P J McArdle Roadway"},"geometry":{"type":"LineString","coordinates":[[-79.9982031,40.4290582],[-79.998168,40.4291136],[-79.9981526,40.4291312],[-79.9981305,40.4291458],[-79.9981026,40.429159],[-79.9980777,40.4291678],[-79.9980469,40.4291751],[-79.9980104,40.4291802],[-79.9979778,40.4291809],[-79.9979422,40.4291773],[-79.9979163,40.4291721],[-79.9978871,40.4291648],[-79.9978295,40.4291475],[-79.997536,40.4290363],[-79.9973939,40.4290053]]}},{"type":"Feature","id":null,"properties":{"bridge_name":"P J McArdle Roadway"},"geometry":{"type":"LineString","coordinates":[[-79.9973939,40.4290053],[-79.9974735,40.4290676],[-79.9976224,40.4291334],[-79.9977569,40.4291904]]}},{"type":"Feature","id":null,"properties":{"bridge_name":"P J McArdle Roadway"},"geometry":{"type":"LineString","coordinates":[[-79.9977569,40.4291904],[-79.9978145,40.4292138],[-79.99785,40.4292284],[-79.9978769,40.4292365],[-79.9979105,40.4292431],[-79.9979528,40.4292489],[-79.997996,40.4292504],[-79.9980364,40.4292496],[-79.998069,40.429246],[-79.9981103,40.4292357],[-79.9981497,40.429224],[-79.9981949,40.4292043],[-79.9982237,40.4291882],[-79.9982736,40.4291509],[-79.9983035,40.4291123]]}},{"type":"Feature","id":null,"properties":{"bridge_name":"Panhandle Bridge"},"geometry":{"type":"LineString","coordinates":[[-79.9986886,40.4294014],[-79.9985604,40.4293039],[-79.9985136,40.4292618],[-79.9984668,40.4292079],[-79.998432,40.4291677]]}},{"type":"Feature","id":null,"properties":{"bridge_name":"Panhandle Bridge"},"geometry":{"type":"LineString","coordinates":[[-79.9983858,40.429178],[-79.9984625,40.429266],[-79.9985545,40.4293348],[-79.9986886,40.4294014]]}},{"type":"Feature","id":null,"properties":{"bridge_name":null},"geometry":{"type":"LineString","coordinates":[[-79.9990384,40.4292268],[-79.999071,40.4293276],[-79.9990869,40.4294233]]}},{"type":"Feature","id":null,"properties":{"bridge_name":"Liberty Bridge"},"geometry":{"type":"LineString","coordinates":[[-79.9991765,40.4292935],[-79.9990869,40.4294233]]}},{"type":"Feature","id":null,"properties":{"bridge_name":null},"geometry":{"type":"LineString","coordinates":[[-79.9990869,40.4294233],[-79.9991897,40.4293749],[-79.9993081,40.4293345]]}},{"type":"Feature","id":null,"properties":{"bridge_name":"Panhandle Bridge"},"geometry":{"type":"LineString","coordinates":[[-79.9993927,40.4305644],[-79.9993693,40.4303818],[-79.9992757,40.4299331],[-79.9992478,40.429856],[-79.9991805,40.4297597],[-79.9991025,40.4296949],[-79.9986886,40.4294014]]}},{"type":"Feature","id":null,"properties":{"bridge_name":"East Sycamore Street"},"geometry":{"type":"LineString","coordinates":[[-80.0017772,40.4304614],[-80.0024176,40.4306472]]}},{"type":"Feature","id":null,"properties":{"bridge_name":"Mon Line"},"geometry":{"type":"LineString","coordinates":[[-80.0014076,40.4306747],[-80.0010674,40.4305967],[-80.0008947,40.4305485]]}},{"type":"Feature","id":null,"properties":{"bridge_name":"Mon Line"},"geometry":{"type":"LineString","coordinates":[[-80.0009695,40.4306089],[-80.0014177,40.4307093]]}},{"type":"Feature","id":null,"properties":{"bridge_name":"Mon Line"},"geometry":{"type":"LineString","coordinates":[[-80.0019462,40.4307995],[-80.0016689,40.4307302]]}},{"type":"Feature","id":null,"properties":{"bridge_name":"Mon Line"},"geometry":{"type":"LineString","coordinates":[[-80.0016749,40.4307675],[-80.0019664,40.4308431]]}},{"type":"Feature","id":null,"properties":{"bridge_name":"Panhandle Bridge"},"geometry":{"type":"LineString","coordinates":[[-80.0003576,40.4308645],[-80.0005718,40.430825],[-80.0008023,40.4308041],[-80.0010508,40.4308089],[-80.0012776,40.4308392],[-80.0014548,40.4308761],[-80.0017185,40.4309545],[-80.0020813,40.4310862]]}},{"type":"Feature","id":null,"properties":{"bridge_name":"Panhandle Bridge"},"geometry":{"type":"LineString","coordinates":[[-79.9989543,40.4317287],[-79.9991007,40.4315025],[-79.999263,40.4312203],[-79.999313,40.4311083],[-79.9993562,40.4309734],[-79.9993799,40.4308402],[-79.9993927,40.4305644]]}},{"type":"Feature","id":null,"properties":{"bridge_name":"Panhandle Bridge"},"geometry":{"type":"LineString","coordinates":[[-79.9991325,40.4315625],[-79.9992644,40.4314277],[-79.9993963,40.431315],[-79.9995139,40.4312275],[-79.9996698,40.4311273],[-79.99983,40.4310468],[-79.9999901,40.4309791],[-80.0002121,40.4309066],[-80.0003576,40.4308645]]}},{"type":"Feature","id":null,"properties":{"bridge_name":"Panhandle Bridge"},"geometry":{"type":"LineString","coordinates":[[-80.0021088,40.4310599],[-80.0018531,40.430963],[-80.0015974,40.4308771],[-80.0013526,40.430815],[-80.0011341,40.4307821],[-80.0008047,40.4307749],[-80.0006408,40.4307848],[-80.0004667,40.4308068],[-80.0002723,40.4308479],[-80.0000358,40.4309219],[-79.9997741,40.4310334],[-79.9995821,40.4311403],[-79.9994272,40.4312435],[-79.999246,40.4313879],[-79.9991308,40.4315066],[-79.9990443,40.431609],[-79.9989543,40.4317287]]}},{"type":"Feature","id":null,"properties":{"bridge_name":null},"geometry":{"type":"LineString","coordinates":[[-79.9993515,40.4293663],[-79.9993281,40.4293744],[-79.9992412,40.429419],[-79.9991255,40.4295771],[-79.9989584,40.4298217],[-79.9987844,40.430073],[-79.9986015,40.4303417],[-79.9983702,40.4306705],[-79.9981765,40.4309519],[-79.9980124,40.4311837],[-79.9978591,40.4314095],[-79.9976891,40.4316548],[-79.9975576,40.4318459],[-79.9974113,40.4320596],[-79.9972541,40.4322868],[-79.9971039,40.432499],[-79.9969417,40.4327383],[-79.9967648,40.4329942],[-79.9965858,40.4332515],[-79.996396,40.4335284],[-79.9962626,40.4337203],[-79.9960748,40.4339852],[-79.9960154,40.4340747],[-79.9959868,40.4341357]]}},{"type":"Feature","id":null,"properties":{"bridge_name":"Liberty Bridge"},"geometry":{"type":"LineString","coordinates":[[-79.9990869,40.4294233],[-79.9958542,40.4340964]]}},{"type":"Feature","id":null,"properties":{"bridge_name":"Panhandle Bridge"},"geometry":{"type":"LineString","coordinates":[[-79.9989543,40.4317287],[-79.9988559,40.4318886]]}},{"type":"Feature","id":null,"properties":{"bridge_name":"Panhandle Bridge"},"geometry":{"type":"LineString","coordinates":[[-79.9987197,40.4321816],[-79.9989296,40.4318489],[-79.9990142,40.4317203],[-79.9991325,40.4315625]]}},{"type":"Feature","id":null,"properties":{"bridge_name":"Panhandle Bridge"},"geometry":{"type":"LineString","coordinates":[[-79.9987197,40.4321816],[-79.9987587,40.4320978],[-79.9987875,40.432022],[-79.9988559,40.4318886]]}},{"type":"Feature","id":null,"properties":{"bridge_name":"Panhandle Bridge"},"geometry":{"type":"LineString","coordinates":[[-79.9988559,40.4318886],[-79.998701,40.4321215],[-79.9985582,40.4323472],[-79.9983784,40.4326242]]}},{"type":"Feature","id":null,"properties":{"bridge_name":"Monongahela Incline"},"geometry":{"type":"LineString","coordinates":[[-80.0056448,40.4316302],[-80.0054931,40.4317984]]}},{"type":"Feature","id":null,"properties":{"bridge_name":"Monongahela Incline"},"geometry":{"type":"LineString","coordinates":[[-80.0056717,40.4316452],[-80.0055245,40.431809]]}},{"type":"Feature","id":null,"properties":{"bridge_name":"Mon Line"},"geometry":{"type":"LineString","coordinates":[[-80.0044034,40.4318459],[-80.0042531,40.4317816]]}},{"type":"Feature","id":null,"properties":{"bridge_name":"Mon Line"},"geometry":{"type":"LineString","coordinates":[[-80.0042396,40.4318198],[-80.0043943,40.4318855]]}},{"type":"Feature","id":null,"properties":{"bridge_name":null},"geometry":{"type":"LineString","coordinates":[[-80.0041953,40.431888],[-80.0043451,40.4319492]]}},{"type":"Feature","id":null,"properties":{"bridge_name":"Monongahela Incline"},"geometry":{"type":"LineString","coordinates":[[-80.0052923,40.4320212],[-80.0049259,40.4324274]]}},{"type":"Feature","id":null,"properties":{"bridge_name":"Monongahela Incline"},"geometry":{"type":"LineString","coordinates":[[-80.0053224,40.4320338],[-80.004955,40.4324425]]}},{"type":"Feature","id":null,"properties":{"bridge_name":null},"geometry":{"type":"LineString","coordinates":[[-80.0036889,40.4327052],[-80.003593,40.4328494],[-80.0034372,40.4330793]]}},{"type":"Feature","id":null,"properties":{"bridge_name":"Smithfield Street"},"geometry":{"type":"LineString","coordinates":[[-80.0031441,40.4334003],[-80.0032148,40.4332517],[-80.0033976,40.4329323],[-80.0035603,40.4326643]]}},{"type":"Feature","id":null,"properties":{"bridge_name":"Smithfield Street"},"geometry":{"type":"LineString","coordinates":[[-80.0031441,40.4334003],[-80.0032237,40.433305],[-80.0033864,40.4330778],[-80.003471,40.4329422],[-80.0036271,40.4326856]]}},{"type":"Feature","id":null,"properties":{"bridge_name":"Panhandle Bridge"},"geometry":{"type":"LineString","coordinates":[[-79.9986068,40.432353],[-79.9987197,40.4321816]]}},{"type":"Feature","id":null,"properties":{"bridge_name":null},"geometry":{"type":"LineString","coordinates":[[-80.0018942,40.4323511],[-80.0017024,40.4322665]]}},{"type":"Feature","id":null,"properties":{"bridge_name":"Panhandle Bridge"},"geometry":{"type":"LineString","coordinates":[[-79.9986068,40.432353],[-79.998503,40.4324751],[-79.998455,40.4325272],[-79.9983784,40.4326242]]}},{"type":"Feature","id":null,"properties":{"bridge_name":"Panhandle Bridge"},"geometry":{"type":"LineString","coordinates":[[-79.9967537,40.4352346],[-79.9968568,40.4350697],[-79.9969993,40.4348484],[-79.9970777,40.4347289],[-79.9973074,40.4343682],[-79.9973796,40.4342595],[-79.997481,40.434084],[-79.9976589,40.4338045],[-79.9979619,40.433355],[-79.9981123,40.4330991],[-79.998277,40.4328452],[-79.9984418,40.4326049],[-79.9986068,40.432353]]}},{"type":"Feature","id":null,"properties":{"bridge_name":"Panhandle Bridge"},"geometry":{"type":"LineString","coordinates":[[-79.9983784,40.4326242],[-79.9982221,40.4328506],[-79.9979653,40.4332481],[-79.9977744,40.433556],[-79.9975403,40.4339168],[-79.9974071,40.4341297],[-79.9973111,40.4342832],[-79.9970998,40.4346103],[-79.9968381,40.4350178],[-79.9967082,40.4352192]]}},{"type":"Feature","id":null,"properties":{"bridge_name":"Smithfield Street"},"geometry":{"type":"LineString","coordinates":[[-80.0010147,40.4365253],[-80.0011514,40.4364005],[-80.0014198,40.4359966],[-80.0016605,40.4356358],[-80.0031441,40.4334003]]}},{"type":"Feature","id":null,"properties":{"bridge_name":null},"geometry":{"type":"LineString","coordinates":[[-79.9993193,40.4362622],[-79.9993438,40.4361958],[-79.9993622,40.4361284],[-79.9993723,40.4360593],[-79.9993716,40.4359891],[-79.9993626,40.4359291],[-79.9993498,40.4358743],[-79.9993284,40.4358197],[-79.9992985,40.4357602],[-79.9992576,40.4356931],[-79.999204,40.4356247],[-79.999145,40.4355604],[-79.9990799,40.4354997],[-79.9990008,40.4354354],[-79.9989089,40.4353726],[-79.9988097,40.4353139],[-79.9986199,40.4352082],[-79.9984241,40.4351055]]}},{"type":"Feature","id":null,"properties":{"bridge_name":"Mon Wharf Switchback"},"geometry":{"type":"LineString","coordinates":[[-80.0010635,40.4362768],[-80.0004194,40.4359082],[-80.0003992,40.4358886],[-80.0003986,40.4358701],[-80.0004215,40.4358634],[-80.0004503,40.4358723],[-80.0010735,40.4362083],[-80.0013368,40.4363271]]}},{"type":"Feature","id":null,"properties":{"bridge_name":"Great Allegheny Passage"},"geometry":{"type":"LineString","coordinates":[[-80.0010179,40.436345],[-80.0009612,40.436363],[-80.0009209,40.4363722],[-80.0008814,40.4363729],[-80.0008378,40.4363683],[-80.0008012,40.4363586],[-80.0005235,40.4362501],[-79.9999715,40.4360075]]}},{"type":"Feature","id":null,"properties":{"bridge_name":null},"geometry":{"type":"LineString","coordinates":[[-80.0010742,40.4362607],[-80.0010635,40.4362768]]}},{"type":"Feature","id":null,"properties":{"bridge_name":null},"geometry":{"type":"LineString","coordinates":[[-80.0034372,40.4330793],[-80.0034136,40.4331166],[-80.003379,40.4331661]]}},{"type":"Feature","id":null,"properties":{"bridge_name":null},"geometry":{"type":"LineString","coordinates":[[-80.0032237,40.433305],[-80.0032815,40.4333056],[-80.0034,40.4333067],[-80.0034701,40.4331974],[-80.0034136,40.4331166],[-80.0033864,40.4330778]]}},{"type":"Feature","id":null,"properties":{"bridge_name":null},"geometry":{"type":"LineString","coordinates":[[-80.003379,40.4331661],[-80.0033061,40.4332704]]}},{"type":"Feature","id":null,"properties":{"bridge_name":null},"geometry":{"type":"LineString","coordinates":[[-80.0033061,40.4332704],[-80.0032815,40.4333056],[-80.0032561,40.43335]]}},{"type":"Feature","id":null,"properties":{"bridge_name":null},"geometry":{"type":"LineString","coordinates":[[-80.0032561,40.43335],[-80.0032195,40.4334141]]}},{"type":"Feature","id":null,"properties":{"bridge_name":"Wabash Tunnel"},"geometry":{"type":"LineString","coordinates":[[-80.0093288,40.4345477],[-80.0092517,40.4345841],[-80.0091713,40.4346097],[-80.0091243,40.4346229],[-80.0090648,40.4346344],[-80.0090022,40.4346451],[-80.0089385,40.4346514],[-80.0088715,40.4346549],[-80.0087944,40.4346498],[-80.0086816,40.4346363],[-80.0085621,40.4346055],[-80.0083694,40.4345317],[-80.0080898,40.4344008],[-80.0076492,40.4341884],[-80.0069714,40.4338108],[-80.0068831,40.4337488],[-80.0067831,40.4336659],[-80.0065632,40.4334685]]}},{"type":"Feature","id":null,"properties":{"bridge_name":"Three Rivers Heritage Trail"},"geometry":{"type":"LineString","coordinates":[[-80.003487,40.4326395],[-80.0033025,40.432913],[-80.0031223,40.4331768],[-80.0027667,40.4337307],[-80.0024743,40.4341555],[-80.0021819,40.4345937],[-80.0019111,40.4349934],[-80.0017824,40.4351894],[-80.0015879,40.4354752],[-80.0014109,40.4357447],[-80.0012101,40.4360569],[-80.0010742,40.4362607]]}},{"type":"Feature","id":null,"properties":{"bridge_name":null},"geometry":{"type":"LineString","coordinates":[[-80.0050925,40.4343284],[-80.0047512,40.4346213]]}},{"type":"Feature","id":null,"properties":{"bridge_name":"Smithfield Street"},"geometry":{"type":"LineString","coordinates":[[-80.0035153,40.43265],[-80.0032284,40.4330953],[-80.0030509,40.4333794],[-80.0015771,40.4356035],[-80.0013364,40.4359644],[-80.0011144,40.4363244],[-80.0010845,40.4363728],[-80.0010147,40.4365253]]}},{"type":"Feature","id":null,"properties":{"bridge_name":null},"geometry":{"type":"LineString","coordinates":[[-80.0032195,40.4334141],[-80.0031924,40.4334422],[-80.0030928,40.4335992],[-80.0027158,40.4341676],[-80.0022759,40.4348474],[-80.0017019,40.4356967],[-80.0013994,40.4361301],[-80.0012146,40.4364247]]}},{"type":"Feature","id":null,"properties":{"bridge_name":"Beechview Line"},"geometry":{"type":"LineString","coordinates":[[-80.03182932225361,40.40085549838145],[-80.0317298,40.4009292]]}},{"type":"Feature","id":null,"properties":{"bridge_name":"Beechview Line"},"geometry":{"type":"LineString","coordinates":[[-80.0317498,40.4009783],[-80.03185748544007,40.400891301363295]]}},{"type":"Feature","id":null,"properties":{"bridge_name":"Louisiana Avenue"},"geometry":{"type":"LineString","coordinates":[[-80.033963,40.402565],[-80.0342991,40.4023572]]}},{"type":"Feature","id":null,"properties":{"bridge_name":null},"geometry":{"type":"LineString","coordinates":[[-80.0344096,40.4070371],[-80.0343925,40.4070505],[-80.0343833,40.4070701],[-80.0344373,40.4071418],[-80.0344573,40.4071495],[-80.0344968,40.4071448]]}},{"type":"Feature","id":null,"properties":{"bridge_name":"Carnahan Road"},"geometry":{"type":"LineString","coordinates":[[-80.0342607,40.407067],[-80.0342941,40.4071123],[-80.0343141,40.4071383],[-80.0343601,40.4071996],[-80.0343842,40.4072302]]}},{"type":"Feature","id":null,"properties":{"bridge_name":null},"geometry":{"type":"LineString","coordinates":[[-80.0341957,40.4071457],[-80.0342212,40.4071354],[-80.0342469,40.4071347],[-80.0343162,40.4072097],[-80.0343167,40.4072286],[-80.0342948,40.4072473]]}},{"type":"Feature","id":null,"properties":{"bridge_name":null},"geometry":{"type":"LineString","coordinates":[[-80.0306508,40.41306],[-80.0308364,40.4130719]]}},{"type":"Feature","id":null,"properties":{"bridge_name":"Bell Avenue"},"geometry":{"type":"LineString","coordinates":[[-80.07737132437613,40.41527833259612],[-80.0773617,40.4152901]]}},{"type":"Feature","id":null,"properties":{"bridge_name":null},"geometry":{"type":"LineString","coordinates":[[-80.0775283080334,40.41692896741167],[-80.0775314,40.4166413]]}},{"type":"Feature","id":null,"properties":{"bridge_name":null},"geometry":{"type":"LineString","coordinates":[[-80.0774723,40.4166536],[-80.07746561526334,40.41695565544608]]}},{"type":"Feature","id":null,"properties":{"bridge_name":"Beechview Line"},"geometry":{"type":"LineString","coordinates":[[-80.016409,40.4106805],[-80.0161636,40.4108959],[-80.0159866,40.4110287],[-80.015827,40.4111216],[-80.0157016,40.4111843]]}},{"type":"Feature","id":null,"properties":{"bridge_name":"Beechview Line"},"geometry":{"type":"LineString","coordinates":[[-80.0157304,40.4112157],[-80.0158598,40.4111551],[-80.0160277,40.4110532],[-80.0161794,40.410938],[-80.0164468,40.4107047]]}},{"type":"Feature","id":null,"properties":{"bridge_name":null},"geometry":{"type":"LineString","coordinates":[[-80.0111398,40.4118373],[-80.0110835,40.4118957],[-80.0110567,40.4119302],[-80.0110353,40.4119646]]}},{"type":"Feature","id":null,"properties":{"bridge_name":null},"geometry":{"type":"LineString","coordinates":[[-80.0110353,40.4119646],[-80.0109715,40.4120905],[-80.0109433,40.4121528]]}},{"type":"Feature","id":null,"properties":{"bridge_name":"South Busway"},"geometry":{"type":"LineString","coordinates":[[-80.0088206,40.412241],[-80.0089783,40.4123954],[-80.0092122,40.4125596],[-80.0094321,40.4126903],[-80.0106013,40.4132713],[-80.0107734,40.4133625],[-80.010891,40.41344],[-80.0109642,40.413506],[-80.0110164,40.4135703]]}},{"type":"Feature","id":null,"properties":{"bridge_name":"Pittsburgh Subdivision"},"geometry":{"type":"LineString","coordinates":[[-80.0104868,40.4133196],[-80.0096028,40.4128734]]}},{"type":"Feature","id":null,"properties":{"bridge_name":"Palm Garden Trestle"},"geometry":{"type":"LineString","coordinates":[[-80.0110164,40.4135703],[-80.0109047,40.4131989]]}},{"type":"Feature","id":null,"properties":{"bridge_name":"Saw Mill Run Boulevard"},"geometry":{"type":"LineString","coordinates":[[-80.0100049,40.4141562],[-80.0095045,40.4138391]]}},{"type":"Feature","id":null,"properties":{"bridge_name":"Saw Mill Run Boulevard"},"geometry":{"type":"LineString","coordinates":[[-80.0094222,40.4139143],[-80.0099226,40.4142315]]}},{"type":"Feature","id":null,"properties":{"bridge_name":null},"geometry":{"type":"LineString","coordinates":[[-80.0107043,40.4141324],[-80.0106459,40.4141654],[-80.0105812,40.4141912],[-80.0105132,40.4142095],[-80.0104387,40.4142208],[-80.0103638,40.4142266]]}},{"type":"Feature","id":null,"properties":{"bridge_name":"Liberty Tunnels"},"geometry":{"type":"LineString","coordinates":[[-80.0093805,40.4143828],[-80.0092702,40.4145436]]}},{"type":"Feature","id":null,"properties":{"bridge_name":"Liberty Tunnels"},"geometry":{"type":"LineString","coordinates":[[-80.0094533,40.4146162],[-80.0094983,40.4145506],[-80.0095291,40.4145017],[-80.0095533,40.4144513]]}},{"type":"Feature","id":null,"properties":{"bridge_name":"Beechview Line"},"geometry":{"type":"LineString","coordinates":[[-80.0117723,40.4159706],[-80.0117318,40.4158329],[-80.0115262,40.4151623],[-80.0112899,40.4143923],[-80.0112187,40.4141575],[-80.0111466,40.4139181],[-80.0110398,40.4135779],[-80.010977,40.4133645],[-80.0109234,40.4131901]]}},{"type":"Feature","id":null,"properties":{"bridge_name":"Beechview Line"},"geometry":{"type":"LineString","coordinates":[[-80.010875,40.413197],[-80.0109642,40.413506],[-80.0109939,40.413587],[-80.0111372,40.4140523],[-80.0113862,40.4148712],[-80.0114746,40.4151587],[-80.0115161,40.4152953],[-80.0116037,40.4155835],[-80.0117282,40.4159936]]}},{"type":"Feature","id":null,"properties":{"bridge_name":"Palm Garden Trestle"},"geometry":{"type":"LineString","coordinates":[[-80.0117442,40.4159864],[-80.0110164,40.4135703]]}},{"type":"Feature","id":null,"properties":{"bridge_name":"West End Branch"},"geometry":{"type":"LineString","coordinates":[[-80.0156809,40.4169994],[-80.0156594,40.4169454]]}},{"type":"Feature","id":null,"properties":{"bridge_name":"Overbrook Line"},"geometry":{"type":"LineString","coordinates":[[-80.0109928,40.4179487],[-80.0110014,40.4181382],[-80.010979,40.418282],[-80.0109471,40.41838],[-80.0108733,40.418534],[-80.0107715,40.418672],[-80.010584,40.4188419],[-80.0103933,40.4190117]]}},{"type":"Feature","id":null,"properties":{"bridge_name":"Overbrook Line"},"geometry":{"type":"LineString","coordinates":[[-80.0099501,40.4195445],[-80.0103157,40.4192918],[-80.0105375,40.4191358],[-80.0108377,40.4189098],[-80.0109689,40.4187627],[-80.011024,40.4186857],[-80.0110695,40.4186015],[-80.011115,40.4184929],[-80.0111517,40.4183351],[-80.0111543,40.4181914],[-80.0111371,40.4180613],[-80.0110958,40.417916],[-80.0109954,40.4177227]]}},{"type":"Feature","id":null,"properties":{"bridge_name":null},"geometry":{"type":"LineString","coordinates":[[-80.0155427,40.4207578],[-80.0156553,40.4207622]]}},{"type":"Feature","id":null,"properties":{"bridge_name":"Dilworth Trail"},"geometry":{"type":"LineString","coordinates":[[-80.0152634,40.4226361],[-80.0152265,40.4225975]]}},{"type":"Feature","id":null,"properties":{"bridge_name":null},"geometry":{"type":"LineString","coordinates":[[-80.0229479,40.4111325],[-80.0229878,40.4111224]]}},{"type":"Feature","id":null,"properties":{"bridge_name":null},"geometry":{"type":"LineString","coordinates":[[-80.0215765,40.4111454],[-80.0217574,40.4111535],[-80.0220447,40.4111572],[-80.0222881,40.4111486],[-80.0227353,40.4111392],[-80.0229479,40.4111325]]}},{"type":"Feature","id":null,"properties":{"bridge_name":"Fallowfield Viaduct"},"geometry":{"type":"LineString","coordinates":[[-80.0235921,40.411133],[-80.0232862,40.411142],[-80.0219631,40.4111834],[-80.0217449,40.4111805],[-80.021567,40.4111674]]}},{"type":"Feature","id":null,"properties":{"bridge_name":"Fallowfield Viaduct"},"geometry":{"type":"LineString","coordinates":[[-80.0215557,40.4112096],[-80.02175,40.4112209],[-80.0219763,40.4112245],[-80.0230921,40.4111899],[-80.0232908,40.4111832],[-80.0235955,40.411173]]}},{"type":"Feature","id":null,"properties":{"bridge_name":null},"geometry":{"type":"LineString","coordinates":[[-80.0230391,40.4112519],[-80.0230373,40.4112245]]}},{"type":"Feature","id":null,"properties":{"bridge_name":null},"geometry":{"type":"LineString","coordinates":[[-80.02305,40.4112556],[-80.02305,40.4112379],[-80.0231656,40.4112353],[-80.0231676,40.4112526]]}},{"type":"Feature","id":null,"properties":{"bridge_name":null},"geometry":{"type":"LineString","coordinates":[[-80.0231676,40.4112526],[-80.0230391,40.4112519]]}},{"type":"Feature","id":null,"properties":{"bridge_name":"Pittsburgh Subdivision"},"geometry":{"type":"LineString","coordinates":[[-80.0197221,40.4240469],[-80.0195959,40.4239404]]}},{"type":"Feature","id":null,"properties":{"bridge_name":"West End Branch"},"geometry":{"type":"LineString","coordinates":[[-80.0196863,40.4240733],[-80.0195589,40.4239663]]}},{"type":"Feature","id":null,"properties":{"bridge_name":null},"geometry":{"type":"LineString","coordinates":[[-80.0297678,40.4248267],[-80.0297128,40.424865],[-80.0296645,40.4249069],[-80.0296216,40.4249559]]}},{"type":"Feature","id":null,"properties":{"bridge_name":null},"geometry":{"type":"LineString","coordinates":[[-80.0763093,40.4173947],[-80.076312,40.4173965]]}},{"type":"Feature","id":null,"properties":{"bridge_name":"West Busway"},"geometry":{"type":"LineString","coordinates":[[-80.0807192,40.4205265],[-80.0807992587072,40.420168092175594]]}},{"type":"Feature","id":null,"properties":{"bridge_name":null},"geometry":{"type":"LineString","coordinates":[[-80.0380582,40.4205872],[-80.0379247,40.4204695],[-80.0377771,40.4203609],[-80.0376112,40.4202641],[-80.0374383,40.4201765]]}},{"type":"Feature","id":null,"properties":{"bridge_name":null},"geometry":{"type":"LineString","coordinates":[[-80.0811315,40.4227337],[-80.0811417,40.4226635]]}},{"type":"Feature","id":null,"properties":{"bridge_name":"Penn-Lincoln Parkway West"},"geometry":{"type":"LineString","coordinates":[[-80.0306559,40.4245332],[-80.0307678,40.4250301]]}},{"type":"Feature","id":null,"properties":{"bridge_name":"Penn-Lincoln Parkway West"},"geometry":{"type":"LineString","coordinates":[[-80.0309156,40.4251191],[-80.0308037,40.4246222]]}},{"type":"Feature","id":null,"properties":{"bridge_name":"West Busway"},"geometry":{"type":"LineString","coordinates":[[-80.0728765,40.4260135],[-80.0731026,40.4257942]]}},{"type":"Feature","id":null,"properties":{"bridge_name":"Oakwood Road"},"geometry":{"type":"LineString","coordinates":[[-80.0659867,40.4303539],[-80.0663012,40.429354]]}},{"type":"Feature","id":null,"properties":{"bridge_name":null},"geometry":{"type":"LineString","coordinates":[[-80.066055,40.430372],[-80.0661014,40.4302296],[-80.0661758,40.4299899],[-80.0662777,40.4296611],[-80.0663608,40.4293885]]}},{"type":"Feature","id":null,"properties":{"bridge_name":"Pittsburgh Subdivision"},"geometry":{"type":"LineString","coordinates":[[-80.0377244,40.4336364],[-80.0380041,40.4335199]]}},{"type":"Feature","id":null,"properties":{"bridge_name":"Pittsburgh Subdivision"},"geometry":{"type":"LineString","coordinates":[[-80.0212771,40.4252715],[-80.0210469,40.4251486],[-80.0208484,40.4250174]]}},{"type":"Feature","id":null,"properties":{"bridge_name":"West End Branch"},"geometry":{"type":"LineString","coordinates":[[-80.021063,40.4252181],[-80.0209375,40.4251475]]}},{"type":"Feature","id":null,"properties":{"bridge_name":null},"geometry":{"type":"LineString","coordinates":[[-80.0207362,40.4254667],[-80.0208939,40.4254845]]}},{"type":"Feature","id":null,"properties":{"bridge_name":"Turkey Run Trail"},"geometry":{"type":"LineString","coordinates":[[-80.0212836,40.4282792],[-80.0212973,40.4282718]]}},{"type":"Feature","id":null,"properties":{"bridge_name":null},"geometry":{"type":"LineString","coordinates":[[-80.0184908,40.4295001],[-80.0184882,40.4294852]]}},{"type":"Feature","id":null,"properties":{"bridge_name":"Pittsburgh Subdivision"},"geometry":{"type":"LineString","coordinates":[[-80.027591,40.4296991],[-80.0289405,40.4305441]]}},{"type":"Feature","id":null,"properties":{"bridge_name":"West End Branch"},"geometry":{"type":"LineString","coordinates":[[-80.0285357,40.4306042],[-80.0281226,40.4303551],[-80.0279295,40.4302612],[-80.0276827,40.4301632],[-80.0274038,40.4300652],[-80.0271785,40.4299999]]}},{"type":"Feature","id":null,"properties":{"bridge_name":"Saw Mill Run Boulevard"},"geometry":{"type":"LineString","coordinates":[[-80.0266626,40.4309939],[-80.0261891,40.4306671]]}},{"type":"Feature","id":null,"properties":{"bridge_name":"Saw Mill Run Boulevard"},"geometry":{"type":"LineString","coordinates":[[-80.0259211,40.4307445],[-80.0264721,40.4311652]]}},{"type":"Feature","id":null,"properties":{"bridge_name":null},"geometry":{"type":"LineString","coordinates":[[-80.0271962,40.431539],[-80.0272767,40.4315548],[-80.0273578,40.431564],[-80.0274376,40.4315655],[-80.027516,40.4315604],[-80.0275965,40.4315482],[-80.0276743,40.4315303],[-80.0277507,40.4315063],[-80.0278223,40.431475],[-80.0278956,40.4314343],[-80.027962,40.4313864],[-80.0280183,40.4313369],[-80.0280706,40.4312771],[-80.0281115,40.4312128],[-80.0281385,40.4311515],[-80.0281827,40.4310181]]}},{"type":"Feature","id":null,"properties":{"bridge_name":null},"geometry":{"type":"LineString","coordinates":[[-80.0172291,40.427902],[-80.0171928,40.4279183]]}},{"type":"Feature","id":null,"properties":{"bridge_name":null},"geometry":{"type":"LineString","coordinates":[[-80.0173048,40.4280007],[-80.0172866,40.4280181]]}},{"type":"Feature","id":null,"properties":{"bridge_name":"Penn-Lincoln Parkway West"},"geometry":{"type":"LineString","coordinates":[[-80.0137632,40.4374911],[-80.0134997,40.437632],[-80.0127496,40.4380944],[-80.0125781,40.4381933],[-80.0124003,40.4382957]]}},{"type":"Feature","id":null,"properties":{"bridge_name":null},"geometry":{"type":"LineString","coordinates":[[-80.014044,40.4380002],[-80.0140057,40.4379824],[-80.0139628,40.4379646],[-80.0139288,40.4379527],[-80.0138911,40.4379408],[-80.0138538,40.4379303],[-80.0138133,40.4379214],[-80.0137738,40.4379155],[-80.0137329,40.4379112],[-80.0136945,40.4379083],[-80.0136524,40.4379061],[-80.0136097,40.437906],[-80.0135633,40.4379079],[-80.0135131,40.4379126],[-80.0134637,40.43792],[-80.0133994,40.4379351],[-80.0133378,40.4379537]]}},{"type":"Feature","id":null,"properties":{"bridge_name":"Penn-Lincoln Parkway West"},"geometry":{"type":"LineString","coordinates":[[-80.0123796,40.43833],[-80.0124379,40.4383017],[-80.0127662,40.438135],[-80.012976,40.4380392],[-80.0137817,40.4376419],[-80.0138276,40.437621]]}},{"type":"Feature","id":null,"properties":{"bridge_name":null},"geometry":{"type":"LineString","coordinates":[[-80.0131274,40.4380757],[-80.0131966,40.4380519],[-80.0133014,40.438027],[-80.0133536,40.4380204],[-80.0134331,40.4380228],[-80.0135193,40.4380339],[-80.0135839,40.4380456],[-80.0136567,40.438063],[-80.0137386,40.4380891],[-80.0138214,40.4381273]]}},{"type":"Feature","id":null,"properties":{"bridge_name":null},"geometry":{"type":"LineString","coordinates":[[-80.0133378,40.4379537],[-80.0131944,40.4380049],[-80.0130109,40.4380787],[-80.0124689,40.4382691],[-80.0124332,40.4382824],[-80.0124003,40.4382957]]}},{"type":"Feature","id":null,"properties":{"bridge_name":null},"geometry":{"type":"LineString","coordinates":[[-80.0147687,40.438404],[-80.014044,40.4380002]]}},{"type":"Feature","id":null,"properties":{"bridge_name":null},"geometry":{"type":"LineString","coordinates":[[-80.0123796,40.43833],[-80.0124053,40.4383198],[-80.0124322,40.4383102],[-80.0128738,40.4381651],[-80.013051,40.4381011],[-80.0131274,40.4380757]]}},{"type":"Feature","id":null,"properties":{"bridge_name":null},"geometry":{"type":"LineString","coordinates":[[-80.0143255,40.4383951],[-80.0142525,40.4384812]]}},{"type":"Feature","id":null,"properties":{"bridge_name":"Minnotte Square"},"geometry":{"type":"LineString","coordinates":[[-80.0299726,40.432614],[-80.0298095,40.4327049]]}},{"type":"Feature","id":null,"properties":{"bridge_name":"Minnotte Square"},"geometry":{"type":"LineString","coordinates":[[-80.0288546,40.4332372],[-80.028396,40.4334928]]}},{"type":"Feature","id":null,"properties":{"bridge_name":"Duquesne Incline"},"geometry":{"type":"LineString","coordinates":[[-80.0176226,40.4398317],[-80.0181104,40.4391842]]}},{"type":"Feature","id":null,"properties":{"bridge_name":"Duquesne Incline"},"geometry":{"type":"LineString","coordinates":[[-80.0176532,40.4398457],[-80.0181386,40.4391962]]}},{"type":"Feature","id":null,"properties":{"bridge_name":null},"geometry":{"type":"LineString","coordinates":[[-80.0175041,40.4398307],[-80.0174889,40.4398241]]}},{"type":"Feature","id":null,"properties":{"bridge_name":null},"geometry":{"type":"LineString","coordinates":[[-80.0174889,40.4398241],[-80.0173476,40.4399916]]}},{"type":"Feature","id":null,"properties":{"bridge_name":null},"geometry":{"type":"LineString","coordinates":[[-80.0172546,40.4399415],[-80.0173476,40.4399916]]}},{"type":"Feature","id":null,"properties":{"bridge_name":null},"geometry":{"type":"LineString","coordinates":[[-80.0298791,40.4431009],[-80.029985,40.442863],[-80.0301044,40.4426288]]}},{"type":"Feature","id":null,"properties":{"bridge_name":"Saw Mill Run Boulevard"},"geometry":{"type":"LineString","coordinates":[[-80.0295019,40.4428259],[-80.0290877,40.4432416]]}},{"type":"Feature","id":null,"properties":{"bridge_name":"Mon Line"},"geometry":{"type":"LineString","coordinates":[[-80.0278002,40.4435818],[-80.0280502,40.4437017]]}},{"type":"Feature","id":null,"properties":{"bridge_name":"Lowe Street"},"geometry":{"type":"LineString","coordinates":[[-80.0310399,40.4337258],[-80.0309529,40.4338223]]}},{"type":"Feature","id":null,"properties":{"bridge_name":"West End Branch"},"geometry":{"type":"LineString","coordinates":[[-80.0328098,40.4356029],[-80.0319325,40.4344901],[-80.0313224,40.4337211],[-80.030857,40.4331408]]}},{"type":"Feature","id":null,"properties":{"bridge_name":"Township Road"},"geometry":{"type":"LineString","coordinates":[[-80.0806574,40.4400539],[-80.08077876760429,40.439747261032444]]}},{"type":"Feature","id":null,"properties":{"bridge_name":null},"geometry":{"type":"LineString","coordinates":[[-80.0334147,40.4401181],[-80.0333135,40.440024]]}},{"type":"Feature","id":null,"properties":{"bridge_name":null},"geometry":{"type":"LineString","coordinates":[[-80.0807676,40.4404262],[-80.0809325,40.4404188],[-80.081131,40.4403999],[-80.0817684,40.4403008],[-80.08230401622228,40.44021281640244]]}},{"type":"Feature","id":null,"properties":{"bridge_name":"Steubenville Pike"},"geometry":{"type":"LineString","coordinates":[[-80.0807857,40.4404896],[-80.0810399,40.4404706],[-80.0812622,40.4404424],[-80.08240770709193,40.4402481232525]]}},{"type":"Feature","id":null,"properties":{"bridge_name":null},"geometry":{"type":"LineString","coordinates":[[-80.0314999,40.4420993],[-80.031663,40.4420107]]}},{"type":"Feature","id":null,"properties":{"bridge_name":"South Main Street"},"geometry":{"type":"LineString","coordinates":[[-80.0314831,40.4421769],[-80.0316537,40.4420869]]}},{"type":"Feature","id":null,"properties":{"bridge_name":null},"geometry":{"type":"LineString","coordinates":[[-80.0314821,40.4422419],[-80.03165,40.4421497]]}},{"type":"Feature","id":null,"properties":{"bridge_name":null},"geometry":{"type":"LineString","coordinates":[[-80.0308296,40.4429268],[-80.0308073,40.4431671],[-80.0308078,40.4431886]]}},{"type":"Feature","id":null,"properties":{"bridge_name":"Mon Line"},"geometry":{"type":"LineString","coordinates":[[-80.0277425,40.4435988],[-80.0279991,40.4437196]]}},{"type":"Feature","id":null,"properties":{"bridge_name":"West Carson Street"},"geometry":{"type":"LineString","coordinates":[[-80.0276246,40.4437025],[-80.0275308,40.4437219],[-80.027455,40.4437311],[-80.0273806,40.4437311],[-80.0272637,40.4437185]]}},{"type":"Feature","id":null,"properties":{"bridge_name":"West Carson Street"},"geometry":{"type":"LineString","coordinates":[[-80.0272637,40.4437185],[-80.0275324,40.4438207],[-80.02757,40.443835],[-80.0277378,40.4438988]]}},{"type":"Feature","id":null,"properties":{"bridge_name":null},"geometry":{"type":"LineString","coordinates":[[-80.0277764,40.4437927],[-80.0277401,40.4437887],[-80.0275992,40.443774],[-80.02757,40.443835],[-80.0275408,40.4438959]]}},{"type":"Feature","id":null,"properties":{"bridge_name":"South Main Street"},"geometry":{"type":"LineString","coordinates":[[-80.0277455,40.4437738],[-80.0277401,40.4437887],[-80.027732,40.4438209],[-80.0277279,40.4438577],[-80.0277378,40.4438988]]}},{"type":"Feature","id":null,"properties":{"bridge_name":"Mon Line"},"geometry":{"type":"LineString","coordinates":[[-80.028305,40.4438366],[-80.0285615,40.4439825]]}},{"type":"Feature","id":null,"properties":{"bridge_name":"Mon Line"},"geometry":{"type":"LineString","coordinates":[[-80.028277,40.4438662],[-80.0285327,40.4440131]]}},{"type":"Feature","id":null,"properties":{"bridge_name":"West Carson Street"},"geometry":{"type":"LineString","coordinates":[[-80.0277378,40.4438988],[-80.0278104,40.4439315],[-80.0278731,40.4439683],[-80.0281922,40.4441835]]}},{"type":"Feature","id":null,"properties":{"bridge_name":null},"geometry":{"type":"LineString","coordinates":[[-80.0275408,40.4438959],[-80.0276186,40.4439373],[-80.0276823,40.4439745],[-80.0278151,40.4440575],[-80.0279187,40.4441276],[-80.0279542,40.4441547],[-80.0279764,40.4441761],[-80.0279915,40.444196],[-80.0280029,40.4442185],[-80.0280092,40.4442424],[-80.0280119,40.4442674],[-80.028011,40.4442935]]}},{"type":"Feature","id":null,"properties":{"bridge_name":"Saw Mill Run Boulevard"},"geometry":{"type":"LineString","coordinates":[[-80.028309,40.4440466],[-80.0282222,40.4441424],[-80.0281922,40.4441835]]}},{"type":"Feature","id":null,"properties":{"bridge_name":null},"geometry":{"type":"LineString","coordinates":[[-79.9964171,40.4357598],[-79.9965041,40.435618]]}},{"type":"Feature","id":null,"properties":{"bridge_name":"Boulevard of the Allies"},"geometry":{"type":"LineString","coordinates":[[-79.9946692,40.4357864],[-79.9942603,40.4356423]]}},{"type":"Feature","id":null,"properties":{"bridge_name":null},"geometry":{"type":"LineString","coordinates":[[-79.9951866,40.4359179],[-79.9950925,40.4358713],[-79.9950484,40.4358475],[-79.9950034,40.4358195],[-79.9949747,40.4357952],[-79.9949548,40.4357738],[-79.9949394,40.4357497],[-79.994933,40.4357255],[-79.994933,40.4356972],[-79.9949394,40.4356683],[-79.9949534,40.4356245]]}},{"type":"Feature","id":null,"properties":{"bridge_name":"Boulevard of the Allies"},"geometry":{"type":"LineString","coordinates":[[-79.9951866,40.4359179],[-79.9950227,40.4358841],[-79.9946692,40.4357864]]}},{"type":"Feature","id":null,"properties":{"bridge_name":"Boulevard of the Allies"},"geometry":{"type":"LineString","coordinates":[[-79.9946692,40.4357864],[-79.9946834,40.4358039],[-79.9947033,40.4358221],[-79.9947404,40.4358432],[-79.9947932,40.4358636],[-79.9955269,40.4360839],[-79.9957297,40.4361104]]}},{"type":"Feature","id":null,"properties":{"bridge_name":"Boulevard of the Allies"},"geometry":{"type":"LineString","coordinates":[[-79.9957297,40.4361104],[-79.9955451,40.4360257],[-79.9951866,40.4359179]]}},{"type":"Feature","id":null,"properties":{"bridge_name":null},"geometry":{"type":"LineString","coordinates":[[-79.9944629,40.4358497],[-79.9945601,40.4358918],[-79.994672,40.4359457],[-79.9947647,40.4360005],[-79.9948492,40.4360543],[-79.9949279,40.4361152],[-79.9949803,40.4361602],[-79.9950363,40.436219]]}},{"type":"Feature","id":null,"properties":{"bridge_name":null},"geometry":{"type":"LineString","coordinates":[[-79.9960993,40.4360844],[-79.9959727,40.4362685]]}},{"type":"Feature","id":null,"properties":{"bridge_name":null},"geometry":{"type":"LineString","coordinates":[[-79.9961444,40.4361031],[-79.9960255,40.4362886]]}},{"type":"Feature","id":null,"properties":{"bridge_name":null},"geometry":{"type":"LineString","coordinates":[[-79.9960697,40.4363021],[-79.9961841,40.4361187]]}},{"type":"Feature","id":null,"properties":{"bridge_name":"Fort Pitt Boulevard"},"geometry":{"type":"LineString","coordinates":[[-80.0010147,40.4365253],[-80.0009271,40.4364812],[-79.9999409,40.4360478]]}},{"type":"Feature","id":null,"properties":{"bridge_name":null},"geometry":{"type":"LineString","coordinates":[[-80.0010635,40.4362768],[-80.0010179,40.436345]]}},{"type":"Feature","id":null,"properties":{"bridge_name":"Great Allegheny Passage"},"geometry":{"type":"LineString","coordinates":[[-80.0012146,40.4364247],[-80.0011514,40.4364005],[-80.0010845,40.4363728],[-80.0010179,40.436345]]}},{"type":"Feature","id":null,"properties":{"bridge_name":null},"geometry":{"type":"LineString","coordinates":[[-80.0010179,40.436345],[-80.0009271,40.4364812],[-80.0009002,40.4365216]]}},{"type":"Feature","id":null,"properties":{"bridge_name":"Great Allegheny Passage"},"geometry":{"type":"LineString","coordinates":[[-80.0012146,40.4364247],[-80.0011642,40.4365185]]}},{"type":"Feature","id":null,"properties":{"bridge_name":"Great Allegheny Passage"},"geometry":{"type":"LineString","coordinates":[[-80.0011642,40.4365185],[-80.0011294,40.4365832],[-80.0011077,40.4366223]]}},{"type":"Feature","id":null,"properties":{"bridge_name":null},"geometry":{"type":"LineString","coordinates":[[-80.0009002,40.4365216],[-80.0008214,40.4366563]]}},{"type":"Feature","id":null,"properties":{"bridge_name":"Smithfield Street"},"geometry":{"type":"LineString","coordinates":[[-80.0010147,40.4365253],[-80.0009367,40.4366463],[-80.0009094,40.4366887]]}},{"type":"Feature","id":null,"properties":{"bridge_name":"Great Allegheny Passage"},"geometry":{"type":"LineString","coordinates":[[-80.0011077,40.4366223],[-80.0010432,40.436739]]}},{"type":"Feature","id":null,"properties":{"bridge_name":"Fort Pitt Boulevard"},"geometry":{"type":"LineString","coordinates":[[-80.0018467,40.4368608],[-80.0012555,40.436632],[-80.0011783,40.4366021],[-80.0011294,40.4365832],[-80.0010147,40.4365253]]}},{"type":"Feature","id":null,"properties":{"bridge_name":null},"geometry":{"type":"LineString","coordinates":[[-80.0026896,40.4371159],[-80.0021125,40.4368945],[-80.0015866,40.4366744]]}},{"type":"Feature","id":null,"properties":{"bridge_name":"Fort Pitt Boulevard"},"geometry":{"type":"LineString","coordinates":[[-80.0026896,40.4371159],[-80.0024347,40.4370818],[-80.0023899,40.437071],[-80.0018467,40.4368608]]}},{"type":"Feature","id":null,"properties":{"bridge_name":"Wood Street"},"geometry":{"type":"LineString","coordinates":[[-80.0026992,40.4372606],[-80.0026896,40.4371159]]}},{"type":"Feature","id":null,"properties":{"bridge_name":null},"geometry":{"type":"LineString","coordinates":[[-80.0027685,40.4372012],[-80.0028971,40.4372476],[-80.0028812,40.4372724]]}},{"type":"Feature","id":null,"properties":{"bridge_name":null},"geometry":{"type":"LineString","coordinates":[[-80.0028517,40.4372617],[-80.0028163,40.4372482]]}},{"type":"Feature","id":null,"properties":{"bridge_name":null},"geometry":{"type":"LineString","coordinates":[[-80.0028163,40.4372482],[-80.0027649,40.4372623]]}},{"type":"Feature","id":null,"properties":{"bridge_name":null},"geometry":{"type":"LineString","coordinates":[[-80.0028812,40.4372724],[-80.0028517,40.4372617]]}},{"type":"Feature","id":null,"properties":{"bridge_name":null},"geometry":{"type":"LineString","coordinates":[[-80.0025644,40.4373052],[-80.0025718,40.4372587],[-80.002657,40.4372587]]}},{"type":"Feature","id":null,"properties":{"bridge_name":"Wood Street"},"geometry":{"type":"LineString","coordinates":[[-80.0026712,40.4373508],[-80.0026885,40.4373186],[-80.0026962,40.4372895],[-80.0026992,40.4372606]]}},{"type":"Feature","id":null,"properties":{"bridge_name":null},"geometry":{"type":"LineString","coordinates":[[-80.0030165,40.4373138],[-80.00297,40.4373052],[-80.0029306,40.4373008],[-80.0028885,40.4373024]]}},{"type":"Feature","id":null,"properties":{"bridge_name":"Boulevard of the Allies"},"geometry":{"type":"LineString","coordinates":[[-79.9972496,40.4366405],[-79.9962169,40.4362626],[-79.9959804,40.4361861],[-79.9957297,40.4361104]]}},{"type":"Feature","id":null,"properties":{"bridge_name":null},"geometry":{"type":"LineString","coordinates":[[-79.9970583,40.4364892],[-79.9970434,40.4365104]]}},{"type":"Feature","id":null,"properties":{"bridge_name":null},"geometry":{"type":"LineString","coordinates":[[-79.9970295,40.4364916],[-79.9970434,40.4365104],[-79.9972797,40.4365907]]}},{"type":"Feature","id":null,"properties":{"bridge_name":null},"geometry":{"type":"LineString","coordinates":[[-79.9950363,40.436219],[-79.9950824,40.436275],[-79.9951177,40.4363265],[-79.9951532,40.4363915],[-79.9951797,40.4364456],[-79.9952035,40.4365102],[-79.9952165,40.436563],[-79.9952236,40.4366256],[-79.9952279,40.4366895],[-79.9952236,40.4367244],[-79.9952162,40.436763],[-79.9952045,40.4367948],[-79.9951908,40.4368195],[-79.9951721,40.436842],[-79.9951363,40.4368765],[-79.9951186,40.4368885],[-79.9950818,40.4369093],[-79.9950442,40.436924],[-79.9950066,40.4369348],[-79.9949775,40.4369407],[-79.9949469,40.4369436],[-79.9949013,40.4369435],[-79.9948611,40.4369371],[-79.9948304,40.4369279],[-79.9947914,40.4369139],[-79.9947585,40.436898],[-79.994717,40.4368718],[-79.9946913,40.4368493],[-79.994677,40.4368304],[-79.9946644,40.4368079]]}},{"type":"Feature","id":null,"properties":{"bridge_name":null},"geometry":{"type":"LineString","coordinates":[[-79.9937238,40.4368872],[-79.9936943,40.4372025]]}},{"type":"Feature","id":null,"properties":{"bridge_name":null},"geometry":{"type":"LineString","coordinates":[[-79.9944472,40.4376581],[-79.994533,40.4374253],[-79.9945786,40.4372518],[-79.9946001,40.4371069],[-79.9946188,40.4368905]]}},{"type":"Feature","id":null,"properties":{"bridge_name":null},"geometry":{"type":"LineString","coordinates":[[-79.9938367,40.4390331],[-79.9941752,40.4384812],[-79.9943949,40.4381419],[-79.9946457,40.4378172],[-79.995044,40.4373498],[-79.9951405,40.4372244],[-79.9952219,40.4371152],[-79.9952588,40.4370433],[-79.9952932,40.4369732],[-79.9953182,40.4368859],[-79.9953399,40.4368266],[-79.9953467,40.4367558],[-79.9953534,40.4366743],[-79.9953454,40.4366046],[-79.9953362,40.4365428],[-79.995316,40.436479],[-79.9952919,40.4364093],[-79.9952594,40.4363357],[-79.9952345,40.4362978],[-79.9951958,40.4362449],[-79.9951542,40.4362004],[-79.995109,40.436142],[-79.9950664,40.4361038],[-79.994991,40.4360434],[-79.9949377,40.4360224],[-79.9948668,40.4359784],[-79.9947851,40.4359325],[-79.9946882,40.4358824],[-79.9945991,40.4358436],[-79.994492,40.4357989]]}},{"type":"Feature","id":null,"properties":{"bridge_name":null},"geometry":{"type":"LineString","coordinates":[[-79.9944681,40.4358993],[-79.9944919,40.435916],[-79.9945466,40.4359543],[-79.9945931,40.4359952],[-79.9946293,40.4360298],[-79.994673,40.4360796],[-79.994704,40.4361222],[-79.994729,40.4361621],[-79.9947583,40.4362229],[-79.9947743,40.4362647],[-79.9947851,40.4363119],[-79.994789,40.4363676],[-79.994791,40.4364281],[-79.9947878,40.4364863],[-79.9947791,40.4365406],[-79.9947577,40.4366228],[-79.9947374,40.4366913],[-79.9946954,40.4368056],[-79.9945333,40.4371901],[-79.9943306,40.4376621],[-79.9940153,40.4383803],[-79.9938439,40.4387098],[-79.9936998,40.4389934]]}},{"type":"Feature","id":null,"properties":{"bridge_name":null},"geometry":{"type":"LineString","coordinates":[[-79.9938367,40.4390331],[-79.9940904,40.4384073],[-79.9944472,40.4376581]]}},{"type":"Feature","id":null,"properties":{"bridge_name":null},"geometry":{"type":"LineString","coordinates":[[-79.994089,40.4377157],[-79.9940583,40.4378867],[-79.9940234,40.43805],[-79.9939644,40.4382542],[-79.9938785,40.4384746],[-79.9938039,40.4386737],[-79.9936998,40.4389934]]}},{"type":"Feature","id":null,"properties":{"bridge_name":"Penn-Lincoln Parkway East"},"geometry":{"type":"LineString","coordinates":[[-80.005924,40.4381903],[-80.0015983,40.4365646],[-80.0013037,40.4364464]]}},{"type":"Feature","id":null,"properties":{"bridge_name":null},"geometry":{"type":"LineString","coordinates":[[-80.0027032,40.437363],[-80.0027656,40.4373337],[-80.002801,40.4373195],[-80.0028344,40.4373117],[-80.0028885,40.4373024]]}},{"type":"Feature","id":null,"properties":{"bridge_name":null},"geometry":{"type":"LineString","coordinates":[[-80.0028885,40.4373024],[-80.0028438,40.4373302],[-80.0028233,40.4373518],[-80.0028116,40.4373748],[-80.0028065,40.4374022]]}},{"type":"Feature","id":null,"properties":{"bridge_name":"Fort Pitt Boulevard"},"geometry":{"type":"LineString","coordinates":[[-80.0044142,40.4377637],[-80.0026896,40.4371159]]}},{"type":"Feature","id":null,"properties":{"bridge_name":null},"geometry":{"type":"LineString","coordinates":[[-80.0076931,40.4389688],[-80.007356,40.4388107],[-80.0021404,40.4368516],[-80.0015866,40.4366744]]}},{"type":"Feature","id":null,"properties":{"bridge_name":"Market Street"},"geometry":{"type":"LineString","coordinates":[[-80.0043837,40.4379958],[-80.0044075,40.4379489],[-80.0044256,40.4378974],[-80.0044316,40.4378576],[-80.0044286,40.4378162],[-80.0044142,40.4377637]]}},{"type":"Feature","id":null,"properties":{"bridge_name":null},"geometry":{"type":"LineString","coordinates":[[-80.0046806,40.4378638],[-80.0046116,40.437889],[-80.0045788,40.4379084],[-80.0045479,40.4379367],[-80.0045298,40.4379727],[-80.0045211,40.4380117],[-80.0045205,40.4380473]]}},{"type":"Feature","id":null,"properties":{"bridge_name":"Fort Pitt Boulevard"},"geometry":{"type":"LineString","coordinates":[[-80.0057601,40.4382693],[-80.0046806,40.4378638],[-80.0044142,40.4377637]]}},{"type":"Feature","id":null,"properties":{"bridge_name":"Stanwix Street"},"geometry":{"type":"LineString","coordinates":[[-80.0057644,40.4385151],[-80.0058022,40.4384626],[-80.0058133,40.4384284],[-80.0058163,40.438396],[-80.0058082,40.438356],[-80.0057972,40.4383225],[-80.0057601,40.4382693]]}},{"type":"Feature","id":null,"properties":{"bridge_name":null},"geometry":{"type":"LineString","coordinates":[[-80.0056181,40.4382862],[-80.0056482,40.4382975],[-80.0056728,40.4383105],[-80.0056949,40.4383294],[-80.0057117,40.4383521],[-80.0057241,40.4383776],[-80.0057301,40.438406],[-80.0057328,40.4385032]]}},{"type":"Feature","id":null,"properties":{"bridge_name":null},"geometry":{"type":"LineString","coordinates":[[-80.0142525,40.4384812],[-80.0143474,40.438531]]}},{"type":"Feature","id":null,"properties":{"bridge_name":null},"geometry":{"type":"LineString","coordinates":[[-80.0143474,40.438531],[-80.0143724,40.4384971],[-80.0143789,40.4384907]]}},{"type":"Feature","id":null,"properties":{"bridge_name":null},"geometry":{"type":"LineString","coordinates":[[-80.0138214,40.4381273],[-80.0145372,40.4385206],[-80.0153611,40.439023]]}},{"type":"Feature","id":null,"properties":{"bridge_name":"Penn-Lincoln Parkway West"},"geometry":{"type":"LineString","coordinates":[[-80.0124003,40.4382957],[-80.0103226,40.4394042]]}},{"type":"Feature","id":null,"properties":{"bridge_name":"Penn-Lincoln Parkway West"},"geometry":{"type":"LineString","coordinates":[[-80.0102762,40.4394498],[-80.0123796,40.43833]]}},{"type":"Feature","id":null,"properties":{"bridge_name":null},"geometry":{"type":"LineString","coordinates":[[-80.0153336,40.4390446],[-80.0147729,40.4387138],[-80.0143789,40.4384907],[-80.0142874,40.4384394],[-80.0141207,40.4383486],[-80.0137822,40.4381671],[-80.0137086,40.4381303],[-80.0136407,40.4381046],[-80.0135722,40.4380886],[-80.0134987,40.4380762],[-80.0134196,40.4380689],[-80.0133491,40.4380661],[-80.0132958,40.4380627],[-80.0132455,40.4380649],[-80.0131749,40.4380727],[-80.0131036,40.438098],[-80.0130157,40.4381288],[-80.0127763,40.4382159],[-80.0126634,40.4382701],[-80.0124652,40.4383698],[-80.0103974,40.4394546],[-80.0102066,40.4395545],[-80.0100859,40.4396258],[-80.0099953,40.4396933],[-80.0098766,40.4398223],[-80.0098214,40.4398798],[-80.0097799,40.4399385],[-80.0097016,40.4400284],[-80.0096268,40.4401442],[-80.0095717,40.440228],[-80.0094955,40.4403967],[-80.0094743,40.440457],[-80.0094557,40.4405172]]}},{"type":"Feature","id":null,"properties":{"bridge_name":"Penn-Lincoln Parkway East"},"geometry":{"type":"LineString","coordinates":[[-80.0103226,40.4394042],[-80.0100917,40.4394877],[-80.0099952,40.4395117],[-80.009917,40.4395249],[-80.0098429,40.4395296],[-80.0097599,40.4395261],[-80.0096657,40.4395117],[-80.0095838,40.4394948],[-80.0094927,40.439472],[-80.0094105,40.4394484],[-80.0089679,40.4392909]]}},{"type":"Feature","id":null,"properties":{"bridge_name":"Penn-Lincoln Parkway East"},"geometry":{"type":"LineString","coordinates":[[-80.0084967,40.4393781],[-80.0087063,40.4394335],[-80.0089626,40.4395005],[-80.0092424,40.4395669],[-80.0093218,40.4395818],[-80.0093957,40.4395912],[-80.0094838,40.4395991],[-80.0095566,40.4395996],[-80.0096337,40.4395948],[-80.0097095,40.4395861],[-80.0098302,40.4395708],[-80.0098961,40.4395604],[-80.0099643,40.4395479],[-80.010031,40.4395325],[-80.0100977,40.4395148],[-80.0101833,40.4394879],[-80.0102762,40.4394498]]}},{"type":"Feature","id":null,"properties":{"bridge_name":"Penn-Lincoln Parkway North"},"geometry":{"type":"LineString","coordinates":[[-80.0103226,40.4394042],[-80.0098215,40.4397008]]}},{"type":"Feature","id":null,"properties":{"bridge_name":"Penn-Lincoln Parkway North"},"geometry":{"type":"LineString","coordinates":[[-80.0099437,40.4396593],[-80.0102762,40.4394498]]}},{"type":"Feature","id":null,"properties":{"bridge_name":null},"geometry":{"type":"LineString","coordinates":[[-80.0059007,40.4384159],[-80.0058834,40.4384433]]}},{"type":"Feature","id":null,"properties":{"bridge_name":null},"geometry":{"type":"LineString","coordinates":[[-80.0058834,40.4384433],[-80.0058984,40.4384863],[-80.0059132,40.4385288],[-80.0058895,40.4385622]]}},{"type":"Feature","id":null,"properties":{"bridge_name":null},"geometry":{"type":"LineString","coordinates":[[-80.0073257,40.4388574],[-80.0057601,40.4382693]]}},{"type":"Feature","id":null,"properties":{"bridge_name":"Penn-Lincoln Parkway East"},"geometry":{"type":"LineString","coordinates":[[-80.0084726,40.4391089],[-80.005924,40.4381903]]}},{"type":"Feature","id":null,"properties":{"bridge_name":null},"geometry":{"type":"LineString","coordinates":[[-80.0057971,40.4385274],[-80.0058465,40.4385042],[-80.0058984,40.4384863],[-80.0059544,40.4384733],[-80.0060064,40.4384682],[-80.0060584,40.4384693],[-80.0061003,40.4384749],[-80.0061394,40.438485],[-80.0062367,40.4385216],[-80.0071069,40.4388485]]}},{"type":"Feature","id":null,"properties":{"bridge_name":null},"geometry":{"type":"LineString","coordinates":[[-80.0076931,40.4389688],[-80.0073257,40.4388574]]}},{"type":"Feature","id":null,"properties":{"bridge_name":"Penn-Lincoln Parkway East"},"geometry":{"type":"LineString","coordinates":[[-80.0089679,40.4392909],[-80.0084726,40.4391089]]}},{"type":"Feature","id":null,"properties":{"bridge_name":null},"geometry":{"type":"LineString","coordinates":[[-80.0059185,40.4397284],[-80.0056908,40.4400818]]}},{"type":"Feature","id":null,"properties":{"bridge_name":null},"geometry":{"type":"LineString","coordinates":[[-80.003509,40.4402862],[-80.0035858,40.4401568]]}},{"type":"Feature","id":null,"properties":{"bridge_name":null},"geometry":{"type":"LineString","coordinates":[[-80.0088035,40.4411892],[-80.0087127,40.4417057]]}},{"type":"Feature","id":null,"properties":{"bridge_name":null},"geometry":{"type":"LineString","coordinates":[[-80.0098215,40.4397008],[-80.0093695,40.4398768]]}},{"type":"Feature","id":null,"properties":{"bridge_name":null},"geometry":{"type":"LineString","coordinates":[[-80.0092077,40.4400482],[-80.0096501,40.439805],[-80.0099437,40.4396593]]}},{"type":"Feature","id":null,"properties":{"bridge_name":null},"geometry":{"type":"LineString","coordinates":[[-80.0093695,40.4398768],[-80.0092536,40.4399249],[-80.0087298,40.4401572]]}},{"type":"Feature","id":null,"properties":{"bridge_name":"Penn-Lincoln Parkway North"},"geometry":{"type":"LineString","coordinates":[[-80.0093951,40.4405049],[-80.0094319,40.440392],[-80.0094802,40.440291],[-80.0095251,40.4401984],[-80.0095849,40.4401055],[-80.0096468,40.4400148],[-80.00971,40.4399239],[-80.0097738,40.4398488],[-80.0098922,40.4397331],[-80.0099437,40.4396593]]}},{"type":"Feature","id":null,"properties":{"bridge_name":null},"geometry":{"type":"LineString","coordinates":[[-80.0089085,40.4402126],[-80.0092077,40.4400482]]}},{"type":"Feature","id":null,"properties":{"bridge_name":"Penn-Lincoln Parkway North"},"geometry":{"type":"LineString","coordinates":[[-80.0098215,40.4397008],[-80.0093173,40.4399975],[-80.0092173,40.4400636],[-80.0091308,40.4401322],[-80.0090591,40.4402006],[-80.0089994,40.4402716],[-80.0089538,40.4403486],[-80.0089136,40.4404405],[-80.0088774,40.4405594],[-80.0088512,40.4406814]]}},{"type":"Feature","id":null,"properties":{"bridge_name":null},"geometry":{"type":"LineString","coordinates":[[-80.0089899,40.4417195],[-80.009069,40.4412041]]}},{"type":"Feature","id":null,"properties":{"bridge_name":null},"geometry":{"type":"LineString","coordinates":[[-80.0086838,40.4414469],[-80.0092366,40.441485]]}},{"type":"Feature","id":null,"properties":{"bridge_name":null},"geometry":{"type":"LineString","coordinates":[[-80.0090443,40.4417222],[-80.0091783,40.4412116]]}},{"type":"Feature","id":null,"properties":{"bridge_name":null},"geometry":{"type":"LineString","coordinates":[[-80.0092053,40.4417404],[-80.009246,40.4412191]]}},{"type":"Feature","id":null,"properties":{"bridge_name":null},"geometry":{"type":"LineString","coordinates":[[-80.0088035,40.4411892],[-80.0088207,40.4417095]]}},{"type":"Feature","id":null,"properties":{"bridge_name":null},"geometry":{"type":"LineString","coordinates":[[-80.008948,40.4411974],[-80.0088843,40.4417186]]}},{"type":"Feature","id":null,"properties":{"bridge_name":null},"geometry":{"type":"LineString","coordinates":[[-80.0036446,40.4424342],[-80.00358,40.4422859]]}},{"type":"Feature","id":null,"properties":{"bridge_name":null},"geometry":{"type":"LineString","coordinates":[[-80.0085161,40.4423286],[-80.0084646,40.4423864],[-80.0083983,40.44245]]}},{"type":"Feature","id":null,"properties":{"bridge_name":null},"geometry":{"type":"LineString","coordinates":[[-80.0086082,40.4424276],[-80.0085585,40.4425444]]}},{"type":"Feature","id":null,"properties":{"bridge_name":null},"geometry":{"type":"LineString","coordinates":[[-80.0045223,40.4428442],[-80.0042657,40.4429036]]}},{"type":"Feature","id":null,"properties":{"bridge_name":null},"geometry":{"type":"LineString","coordinates":[[-80.0082237,40.4429179],[-80.0081096,40.442897],[-80.0079969,40.4428826]]}},{"type":"Feature","id":null,"properties":{"bridge_name":null},"geometry":{"type":"LineString","coordinates":[[-80.0087914,40.4424017],[-80.0088006,40.4427465],[-80.0088232,40.4429452],[-80.0088763,40.4432277],[-80.0089397,40.4434798],[-80.0090115,40.4437309]]}},{"type":"Feature","id":null,"properties":{"bridge_name":null},"geometry":{"type":"LineString","coordinates":[[-80.0088814,40.4434036],[-80.0088113,40.4432541],[-80.0087701,40.4431934],[-80.0087197,40.4431422],[-80.0086643,40.4430949],[-80.0086046,40.4430501],[-80.0085416,40.443015],[-80.0083973,40.4429613]]}},{"type":"Feature","id":null,"properties":{"bridge_name":null},"geometry":{"type":"LineString","coordinates":[[-80.0088814,40.4434036],[-80.0087668,40.4432794],[-80.0086903,40.4432109],[-80.0086307,40.4431681],[-80.0085635,40.4431259],[-80.0084937,40.4430901],[-80.0084047,40.4430555],[-80.0083173,40.4430306],[-80.008229,40.443014],[-80.0082125,40.4430132]]}},{"type":"Feature","id":null,"properties":{"bridge_name":null},"geometry":{"type":"LineString","coordinates":[[-79.9990866,40.4379653],[-79.9991439,40.4378682]]}},{"type":"Feature","id":null,"properties":{"bridge_name":null},"geometry":{"type":"LineString","coordinates":[[-79.9987263,40.4384798],[-79.9988017,40.4383764]]}},{"type":"Feature","id":null,"properties":{"bridge_name":null},"geometry":{"type":"LineString","coordinates":[[-79.9986928,40.4393082],[-79.9987796,40.4391801]]}},{"type":"Feature","id":null,"properties":{"bridge_name":null},"geometry":{"type":"LineString","coordinates":[[-79.9973668,40.4438468],[-79.9974308,40.4438305]]}},{"type":"Feature","id":null,"properties":{"bridge_name":null},"geometry":{"type":"LineString","coordinates":[[-80.001089,40.4449393],[-80.0010491,40.4448287],[-80.0010471,40.4447954]]}},{"type":"Feature","id":null,"properties":{"bridge_name":null},"geometry":{"type":"LineString","coordinates":[[-79.999299,40.4455283],[-79.99924,40.4454049],[-79.9992319,40.4453819]]}},{"type":"Feature","id":null,"properties":{"bridge_name":null},"geometry":{"type":"LineString","coordinates":[[-79.9991142,40.4455839],[-79.9990613,40.4454783],[-79.9990464,40.4454591],[-79.999039,40.445456]]}},{"type":"Feature","id":null,"properties":{"bridge_name":"Andy Warhol Bridge"},"geometry":{"type":"LineString","coordinates":[[-80.001956,40.4476388],[-80.0009475,40.4448269]]}},{"type":"Feature","id":null,"properties":{"bridge_name":null},"geometry":{"type":"LineString","coordinates":[[-80.0018655,40.4476515],[-80.0016632,40.4471021],[-80.0014057,40.4463774],[-80.0011697,40.4457202],[-80.0009156,40.4450058],[-80.0008755,40.444903],[-80.0008384,40.4448762]]}},{"type":"Feature","id":null,"properties":{"bridge_name":null},"geometry":{"type":"LineString","coordinates":[[-80.0020525,40.4476278],[-80.0018004,40.4469185],[-80.0013713,40.4457224],[-80.001089,40.4449393]]}},{"type":"Feature","id":null,"properties":{"bridge_name":null},"geometry":{"type":"LineString","coordinates":[[-80.0279854,40.4442716],[-80.0279969,40.4442608],[-80.0279132,40.4442074],[-80.0278971,40.444222],[-80.028011,40.4442935]]}},{"type":"Feature","id":null,"properties":{"bridge_name":"West Carson Street"},"geometry":{"type":"LineString","coordinates":[[-80.0281922,40.4441835],[-80.0284876,40.4443828]]}},{"type":"Feature","id":null,"properties":{"bridge_name":"Mon Line"},"geometry":{"type":"LineString","coordinates":[[-80.0290017,40.4442602],[-80.0291744,40.4443747]]}},{"type":"Feature","id":null,"properties":{"bridge_name":"Mon Line"},"geometry":{"type":"LineString","coordinates":[[-80.0289584,40.4442809],[-80.0291328,40.4443947]]}},{"type":"Feature","id":null,"properties":{"bridge_name":"Pittsburgh Subdivision"},"geometry":{"type":"LineString","coordinates":[[-80.0268895,40.4443161],[-80.0270095,40.4443657]]}},{"type":"Feature","id":null,"properties":{"bridge_name":null},"geometry":{"type":"LineString","coordinates":[[-80.0269847,40.4444015],[-80.0268686,40.4443499]]}},{"type":"Feature","id":null,"properties":{"bridge_name":"Steuben Street"},"geometry":{"type":"LineString","coordinates":[[-80.0284876,40.4443828],[-80.028603,40.4444088],[-80.028667,40.444418],[-80.0287291,40.4444223],[-80.0287897,40.4444221]]}},{"type":"Feature","id":null,"properties":{"bridge_name":null},"geometry":{"type":"LineString","coordinates":[[-80.0282668,40.4444418],[-80.0283186,40.4444758],[-80.0283043,40.4444884],[-80.0282009,40.4444206]]}},{"type":"Feature","id":null,"properties":{"bridge_name":"West Carson Street"},"geometry":{"type":"LineString","coordinates":[[-80.028882,40.444544],[-80.0288843,40.4445109],[-80.0288915,40.4444789]]}},{"type":"Feature","id":null,"properties":{"bridge_name":null},"geometry":{"type":"LineString","coordinates":[[-80.0289444,40.4445385],[-80.0289523,40.4444948]]}},{"type":"Feature","id":null,"properties":{"bridge_name":null},"geometry":{"type":"LineString","coordinates":[[-80.028664,40.4446242],[-80.0283713,40.4444307],[-80.0283495,40.4444207],[-80.0283246,40.4444143],[-80.0282976,40.4444108],[-80.0282733,40.4444102],[-80.028249,40.4444111],[-80.0282246,40.4444145],[-80.0282009,40.4444206]]}},{"type":"Feature","id":null,"properties":{"bridge_name":null},"geometry":{"type":"LineString","coordinates":[[-80.0289444,40.4445385],[-80.028882,40.444544],[-80.0288364,40.4445461]]}},{"type":"Feature","id":null,"properties":{"bridge_name":null},"geometry":{"type":"LineString","coordinates":[[-80.0288364,40.4445461],[-80.0287291,40.4445645]]}},{"type":"Feature","id":null,"properties":{"bridge_name":"West Carson Street"},"geometry":{"type":"LineString","coordinates":[[-80.0284876,40.4443828],[-80.028597,40.4445007],[-80.0286731,40.4445626],[-80.0287072,40.4445846],[-80.028994,40.4447478]]}},{"type":"Feature","id":null,"properties":{"bridge_name":null},"geometry":{"type":"LineString","coordinates":[[-80.0287291,40.4445645],[-80.0287072,40.4445846],[-80.028664,40.4446242]]}},{"type":"Feature","id":null,"properties":{"bridge_name":"West Carson Street"},"geometry":{"type":"LineString","coordinates":[[-80.028994,40.4447478],[-80.0289369,40.4446885],[-80.0289081,40.4446471],[-80.028892,40.4446043],[-80.0288847,40.4445716],[-80.028882,40.444544]]}},{"type":"Feature","id":null,"properties":{"bridge_name":"Mon Line"},"geometry":{"type":"LineString","coordinates":[[-80.0295874,40.4446555],[-80.0298639,40.4448765]]}},{"type":"Feature","id":null,"properties":{"bridge_name":"Mon Line"},"geometry":{"type":"LineString","coordinates":[[-80.0295975,40.4447148],[-80.0297988,40.4448817],[-80.0298533,40.444917]]}},{"type":"Feature","id":null,"properties":{"bridge_name":"West End Bridge"},"geometry":{"type":"LineString","coordinates":[[-80.0281922,40.4441835],[-80.0260809,40.4480041]]}},{"type":"Feature","id":null,"properties":{"bridge_name":null},"geometry":{"type":"LineString","coordinates":[[-80.028011,40.4442935],[-80.0280077,40.4443143],[-80.0280025,40.4443369],[-80.0279951,40.4443596],[-80.0279856,40.4443816],[-80.0262046,40.4476149],[-80.0261421,40.4477186],[-80.0257947,40.4482428],[-80.02573,40.4483366],[-80.0256515,40.448429],[-80.0255802,40.4485004],[-80.0255004,40.4485706],[-80.0254361,40.448621]]}},{"type":"Feature","id":null,"properties":{"bridge_name":null},"geometry":{"type":"LineString","coordinates":[[-80.0282009,40.4444206],[-80.0281782,40.4444313],[-80.0281584,40.4444436],[-80.0281417,40.4444589],[-80.0281288,40.4444757],[-80.02641,40.4475961],[-80.0263547,40.4477094],[-80.0260351,40.4484596],[-80.0260164,40.4485248],[-80.0260058,40.4485841],[-80.0260008,40.4486463],[-80.0260007,40.4486933],[-80.0260066,40.4487356]]}},{"type":"Feature","id":null,"properties":{"bridge_name":null},"geometry":{"type":"LineString","coordinates":[[-80.0199768,40.447544],[-80.0195824,40.4475327],[-80.0192456,40.4475656],[-80.018442,40.4477126],[-80.0177181,40.44784]]}},{"type":"Feature","id":null,"properties":{"bridge_name":null},"geometry":{"type":"LineString","coordinates":[[-80.018442,40.4477126],[-80.0186079,40.447703],[-80.0189179,40.4477063],[-80.01911,40.4477127],[-80.0192684,40.4477044]]}},{"type":"Feature","id":null,"properties":{"bridge_name":null},"geometry":{"type":"LineString","coordinates":[[-80.0177542,40.4479472],[-80.0192684,40.4477044],[-80.0194501,40.4476762],[-80.0197838,40.4476321],[-80.0199693,40.447621]]}},{"type":"Feature","id":null,"properties":{"bridge_name":null},"geometry":{"type":"LineString","coordinates":[[-80.0168542,40.4480682],[-80.0171426,40.4480413],[-80.0177542,40.4479472]]}},{"type":"Feature","id":null,"properties":{"bridge_name":null},"geometry":{"type":"LineString","coordinates":[[-80.0260809,40.4480041],[-80.0256941,40.4484514],[-80.0256237,40.4485264],[-80.0255433,40.4485999],[-80.0254534,40.4486703],[-80.0253488,40.4487417],[-80.0252422,40.448802],[-80.0251215,40.4488596],[-80.0249921,40.4489147]]}},{"type":"Feature","id":null,"properties":{"bridge_name":null},"geometry":{"type":"LineString","coordinates":[[-80.025491,40.4484404],[-80.0254264,40.4485728]]}},{"type":"Feature","id":null,"properties":{"bridge_name":"West End Bridge"},"geometry":{"type":"LineString","coordinates":[[-80.0260809,40.4480041],[-80.0257204,40.448671],[-80.0254517,40.4491195]]}},{"type":"Feature","id":null,"properties":{"bridge_name":null},"geometry":{"type":"LineString","coordinates":[[-80.0254264,40.4485728],[-80.0253969,40.4486331],[-80.0254102,40.4486413],[-80.0254361,40.448621]]}},{"type":"Feature","id":null,"properties":{"bridge_name":null},"geometry":{"type":"LineString","coordinates":[[-80.0260066,40.4487356],[-80.0259797,40.4487378],[-80.0255653,40.4486142],[-80.0254264,40.4485728]]}},{"type":"Feature","id":null,"properties":{"bridge_name":null},"geometry":{"type":"LineString","coordinates":[[-80.0098494,40.4457533],[-80.0098499,40.4457414],[-80.0098568,40.4457332],[-80.0098681,40.4457253],[-80.0098853,40.4457235],[-80.0099,40.4457272],[-80.0099113,40.4457365],[-80.0099235,40.4457627]]}},{"type":"Feature","id":null,"properties":{"bridge_name":null},"geometry":{"type":"LineString","coordinates":[[-80.0099933,40.4457217],[-80.0099643,40.4457929],[-80.0099466,40.4458366],[-80.0100011,40.446008],[-80.0100021,40.446023],[-80.0099962,40.4460357],[-80.0099864,40.4460432],[-80.009979,40.446045],[-80.0099633,40.4460446],[-80.0099515,40.4460394],[-80.0099442,40.4460323],[-80.0099368,40.4460185],[-80.0098494,40.4457533]]}},{"type":"Feature","id":null,"properties":{"bridge_name":null},"geometry":{"type":"LineString","coordinates":[[-80.0099235,40.4457627],[-80.0100063,40.4460234]]}},{"type":"Feature","id":null,"properties":{"bridge_name":null},"geometry":{"type":"LineString","coordinates":[[-80.0095989,40.4455537],[-80.0097142,40.445915],[-80.0099115,40.4464713]]}},{"type":"Feature","id":null,"properties":{"bridge_name":null},"geometry":{"type":"LineString","coordinates":[[-80.0121979,40.4484399],[-80.0119673,40.4483828],[-80.0115569,40.4482481],[-80.0111894,40.4480684],[-80.0108622,40.4478643],[-80.0106503,40.4476908],[-80.0105162,40.447552],[-80.0104325,40.4474444],[-80.0103526,40.4473418],[-80.0101889,40.4470989],[-80.0100736,40.4468886],[-80.0096013,40.4455513]]}},{"type":"Feature","id":null,"properties":{"bridge_name":null},"geometry":{"type":"LineString","coordinates":[[-80.0099115,40.4464713],[-80.0101889,40.4470662],[-80.010374,40.4473255],[-80.0105564,40.4475377],[-80.0107737,40.4477296],[-80.0109963,40.4478909],[-80.0112833,40.4480378],[-80.0115676,40.448148],[-80.0118144,40.4482154],[-80.0120665,40.4482644],[-80.0126754,40.4482991],[-80.0143811,40.4483361]]}},{"type":"Feature","id":null,"properties":{"bridge_name":null},"geometry":{"type":"LineString","coordinates":[[-80.0099115,40.4464713],[-80.0100361,40.4468683],[-80.0101112,40.4470744],[-80.0102426,40.4473418],[-80.0103794,40.4475398],[-80.0105591,40.4477521],[-80.0107951,40.4479623],[-80.0110607,40.448148],[-80.0113155,40.448295],[-80.0115998,40.4484256],[-80.0119726,40.4485481],[-80.0123025,40.4486216],[-80.0125116,40.4486488]]}},{"type":"Feature","id":null,"properties":{"bridge_name":null},"geometry":{"type":"LineString","coordinates":[[-80.0128014,40.4484542],[-80.0124849,40.4484236],[-80.0122247,40.4483828],[-80.011919,40.4483072],[-80.0116561,40.4482236],[-80.0112779,40.4480521],[-80.0109882,40.4478806],[-80.0106986,40.4476745],[-80.0105269,40.4475132],[-80.0103552,40.4473173],[-80.0101889,40.4470989]]}},{"type":"Feature","id":null,"properties":{"bridge_name":null},"geometry":{"type":"LineString","coordinates":[[-80.0177181,40.44784],[-80.0168436,40.4480183]]}},{"type":"Feature","id":null,"properties":{"bridge_name":null},"geometry":{"type":"LineString","coordinates":[[-80.0162032,40.4481288],[-80.0165432,40.4480714],[-80.0168436,40.4480183]]}},{"type":"Feature","id":null,"properties":{"bridge_name":"South Main Street"},"geometry":{"type":"LineString","coordinates":[[-80.0307434,40.4432228],[-80.0307622,40.4429628]]}},{"type":"Feature","id":null,"properties":{"bridge_name":null},"geometry":{"type":"LineString","coordinates":[[-80.0925205,40.4510868],[-80.09247858008604,40.450881169953796]]}},{"type":"Feature","id":null,"properties":{"bridge_name":null},"geometry":{"type":"LineString","coordinates":[[-80.0924794,40.4510974],[-80.09243725511368,40.4509033629945]]}},{"type":"Feature","id":null,"properties":{"bridge_name":null},"geometry":{"type":"LineString","coordinates":[[-80.0924316,40.4511097],[-80.09239381124054,40.450926418154914]]}},{"type":"Feature","id":null,"properties":{"bridge_name":null},"geometry":{"type":"LineString","coordinates":[[-80.09234380846068,40.45095241960045],[-80.0923638,40.4511272]]}},{"type":"Feature","id":null,"properties":{"bridge_name":null},"geometry":{"type":"LineString","coordinates":[[-80.0923856524259,40.450930660738535],[-80.0923918,40.4509805],[-80.0923965,40.4510897],[-80.0923974,40.4511185]]}},{"type":"Feature","id":null,"properties":{"bridge_name":"West Busway"},"geometry":{"type":"LineString","coordinates":[[-80.0384497,40.4517448],[-80.0387823,40.4519693],[-80.0391793,40.4521816],[-80.0396084,40.4523653],[-80.0398981,40.4524551],[-80.040148,40.4525363],[-80.0404615,40.4525999]]}},{"type":"Feature","id":null,"properties":{"bridge_name":"Chartiers Avenue"},"geometry":{"type":"LineString","coordinates":[[-80.0545305,40.4527131],[-80.0545428,40.4527986],[-80.0545556,40.4529638]]}},{"type":"Feature","id":null,"properties":{"bridge_name":"Mon Line"},"geometry":{"type":"LineString","coordinates":[[-80.0411165,40.4535557],[-80.0411969,40.4536448]]}},{"type":"Feature","id":null,"properties":{"bridge_name":"Mon Line"},"geometry":{"type":"LineString","coordinates":[[-80.0410777,40.4535791],[-80.041158,40.4536743]]}},{"type":"Feature","id":null,"properties":{"bridge_name":null},"geometry":{"type":"LineString","coordinates":[[-80.026421,40.4493606],[-80.0261977,40.449178],[-80.0261253,40.4491071],[-80.026065,40.4490352],[-80.0260194,40.4489678],[-80.0259852,40.4489035],[-80.0259617,40.4488407],[-80.0259469,40.4487749],[-80.0259402,40.4487142],[-80.0259382,40.4486545],[-80.0259449,40.4485795],[-80.0259583,40.4485029],[-80.0260809,40.4480041]]}},{"type":"Feature","id":null,"properties":{"bridge_name":"Ohio River Boulevard"},"geometry":{"type":"LineString","coordinates":[[-80.0182019,40.4487399],[-80.017738,40.4487212]]}},{"type":"Feature","id":null,"properties":{"bridge_name":null},"geometry":{"type":"LineString","coordinates":[[-80.0255653,40.4486142],[-80.0254264,40.4488723]]}},{"type":"Feature","id":null,"properties":{"bridge_name":"Ohio River Boulevard"},"geometry":{"type":"LineString","coordinates":[[-80.0212579,40.4487888],[-80.0197993,40.44877],[-80.0189967,40.4487719]]}},{"type":"Feature","id":null,"properties":{"bridge_name":null},"geometry":{"type":"LineString","coordinates":[[-80.0249921,40.4489147],[-80.024858,40.4489397],[-80.0247534,40.4489515],[-80.0246394,40.4489591],[-80.024524,40.4489601],[-80.0244047,40.448955],[-80.024284,40.4489408],[-80.0240882,40.4489106],[-80.0237904,40.4488555],[-80.0233646,40.4487708],[-80.0228322,40.4486593]]}},{"type":"Feature","id":null,"properties":{"bridge_name":null},"geometry":{"type":"LineString","coordinates":[[-80.021252,40.4488923],[-80.0204295,40.4488675],[-80.0202221,40.4488578],[-80.0200113,40.4488435],[-80.0189967,40.4487719]]}},{"type":"Feature","id":null,"properties":{"bridge_name":"Ohio River Boulevard"},"geometry":{"type":"LineString","coordinates":[[-80.0177957,40.4488767],[-80.0182652,40.4488923]]}},{"type":"Feature","id":null,"properties":{"bridge_name":null},"geometry":{"type":"LineString","coordinates":[[-80.018103,40.4489933],[-80.0182919,40.448989]]}},{"type":"Feature","id":null,"properties":{"bridge_name":null},"geometry":{"type":"LineString","coordinates":[[-80.017844,40.4489992],[-80.018103,40.4489933]]}},{"type":"Feature","id":null,"properties":{"bridge_name":null},"geometry":{"type":"LineString","coordinates":[[-80.0249921,40.4489147],[-80.0248493,40.4489678],[-80.0247125,40.4490076],[-80.0245656,40.4490423],[-80.0244134,40.4490724],[-80.0242531,40.4490938],[-80.0241163,40.4491015],[-80.0239675,40.4491005],[-80.0238206,40.4490938],[-80.0236805,40.4490811],[-80.0231836,40.4490311]]}},{"type":"Feature","id":null,"properties":{"bridge_name":null},"geometry":{"type":"LineString","coordinates":[[-80.0168542,40.4480682],[-80.0165432,40.4480714],[-80.0162035,40.4480823]]}},{"type":"Feature","id":null,"properties":{"bridge_name":null},"geometry":{"type":"LineString","coordinates":[[-80.0168436,40.4480183],[-80.0162035,40.4480823],[-80.0156115,40.4481385],[-80.0152297,40.4481563],[-80.014863,40.4481505],[-80.0144031,40.4481335],[-80.0136497,40.4481075],[-80.0131428,40.4480906]]}},{"type":"Feature","id":null,"properties":{"bridge_name":null},"geometry":{"type":"LineString","coordinates":[[-80.0131458,40.4481339],[-80.0136497,40.4481487],[-80.0150436,40.448195],[-80.0152608,40.4481963],[-80.015492,40.4481881],[-80.0162032,40.4481288],[-80.0168542,40.4480682]]}},{"type":"Feature","id":null,"properties":{"bridge_name":null},"geometry":{"type":"LineString","coordinates":[[-80.0117527,40.4485501],[-80.0108997,40.4485134],[-80.0093977,40.4484583]]}},{"type":"Feature","id":null,"properties":{"bridge_name":null},"geometry":{"type":"LineString","coordinates":[[-80.0145715,40.44994],[-80.0144801,40.4496197]]}},{"type":"Feature","id":null,"properties":{"bridge_name":null},"geometry":{"type":"LineString","coordinates":[[-80.0107172,40.4515221],[-80.0104618,40.4515696]]}},{"type":"Feature","id":null,"properties":{"bridge_name":"Ridge Avenue"},"geometry":{"type":"LineString","coordinates":[[-80.0107828,40.4515881],[-80.0105278,40.4516498]]}},{"type":"Feature","id":null,"properties":{"bridge_name":null},"geometry":{"type":"LineString","coordinates":[[-80.0105877,40.4517207],[-80.0107363,40.4516965],[-80.0108635,40.4516754]]}},{"type":"Feature","id":null,"properties":{"bridge_name":null},"geometry":{"type":"LineString","coordinates":[[-80.0122712,40.4533682],[-80.0124589,40.4532846]]}},{"type":"Feature","id":null,"properties":{"bridge_name":null},"geometry":{"type":"LineString","coordinates":[[-80.0120673,40.4535376],[-80.0119017,40.4536117]]}},{"type":"Feature","id":null,"properties":{"bridge_name":"Ohio River Boulevard"},"geometry":{"type":"LineString","coordinates":[[-80.0209025,40.4490043],[-80.021245,40.4490156]]}},{"type":"Feature","id":null,"properties":{"bridge_name":null},"geometry":{"type":"LineString","coordinates":[[-80.0254264,40.4488723],[-80.0250376,40.4495945]]}},{"type":"Feature","id":null,"properties":{"bridge_name":"West End Bridge"},"geometry":{"type":"LineString","coordinates":[[-80.0254517,40.4491195],[-80.025181,40.4496109],[-80.0251677,40.4496351]]}},{"type":"Feature","id":null,"properties":{"bridge_name":null},"geometry":{"type":"LineString","coordinates":[[-80.0269944,40.449752],[-80.0269,40.4496875],[-80.026421,40.4493606]]}},{"type":"Feature","id":null,"properties":{"bridge_name":null},"geometry":{"type":"LineString","coordinates":[[-80.0269483,40.4497919],[-80.026421,40.4493606]]}},{"type":"Feature","id":null,"properties":{"bridge_name":"Pennsylvania Avenue"},"geometry":{"type":"LineString","coordinates":[[-80.0178565,40.4556373],[-80.0182209,40.4555705]]}},{"type":"Feature","id":null,"properties":{"bridge_name":"Pennsylvania Avenue"},"geometry":{"type":"LineString","coordinates":[[-80.0177268,40.4556611],[-80.0178565,40.4556373]]}},{"type":"Feature","id":null,"properties":{"bridge_name":"Ohio River Boulevard"},"geometry":{"type":"LineString","coordinates":[[-80.0297373,40.4566085],[-80.0295708,40.4560785]]}},{"type":"Feature","id":null,"properties":{"bridge_name":"Ohio River Boulevard"},"geometry":{"type":"LineString","coordinates":[[-80.029348,40.4561209],[-80.0295259,40.4566487]]}},{"type":"Feature","id":null,"properties":{"bridge_name":null},"geometry":{"type":"LineString","coordinates":[[-80.0242002,40.4585057],[-80.023988,40.458544]]}},{"type":"Feature","id":null,"properties":{"bridge_name":"Brighton Road"},"geometry":{"type":"LineString","coordinates":[[-80.014447,40.4536638],[-80.0144589,40.4536952]]}},{"type":"Feature","id":null,"properties":{"bridge_name":null},"geometry":{"type":"LineString","coordinates":[[-80.0142797,40.4535663],[-80.0143709,40.4538562]]}},{"type":"Feature","id":null,"properties":{"bridge_name":null},"geometry":{"type":"LineString","coordinates":[[-80.0146579,40.4537888],[-80.0146184,40.4537704],[-80.0145629,40.4537446],[-80.0144589,40.4536952]]}},{"type":"Feature","id":null,"properties":{"bridge_name":null},"geometry":{"type":"LineString","coordinates":[[-80.0145734,40.4537759],[-80.0145629,40.4537446],[-80.0145616,40.4537321]]}},{"type":"Feature","id":null,"properties":{"bridge_name":"Brighton Road"},"geometry":{"type":"LineString","coordinates":[[-80.0144589,40.4536952],[-80.0145425,40.4539176],[-80.014556,40.4539535]]}},{"type":"Feature","id":null,"properties":{"bridge_name":null},"geometry":{"type":"LineString","coordinates":[[-80.0147846,40.4538857],[-80.0147205,40.453849],[-80.0145882,40.4537801],[-80.0145734,40.4537759],[-80.0145739,40.4537872],[-80.014605,40.4538712],[-80.0146244,40.4539051],[-80.0146402,40.4539164],[-80.0146713,40.4539249],[-80.0147656,40.4539055],[-80.0147818,40.4538953],[-80.0147846,40.4538857]]}},{"type":"Feature","id":null,"properties":{"bridge_name":null},"geometry":{"type":"LineString","coordinates":[[-80.0147846,40.4538857],[-80.0148275,40.4538867]]}},{"type":"Feature","id":null,"properties":{"bridge_name":null},"geometry":{"type":"LineString","coordinates":[[-80.0144874,40.4539175],[-80.0145425,40.4539176],[-80.0146402,40.4539164]]}},{"type":"Feature","id":null,"properties":{"bridge_name":"West North Avenue"},"geometry":{"type":"LineString","coordinates":[[-80.0149204,40.4539389],[-80.0146915,40.4539731]]}},{"type":"Feature","id":null,"properties":{"bridge_name":null},"geometry":{"type":"LineString","coordinates":[[-80.0146402,40.4539164],[-80.0146579,40.4539785],[-80.0146705,40.4540137]]}},{"type":"Feature","id":null,"properties":{"bridge_name":"Ohio River Boulevard"},"geometry":{"type":"LineString","coordinates":[[-80.0310757,40.4607098],[-80.030178,40.4580536]]}},{"type":"Feature","id":null,"properties":{"bridge_name":"Ohio River Boulevard"},"geometry":{"type":"LineString","coordinates":[[-80.0300316,40.4580822],[-80.0309299,40.4607374]]}},{"type":"Feature","id":null,"properties":{"bridge_name":null},"geometry":{"type":"LineString","coordinates":[[-80.0312983,40.4610158],[-80.0303199,40.4581942],[-80.0302612,40.4580385]]}},{"type":"Feature","id":null,"properties":{"bridge_name":"Mon Line"},"geometry":{"type":"LineString","coordinates":[[-80.0470842,40.45994],[-80.0472481,40.4598002],[-80.0472996,40.4597456],[-80.0473665,40.4596666],[-80.0474221,40.4595868]]}},{"type":"Feature","id":null,"properties":{"bridge_name":null},"geometry":{"type":"LineString","coordinates":[[-80.0470842,40.45994],[-80.0473264,40.4597584],[-80.0474788,40.4596537]]}},{"type":"Feature","id":null,"properties":{"bridge_name":null},"geometry":{"type":"LineString","coordinates":[[-80.0302974,40.4592187],[-80.030852,40.4608056]]}},{"type":"Feature","id":null,"properties":{"bridge_name":null},"geometry":{"type":"LineString","coordinates":[[-80.0313554,40.4610048],[-80.0313415,40.4609359],[-80.0313127,40.460818],[-80.0311022,40.4601512],[-80.0310532,40.4599583],[-80.0309634,40.4595622]]}},{"type":"Feature","id":null,"properties":{"bridge_name":null},"geometry":{"type":"LineString","coordinates":[[-80.0301285,40.4592488],[-80.0306432,40.4607628],[-80.0306817,40.460901],[-80.0307074,40.4610231],[-80.030722,40.461142],[-80.0307253,40.4612509],[-80.030718,40.4613655],[-80.0306972,40.4614955],[-80.0306629,40.4616516],[-80.0306173,40.4618196]]}},{"type":"Feature","id":null,"properties":{"bridge_name":null},"geometry":{"type":"LineString","coordinates":[[-80.0444076,40.4616959],[-80.0448406,40.4614056],[-80.0456393,40.460852],[-80.0465864,40.4602006],[-80.0469383,40.4599464],[-80.0470965,40.4598035],[-80.0472645,40.4595718],[-80.0472784,40.4595071]]}},{"type":"Feature","id":null,"properties":{"bridge_name":"Radcliffe Street"},"geometry":{"type":"LineString","coordinates":[[-80.0544748,40.4611349],[-80.0543947,40.4610152]]}},{"type":"Feature","id":null,"properties":{"bridge_name":"Fort Duquesne Bridge"},"geometry":{"type":"LineString","coordinates":[[-80.0092772,40.4424526],[-80.0091502,40.4427531]]}},{"type":"Feature","id":null,"properties":{"bridge_name":null},"geometry":{"type":"LineString","coordinates":[[-80.0090159,40.4437323],[-80.0089785,40.4435096],[-80.0089416,40.443268],[-80.0089019,40.4429346],[-80.0088986,40.4426876]]}},{"type":"Feature","id":null,"properties":{"bridge_name":null},"geometry":{"type":"LineString","coordinates":[[-80.0089594,40.4430569],[-80.0090913,40.4436084],[-80.0091202,40.4436123]]}},{"type":"Feature","id":null,"properties":{"bridge_name":null},"geometry":{"type":"LineString","coordinates":[[-80.0089073,40.4435283],[-80.0090115,40.4437309]]}},{"type":"Feature","id":null,"properties":{"bridge_name":"Fort Duquesne Bridge"},"geometry":{"type":"LineString","coordinates":[[-80.0091502,40.4427531],[-80.0091032,40.4428943],[-80.0090795,40.4430183],[-80.0090719,40.4431109],[-80.0090721,40.4431961],[-80.0090794,40.4432777],[-80.0091001,40.443458],[-80.0091202,40.4436123],[-80.0092743,40.4441124],[-80.0094915,40.4447545],[-80.0099933,40.4457217]]}},{"type":"Feature","id":null,"properties":{"bridge_name":"Fort Duquesne Bridge"},"geometry":{"type":"LineString","coordinates":[[-80.0096013,40.4455513],[-80.0090159,40.4437323]]}},{"type":"Feature","id":null,"properties":{"bridge_name":"Fort Duquesne Bridge"},"geometry":{"type":"LineString","coordinates":[[-80.0090115,40.4437309],[-80.0095989,40.4455537]]}},{"type":"Feature","id":null,"properties":{"bridge_name":null},"geometry":{"type":"LineString","coordinates":[[-80.0144585,40.4450014],[-80.0149221,40.4449875]]}},{"type":"Feature","id":null,"properties":{"bridge_name":"North Shore Drive"},"geometry":{"type":"LineString","coordinates":[[-80.0149418,40.4450638],[-80.014499,40.4450771]]}},{"type":"Feature","id":null,"properties":{"bridge_name":null},"geometry":{"type":"LineString","coordinates":[[-80.0145527,40.4451645],[-80.0149928,40.4451508]]}},{"type":"Feature","id":null,"properties":{"bridge_name":null},"geometry":{"type":"LineString","coordinates":[[-80.0063532,40.4432453],[-80.0070707,40.4430546],[-80.0073883,40.4429705],[-80.0075447,40.4429467],[-80.0076873,40.4429344],[-80.0078052,40.4429344],[-80.0079553,40.4429457],[-80.0080818,40.4429655],[-80.0082344,40.4430071],[-80.0083758,40.44306],[-80.0085123,40.443127],[-80.0086513,40.4432252],[-80.0087604,40.443329],[-80.0088076,40.4433829],[-80.0089073,40.4435283]]}},{"type":"Feature","id":null,"properties":{"bridge_name":null},"geometry":{"type":"LineString","coordinates":[[-80.0059072,40.4436942],[-80.0061705,40.4436392],[-80.0079461,40.443214],[-80.0081982,40.4431773],[-80.0084128,40.4431977],[-80.0085469,40.4432508],[-80.0087185,40.4433487],[-80.0089073,40.4435283]]}},{"type":"Feature","id":null,"properties":{"bridge_name":null},"geometry":{"type":"LineString","coordinates":[[-80.0059036,40.4434659],[-80.0061404,40.4434726],[-80.006243,40.4434726],[-80.0063343,40.4434666]]}},{"type":"Feature","id":null,"properties":{"bridge_name":null},"geometry":{"type":"LineString","coordinates":[[-80.0090159,40.4437323],[-80.0089467,40.4435396],[-80.0088814,40.4434036]]}},{"type":"Feature","id":null,"properties":{"bridge_name":null},"geometry":{"type":"LineString","coordinates":[[-80.0059879,40.4437003],[-80.0058319,40.4437317],[-80.0057408,40.4437498]]}},{"type":"Feature","id":null,"properties":{"bridge_name":null},"geometry":{"type":"LineString","coordinates":[[-80.0029799,40.4443923],[-80.0029264,40.4442321]]}},{"type":"Feature","id":null,"properties":{"bridge_name":"North Shore Trail"},"geometry":{"type":"LineString","coordinates":[[-80.0085452,40.4454357],[-80.0082533,40.4454849]]}},{"type":"Feature","id":null,"properties":{"bridge_name":"Roberto Clemente Bridge"},"geometry":{"type":"LineString","coordinates":[[-80.0028209,40.4442438],[-80.0036115,40.446352],[-80.0038118,40.4468838]]}},{"type":"Feature","id":null,"properties":{"bridge_name":"Roberto Clemente Bridge"},"geometry":{"type":"LineString","coordinates":[[-80.0037179,40.4469014],[-80.0036041,40.4466174],[-80.0035365,40.4464312],[-80.0034105,40.4460985],[-80.0032656,40.4457209],[-80.0031449,40.4453912],[-80.0030846,40.4452351],[-80.0029612,40.4449013],[-80.0028472,40.4446013],[-80.0027431,40.4443086]]}},{"type":"Feature","id":null,"properties":{"bridge_name":"Roberto Clemente Bridge"},"geometry":{"type":"LineString","coordinates":[[-80.0029799,40.4443923],[-80.0031744,40.4449166],[-80.0032804,40.4452014],[-80.0034601,40.4456851],[-80.0035727,40.4459934],[-80.003731,40.4464037],[-80.0038989,40.4468579]]}},{"type":"Feature","id":null,"properties":{"bridge_name":null},"geometry":{"type":"LineString","coordinates":[[-80.0085008,40.4458885],[-80.0083845,40.4459095]]}},{"type":"Feature","id":null,"properties":{"bridge_name":null},"geometry":{"type":"LineString","coordinates":[[-80.0084755,40.446152],[-80.0085547,40.4461373]]}},{"type":"Feature","id":null,"properties":{"bridge_name":"North Shore Expressway"},"geometry":{"type":"LineString","coordinates":[[-80.0095989,40.4455537],[-80.0096337,40.4458231],[-80.009623,40.4461456],[-80.0095801,40.4464682],[-80.009505,40.4467315],[-80.009395,40.4469887],[-80.0092958,40.4471764],[-80.0091536,40.4473908],[-80.0089846,40.4475826],[-80.0087513,40.447797],[-80.0085018,40.4479909],[-80.0082014,40.4481766],[-80.0079118,40.4483175],[-80.0075242,40.4484746],[-80.0072988,40.4485379],[-80.0069287,40.4486226]]}},{"type":"Feature","id":null,"properties":{"bridge_name":"North Shore Expressway"},"geometry":{"type":"LineString","coordinates":[[-80.0056196,40.4490887],[-80.0061767,40.4489764],[-80.0064067,40.4489267],[-80.0067005,40.4488543],[-80.0069944,40.4487543],[-80.0073431,40.4486236],[-80.0077079,40.4484665],[-80.0080029,40.4483195],[-80.0082604,40.4481623],[-80.0084697,40.4480256],[-80.0087406,40.447801],[-80.0089739,40.4475826],[-80.0091912,40.4473295],[-80.0093253,40.447107],[-80.0094299,40.446905],[-80.0095157,40.4466825],[-80.0095855,40.4464151],[-80.0096203,40.4460926],[-80.0096284,40.4457966],[-80.0096013,40.4455513]]}},{"type":"Feature","id":null,"properties":{"bridge_name":null},"geometry":{"type":"LineString","coordinates":[[-80.0044584,40.4475736],[-80.0044095,40.4474256]]}},{"type":"Feature","id":null,"properties":{"bridge_name":null},"geometry":{"type":"LineString","coordinates":[[-80.0048279,40.4476427],[-80.0046444,40.4476704]]}},{"type":"Feature","id":null,"properties":{"bridge_name":null},"geometry":{"type":"LineString","coordinates":[[-80.0093977,40.4484583],[-80.0086172,40.448444],[-80.0082336,40.4484542],[-80.0077891,40.4485213],[-80.0073351,40.4485912],[-80.0069287,40.4486226]]}},{"type":"Feature","id":null,"properties":{"bridge_name":"North Shore Expressway"},"geometry":{"type":"LineString","coordinates":[[-80.0069287,40.4486226],[-80.0062669,40.4487463],[-80.0046809,40.4489964]]}},{"type":"Feature","id":null,"properties":{"bridge_name":null},"geometry":{"type":"LineString","coordinates":[[-80.0056196,40.4490887],[-80.0058183,40.4490974],[-80.0063508,40.4490002],[-80.0070962,40.4488577],[-80.0080244,40.4486869],[-80.0084294,40.44864],[-80.0089498,40.4486155],[-80.0094245,40.4486175],[-80.0117795,40.4487053]]}},{"type":"Feature","id":null,"properties":{"bridge_name":null},"geometry":{"type":"LineString","coordinates":[[-80.0047255,40.4491115],[-80.0057471,40.4489305]]}},{"type":"Feature","id":null,"properties":{"bridge_name":"Rachel Carson Bridge"},"geometry":{"type":"LineString","coordinates":[[-80.0003869,40.447944],[-79.9991157,40.4453897]]}},{"type":"Feature","id":null,"properties":{"bridge_name":null},"geometry":{"type":"LineString","coordinates":[[-80.0004847,40.4479239],[-80.0001534,40.4472519],[-79.9999523,40.4468478],[-79.999727,40.4463936],[-79.999299,40.4455283]]}},{"type":"Feature","id":null,"properties":{"bridge_name":null},"geometry":{"type":"LineString","coordinates":[[-80.0003014,40.44797],[-79.9999893,40.4473343],[-79.9996603,40.4466796],[-79.9995708,40.4465015],[-79.9991142,40.4455839]]}},{"type":"Feature","id":null,"properties":{"bridge_name":null},"geometry":{"type":"LineString","coordinates":[[-80.0031455,40.4492713],[-80.0028688,40.449278],[-80.0024496,40.4493418],[-80.0021841,40.449376],[-80.0018961,40.4493993],[-80.0015917,40.4494055],[-80.0012445,40.4494133],[-80.000648,40.449404],[-80.0002749,40.4494014]]}},{"type":"Feature","id":null,"properties":{"bridge_name":"North Shore Expressway"},"geometry":{"type":"LineString","coordinates":[[-80.0031455,40.4492713],[-80.002478,40.4493902],[-80.0017359,40.4495177],[-80.0012254,40.4495826],[-80.0008005,40.4496229],[-80.0003953,40.4496504]]}},{"type":"Feature","id":null,"properties":{"bridge_name":"North Shore Expressway"},"geometry":{"type":"LineString","coordinates":[[-80.0004756,40.4500112],[-80.0015504,40.4498213],[-80.0028102,40.4496034]]}},{"type":"Feature","id":null,"properties":{"bridge_name":"NS Fort Wayne Line"},"geometry":{"type":"LineString","coordinates":[[-79.9987218,40.4505821],[-79.9984867,40.450531],[-79.9983384,40.4504848],[-79.998281,40.4504658],[-79.9981658,40.450421],[-79.9980703,40.4503797],[-79.9978973,40.4502945],[-79.9977945,40.4502318],[-79.997714,40.4501766],[-79.9976289,40.4501122],[-79.9975497,40.450043]]}},{"type":"Feature","id":null,"properties":{"bridge_name":"NS Fort Wayne Line"},"geometry":{"type":"LineString","coordinates":[[-79.9985986,40.4506584],[-79.9984609,40.4506238],[-79.9983184,40.4505777],[-79.998168,40.4505111],[-79.9980228,40.4504386],[-79.9979378,40.4503927],[-79.9978399,40.450331],[-79.9977298,40.4502514],[-79.9976618,40.450199],[-79.9975191,40.4500796]]}},{"type":"Feature","id":null,"properties":{"bridge_name":"NS Fort Wayne Line"},"geometry":{"type":"LineString","coordinates":[[-79.9989166,40.4507197],[-79.9990376,40.4507343],[-79.9991597,40.4507444],[-79.9992737,40.4507468],[-79.999392,40.4507471],[-79.9994832,40.4507426],[-79.9995744,40.450736],[-79.999674,40.4507265],[-79.9997737,40.4507134],[-79.9998737,40.4506966],[-79.9999737,40.4506778]]}},{"type":"Feature","id":null,"properties":{"bridge_name":"East Ohio Street"},"geometry":{"type":"LineString","coordinates":[[-79.9976945,40.4539567],[-79.9969965,40.4540612],[-79.9968721,40.4540787]]}},{"type":"Feature","id":null,"properties":{"bridge_name":"Veterans Bridge"},"geometry":{"type":"LineString","coordinates":[[-79.993842,40.4503809],[-79.9944392,40.4508892]]}},{"type":"Feature","id":null,"properties":{"bridge_name":null},"geometry":{"type":"LineString","coordinates":[[-79.996507,40.4521179],[-79.9964078,40.4519669],[-79.9962871,40.4518383],[-79.9960886,40.4517097],[-79.9956058,40.4514485],[-79.9953376,40.4512954],[-79.9951042,40.4511321],[-79.9948333,40.4509219],[-79.994638,40.4507672]]}},{"type":"Feature","id":null,"properties":{"bridge_name":"Conemaugh Line"},"geometry":{"type":"LineString","coordinates":[[-79.9979604,40.4511028],[-79.9977699,40.4511762],[-79.9976184,40.4512303],[-79.9973931,40.4513252],[-79.9971959,40.4514099],[-79.9969559,40.4515334],[-79.996756,40.4516385],[-79.9961315,40.4520098]]}},{"type":"Feature","id":null,"properties":{"bridge_name":"Conemaugh Line"},"geometry":{"type":"LineString","coordinates":[[-79.9961391,40.45206],[-79.9963108,40.4519457],[-79.9965455,40.4517967],[-79.9967373,40.4516916],[-79.996929,40.4515875],[-79.9970793,40.451511],[-79.9972134,40.4514446],[-79.9973984,40.451363],[-79.9976237,40.4512711],[-79.9977981,40.4512028],[-79.9979847,40.4511435]]}},{"type":"Feature","id":null,"properties":{"bridge_name":null},"geometry":{"type":"LineString","coordinates":[[-79.9944392,40.4508892],[-79.9945396,40.4510885],[-79.9946938,40.4512607],[-79.9952866,40.4518567],[-79.9955253,40.4521261],[-79.9956165,40.4522792],[-79.9956702,40.4524057],[-79.995705,40.4525302],[-79.9957157,40.4526425],[-79.9957104,40.4527915],[-79.9956809,40.4529384],[-79.9956192,40.4530813],[-79.9955146,40.4532446],[-79.9954515,40.4533329]]}},{"type":"Feature","id":null,"properties":{"bridge_name":null},"geometry":{"type":"LineString","coordinates":[[-79.9932162,40.4497111],[-79.9936657,40.4501101],[-79.9949218,40.4512178],[-79.995815,40.4520281],[-79.9961047,40.45232],[-79.996338,40.4525772],[-79.996558,40.4528486],[-79.9967645,40.4531568],[-79.9969791,40.4535181],[-79.9971427,40.4538385],[-79.9972768,40.4541385],[-79.9973921,40.4544549],[-79.9975826,40.4550202]]}},{"type":"Feature","id":null,"properties":{"bridge_name":"Veterans Bridge"},"geometry":{"type":"LineString","coordinates":[[-79.9944392,40.4508892],[-79.9953966,40.4517832],[-79.9956889,40.4520669],[-79.9959545,40.4523669],[-79.9962039,40.4526813],[-79.9963729,40.4529078],[-79.9965365,40.4531731],[-79.9966599,40.4533895],[-79.9967994,40.453665],[-79.9969013,40.4539161],[-79.9970086,40.454212],[-79.9970476,40.4543277]]}},{"type":"Feature","id":null,"properties":{"bridge_name":null},"geometry":{"type":"LineString","coordinates":[[-79.9961261,40.4533589],[-79.9962334,40.4532099],[-79.9963702,40.4530058],[-79.9964641,40.4528303],[-79.9965472,40.4526017],[-79.9965714,40.4524914],[-79.9965794,40.4523812],[-79.9965606,40.4522465],[-79.996507,40.4521179]]}},{"type":"Feature","id":null,"properties":{"bridge_name":"Veterans Bridge"},"geometry":{"type":"LineString","coordinates":[[-79.9979876,40.4549304],[-79.9978615,40.4545467],[-79.9977837,40.4543426],[-79.9976684,40.4541018],[-79.9974485,40.4536977],[-79.9972714,40.4534242],[-79.9970756,40.4531507],[-79.9967564,40.452767],[-79.9961047,40.45212],[-79.9956085,40.451675],[-79.9951981,40.4513117],[-79.9948172,40.4509627],[-79.994638,40.4507672]]}},{"type":"Feature","id":null,"properties":{"bridge_name":null},"geometry":{"type":"LineString","coordinates":[[-79.9959962,40.4532543],[-79.9961533,40.4530104]]}},{"type":"Feature","id":null,"properties":{"bridge_name":null},"geometry":{"type":"LineString","coordinates":[[-79.9961276,40.4537327],[-79.9963877,40.4536179],[-79.9966336,40.4535022],[-79.9968436,40.4533845],[-79.9970263,40.4532518],[-79.9971368,40.4531434],[-79.9972322,40.4530248],[-79.9972867,40.4529304],[-79.9973493,40.4527981]]}},{"type":"Feature","id":null,"properties":{"bridge_name":"Conemaugh Line"},"geometry":{"type":"LineString","coordinates":[[-79.9934645,40.4538407],[-79.9935521,40.4537755]]}},{"type":"Feature","id":null,"properties":{"bridge_name":"Conemaugh Line"},"geometry":{"type":"LineString","coordinates":[[-79.9935159,40.4537449],[-79.9933349,40.4538836]]}},{"type":"Feature","id":null,"properties":{"bridge_name":"Conemaugh Line"},"geometry":{"type":"LineString","coordinates":[[-79.9933765,40.4539061],[-79.9934645,40.4538407]]}},{"type":"Feature","id":null,"properties":{"bridge_name":null},"geometry":{"type":"LineString","coordinates":[[-79.9945126,40.4546953],[-79.9944673,40.4546834],[-79.9943788,40.4545803],[-79.9942133,40.4543747]]}},{"type":"Feature","id":null,"properties":{"bridge_name":"Chestnut Street"},"geometry":{"type":"LineString","coordinates":[[-79.9944366,40.4547407],[-79.9944262,40.4547102],[-79.9941727,40.4544112]]}},{"type":"Feature","id":null,"properties":{"bridge_name":"Chestnut Street"},"geometry":{"type":"LineString","coordinates":[[-79.9940921,40.4544495],[-79.9943315,40.4547384],[-79.9943458,40.4547557],[-79.9943776,40.4547759]]}},{"type":"Feature","id":null,"properties":{"bridge_name":null},"geometry":{"type":"LineString","coordinates":[[-79.9943168,40.4548459],[-79.9943087,40.4548179],[-79.9942974,40.4547805],[-79.9942491,40.4547231],[-79.99407,40.4545039]]}},{"type":"Feature","id":null,"properties":{"bridge_name":"Veterans Bridge"},"geometry":{"type":"LineString","coordinates":[[-79.9970476,40.4543277],[-79.9972983,40.4550712]]}},{"type":"Feature","id":null,"properties":{"bridge_name":null},"geometry":{"type":"LineString","coordinates":[[-79.9943087,40.4548179],[-79.9943776,40.4547759],[-79.9944366,40.4547407],[-79.9945126,40.4546953],[-79.9945795,40.4546924]]}},{"type":"Feature","id":null,"properties":{"bridge_name":"East Ohio Street"},"geometry":{"type":"LineString","coordinates":[[-79.9969056,40.45417],[-79.9976117,40.4540672],[-79.9976565,40.4540607],[-79.997724,40.4540509]]}},{"type":"Feature","id":null,"properties":{"bridge_name":null},"geometry":{"type":"LineString","coordinates":[[-79.9969255,40.4542283],[-79.9978239,40.4541011]]}},{"type":"Feature","id":null,"properties":{"bridge_name":null},"geometry":{"type":"LineString","coordinates":[[-79.9976788,40.4565144],[-79.9985637,40.4563817]]}},{"type":"Feature","id":null,"properties":{"bridge_name":"Tripoli Street"},"geometry":{"type":"LineString","coordinates":[[-79.9985382,40.4564344],[-79.9984897,40.4564418],[-79.997774,40.4565515],[-79.9976977,40.4565632]]}},{"type":"Feature","id":null,"properties":{"bridge_name":null},"geometry":{"type":"LineString","coordinates":[[-79.9986027,40.4564924],[-79.9977126,40.4566238]]}},{"type":"Feature","id":null,"properties":{"bridge_name":null},"geometry":{"type":"LineString","coordinates":[[-79.9979345,40.4571731],[-79.9987324,40.4568997]]}},{"type":"Feature","id":null,"properties":{"bridge_name":"East North Avenue"},"geometry":{"type":"LineString","coordinates":[[-79.9987118,40.4569692],[-79.9979944,40.4572117],[-79.9979522,40.457226]]}},{"type":"Feature","id":null,"properties":{"bridge_name":"East Street"},"geometry":{"type":"LineString","coordinates":[[-79.9986483,40.4585881],[-79.9990389,40.458505],[-79.9991039,40.4584885],[-79.9991573,40.4584633],[-79.9992151,40.458427],[-79.9992387,40.4584002]]}},{"type":"Feature","id":null,"properties":{"bridge_name":null},"geometry":{"type":"LineString","coordinates":[[-79.9984013,40.4586038],[-79.9984713,40.4586083],[-79.9985435,40.4586006],[-79.9986483,40.4585881]]}},{"type":"Feature","id":null,"properties":{"bridge_name":"East Street"},"geometry":{"type":"LineString","coordinates":[[-79.9984425,40.4587095],[-79.9984857,40.458671],[-79.9985435,40.458638],[-79.9986483,40.4585881]]}},{"type":"Feature","id":null,"properties":{"bridge_name":"North Shore Expressway"},"geometry":{"type":"LineString","coordinates":[[-80.0046809,40.4489964],[-80.0040655,40.4491076]]}},{"type":"Feature","id":null,"properties":{"bridge_name":"North Shore Expressway"},"geometry":{"type":"LineString","coordinates":[[-80.0040655,40.4491076],[-80.0031455,40.4492713]]}},{"type":"Feature","id":null,"properties":{"bridge_name":null},"geometry":{"type":"LineString","coordinates":[[-80.0028102,40.4496034],[-80.0038346,40.4494766],[-80.0044931,40.4493867],[-80.0054886,40.4492428],[-80.0063534,40.4491176],[-80.0072063,40.4489971]]}},{"type":"Feature","id":null,"properties":{"bridge_name":null},"geometry":{"type":"LineString","coordinates":[[-80.0083589,40.4493787],[-80.0082981,40.4492424]]}},{"type":"Feature","id":null,"properties":{"bridge_name":"North Shore Expressway"},"geometry":{"type":"LineString","coordinates":[[-80.0028102,40.4496034],[-80.0035285,40.4494572],[-80.0056196,40.4490887]]}},{"type":"Feature","id":null,"properties":{"bridge_name":null},"geometry":{"type":"LineString","coordinates":[[-80.0004265,40.4498638],[-80.0019546,40.4495891],[-80.0047255,40.4491115]]}},{"type":"Feature","id":null,"properties":{"bridge_name":"Parkway North"},"geometry":{"type":"LineString","coordinates":[[-80.0023112,40.4685776],[-80.0020945,40.4682828]]}},{"type":"Feature","id":null,"properties":{"bridge_name":"Maple Avenue"},"geometry":{"type":"LineString","coordinates":[[-80.0078774,40.4710742],[-80.0079203,40.4711967]]}},{"type":"Feature","id":null,"properties":{"bridge_name":null},"geometry":{"type":"LineString","coordinates":[[-80.0079413,40.4710798],[-80.0079739,40.4711986]]}},{"type":"Feature","id":null,"properties":{"bridge_name":null},"geometry":{"type":"LineString","coordinates":[[-80.0078689,40.4712183],[-80.0078286,40.4711008]]}},{"type":"Feature","id":null,"properties":{"bridge_name":"Gerst Way"},"geometry":{"type":"LineString","coordinates":[[-79.9990002,40.4627738],[-79.9990029,40.462537],[-79.9999706,40.4625015],[-79.9999622,40.4622894]]}},{"type":"Feature","id":null,"properties":{"bridge_name":null},"geometry":{"type":"LineString","coordinates":[[-80.0022104,40.4686709],[-80.0019926,40.4683685]]}},{"type":"Feature","id":null,"properties":{"bridge_name":"Parkway North"},"geometry":{"type":"LineString","coordinates":[[-80.0018746,40.4684746],[-80.0021015,40.46878]]}},{"type":"Feature","id":null,"properties":{"bridge_name":"Swindell Bridge"},"geometry":{"type":"LineString","coordinates":[[-80.0035828,40.4728979],[-80.0070137,40.471363]]}},{"type":"Feature","id":null,"properties":{"bridge_name":"Milroy Street"},"geometry":{"type":"LineString","coordinates":[[-80.0082311,40.4766546],[-80.0069651,40.4768176]]}},{"type":"Feature","id":null,"properties":{"bridge_name":"East Street"},"geometry":{"type":"LineString","coordinates":[[-80.006885,40.4829282],[-80.0084694,40.4832518]]}},{"type":"Feature","id":null,"properties":{"bridge_name":null},"geometry":{"type":"LineString","coordinates":[[-80.0314059,40.4613221],[-80.0313637,40.4610547],[-80.0313554,40.4610048]]}},{"type":"Feature","id":null,"properties":{"bridge_name":null},"geometry":{"type":"LineString","coordinates":[[-80.0314059,40.4613221],[-80.0312983,40.4610158]]}},{"type":"Feature","id":null,"properties":{"bridge_name":null},"geometry":{"type":"LineString","coordinates":[[-80.0311475,40.4612271],[-80.0314363,40.4611762],[-80.031421,40.4611259],[-80.0313968,40.4611302]]}},{"type":"Feature","id":null,"properties":{"bridge_name":null},"geometry":{"type":"LineString","coordinates":[[-80.0320817,40.4628694],[-80.0320461,40.4627827],[-80.031724,40.4618536],[-80.0311055,40.4599325],[-80.0310704,40.4598291],[-80.0309634,40.4595622]]}},{"type":"Feature","id":null,"properties":{"bridge_name":null},"geometry":{"type":"LineString","coordinates":[[-80.031469,40.4615167],[-80.0315192,40.461536],[-80.0314421,40.4616955],[-80.031475,40.4617052],[-80.03156,40.4615369],[-80.0314307,40.4611297],[-80.0311338,40.461182],[-80.0311475,40.4612271]]}},{"type":"Feature","id":null,"properties":{"bridge_name":null},"geometry":{"type":"LineString","coordinates":[[-80.031405,40.4615335],[-80.0314146,40.4614529],[-80.0314142,40.4613893],[-80.0314059,40.4613221]]}},{"type":"Feature","id":null,"properties":{"bridge_name":null},"geometry":{"type":"LineString","coordinates":[[-80.031469,40.4615167],[-80.0314791,40.4614755],[-80.0314828,40.4614146]]}},{"type":"Feature","id":null,"properties":{"bridge_name":null},"geometry":{"type":"LineString","coordinates":[[-80.030852,40.4608056],[-80.0309801,40.4611685],[-80.0310358,40.4613088],[-80.0311342,40.4615338],[-80.031415,40.4621757]]}},{"type":"Feature","id":null,"properties":{"bridge_name":"Ohio River Boulevard"},"geometry":{"type":"LineString","coordinates":[[-80.0318245,40.4627535],[-80.03175,40.4626015],[-80.0316802,40.4624482],[-80.0316164,40.4622941],[-80.0315609,40.4621457],[-80.0310757,40.4607098]]}},{"type":"Feature","id":null,"properties":{"bridge_name":null},"geometry":{"type":"LineString","coordinates":[[-80.0309898,40.4619698],[-80.0312406,40.4617853],[-80.0312946,40.4617368],[-80.0313355,40.4616858],[-80.0313697,40.4616312],[-80.0313942,40.4615728],[-80.031405,40.4615335]]}},{"type":"Feature","id":null,"properties":{"bridge_name":"Ohio River Boulevard"},"geometry":{"type":"LineString","coordinates":[[-80.0309299,40.4607374],[-80.031415,40.4621757],[-80.0314716,40.4623271],[-80.0315367,40.4624843],[-80.0316077,40.4626404],[-80.0316835,40.462795]]}},{"type":"Feature","id":null,"properties":{"bridge_name":null},"geometry":{"type":"LineString","coordinates":[[-80.0309821,40.4620561],[-80.0313127,40.4618184],[-80.0313686,40.4617799],[-80.0313995,40.4617356],[-80.031469,40.4615167]]}},{"type":"Feature","id":null,"properties":{"bridge_name":"Mon Line"},"geometry":{"type":"LineString","coordinates":[[-80.0392554,40.4653453],[-80.0400048,40.4648359],[-80.040567,40.4644491],[-80.0411836,40.4640163],[-80.0420657,40.4634101],[-80.0427129,40.4629633],[-80.0433491,40.4625268],[-80.0443679,40.4618215],[-80.0448983,40.4614598],[-80.0456735,40.4609261],[-80.0466343,40.4602583],[-80.0470842,40.45994]]}},{"type":"Feature","id":null,"properties":{"bridge_name":"Wind Gap Bridge"},"geometry":{"type":"LineString","coordinates":[[-80.0756746,40.4622171],[-80.0750909,40.4633011],[-80.0748823902645,40.463680238555376]]}},{"type":"Feature","id":null,"properties":{"bridge_name":null},"geometry":{"type":"LineString","coordinates":[[-80.0757394,40.462268],[-80.0756551,40.4624304],[-80.0752644,40.4631662],[-80.0749705,40.4637142],[-80.07496209894994,40.46372949321181]]}},{"type":"Feature","id":null,"properties":{"bridge_name":null},"geometry":{"type":"LineString","coordinates":[[-80.074935,40.4636439],[-80.07480155462463,40.46363553399696]]}},{"type":"Feature","id":null,"properties":{"bridge_name":null},"geometry":{"type":"LineString","coordinates":[[-80.07486700140663,40.463671728050635],[-80.0749556,40.4636772]]}},{"type":"Feature","id":null,"properties":{"bridge_name":"Stanhope Street"},"geometry":{"type":"LineString","coordinates":[[-80.0569859,40.4635674],[-80.05715293023208,40.46374806109954]]}},{"type":"Feature","id":null,"properties":{"bridge_name":"Mon Line"},"geometry":{"type":"LineString","coordinates":[[-80.0473795,40.4595599],[-80.04728,40.4596991],[-80.0471989,40.4597836],[-80.0469878,40.4599672],[-80.0458136,40.4607711],[-80.0450199,40.4613313],[-80.0442864,40.4618308],[-80.0433305,40.4624916],[-80.0429717,40.4627399],[-80.0426156,40.4629869],[-80.0392083,40.4653344],[-80.0385808,40.4657622],[-80.0380752,40.4661134],[-80.0376705,40.4663983],[-80.037028,40.4668423],[-80.0369219,40.4669224],[-80.0366352,40.4672119],[-80.0365539,40.4673156],[-80.0364361,40.4675001],[-80.0363237,40.4677485],[-80.0362679,40.4679269],[-80.0362228,40.4681425],[-80.0362107,40.4683542]]}},{"type":"Feature","id":null,"properties":{"bridge_name":null},"geometry":{"type":"LineString","coordinates":[[-80.0410789,40.4640057],[-80.0405447,40.4643645],[-80.0402987,40.4645304],[-80.0397866,40.4648846],[-80.0392374,40.4652598],[-80.0390767,40.4653712],[-80.0389055,40.4654665],[-80.0388079,40.4655188],[-80.0387087,40.4655546]]}},{"type":"Feature","id":null,"properties":{"bridge_name":null},"geometry":{"type":"LineString","coordinates":[[-80.0534897,40.464722],[-80.05361331740536,40.46488939065947]]}},{"type":"Feature","id":null,"properties":{"bridge_name":"West Carson Street"},"geometry":{"type":"LineString","coordinates":[[-80.0533864,40.4647143],[-80.05353024217264,40.464913857264364]]}},{"type":"Feature","id":null,"properties":{"bridge_name":null},"geometry":{"type":"LineString","coordinates":[[-80.0532572,40.4648013],[-80.05337568756954,40.46495911358461]]}},{"type":"Feature","id":null,"properties":{"bridge_name":"Pittsburgh Subdivision"},"geometry":{"type":"LineString","coordinates":[[-80.05330190412359,40.464980867539964],[-80.0531796,40.4648154]]}},{"type":"Feature","id":null,"properties":{"bridge_name":"Pittsburgh Subdivision"},"geometry":{"type":"LineString","coordinates":[[-80.0531377,40.4648329],[-80.05325665136175,40.46499423632973]]}},{"type":"Feature","id":null,"properties":{"bridge_name":"Island Connection"},"geometry":{"type":"LineString","coordinates":[[-80.0392083,40.4653344],[-80.03894,40.4654901],[-80.0388141,40.4655499],[-80.0386863,40.4655992],[-80.0384898,40.4656567],[-80.0383074,40.4656989],[-80.0376874,40.4658191],[-80.0370435,40.4659326],[-80.03669,40.4660023],[-80.0365145,40.4660288],[-80.036354,40.4660469],[-80.0361241,40.4660524],[-80.0358424,40.466032],[-80.0357183,40.4660128],[-80.0355804,40.4659861],[-80.0354586,40.4659562],[-80.0353369,40.4659188],[-80.0351202,40.4658392],[-80.034968,40.4657666],[-80.0347535,40.4656383]]}},{"type":"Feature","id":null,"properties":{"bridge_name":null},"geometry":{"type":"LineString","coordinates":[[-80.0346374,40.4667244],[-80.034581,40.4664504],[-80.0345274,40.4662688],[-80.0344657,40.4661321],[-80.0343611,40.465977]]}},{"type":"Feature","id":null,"properties":{"bridge_name":null},"geometry":{"type":"LineString","coordinates":[[-80.0346058,40.466756],[-80.0346374,40.4667244]]}},{"type":"Feature","id":null,"properties":{"bridge_name":null},"geometry":{"type":"LineString","coordinates":[[-80.0346628,40.4667682],[-80.0346374,40.4667244]]}},{"type":"Feature","id":null,"properties":{"bridge_name":"Mon Line"},"geometry":{"type":"LineString","coordinates":[[-80.0362683,40.4684927],[-80.0362578,40.468334],[-80.0362766,40.4681143],[-80.0363175,40.4679346],[-80.0363637,40.4677717],[-80.0364674,40.4675198],[-80.0365827,40.4673382],[-80.0367704,40.4671167],[-80.0369073,40.4669846],[-80.0370067,40.4668995],[-80.0371218,40.4668138],[-80.0376997,40.4664205],[-80.0386012,40.4657939],[-80.0390905,40.4654573],[-80.0392554,40.4653453]]}},{"type":"Feature","id":null,"properties":{"bridge_name":null},"geometry":{"type":"LineString","coordinates":[[-80.023988,40.458544],[-80.0238678,40.4585656]]}},{"type":"Feature","id":null,"properties":{"bridge_name":null},"geometry":{"type":"LineString","coordinates":[[-80.0238678,40.4585656],[-80.023763,40.4585845]]}},{"type":"Feature","id":null,"properties":{"bridge_name":"Columbus Avenue"},"geometry":{"type":"LineString","coordinates":[[-80.0241816,40.4584432],[-80.023651,40.4585502],[-80.0234844,40.4587389]]}},{"type":"Feature","id":null,"properties":{"bridge_name":null},"geometry":{"type":"LineString","coordinates":[[-80.023763,40.4585845],[-80.023731,40.4586173]]}},{"type":"Feature","id":null,"properties":{"bridge_name":null},"geometry":{"type":"LineString","coordinates":[[-80.023731,40.4586173],[-80.0236674,40.4586824]]}},{"type":"Feature","id":null,"properties":{"bridge_name":null},"geometry":{"type":"LineString","coordinates":[[-80.0236674,40.4586824],[-80.0236566,40.4586934]]}},{"type":"Feature","id":null,"properties":{"bridge_name":null},"geometry":{"type":"LineString","coordinates":[[-80.0236566,40.4586934],[-80.0235931,40.4587585]]}},{"type":"Feature","id":null,"properties":{"bridge_name":null},"geometry":{"type":"LineString","coordinates":[[-80.0299118,40.458105],[-80.0301408,40.4589193],[-80.0302348,40.4592563],[-80.030338,40.4595914],[-80.0307183,40.4607262],[-80.030754,40.4608522],[-80.0307778,40.4609407],[-80.0307944,40.4610557],[-80.0307982,40.46122],[-80.0307917,40.4613099],[-80.0307805,40.4613879],[-80.0307581,40.461489],[-80.0307292,40.4615815],[-80.0306916,40.4616725],[-80.0306173,40.4618196]]}},{"type":"Feature","id":null,"properties":{"bridge_name":null},"geometry":{"type":"LineString","coordinates":[[-80.0306173,40.4618196],[-80.0305487,40.4619403],[-80.0304867,40.4620283],[-80.0303856,40.4621514],[-80.0302615,40.4622787],[-80.0301773,40.4623546],[-80.0300749,40.4624368]]}},{"type":"Feature","id":null,"properties":{"bridge_name":"Davis Avenue Bridge"},"geometry":{"type":"LineString","coordinates":[[-80.0265683,40.48173],[-80.0256961,40.481745]]}},{"type":"Feature","id":null,"properties":{"bridge_name":"West North Avenue"},"geometry":{"type":"LineString","coordinates":[[-80.0146915,40.4539731],[-80.0146579,40.4539785],[-80.0146148,40.4539844]]}},{"type":"Feature","id":null,"properties":{"bridge_name":null},"geometry":{"type":"LineString","coordinates":[[-80.014716,40.4540378],[-80.015077,40.4539755]]}},{"type":"Feature","id":null,"properties":{"bridge_name":null},"geometry":{"type":"LineString","coordinates":[[-80.0120593,40.4938579],[-80.0116389,40.4935707],[-80.0114992,40.4934683],[-80.0113624,40.4933592],[-80.011237,40.493249],[-80.0111096,40.4931221],[-80.010993,40.492993]]}},{"type":"Feature","id":null,"properties":{"bridge_name":null},"geometry":{"type":"LineString","coordinates":[[-80.0107362,40.4934016],[-80.0108796,40.4935499],[-80.0111122,40.4937519]]}},{"type":"Feature","id":null,"properties":{"bridge_name":null},"geometry":{"type":"LineString","coordinates":[[-80.0105224,40.4936802],[-80.0110201,40.4942196]]}},{"type":"Feature","id":null,"properties":{"bridge_name":"Parkway North"},"geometry":{"type":"LineString","coordinates":[[-80.0128529,40.4947046],[-80.0124988,40.4945128],[-80.012236,40.4943558],[-80.0119463,40.494164],[-80.0116942,40.4939784],[-80.0113911,40.4937051],[-80.0111738,40.4934726],[-80.0109592,40.4932033]]}},{"type":"Feature","id":null,"properties":{"bridge_name":null},"geometry":{"type":"LineString","coordinates":[[-80.0111122,40.4937519],[-80.0112833,40.493964],[-80.0113437,40.4940491],[-80.0113993,40.4941394],[-80.0114463,40.494225],[-80.0114988,40.4943313]]}},{"type":"Feature","id":null,"properties":{"bridge_name":null},"geometry":{"type":"LineString","coordinates":[[-80.0129258,40.4948474],[-80.0126678,40.4947229],[-80.0123567,40.4945516],[-80.0120348,40.4943558],[-80.0117827,40.4941763],[-80.0115252,40.4939641],[-80.0112972,40.4937479],[-80.0110826,40.4935276],[-80.0108841,40.4932951]]}},{"type":"Feature","id":null,"properties":{"bridge_name":null},"geometry":{"type":"LineString","coordinates":[[-80.0122167,40.4947518],[-80.012147,40.4946697],[-80.0120762,40.4945953],[-80.0120012,40.4945238],[-80.0115273,40.4941123],[-80.0111122,40.4937519]]}},{"type":"Feature","id":null,"properties":{"bridge_name":"Parkway North"},"geometry":{"type":"LineString","coordinates":[[-80.0106776,40.4935725],[-80.0108654,40.4937928],[-80.0110746,40.4939968],[-80.011375,40.494266],[-80.0117398,40.4945108],[-80.0120938,40.4946944],[-80.01248,40.4948616],[-80.0128824,40.4950085]]}},{"type":"Feature","id":null,"properties":{"bridge_name":"California Avenue"},"geometry":{"type":"LineString","coordinates":[[-80.0362762,40.4708335],[-80.0371855,40.472002],[-80.0374504,40.4723424]]}},{"type":"Feature","id":null,"properties":{"bridge_name":null},"geometry":{"type":"LineString","coordinates":[[-80.0380598,40.4722883],[-80.0372337,40.4708906]]}},{"type":"Feature","id":null,"properties":{"bridge_name":null},"geometry":{"type":"LineString","coordinates":[[-80.0371506,40.4709212],[-80.037974,40.4723128]]}},{"type":"Feature","id":null,"properties":{"bridge_name":null},"geometry":{"type":"LineString","coordinates":[[-80.0385354,40.4717599],[-80.0384388,40.4716089]]}},{"type":"Feature","id":null,"properties":{"bridge_name":"Mon Line"},"geometry":{"type":"LineString","coordinates":[[-80.0402219,40.4741865],[-80.0393856,40.4731392],[-80.038581,40.4721272],[-80.0382457,40.4716722],[-80.038133,40.4715171],[-80.0380257,40.4713886],[-80.037787,40.471158],[-80.0376824,40.4710437],[-80.037551,40.4708887]]}},{"type":"Feature","id":null,"properties":{"bridge_name":"Mon Line"},"geometry":{"type":"LineString","coordinates":[[-80.0375108,40.470907],[-80.0376771,40.4711009],[-80.0378487,40.4712661],[-80.038015,40.4714457],[-80.0381411,40.4716089],[-80.0385273,40.4721517],[-80.0401856,40.4742053]]}},{"type":"Feature","id":null,"properties":{"bridge_name":"Shadeland Avenue"},"geometry":{"type":"LineString","coordinates":[[-80.0320356,40.4751122],[-80.0328239,40.4762498],[-80.0329678,40.4764715]]}},{"type":"Feature","id":null,"properties":{"bridge_name":"Shadeland Avenue"},"geometry":{"type":"LineString","coordinates":[[-80.0329678,40.4764715],[-80.0331132,40.4766933],[-80.0333263,40.4770082]]}},{"type":"Feature","id":null,"properties":{"bridge_name":"McKees Rocks Bridge"},"geometry":{"type":"LineString","coordinates":[[-80.04839656738285,40.477112074052094],[-80.0450215,40.4781889]]}},{"type":"Feature","id":null,"properties":{"bridge_name":null},"geometry":{"type":"LineString","coordinates":[[-80.0432758,40.4785657],[-80.0433803,40.4785939],[-80.0434246,40.4786006],[-80.0434717,40.4786012],[-80.0435241,40.4785977],[-80.0435775,40.4785863],[-80.0448823,40.4781707],[-80.045803,40.4778778],[-80.0469583,40.4775076],[-80.0469326,40.477461],[-80.0470561,40.4774227],[-80.0470759,40.477458],[-80.04836870065567,40.47704499784264]]}},{"type":"Feature","id":null,"properties":{"bridge_name":null},"geometry":{"type":"LineString","coordinates":[[-80.04842862285905,40.47718791261775],[-80.047152,40.4775956],[-80.0471701,40.4776295],[-80.0470453,40.4776693],[-80.0470196,40.4776234],[-80.0458656,40.4779936],[-80.0449457,40.4782876],[-80.0436388,40.4787026],[-80.0435818,40.4787303],[-80.0435318,40.4787652],[-80.0434998,40.4787987]]}},{"type":"Feature","id":null,"properties":{"bridge_name":"McKees Rocks Bridge"},"geometry":{"type":"LineString","coordinates":[[-80.0450215,40.4781889],[-80.0435725,40.4786516]]}},{"type":"Feature","id":null,"properties":{"bridge_name":null},"geometry":{"type":"LineString","coordinates":[[-80.0435725,40.4786516],[-80.0434327,40.4786341],[-80.0432986,40.4786137]]}},{"type":"Feature","id":null,"properties":{"bridge_name":"McKees Rocks Bridge"},"geometry":{"type":"LineString","coordinates":[[-80.0435725,40.4786516],[-80.0433539,40.4787267]]}},{"type":"Feature","id":null,"properties":{"bridge_name":null},"geometry":{"type":"LineString","coordinates":[[-80.0434557,40.4787725],[-80.0435725,40.4786516]]}},{"type":"Feature","id":null,"properties":{"bridge_name":"Ohio River Boulevard"},"geometry":{"type":"LineString","coordinates":[[-80.0437178,40.4794866],[-80.0447467,40.4804219]]}},{"type":"Feature","id":null,"properties":{"bridge_name":"Brighton Heights Boulevard"},"geometry":{"type":"LineString","coordinates":[[-80.0427322,40.4811696],[-80.0426808,40.4812094],[-80.0423595,40.4814588]]}},{"type":"Feature","id":null,"properties":{"bridge_name":null},"geometry":{"type":"LineString","coordinates":[[-80.0424273,40.4814995],[-80.0427967,40.4812179]]}},{"type":"Feature","id":null,"properties":{"bridge_name":"Ohio River Boulevard"},"geometry":{"type":"LineString","coordinates":[[-80.0495592,40.4835173],[-80.05067275678674,40.48421339494247]]}},{"type":"Feature","id":null,"properties":{"bridge_name":null},"geometry":{"type":"LineString","coordinates":[[-80.0456482,40.4856457],[-80.044979,40.4862688]]}},{"type":"Feature","id":null,"properties":{"bridge_name":null},"geometry":{"type":"LineString","coordinates":[[-80.0454003,40.4875131],[-80.0456516103988,40.487760763905015]]}},{"type":"Feature","id":null,"properties":{"bridge_name":"Lincoln Avenue"},"geometry":{"type":"LineString","coordinates":[[-80.0453654,40.4876067],[-80.04557976985707,40.48781473702937]]}},{"type":"Feature","id":null,"properties":{"bridge_name":null},"geometry":{"type":"LineString","coordinates":[[-80.04553195938848,40.487850811326595],[-80.0452663,40.4875891]]}},{"type":"Feature","id":null,"properties":{"bridge_name":"Davis Avenue Bridge"},"geometry":{"type":"LineString","coordinates":[[-80.0256961,40.481745],[-80.0255543,40.4817475]]}},{"type":"Feature","id":null,"properties":{"bridge_name":"Davis Avenue Bridge"},"geometry":{"type":"LineString","coordinates":[[-80.0255543,40.4817475],[-80.0250402,40.4817563],[-80.0247261,40.4817767]]}},{"type":"Feature","id":null,"properties":{"bridge_name":"Perrysville Avenue"},"geometry":{"type":"LineString","coordinates":[[-80.0199428,40.4971133],[-80.0199649,40.4972612],[-80.0199965,40.497408],[-80.01999651801884,40.49740806853764]]}},{"type":"Feature","id":null,"properties":{"bridge_name":"Ivory Avenue"},"geometry":{"type":"LineString","coordinates":[[-80.0128532,40.4966418],[-80.0122101,40.4967529]]}},{"type":"Feature","id":null,"properties":{"bridge_name":"McKnight Road"},"geometry":{"type":"LineString","coordinates":[[-80.0129701,40.498167],[-80.0129193,40.4980321],[-80.0128823,40.4978977]]}},{"type":"Feature","id":null,"properties":{"bridge_name":"McKnight Road"},"geometry":{"type":"LineString","coordinates":[[-80.0127969,40.4979966],[-80.0128306,40.4981415],[-80.0128605,40.4982837]]}}]}