{"type":"FeatureCollection","features":[{"type":"Feature","id":"892a847a383ffff","properties":{"cell_id":"892a847a383ffff","h3_res":9,"building_count":1,"poi_count_sum":0,"conn_dist_median_ft":16076.965364508033,"total_crossings_mean":3.0,"clipped_area_frac":0.4322837451671684,"clon":-80.084693,"clat":40.420754},"geometry":{"type":"Polygon","coordinates":[[[-80.08498815697331,40.42249807741723],[-80.08273171003604,40.42179515767392],[-80.0824492223258,40.42012458304889],[-80.082684,40.420101],[-80.084507,40.420522],[-80.0846,40.420596],[-80.085412,40.421243],[-80.085609154293,40.4221684303026],[-80.08498815697331,40.42249807741723]]]}},{"type":"Feature","id":"892a847a637ffff","properties":{"cell_id":"892a847a637ffff","h3_res":9,"building_count":3,"poi_count_sum":2,"conn_dist_median_ft":4893.751997563978,"total_crossings_mean":2.0,"clipped_area_frac":0.2554465285441588,"clon":-80.090787,"clat":40.444133},"geometry":{"type":"Polygon","coordinates":[[[-80.08882514857814,40.44517433764586],[-80.08852986452827,40.44342978430871],[-80.08891594906078,40.44322485056545],[-80.089237,40.443333],[-80.090165,40.444162],[-80.090399,40.44541],[-80.090365,40.445602],[-80.0903504795231,40.445649297693784],[-80.08882514857814,40.44517433764586]]]}},{"type":"Feature","id":"892a847a0dbffff","properties":{"cell_id":"892a847a0dbffff","h3_res":9,"building_count":8,"poi_count_sum":3,"conn_dist_median_ft":4136.555134437271,"total_crossings_mean":1.0,"clipped_area_frac":1.0,"clon":-80.086568,"clat":40.444471},"geometry":{"type":"Polygon","coordinates":[[[-80.08460517326941,40.44551281480335],[-80.08431004256458,40.44376824067672],[-80.0862723671797,40.44272676359674],[-80.08852986452827,40.44342978430871],[-80.08882514857814,40.44517433764586],[-80.08686278193716,40.4462158910631],[-80.08460517326941,40.44551281480335]]]}},{"type":"Feature","id":"892a847a6a7ffff","properties":{"cell_id":"892a847a6a7ffff","h3_res":9,"building_count":41,"poi_count_sum":1,"conn_dist_median_ft":3493.3780190473667,"total_crossings_mean":0.0,"clipped_area_frac":1.0,"clon":-80.0849,"clat":40.447257},"geometry":{"type":"Polygon","coordinates":[[[-80.08293778011353,40.44829894402901],[-80.08264269337889,40.446554303118],[-80.08460517326941,40.44551281480335],[-80.08686278193716,40.4462158910631],[-80.08715802203749,40.447960511188576],[-80.08519550010712,40.44900207584242],[-80.08293778011353,40.44829894402901]]]}},{"type":"Feature","id":"892a847a0d3ffff","properties":{"cell_id":"892a847a0d3ffff","h3_res":9,"building_count":3,"poi_count_sum":4,"conn_dist_median_ft":8840.895945238415,"total_crossings_mean":2.0,"clipped_area_frac":1.0,"clon":-80.082348,"clat":40.44481},"geometry":{"type":"Polygon","coordinates":[[[-80.08038512483007,40.445851140969054],[-80.08009014747881,40.44410654606538],[-80.08205258532006,40.443065134085124],[-80.08431004256458,40.44376824067672],[-80.08460517326941,40.44551281480335],[-80.08264269337889,40.446554303118],[-80.08038512483007,40.445851140969054]]]}},{"type":"Feature","id":"892a847a0c3ffff","properties":{"cell_id":"892a847a0c3ffff","h3_res":9,"building_count":2,"poi_count_sum":1,"conn_dist_median_ft":8394.817493450471,"total_crossings_mean":3.5,"clipped_area_frac":0.6537214418495568,"clon":-80.084015,"clat":40.442024},"geometry":{"type":"Polygon","coordinates":[[[-80.0862723671797,40.44272676359674],[-80.08431004256458,40.44376824067672],[-80.08205258532006,40.443065134085124],[-80.08175756399105,40.441320605967576],[-80.08306034638302,40.440629207811774],[-80.083241,40.440825],[-80.083326,40.440959],[-80.083575,40.441363],[-80.08391,40.441717],[-80.083967,40.441794],[-80.084068,40.441929],[-80.084701,40.442049],[-80.084866,40.442081],[-80.084914,40.442092],[-80.085049,40.442139],[-80.085574,40.442324],[-80.08623223798325,40.4424895966355],[-80.0862723671797,40.44272676359674]]]}},{"type":"Feature","id":"892a847a0c7ffff","properties":{"cell_id":"892a847a0c7ffff","h3_res":9,"building_count":3,"poi_count_sum":3,"conn_dist_median_ft":9527.11671122273,"total_crossings_mean":3.0,"clipped_area_frac":0.2264403539804424,"clon":-80.081463,"clat":40.439576},"geometry":{"type":"Polygon","coordinates":[[[-80.08175756399105,40.441320605967576],[-80.07993877295823,40.44075406372681],[-80.080136,40.440682],[-80.080234,40.440641],[-80.080511,40.440495],[-80.080612,40.440118],[-80.08073,40.43979],[-80.080749,40.439738],[-80.080884,40.43978],[-80.08146,40.439962],[-80.081809,40.440045],[-80.082396,40.440244],[-80.082555,40.4403],[-80.082883,40.440437],[-80.08306034638302,40.440629207811774],[-80.08175756399105,40.441320605967576]]]}},{"type":"Feature","id":"892a847a0d7ffff","properties":{"cell_id":"892a847a0d7ffff","h3_res":9,"building_count":8,"poi_count_sum":8,"conn_dist_median_ft":9477.023994742895,"total_crossings_mean":3.625,"clipped_area_frac":0.9760902034763795,"clon":-80.079795,"clat":40.442362},"geometry":{"type":"Polygon","coordinates":[[[-80.08175756399105,40.441320605967576],[-80.08205258532006,40.443065134085124],[-80.08009014747881,40.44410654606538],[-80.07783273036456,40.44340335359594],[-80.07753786237706,40.441658804709846],[-80.07812678461391,40.44134629602725],[-80.078784,40.441144],[-80.079772,40.440815],[-80.07993877295823,40.44075406372681],[-80.08175756399105,40.441320605967576]]]}},{"type":"Feature","id":"892a847a09bffff","properties":{"cell_id":"892a847a09bffff","h3_res":9,"building_count":7,"poi_count_sum":0,"conn_dist_median_ft":10145.705019008064,"total_crossings_mean":4.285714285714286,"clipped_area_frac":0.16473308947878743,"clon":-80.075575,"clat":40.4427},"geometry":{"type":"Polygon","coordinates":[[[-80.07753786237706,40.441658804709846],[-80.07783273036456,40.44340335359594],[-80.07722569811996,40.44372545025067],[-80.076988,40.443204],[-80.076705,40.442584],[-80.076606,40.442366],[-80.076571,40.44229],[-80.076375,40.441863],[-80.076352,40.441808],[-80.07645,40.441784],[-80.076622,40.441744],[-80.077049,40.441642],[-80.07728378009298,40.441579648565465],[-80.07753786237706,40.441658804709846]]]}},{"type":"Feature","id":"892a847a46fffff","properties":{"cell_id":"892a847a46fffff","h3_res":9,"building_count":5,"poi_count_sum":2,"conn_dist_median_ft":4140.447182487578,"total_crossings_mean":0.0,"clipped_area_frac":0.5797767657766684,"clon":-80.078128,"clat":40.445148},"geometry":{"type":"Polygon","coordinates":[[[-80.07783273036456,40.44340335359594],[-80.08009014747881,40.44410654606538],[-80.08038512483007,40.445851140969054],[-80.07842253170766,40.44689256417045],[-80.07796856833131,40.44675114896058],[-80.078099,40.446696],[-80.078505,40.446527],[-80.078269,40.446009],[-80.077437,40.444188],[-80.077308,40.443906],[-80.07722569811996,40.44372545025067],[-80.07783273036456,40.44340335359594]]]}},{"type":"Feature","id":"892a847a553ffff","properties":{"cell_id":"892a847a553ffff","h3_res":9,"building_count":31,"poi_count_sum":0,"conn_dist_median_ft":10188.595297349992,"total_crossings_mean":2.0,"clipped_area_frac":0.580469727553048,"clon":-80.060364,"clat":40.441265},"geometry":{"type":"Polygon","coordinates":[[[-80.05840122106441,40.44230652362856],[-80.05810707582398,40.44056193785449],[-80.05993762888447,40.43959108114624],[-80.060852,40.440336],[-80.061173,40.440597],[-80.061216,40.440632],[-80.061133,40.440936],[-80.061129,40.440954],[-80.061001,40.441494],[-80.060921,40.441742],[-80.060868,40.441842],[-80.060838,40.4419],[-80.060664,40.442081],[-80.060511,40.442209],[-80.060332,40.442309],[-80.060157,40.442384],[-80.060127,40.442398],[-80.05943463283954,40.442628650274735],[-80.05840122106441,40.44230652362856]]]}},{"type":"Feature","id":"892a847a5cfffff","properties":{"cell_id":"892a847a5cfffff","h3_res":9,"building_count":187,"poi_count_sum":0,"conn_dist_median_ft":9499.947560234072,"total_crossings_mean":2.0,"clipped_area_frac":1.0,"clon":-80.056144,"clat":40.441603},"geometry":{"type":"Polygon","coordinates":[[[-80.05418119494489,40.442643881555426],[-80.05388720307654,40.440899275083524],[-80.05585012242207,40.43985834138696],[-80.05810707582398,40.44056193785449],[-80.05840122106441,40.44230652362856],[-80.05643825953356,40.44334753363548],[-80.05418119494489,40.442643881555426]]]}},{"type":"Feature","id":"892a847a557ffff","properties":{"cell_id":"892a847a557ffff","h3_res":9,"building_count":163,"poi_count_sum":4,"conn_dist_median_ft":10165.468784120267,"total_crossings_mean":10.38036809815951,"clipped_area_frac":0.7833240462267435,"clon":-80.057813,"clat":40.438817},"geometry":{"type":"Polygon","coordinates":[[[-80.05810707582398,40.44056193785449],[-80.05585012242207,40.43985834138696],[-80.0555560864577,40.438113801684885],[-80.05751885054104,40.43707287914957],[-80.05833861052933,40.43732842853727],[-80.058234,40.437354],[-80.057745,40.437497],[-80.057596,40.437534],[-80.057889,40.437798],[-80.058046,40.43794],[-80.059203,40.438955],[-80.059399,40.439152],[-80.059762,40.439448],[-80.05993762888447,40.43959108114624],[-80.05810707582398,40.44056193785449]]]}},{"type":"Feature","id":"892a847a51bffff","properties":{"cell_id":"892a847a51bffff","h3_res":9,"building_count":130,"poi_count_sum":9,"conn_dist_median_ft":9971.730076184595,"total_crossings_mean":7.315384615384615,"clipped_area_frac":1.0,"clon":-80.053593,"clat":40.439155},"geometry":{"type":"Polygon","coordinates":[[[-80.05163028995862,40.440195592769975],[-80.0513364073542,40.438451032378566],[-80.05329928450499,40.43741017498749],[-80.0555560864577,40.438113801684885],[-80.05585012242207,40.43985834138696],[-80.05388720307654,40.440899275083524],[-80.05163028995862,40.440195592769975]]]}},{"type":"Feature","id":"892a847a5c7ffff","properties":{"cell_id":"892a847a5c7ffff","h3_res":9,"building_count":108,"poi_count_sum":5,"conn_dist_median_ft":7791.006038162043,"total_crossings_mean":2.0,"clipped_area_frac":1.0,"clon":-80.051924,"clat":40.44194},"geometry":{"type":"Polygon","coordinates":[[[-80.04996109602763,40.44298108846606],[-80.0496672575399,40.441236461308804],[-80.05163028995862,40.440195592769975],[-80.05388720307654,40.440899275083524],[-80.05418119494489,40.442643881555426],[-80.05221812031742,40.44368482640169],[-80.04996109602763,40.44298108846606]]]}},{"type":"Feature","id":"892a847a5cbffff","properties":{"cell_id":"892a847a5cbffff","h3_res":9,"building_count":23,"poi_count_sum":0,"conn_dist_median_ft":9653.273543597714,"total_crossings_mean":1.6521739130434783,"clipped_area_frac":0.33804459709481843,"clon":-80.058695,"clat":40.444051},"geometry":{"type":"MultiPolygon","coordinates":[[[[-80.0589895767551,40.445795808009116],[-80.05673236068544,40.44509218617762],[-80.05659488900062,40.444276683338344],[-80.056596,40.444277],[-80.056628,40.444286],[-80.056742,40.444315],[-80.056799,40.44433],[-80.057794,40.444396],[-80.058044,40.444419],[-80.058239,40.444481],[-80.058497,40.444588],[-80.058764,40.444761],[-80.059119,40.445019],[-80.059187,40.445069],[-80.059329,40.445172],[-80.05968206080207,40.4454285465174],[-80.0589895767551,40.445795808009116]]],[[[-80.05643825953356,40.44334753363548],[-80.05840122106441,40.44230652362856],[-80.05943463283954,40.442628650274735],[-80.058464,40.442952],[-80.0579,40.443141],[-80.057493,40.443269],[-80.05647887357934,40.443588462301506],[-80.05643825953356,40.44334753363548]]]]}},{"type":"Feature","id":"892a847a5c3ffff","properties":{"cell_id":"892a847a5c3ffff","h3_res":9,"building_count":118,"poi_count_sum":1,"conn_dist_median_ft":8802.117629065528,"total_crossings_mean":2.0,"clipped_area_frac":0.9644916581392114,"clon":-80.054475,"clat":40.444389},"geometry":{"type":"Polygon","coordinates":[[[-80.05673236068544,40.44509218617762],[-80.05476924385864,40.44613320733614],[-80.05251206807657,40.4454294996377],[-80.05221812031742,40.44368482640169],[-80.05418119494489,40.442643881555426],[-80.05643825953356,40.44334753363548],[-80.05647887357934,40.443588462301506],[-80.056274,40.443653],[-80.056211,40.443673],[-80.055869,40.443784],[-80.055769,40.443814],[-80.05547,40.443905],[-80.055371,40.443936],[-80.055842,40.444064],[-80.056139,40.444147],[-80.056182,40.444159],[-80.05659488900062,40.444276683338344],[-80.05673236068544,40.44509218617762]]]}},{"type":"Feature","id":"892a847a5d7ffff","properties":{"cell_id":"892a847a5d7ffff","h3_res":9,"building_count":72,"poi_count_sum":2,"conn_dist_median_ft":8927.711719404131,"total_crossings_mean":2.0,"clipped_area_frac":1.0,"clon":-80.050255,"clat":40.444726},"geometry":{"type":"Polygon","coordinates":[[[-80.04829170267911,40.44576666205846],[-80.04799790832124,40.44402196814104],[-80.04996109602763,40.44298108846606],[-80.05221812031742,40.44368482640169],[-80.05251206807657,40.4454294996377],[-80.05054883814739,40.44647045562205],[-80.04829170267911,40.44576666205846]]]}},{"type":"Feature","id":"892a847a58bffff","properties":{"cell_id":"892a847a58bffff","h3_res":9,"building_count":50,"poi_count_sum":3,"conn_dist_median_ft":7252.608897694141,"total_crossings_mean":2.0,"clipped_area_frac":1.0,"clon":-80.047704,"clat":40.442277},"geometry":{"type":"Polygon","coordinates":[[[-80.04574092435654,40.44331814435166],[-80.04544723925794,40.44157349652147],[-80.04741038473216,40.44053269315103],[-80.0496672575399,40.441236461308804],[-80.04996109602763,40.44298108846606],[-80.04799790832124,40.44402196814104],[-80.04574092435654,40.44331814435166]]]}},{"type":"Feature","id":"892a847a59bffff","properties":{"cell_id":"892a847a59bffff","h3_res":9,"building_count":73,"poi_count_sum":1,"conn_dist_median_ft":8456.262132172757,"total_crossings_mean":2.0,"clipped_area_frac":1.0,"clon":-80.046035,"clat":40.445063},"geometry":{"type":"Polygon","coordinates":[[[-80.044071264537,40.44610367343109],[-80.04377762358888,40.44435895884472],[-80.04574092435654,40.44331814435166],[-80.04799790832124,40.44402196814104],[-80.04829170267911,40.44576666205846],[-80.04632835966527,40.446807552858],[-80.044071264537,40.44610367343109]]]}},{"type":"Feature","id":"892a847a593ffff","properties":{"cell_id":"892a847a593ffff","h3_res":9,"building_count":223,"poi_count_sum":10,"conn_dist_median_ft":4564.783006349385,"total_crossings_mean":2.0,"clipped_area_frac":1.0,"clon":-80.041814,"clat":40.4454},"geometry":{"type":"Polygon","coordinates":[[[-80.03985075369415,40.446440533746795],[-80.03955726616434,40.44469579850393],[-80.04152067997552,40.44365504920339],[-80.04377762358888,40.44435895884472],[-80.044071264537,40.44610367343109],[-80.04210780845618,40.447144499035204],[-80.03985075369415,40.446440533746795]]]}},{"type":"Feature","id":"892a847a583ffff","properties":{"cell_id":"892a847a583ffff","h3_res":9,"building_count":175,"poi_count_sum":4,"conn_dist_median_ft":4950.041444457374,"total_crossings_mean":2.0,"clipped_area_frac":1.0,"clon":-80.043484,"clat":40.442614},"geometry":{"type":"Polygon","coordinates":[[[-80.04152067997552,40.44365504920339],[-80.04122714827456,40.441910380712734],[-80.04319040678661,40.44086964252132],[-80.04544723925794,40.44157349652147],[-80.04574092435654,40.44331814435166],[-80.04377762358888,40.44435895884472],[-80.04152067997552,40.44365504920339]]]}},{"type":"Feature","id":"892a847a587ffff","properties":{"cell_id":"892a847a587ffff","h3_res":9,"building_count":108,"poi_count_sum":1,"conn_dist_median_ft":4421.477283220756,"total_crossings_mean":4.944444444444445,"clipped_area_frac":1.0,"clon":-80.040934,"clat":40.440166},"geometry":{"type":"Polygon","coordinates":[[[-80.03897035616585,40.441206440872044],[-80.0386769336924,40.439461818487324],[-80.04064014993945,40.43842115659272],[-80.04289683092765,40.43912504078858],[-80.04319040678661,40.44086964252132],[-80.04122714827456,40.441910380712734],[-80.03897035616585,40.441206440872044]]]}},{"type":"Feature","id":"892a847a58fffff","properties":{"cell_id":"892a847a58fffff","h3_res":9,"building_count":54,"poi_count_sum":1,"conn_dist_median_ft":6012.07913126044,"total_crossings_mean":2.0,"clipped_area_frac":0.9999999999999998,"clon":-80.045154,"clat":40.439829},"geometry":{"type":"Polygon","coordinates":[[[-80.04319040678661,40.44086964252132],[-80.04289683092765,40.43912504078858],[-80.0448599341603,40.43808431371787],[-80.04711665549621,40.43878811208274],[-80.04741038473216,40.44053269315103],[-80.04544723925794,40.44157349652147],[-80.04319040678661,40.44086964252132]]]}},{"type":"Feature","id":"892a847a513ffff","properties":{"cell_id":"892a847a513ffff","h3_res":9,"building_count":78,"poi_count_sum":0,"conn_dist_median_ft":7503.908173040498,"total_crossings_mean":2.6923076923076925,"clipped_area_frac":1.0,"clon":-80.049373,"clat":40.439492},"geometry":{"type":"Polygon","coordinates":[[[-80.04741038473216,40.44053269315103],[-80.04711665549621,40.43878811208274],[-80.0490796456968,40.43774731984653],[-80.0513364073542,40.438451032378566],[-80.05163028995862,40.440195592769975],[-80.0496672575399,40.441236461308804],[-80.04741038473216,40.44053269315103]]]}},{"type":"Feature","id":"892a847a5bbffff","properties":{"cell_id":"892a847a5bbffff","h3_res":9,"building_count":27,"poi_count_sum":0,"conn_dist_median_ft":5320.58359372029,"total_crossings_mean":8.37037037037037,"clipped_area_frac":1.0,"clon":-80.042603,"clat":40.43738},"geometry":{"type":"Polygon","coordinates":[[[-80.04064014993945,40.43842115659272],[-80.04034668330051,40.43667660096767],[-80.04230974428219,40.43563595019185],[-80.0445663141565,40.43633977874877],[-80.0448599341603,40.43808431371787],[-80.04289683092765,40.43912504078858],[-80.04064014993945,40.43842115659272]]]}},{"type":"Feature","id":"892a847a517ffff","properties":{"cell_id":"892a847a517ffff","h3_res":9,"building_count":52,"poi_count_sum":0,"conn_dist_median_ft":9642.87817565437,"total_crossings_mean":11.134615384615385,"clipped_area_frac":0.9999999999999998,"clon":-80.046823,"clat":40.437044},"geometry":{"type":"Polygon","coordinates":[[[-80.0448599341603,40.43808431371787],[-80.0445663141565,40.43633977874877],[-80.04652926212954,40.435299062810365],[-80.04878587233664,40.43600280554583],[-80.0490796456968,40.43774731984653],[-80.04711665549621,40.43878811208274],[-80.0448599341603,40.43808431371787]]]}},{"type":"Feature","id":"892a847a503ffff","properties":{"cell_id":"892a847a503ffff","h3_res":9,"building_count":100,"poi_count_sum":3,"conn_dist_median_ft":8806.090746715294,"total_crossings_mean":11.09,"clipped_area_frac":1.0,"clon":-80.051043,"clat":40.436707},"geometry":{"type":"Polygon","coordinates":[[[-80.0490796456968,40.43774731984653],[-80.04878587233664,40.43600280554583],[-80.05074870728332,40.434962024455444],[-80.053005357797,40.435665681367645],[-80.05329928450499,40.43741017498749],[-80.0513364073542,40.438451032378566],[-80.0490796456968,40.43774731984653]]]}},{"type":"Feature","id":"892a847a547ffff","properties":{"cell_id":"892a847a547ffff","h3_res":9,"building_count":23,"poi_count_sum":0,"conn_dist_median_ft":10840.455917828784,"total_crossings_mean":11.521739130434783,"clipped_area_frac":0.16651134652555316,"clon":-80.059482,"clat":40.436032},"geometry":{"type":"Polygon","coordinates":[[[-80.05751885054104,40.43707287914957],[-80.05722477049372,40.43532840622302],[-80.05806654182315,40.434881954885846],[-80.058082,40.43502],[-80.058097,40.435148],[-80.058103,40.435215],[-80.05808,40.435417],[-80.058073,40.435485],[-80.058066,40.435532],[-80.058049,40.435673],[-80.058044,40.435721],[-80.058026,40.435863],[-80.058002,40.436064],[-80.05799,40.436293],[-80.057988,40.436353],[-80.057918,40.436399],[-80.057963,40.436473],[-80.05798,40.436482],[-80.058263,40.436632],[-80.058358,40.436683],[-80.058454,40.436723],[-80.058521,40.436752],[-80.058725,40.43688],[-80.058814,40.436936],[-80.059047,40.437057],[-80.059123,40.437135],[-80.058369,40.437321],[-80.05833861052933,40.43732842853727],[-80.05751885054104,40.43707287914957]]]}},{"type":"Feature","id":"892a847a50bffff","properties":{"cell_id":"892a847a50bffff","h3_res":9,"building_count":153,"poi_count_sum":3,"conn_dist_median_ft":10092.440577726353,"total_crossings_mean":11.784313725490197,"clipped_area_frac":0.9999999999999998,"clon":-80.055262,"clat":40.436369},"geometry":{"type":"Polygon","coordinates":[[[-80.05329928450499,40.43741017498749],[-80.053005357797,40.435665681367645],[-80.05496807969965,40.43462483513592],[-80.05722477049372,40.43532840622302],[-80.05751885054104,40.43707287914957],[-80.0555560864577,40.438113801684885],[-80.05329928450499,40.43741017498749]]]}},{"type":"Feature","id":"892a847a50fffff","properties":{"cell_id":"892a847a50fffff","h3_res":9,"building_count":157,"poi_count_sum":0,"conn_dist_median_ft":9860.61197902776,"total_crossings_mean":12.292993630573248,"clipped_area_frac":1.0,"clon":-80.052711,"clat":40.433921},"geometry":{"type":"Polygon","coordinates":[[[-80.05074870728332,40.434962024455444],[-80.05045488981207,40.43321757692805],[-80.0524175695246,40.43217680699509],[-80.05467410890121,40.432880408293336],[-80.05496807969965,40.43462483513592],[-80.053005357797,40.435665681367645],[-80.05074870728332,40.434962024455444]]]}},{"type":"Feature","id":"892a847a573ffff","properties":{"cell_id":"892a847a573ffff","h3_res":9,"building_count":107,"poi_count_sum":0,"conn_dist_median_ft":11004.032097157175,"total_crossings_mean":11.69158878504673,"clipped_area_frac":0.679852272628327,"clon":-80.056931,"clat":40.433584},"geometry":{"type":"Polygon","coordinates":[[[-80.05722477049372,40.43532840622302],[-80.05496807969965,40.43462483513592],[-80.05467410890121,40.432880408293336],[-80.05663667557545,40.431839573232544],[-80.0573312477969,40.43205611436521],[-80.057456,40.433362],[-80.057528,40.434141],[-80.057542,40.434284],[-80.057565,40.434515],[-80.057657,40.434515],[-80.057931,40.434515],[-80.058025,40.434508],[-80.058039,40.434636],[-80.05806654182315,40.434881954885846],[-80.05722477049372,40.43532840622302]]]}},{"type":"Feature","id":"892a847a507ffff","properties":{"cell_id":"892a847a507ffff","h3_res":9,"building_count":187,"poi_count_sum":1,"conn_dist_median_ft":9955.591173683366,"total_crossings_mean":11.941176470588236,"clipped_area_frac":1.0,"clon":-80.048492,"clat":40.434258},"geometry":{"type":"Polygon","coordinates":[[[-80.04652926212954,40.435299062810365],[-80.046235597994,40.433554594610584],[-80.04819839072715,40.43251388981608],[-80.05045488981207,40.43321757692805],[-80.05074870728332,40.434962024455444],[-80.04878587233664,40.43600280554583],[-80.04652926212954,40.435299062810365]]]}},{"type":"Feature","id":"892a847a5abffff","properties":{"cell_id":"892a847a5abffff","h3_res":9,"building_count":74,"poi_count_sum":2,"conn_dist_median_ft":10791.416837831373,"total_crossings_mean":11.0,"clipped_area_frac":1.0,"clon":-80.044273,"clat":40.434595},"geometry":{"type":"Polygon","coordinates":[[[-80.04230974428219,40.43563595019185],[-80.0420162334909,40.43389146133216],[-80.04397913922696,40.43285082168674],[-80.046235597994,40.433554594610584],[-80.04652926212954,40.435299062810365],[-80.0445663141565,40.43633977874877],[-80.04230974428219,40.43563595019185]]]}},{"type":"Feature","id":"892a847a5a3ffff","properties":{"cell_id":"892a847a5a3ffff","h3_res":9,"building_count":21,"poi_count_sum":0,"conn_dist_median_ft":11584.243837204716,"total_crossings_mean":9.857142857142858,"clipped_area_frac":1.0,"clon":-80.040053,"clat":40.434932},"geometry":{"type":"Polygon","coordinates":[[[-80.03809015378518,40.43597268659115],[-80.03779679634663,40.43422817708398],[-80.03975981506795,40.433187602598245],[-80.0420162334909,40.43389146133216],[-80.04230974428219,40.43563595019185],[-80.04034668330051,40.43667660096767],[-80.03809015378518,40.43597268659115]]]}},{"type":"Feature","id":"892a847a5afffff","properties":{"cell_id":"892a847a5afffff","h3_res":9,"building_count":59,"poi_count_sum":0,"conn_dist_median_ft":11277.685412077448,"total_crossings_mean":8.254237288135593,"clipped_area_frac":1.0,"clon":-80.041723,"clat":40.432147},"geometry":{"type":"Polygon","coordinates":[[[-80.03975981506795,40.433187602598245],[-80.03946641346954,40.43144315985818],[-80.04142927695926,40.43040259650092],[-80.04368558429647,40.431106399598114],[-80.04397913922696,40.43285082168674],[-80.0420162334909,40.43389146133216],[-80.03975981506795,40.433187602598245]]]}},{"type":"Feature","id":"892a847a533ffff","properties":{"cell_id":"892a847a533ffff","h3_res":9,"building_count":95,"poi_count_sum":0,"conn_dist_median_ft":10750.664899150985,"total_crossings_mean":8.16842105263158,"clipped_area_frac":1.0,"clon":-80.045942,"clat":40.43181},"geometry":{"type":"Polygon","coordinates":[[[-80.04397913922696,40.43285082168674],[-80.04368558429647,40.431106399598114],[-80.04564833480667,40.43006577109467],[-80.04790468247305,40.43076948839135],[-80.04819839072715,40.43251388981608],[-80.046235597994,40.433554594610584],[-80.04397913922696,40.43285082168674]]]}},{"type":"Feature","id":"892a847a53bffff","properties":{"cell_id":"892a847a53bffff","h3_res":9,"building_count":80,"poi_count_sum":9,"conn_dist_median_ft":9908.190538654653,"total_crossings_mean":9.7125,"clipped_area_frac":1.0,"clon":-80.050161,"clat":40.431473},"geometry":{"type":"Polygon","coordinates":[[[-80.04819839072715,40.43251388981608],[-80.04790468247305,40.43076948839135],[-80.04986731998606,40.42972879475233],[-80.05212370795542,40.430432426246696],[-80.0524175695246,40.43217680699509],[-80.05045488981207,40.43321757692805],[-80.04819839072715,40.43251388981608]]]}},{"type":"Feature","id":"892a847a537ffff","properties":{"cell_id":"892a847a537ffff","h3_res":9,"building_count":8,"poi_count_sum":2,"conn_dist_median_ft":8149.10089634834,"total_crossings_mean":8.0,"clipped_area_frac":0.733035870532807,"clon":-80.043392,"clat":40.429362},"geometry":{"type":"Polygon","coordinates":[[[-80.04564833480667,40.43006577109467],[-80.04368558429647,40.431106399598114],[-80.04142927695926,40.43040259650092],[-80.04116400471112,40.42882569670888],[-80.041374,40.42889],[-80.04169,40.428987],[-80.041989,40.428873],[-80.042491,40.428618],[-80.042983,40.428189],[-80.04315,40.428044],[-80.042813,40.428504],[-80.042705,40.428674],[-80.043289,40.428193],[-80.043303,40.428201],[-80.043368,40.428243],[-80.043431,40.428284],[-80.043709,40.428463],[-80.043942,40.428617],[-80.044274,40.428832],[-80.044628,40.429062],[-80.04550563086417,40.42921792647611],[-80.04564833480667,40.43006577109467]]]}},{"type":"Feature","id":"892a847a523ffff","properties":{"cell_id":"892a847a523ffff","h3_res":9,"building_count":112,"poi_count_sum":0,"conn_dist_median_ft":9993.01411465637,"total_crossings_mean":8.0,"clipped_area_frac":0.8426892170055301,"clon":-80.047611,"clat":40.429025},"geometry":{"type":"Polygon","coordinates":[[[-80.04731733105419,40.42728079843293],[-80.04957356762652,40.42798446010834],[-80.04986731998606,40.42972879475233],[-80.04790468247305,40.43076948839135],[-80.04564833480667,40.43006577109467],[-80.04550563086417,40.42921792647611],[-80.046643,40.42942],[-80.046655,40.429241],[-80.046712,40.428429],[-80.046724,40.428263],[-80.04675,40.428162],[-80.046746,40.428125],[-80.046738,40.428034],[-80.046739,40.428016],[-80.046743,40.42798],[-80.046751,40.427879],[-80.046773,40.427623],[-80.046778,40.427578],[-80.04677971752629,40.427565854635546],[-80.04731733105419,40.42728079843293]]]}},{"type":"Feature","id":"892a847a52bffff","properties":{"cell_id":"892a847a52bffff","h3_res":9,"building_count":52,"poi_count_sum":36,"conn_dist_median_ft":10830.701017056073,"total_crossings_mean":9.173076923076923,"clipped_area_frac":0.9465123558273251,"clon":-80.05183,"clat":40.428688},"geometry":{"type":"Polygon","coordinates":[[[-80.05408623245356,40.42939166748273],[-80.05212370795542,40.430432426246696],[-80.04986731998606,40.42972879475233],[-80.04957356762652,40.42798446010834],[-80.05123190830089,40.427105060553394],[-80.051306,40.42711],[-80.05146,40.427138],[-80.051673,40.427194],[-80.051992,40.427319],[-80.052137,40.427385],[-80.052225,40.427411],[-80.052282,40.42739],[-80.052577,40.427506],[-80.052593,40.427513],[-80.053474,40.42783],[-80.053773,40.427938],[-80.05383182073393,40.42788174785707],[-80.05408623245356,40.42939166748273]]]}},{"type":"Feature","id":"892a847a52fffff","properties":{"cell_id":"892a847a52fffff","h3_res":9,"building_count":31,"poi_count_sum":0,"conn_dist_median_ft":11196.147725166202,"total_crossings_mean":8.0,"clipped_area_frac":0.35180495791412,"clon":-80.04928,"clat":40.42624},"geometry":{"type":"Polygon","coordinates":[[[-80.04957356762652,40.42798446010834],[-80.04731733105419,40.42728079843293],[-80.0472731294384,40.42701823359433],[-80.047396,40.42701],[-80.047381,40.425957],[-80.047514,40.425885],[-80.047803,40.425735],[-80.048077,40.425941],[-80.048459,40.426228],[-80.048611,40.426338],[-80.048821,40.426469],[-80.048901,40.426514],[-80.049042,40.426594],[-80.049206,40.426677],[-80.04946,40.426812],[-80.049629,40.426864],[-80.049778,40.426905],[-80.050348,40.427025],[-80.050568,40.427071],[-80.050796,40.427103],[-80.050951,40.427106],[-80.051111,40.427097],[-80.05123190830089,40.427105060553394],[-80.04957356762652,40.42798446010834]]]}},{"type":"Feature","id":"892a847a577ffff","properties":{"cell_id":"892a847a577ffff","h3_res":9,"building_count":72,"poi_count_sum":15,"conn_dist_median_ft":11294.932419508557,"total_crossings_mean":13.01388888888889,"clipped_area_frac":1.0,"clon":-80.05438,"clat":40.431136},"geometry":{"type":"Polygon","coordinates":[[[-80.0524175695246,40.43217680699509],[-80.05212370795542,40.430432426246696],[-80.05408623245356,40.42939166748273],[-80.0563426606997,40.430095213172926],[-80.05663667557545,40.431839573232544],[-80.05467410890121,40.432880408293336],[-80.0524175695246,40.43217680699509]]]}},{"type":"Feature","id":"892a847a563ffff","properties":{"cell_id":"892a847a563ffff","h3_res":9,"building_count":16,"poi_count_sum":0,"conn_dist_median_ft":11876.987273804909,"total_crossings_mean":13.625,"clipped_area_frac":0.4002397735584813,"clon":-80.058599,"clat":40.430799},"geometry":{"type":"Polygon","coordinates":[[[-80.05663667557545,40.431839573232544],[-80.0563426606997,40.430095213172926],[-80.05830507216528,40.429054389294656],[-80.05916035242089,40.42932102512424],[-80.059154,40.429331],[-80.059089,40.429461],[-80.05903,40.429574],[-80.058942,40.429746],[-80.058628,40.43029],[-80.058492,40.430527],[-80.058119,40.431083],[-80.057907,40.431459],[-80.057861,40.431438],[-80.05752,40.431282],[-80.057336,40.431513],[-80.057285,40.431572],[-80.0573312477969,40.43205611436521],[-80.05663667557545,40.431839573232544]]]}},{"type":"Feature","id":"892a847a567ffff","properties":{"cell_id":"892a847a567ffff","h3_res":9,"building_count":25,"poi_count_sum":33,"conn_dist_median_ft":12709.421968711957,"total_crossings_mean":15.8,"clipped_area_frac":0.9486013529238394,"clon":-80.056049,"clat":40.428351},"geometry":{"type":"Polygon","coordinates":[[[-80.05801101322535,40.42731009602368],[-80.05830507216528,40.429054389294656],[-80.0563426606997,40.430095213172926],[-80.05408623245356,40.42939166748273],[-80.05383182073393,40.42788174785707],[-80.054002,40.427719],[-80.054099,40.427651],[-80.05419,40.427605],[-80.05434,40.42754],[-80.054487,40.427477],[-80.05626125259388,40.426764543606225],[-80.05801101322535,40.42731009602368]]]}},{"type":"Feature","id":"892a847a56fffff","properties":{"cell_id":"892a847a56fffff","h3_res":9,"building_count":12,"poi_count_sum":3,"conn_dist_median_ft":14464.375667427801,"total_crossings_mean":18.0,"clipped_area_frac":0.7924161693959594,"clon":-80.060267,"clat":40.428014},"geometry":{"type":"Polygon","coordinates":[[[-80.06201485033026,40.42898695011009],[-80.061679,40.428875],[-80.061563,40.428837],[-80.06145,40.428799],[-80.061144,40.428698],[-80.061113,40.428688],[-80.061001,40.428654],[-80.06087,40.42861],[-80.06079,40.428583],[-80.060477,40.428483],[-80.060421,40.428466],[-80.060349,40.428435],[-80.06022,40.42838],[-80.060186,40.428366],[-80.060008,40.428299],[-80.059945,40.428282],[-80.059848,40.42827],[-80.059819,40.428273],[-80.059787,40.428283],[-80.059745,40.42831],[-80.059706,40.428351],[-80.059678,40.428402],[-80.059606,40.428553],[-80.059529,40.428717],[-80.059453,40.428858],[-80.059369,40.428997],[-80.059275,40.429141],[-80.05916035242089,40.42932102512424],[-80.05830507216528,40.429054389294656],[-80.05801101322535,40.42731009602368],[-80.05973908388613,40.42639349920386],[-80.059908,40.42639],[-80.06035083708038,40.42638698750286],[-80.06222962686003,40.426972687631114],[-80.06251186510775,40.42864597107584],[-80.06239003697856,40.42878793468749],[-80.06201485033026,40.42898695011009]]]}},{"type":"Feature","id":"892a847a0a7ffff","properties":{"cell_id":"892a847a0a7ffff","h3_res":9,"building_count":66,"poi_count_sum":0,"conn_dist_median_ft":15524.430198804179,"total_crossings_mean":18.0,"clipped_area_frac":0.7109997512150343,"clon":-80.067037,"clat":40.430124},"geometry":{"type":"Polygon","coordinates":[[[-80.06839641737105,40.431302930273354],[-80.068367,40.431294],[-80.068202,40.431244],[-80.068147,40.431228],[-80.068022,40.431191],[-80.067832,40.431118],[-80.067702,40.431069],[-80.066914,40.430729],[-80.066763,40.430664],[-80.066606,40.430605],[-80.066444,40.430544],[-80.066399,40.430534],[-80.065955,40.430438],[-80.065759,40.430395],[-80.065546,40.430349],[-80.065379,40.430101],[-80.065132,40.429772],[-80.06484323078303,40.42938697437737],[-80.06674253314597,40.42837938019828],[-80.06899908206533,40.42908266846506],[-80.069218183994,40.430380501456135],[-80.068979,40.430752],[-80.06873427765562,40.43112368356064],[-80.06839641737105,40.431302930273354]]]}},{"type":"Feature","id":"892a847a1dbffff","properties":{"cell_id":"892a847a1dbffff","h3_res":9,"building_count":85,"poi_count_sum":1,"conn_dist_median_ft":15957.806505453038,"total_crossings_mean":18.0,"clipped_area_frac":0.9999999999999998,"clon":-80.068705,"clat":40.427338},"geometry":{"type":"Polygon","coordinates":[[[-80.06674253314597,40.42837938019828],[-80.06644816765976,40.42663512835011],[-80.06841019782979,40.42559418549623],[-80.07066663558064,40.42629741818951],[-80.07096115432724,40.428041649307595],[-80.06899908206533,40.42908266846506],[-80.06674253314597,40.42837938019828]]]}},{"type":"Feature","id":"892a847a1d3ffff","properties":{"cell_id":"892a847a1d3ffff","h3_res":9,"building_count":126,"poi_count_sum":0,"conn_dist_median_ft":15271.249927327786,"total_crossings_mean":18.0,"clipped_area_frac":0.8567779894921667,"clon":-80.064486,"clat":40.427676},"geometry":{"type":"Polygon","coordinates":[[[-80.06644816765976,40.42663512835011],[-80.06674253314597,40.42837938019828],[-80.06484323078303,40.42938697437737],[-80.064697,40.429192],[-80.064364,40.428758],[-80.064168,40.428598],[-80.063806,40.428342],[-80.063678,40.428247],[-80.063273,40.427948],[-80.063173,40.427866],[-80.063141,40.427914],[-80.062886,40.42821],[-80.06251186510775,40.42864597107584],[-80.06222962686003,40.426972687631114],[-80.06333382915572,40.42638693037899],[-80.063605,40.426382],[-80.063726,40.426375],[-80.063787,40.426363],[-80.063952,40.426291],[-80.064048,40.426226],[-80.06433901855432,40.42597770716141],[-80.06644816765976,40.42663512835011]]]}},{"type":"Feature","id":"892a847a1d7ffff","properties":{"cell_id":"892a847a1d7ffff","h3_res":9,"building_count":9,"poi_count_sum":0,"conn_dist_median_ft":14650.186670424371,"total_crossings_mean":18.0,"clipped_area_frac":0.0795658999753579,"clon":-80.061935,"clat":40.425228},"geometry":{"type":"Polygon","coordinates":[[[-80.06222962686003,40.426972687631114],[-80.06035083708038,40.42638698750286],[-80.060643,40.426385],[-80.061094,40.426383],[-80.06157,40.426372],[-80.061904,40.426374],[-80.062263,40.426382],[-80.062509,40.426383],[-80.063203,40.426387],[-80.063275,40.426388],[-80.06333382915572,40.42638693037899],[-80.06222962686003,40.426972687631114]]]}},{"type":"Feature","id":"892a847a1c3ffff","properties":{"cell_id":"892a847a1c3ffff","h3_res":9,"building_count":66,"poi_count_sum":4,"conn_dist_median_ft":16125.374112215606,"total_crossings_mean":18.075757575757574,"clipped_area_frac":0.635727830709149,"clon":-80.066154,"clat":40.424891},"geometry":{"type":"Polygon","coordinates":[[[-80.06811578833376,40.42385000045033],[-80.06841019782979,40.42559418549623],[-80.06644816765976,40.42663512835011],[-80.06433901855432,40.42597770716141],[-80.064409,40.425918],[-80.064665,40.425714],[-80.064802,40.425617],[-80.065029,40.42546],[-80.06535,40.425238],[-80.065447,40.425165],[-80.065514,40.425117],[-80.065666,40.424947],[-80.065735,40.424852],[-80.06594,40.424571],[-80.066558,40.423729],[-80.066764,40.423449],[-80.06677815688094,40.423433073508924],[-80.06811578833376,40.42385000045033]]]}},{"type":"Feature","id":"892a847a1cbffff","properties":{"cell_id":"892a847a1cbffff","h3_res":9,"building_count":17,"poi_count_sum":0,"conn_dist_median_ft":16556.767534930503,"total_crossings_mean":18.0,"clipped_area_frac":1.0,"clon":-80.070372,"clat":40.424553},"geometry":{"type":"Polygon","coordinates":[[[-80.06841019782979,40.42559418549623],[-80.06811578833376,40.42385000045033],[-80.07007766334614,40.42280906882916],[-80.07233398993513,40.42351224595483],[-80.07262855267088,40.42525641026669],[-80.07066663558064,40.42629741818951],[-80.06841019782979,40.42559418549623]]]}},{"type":"Feature","id":"892a847a037ffff","properties":{"cell_id":"892a847a037ffff","h3_res":9,"building_count":2,"poi_count_sum":0,"conn_dist_median_ft":17330.701772125183,"total_crossings_mean":18.0,"clipped_area_frac":0.34688494151468824,"clon":-80.072923,"clat":40.427001},"geometry":{"type":"Polygon","coordinates":[[[-80.07096115432724,40.428041649307595],[-80.07066663558064,40.42629741818951],[-80.07262855267088,40.42525641026669],[-80.07366813599523,40.42558035750335],[-80.073589,40.425636],[-80.07351,40.425714],[-80.073459,40.425765],[-80.073207,40.426039],[-80.073101,40.426149],[-80.072786,40.426479],[-80.072681,40.42659],[-80.07112234256184,40.4280918790826],[-80.07096115432724,40.428041649307595]]]}},{"type":"Feature","id":"892a847a027ffff","properties":{"cell_id":"892a847a027ffff","h3_res":9,"building_count":13,"poi_count_sum":2,"conn_dist_median_ft":17937.84929405261,"total_crossings_mean":18.0,"clipped_area_frac":0.8581009066727326,"clon":-80.07459,"clat":40.424215},"geometry":{"type":"Polygon","coordinates":[[[-80.07262855267088,40.42525641026669],[-80.07233398993513,40.42351224595483],[-80.07429575187346,40.42247124927823],[-80.07655211860474,40.42317434061158],[-80.07680135766105,40.424649349586645],[-80.076568,40.424709],[-80.076045,40.424844],[-80.075517,40.424979],[-80.075503,40.424982],[-80.07515,40.425079],[-80.074723,40.425202],[-80.074638,40.425227],[-80.074313,40.425326],[-80.073882,40.425463],[-80.073717,40.425546],[-80.07366813599523,40.42558035750335],[-80.07262855267088,40.42525641026669]]]}},{"type":"Feature","id":"892a847a393ffff","properties":{"cell_id":"892a847a393ffff","h3_res":9,"building_count":4,"poi_count_sum":0,"conn_dist_median_ft":15496.204539443472,"total_crossings_mean":3.0,"clipped_area_frac":0.5859123316823773,"clon":-80.083027,"clat":40.423539},"geometry":{"type":"Polygon","coordinates":[[[-80.08077017429873,40.422836284429444],[-80.08273171003604,40.42179515767392],[-80.08498815697331,40.42249807741723],[-80.08521402169467,40.42383333574097],[-80.083725,40.423794],[-80.083598,40.423791],[-80.08355,40.423767],[-80.083444,40.423738],[-80.083346,40.423726],[-80.08329,40.423726],[-80.083164,40.423726],[-80.083046,40.423725],[-80.082695,40.423723],[-80.082578,40.423723],[-80.082564,40.423723],[-80.082442,40.423723],[-80.082137,40.423726],[-80.082036,40.423731],[-80.081901,40.423739],[-80.081871,40.42374],[-80.081782,40.423745],[-80.081753,40.423747],[-80.081506,40.423749],[-80.081438,40.42375],[-80.081036,40.423742],[-80.0809225911113,40.423737815170156],[-80.08077017429873,40.422836284429444]]]}},{"type":"Feature","id":"892a847a02fffff","properties":{"cell_id":"892a847a02fffff","h3_res":9,"building_count":1,"poi_count_sum":0,"conn_dist_median_ft":19549.212980499702,"total_crossings_mean":18.0,"clipped_area_frac":0.6008996290296228,"clon":-80.078809,"clat":40.423877},"geometry":{"type":"Polygon","coordinates":[[[-80.07655211860474,40.42317434061158],[-80.07851376745137,40.42213327889021],[-80.08077017429873,40.422836284429444],[-80.0809225911113,40.423737815170156],[-80.080765,40.423732],[-80.080519,40.423723],[-80.080149,40.423809],[-80.080101,40.423823],[-80.079874,40.423896],[-80.079652,40.423958],[-80.079451,40.424004],[-80.079074,40.42408],[-80.078851,40.424127],[-80.078675,40.424165],[-80.078434,40.424229],[-80.078248,40.42428],[-80.078132,40.424309],[-80.077226,40.42454],[-80.076924,40.424618],[-80.07680135766105,40.424649349586645],[-80.07655211860474,40.42317434061158]]]}},{"type":"Feature","id":"892a847a397ffff","properties":{"cell_id":"892a847a397ffff","h3_res":9,"building_count":2,"poi_count_sum":0,"conn_dist_median_ft":19882.79499674686,"total_crossings_mean":18.0,"clipped_area_frac":0.8575809059383124,"clon":-80.080475,"clat":40.421092},"geometry":{"type":"Polygon","coordinates":[[[-80.08273171003604,40.42179515767392],[-80.08077017429873,40.422836284429444],[-80.07851376745137,40.42213327889021],[-80.078219007529,40.420389202140655],[-80.07852054445006,40.42022916331711],[-80.079594,40.420038],[-80.080778,40.420165],[-80.080888,40.420181],[-80.081569,40.420213],[-80.0824492223258,40.42012458304889],[-80.08273171003604,40.42179515767392]]]}},{"type":"Feature","id":"892a847a15bffff","properties":{"cell_id":"892a847a15bffff","h3_res":9,"building_count":10,"poi_count_sum":1,"conn_dist_median_ft":18706.343574821007,"total_crossings_mean":18.0,"clipped_area_frac":0.8279035701087121,"clon":-80.076257,"clat":40.42143},"geometry":{"type":"Polygon","coordinates":[[[-80.078219007529,40.420389202140655],[-80.07851376745137,40.42213327889021],[-80.07655211860474,40.42317434061158],[-80.07429575187346,40.42247124927823],[-80.07400114516163,40.420727151778266],[-80.07479000568242,40.420308519309714],[-80.074783,40.420408],[-80.074806,40.420483],[-80.074859,40.420602],[-80.075003,40.420704],[-80.075159,40.420758],[-80.075473,40.420834],[-80.075648,40.420827],[-80.076115,40.420697],[-80.076659,40.420559],[-80.076893,40.420519],[-80.0780018426734,40.42032153486638],[-80.078219007529,40.420389202140655]]]}},{"type":"Feature","id":"892a847a153ffff","properties":{"cell_id":"892a847a153ffff","h3_res":9,"building_count":9,"poi_count_sum":3,"conn_dist_median_ft":17725.153881969694,"total_crossings_mean":18.666666666666668,"clipped_area_frac":1.0,"clon":-80.072039,"clat":40.421768},"geometry":{"type":"Polygon","coordinates":[[[-80.07007766334614,40.42280906882916],[-80.0697832098534,40.42106495059122],[-80.07174492972784,40.42002403021435],[-80.07400114516163,40.420727151778266],[-80.07429575187346,40.42247124927823],[-80.07233398993513,40.42351224595483],[-80.07007766334614,40.42280906882916]]]}},{"type":"Feature","id":"892a847a1cfffff","properties":{"cell_id":"892a847a1cfffff","h3_res":9,"building_count":13,"poi_count_sum":0,"conn_dist_median_ft":16655.544853678468,"total_crossings_mean":19.076923076923077,"clipped_area_frac":0.7184273653169629,"clon":-80.067821,"clat":40.422106},"geometry":{"type":"Polygon","coordinates":[[[-80.06752703457317,40.42036174324636],[-80.0697832098534,40.42106495059122],[-80.07007766334614,40.42280906882916],[-80.06811578833376,40.42385000045033],[-80.06677815688094,40.423433073508924],[-80.06678,40.423431],[-80.066824,40.423371],[-80.066999,40.423134],[-80.067058,40.423056],[-80.067164,40.422884],[-80.067202,40.422776],[-80.067223,40.422665],[-80.067221,40.422593],[-80.067221,40.422548],[-80.067211,40.422458],[-80.067195,40.422371],[-80.066965,40.421114],[-80.066931,40.420926],[-80.06689428237155,40.42069745149635],[-80.06752703457317,40.42036174324636]]]}},{"type":"Feature","id":"892a847a19bffff","properties":{"cell_id":"892a847a19bffff","h3_res":9,"building_count":5,"poi_count_sum":5,"conn_dist_median_ft":13342.328333944479,"total_crossings_mean":18.0,"clipped_area_frac":0.15006819443360692,"clon":-80.057717,"clat":40.425566},"geometry":{"type":"Polygon","coordinates":[[[-80.05801101322535,40.42731009602368],[-80.05626125259388,40.426764543606225],[-80.05629,40.426753],[-80.056411,40.426705],[-80.056736,40.426587],[-80.056951,40.426519],[-80.057235,40.426439],[-80.057417,40.426428],[-80.057776,40.426417],[-80.057865,40.426416],[-80.058846,40.426412],[-80.05973908388613,40.42639349920386],[-80.05801101322535,40.42731009602368]]]}},{"type":"Feature","id":"892a847a527ffff","properties":{"cell_id":"892a847a527ffff","h3_res":9,"building_count":2,"poi_count_sum":0,"conn_dist_median_ft":11068.081872830997,"total_crossings_mean":8.0,"clipped_area_frac":0.02031090560838135,"clon":-80.045061,"clat":40.426577},"geometry":{"type":"Polygon","coordinates":[[[-80.04731733105419,40.42728079843293],[-80.04677971752629,40.427565854635546],[-80.046792,40.427479],[-80.046798,40.427442],[-80.046809,40.427372],[-80.04675,40.427269],[-80.046638,40.427101],[-80.046592,40.427031],[-80.046693,40.427035],[-80.046871,40.427044],[-80.046937,40.427039],[-80.047135,40.427027],[-80.047202,40.427023],[-80.0472731294384,40.42701823359433],[-80.04731733105419,40.42728079843293]]]}},{"type":"Feature","id":"892a847127bffff","properties":{"cell_id":"892a847127bffff","h3_res":9,"building_count":26,"poi_count_sum":0,"conn_dist_median_ft":4457.170744494193,"total_crossings_mean":0.0,"clipped_area_frac":0.28824156033081294,"clon":-80.0433,"clat":40.416112},"geometry":{"type":"Polygon","coordinates":[[[-80.04133792535951,40.41715237779088],[-80.04104456552,40.415408294459965],[-80.04300672387203,40.414367928278885],[-80.04344385420895,40.41450429473361],[-80.042994,40.415228],[-80.04172362698544,40.41727270421902],[-80.04133792535951,40.41715237779088]]]}},{"type":"Feature","id":"892a8471263ffff","properties":{"cell_id":"892a8471263ffff","h3_res":9,"building_count":57,"poi_count_sum":4,"conn_dist_median_ft":4195.656573256068,"total_crossings_mean":0.0,"clipped_area_frac":1.0,"clon":-80.040751,"clat":40.413664},"geometry":{"type":"Polygon","coordinates":[[[-80.03878904543494,40.41470456784064],[-80.03849579469949,40.41296053066693],[-80.04045791083308,40.41192024075183],[-80.04271331992332,40.41262391174703],[-80.04300672387203,40.414367928278885],[-80.04104456552,40.415408294459965],[-80.03878904543494,40.41470456784064]]]}},{"type":"Feature","id":"892a847126bffff","properties":{"cell_id":"892a847126bffff","h3_res":9,"building_count":35,"poi_count_sum":0,"conn_dist_median_ft":4038.6901254647582,"total_crossings_mean":0.0,"clipped_area_frac":0.3023868640268371,"clon":-80.044969,"clat":40.413328},"geometry":{"type":"Polygon","coordinates":[[[-80.04300672387203,40.414367928278885],[-80.04271331992332,40.41262391174703],[-80.0446753231705,40.4115835567485],[-80.04515493730706,40.411733171916666],[-80.045119,40.411798],[-80.045101,40.411826],[-80.044967,40.412047],[-80.044882,40.412177],[-80.044807,40.412294],[-80.044715,40.41245],[-80.044697,40.412483],[-80.04454,40.412732],[-80.044422,40.412896],[-80.044417,40.412905],[-80.044329,40.413058],[-80.044216,40.413262],[-80.043725,40.414052],[-80.04344385420895,40.41450429473361],[-80.04300672387203,40.414367928278885]]]}},{"type":"Feature","id":"892a847126fffff","properties":{"cell_id":"892a847126fffff","h3_res":9,"building_count":51,"poi_count_sum":1,"conn_dist_median_ft":4555.934047865013,"total_crossings_mean":0.0,"clipped_area_frac":1.0,"clon":-80.04242,"clat":40.41088},"geometry":{"type":"Polygon","coordinates":[[[-80.04045791083308,40.41192024075183],[-80.04016461598094,40.41017627037889],[-80.04212657702368,40.40913599164442],[-80.04438187512571,40.4098396070214],[-80.0446753231705,40.4115835567485],[-80.04271331992332,40.41262391174703],[-80.04045791083308,40.41192024075183]]]}},{"type":"Feature","id":"892a847acd3ffff","properties":{"cell_id":"892a847acd3ffff","h3_res":9,"building_count":33,"poi_count_sum":0,"conn_dist_median_ft":4928.911265171353,"total_crossings_mean":1.7575757575757576,"clipped_area_frac":0.3133204012124982,"clon":-80.046637,"clat":40.410543},"geometry":{"type":"Polygon","coordinates":[[[-80.0446753231705,40.4115835567485],[-80.04438187512571,40.4098396070214],[-80.04634372328772,40.40879926321697],[-80.04686615370679,40.40896223002308],[-80.046753,40.409147],[-80.046672,40.409281],[-80.046593,40.409407],[-80.046356,40.409787],[-80.046278,40.409914],[-80.046179,40.410073],[-80.045882,40.410553],[-80.045784,40.410713],[-80.045674,40.41088],[-80.045348,40.411382],[-80.045239,40.41155],[-80.045224,40.411581],[-80.045183,40.411674],[-80.04517,40.411706],[-80.04515493730706,40.411733171916666],[-80.0446753231705,40.4115835567485]]]}},{"type":"Feature","id":"892a847acd7ffff","properties":{"cell_id":"892a847acd7ffff","h3_res":9,"building_count":97,"poi_count_sum":0,"conn_dist_median_ft":4473.728132943279,"total_crossings_mean":3.247422680412371,"clipped_area_frac":1.0,"clon":-80.044088,"clat":40.408096},"geometry":{"type":"Polygon","coordinates":[[[-80.04212657702368,40.40913599164442],[-80.04183323806797,40.40739208807796],[-80.04379504403954,40.406351820535676],[-80.04605023115997,40.40705538030029],[-80.04634372328772,40.40879926321697],[-80.04438187512571,40.4098396070214],[-80.04212657702368,40.40913599164442]]]}},{"type":"Feature","id":"892a847a147ffff","properties":{"cell_id":"892a847a147ffff","h3_res":9,"building_count":60,"poi_count_sum":0,"conn_dist_median_ft":19380.960972340086,"total_crossings_mean":19.1,"clipped_area_frac":0.8178623321450047,"clon":-80.071156,"clat":40.416536},"geometry":{"type":"Polygon","coordinates":[[[-80.07311745556096,40.41549508506409],[-80.07341199700778,40.417239069669044],[-80.07145043225152,40.41827997879005],[-80.06919436810502,40.41757682701059],[-80.06891637287117,40.415929936706135],[-80.069953,40.415866],[-80.070202,40.415851],[-80.070618,40.415829],[-80.07063,40.415829],[-80.070659,40.415828],[-80.070748,40.415827],[-80.070778,40.415827],[-80.070927,40.415827],[-80.071251,40.415828],[-80.071376,40.415821],[-80.071526,40.415814],[-80.071668,40.415766],[-80.071775,40.415724],[-80.071841,40.41568],[-80.071908,40.415617],[-80.071996,40.415476],[-80.072033,40.415418],[-80.072071,40.415346],[-80.072113,40.415266],[-80.07215093155776,40.41519385566467],[-80.07311745556096,40.41549508506409]]]}},{"type":"Feature","id":"892a847a17bffff","properties":{"cell_id":"892a847a17bffff","h3_res":9,"building_count":62,"poi_count_sum":0,"conn_dist_median_ft":20159.188894288694,"total_crossings_mean":19.193548387096776,"clipped_area_frac":0.28368953837804967,"clon":-80.072823,"clat":40.413751},"geometry":{"type":"Polygon","coordinates":[[[-80.07507886521879,40.4144541872105],[-80.07311745556096,40.41549508506409],[-80.07215093155776,40.41519385566467],[-80.072164,40.415169],[-80.07224,40.415029],[-80.072283,40.41495],[-80.072315,40.41489],[-80.072391,40.414776],[-80.072461,40.414673],[-80.072631,40.414448],[-80.072765,40.414291],[-80.072808,40.414242],[-80.072908,40.414144],[-80.072948,40.414105],[-80.073122,40.413958],[-80.073289,40.413824],[-80.073508,40.413653],[-80.073767,40.413463],[-80.073862,40.413399],[-80.073949,40.413467],[-80.07421,40.413671],[-80.074297,40.413739],[-80.07432,40.413721],[-80.074522,40.413873],[-80.074672,40.413984],[-80.075039,40.414256],[-80.07504470989596,40.414251990924114],[-80.07507886521879,40.4144541872105]]]}},{"type":"Feature","id":"892a847a14fffff","properties":{"cell_id":"892a847a14fffff","h3_res":9,"building_count":155,"poi_count_sum":5,"conn_dist_median_ft":19842.643535121097,"total_crossings_mean":19.54193548387097,"clipped_area_frac":0.9733378719407623,"clon":-80.075373,"clat":40.416198},"geometry":{"type":"Polygon","coordinates":[[[-80.07566810129299,40.41794213567712],[-80.07341199700778,40.417239069669044],[-80.07311745556096,40.41549508506409],[-80.07507886521879,40.4144541872105],[-80.07575905700637,40.4146661479346],[-80.075831,40.41472],[-80.075854,40.414702],[-80.07585984073707,40.41469755406582],[-80.07606298021217,40.41476085619769],[-80.076279,40.414928],[-80.076672,40.415233],[-80.076748,40.415175],[-80.076765,40.415165],[-80.076797,40.415185],[-80.07715,40.415441],[-80.077178,40.415416],[-80.077199,40.415413],[-80.077226,40.415392],[-80.077245,40.415373],[-80.077258,40.415359],[-80.077297,40.415321],[-80.077311,40.415308],[-80.0773526353277,40.41526239940299],[-80.0776273445578,40.416888092337054],[-80.077504,40.416939],[-80.077156,40.41709],[-80.076675,40.417379],[-80.0765339101488,40.417482636908886],[-80.07566810129299,40.41794213567712]]]}},{"type":"Feature","id":"892a847a3b7ffff","properties":{"cell_id":"892a847a3b7ffff","h3_res":9,"building_count":2,"poi_count_sum":0,"conn_dist_median_ft":20414.61065259939,"total_crossings_mean":19.0,"clipped_area_frac":0.009925857507883863,"clon":-80.07704,"clat":40.413413},"geometry":{"type":"MultiPolygon","coordinates":[[[[-80.07507886521879,40.4144541872105],[-80.07504470989596,40.414251990924114],[-80.075133,40.41419],[-80.075434,40.414423],[-80.075489,40.414464],[-80.07575905700637,40.4146661479346],[-80.07507886521879,40.4144541872105]]],[[[-80.07585984073707,40.41469755406582],[-80.075921,40.414651],[-80.07606298021217,40.41476085619769],[-80.07585984073707,40.41469755406582]]]]}},{"type":"Feature","id":"892a847a143ffff","properties":{"cell_id":"892a847a143ffff","h3_res":9,"building_count":43,"poi_count_sum":8,"conn_dist_median_ft":19160.415641686723,"total_crossings_mean":19.651162790697676,"clipped_area_frac":0.9182122240157403,"clon":-80.073707,"clat":40.418983},"geometry":{"type":"Polygon","coordinates":[[[-80.07400114516163,40.420727151778266],[-80.07174492972784,40.42002403021435],[-80.07145043225152,40.41827997879005],[-80.07341199700778,40.417239069669044],[-80.07566810129299,40.41794213567712],[-80.0757492402028,40.41842239504976],[-80.075127,40.419476],[-80.074803,40.420124],[-80.07479000568242,40.420308519309714],[-80.07400114516163,40.420727151778266]]]}},{"type":"Feature","id":"892a847a10bffff","properties":{"cell_id":"892a847a10bffff","h3_res":9,"building_count":5,"poi_count_sum":1,"conn_dist_median_ft":18435.15894742995,"total_crossings_mean":19.8,"clipped_area_frac":0.5193173453374315,"clon":-80.066938,"clat":40.416874},"geometry":{"type":"Polygon","coordinates":[[[-80.06919436810502,40.41757682701059],[-80.06723269030387,40.418617671092576],[-80.06631774675262,40.41833246904431],[-80.066148,40.41773],[-80.066096,40.417499],[-80.066091,40.417366],[-80.0661,40.417301],[-80.066113,40.417257],[-80.066123,40.417228],[-80.066168,40.417146],[-80.06638,40.416865],[-80.06643,40.416776],[-80.066507,40.416706],[-80.066552,40.416665],[-80.066654,40.416598],[-80.066818,40.416492],[-80.066956,40.416411],[-80.067123,40.416313],[-80.067282,40.416221],[-80.067384,40.416181],[-80.067663,40.416087],[-80.067929,40.416028],[-80.068046,40.416003],[-80.068413,40.415965],[-80.068737,40.415941],[-80.06891637287117,40.415929936706135],[-80.06919436810502,40.41757682701059]]]}},{"type":"Feature","id":"892a847a157ffff","properties":{"cell_id":"892a847a157ffff","h3_res":9,"building_count":4,"poi_count_sum":4,"conn_dist_median_ft":17988.98917411828,"total_crossings_mean":19.75,"clipped_area_frac":0.9999999999999998,"clon":-80.069489,"clat":40.419321},"geometry":{"type":"Polygon","coordinates":[[[-80.06752703457317,40.42036174324636],[-80.06723269030387,40.418617671092576],[-80.06919436810502,40.41757682701059],[-80.07145043225152,40.41827997879005],[-80.07174492972784,40.42002403021435],[-80.0697832098534,40.42106495059122],[-80.06752703457317,40.42036174324636]]]}},{"type":"Feature","id":"892a847acc3ffff","properties":{"cell_id":"892a847acc3ffff","h3_res":9,"building_count":42,"poi_count_sum":0,"conn_dist_median_ft":3103.0768478242844,"total_crossings_mean":2.3333333333333335,"clipped_area_frac":0.3278080444895363,"clon":-80.048305,"clat":40.407759},"geometry":{"type":"Polygon","coordinates":[[[-80.04634372328772,40.40879926321697],[-80.04605023115997,40.40705538030029],[-80.04801192425653,40.40601504770158],[-80.04857839791678,40.40619174807519],[-80.048538,40.406256],[-80.048303,40.406637],[-80.048025,40.407096],[-80.047909,40.407278],[-80.047599,40.40778],[-80.047495,40.407946],[-80.047333,40.408205],[-80.047185,40.408445],[-80.047082,40.408612],[-80.046999,40.408745],[-80.046911,40.408889],[-80.04686615370679,40.40896223002308],[-80.04634372328772,40.40879926321697]]]}},{"type":"Feature","id":"892a847acc7ffff","properties":{"cell_id":"892a847acc7ffff","h3_res":9,"building_count":122,"poi_count_sum":0,"conn_dist_median_ft":2876.7356567738043,"total_crossings_mean":0.6475409836065574,"clipped_area_frac":0.9999999999999998,"clon":-80.045757,"clat":40.405312},"geometry":{"type":"Polygon","coordinates":[[[-80.04379504403954,40.406351820535676],[-80.04350166099339,40.404607983781375],[-80.0454633119135,40.403567727442876],[-80.04771838805894,40.40427123160103],[-80.04801192425653,40.40601504770158],[-80.04605023115997,40.40705538030029],[-80.04379504403954,40.406351820535676]]]}},{"type":"Feature","id":"892a847ac8bffff","properties":{"cell_id":"892a847ac8bffff","h3_res":9,"building_count":90,"poi_count_sum":3,"conn_dist_median_ft":2279.15941102946,"total_crossings_mean":1.5666666666666667,"clipped_area_frac":1.0,"clon":-80.04154,"clat":40.405648},"geometry":{"type":"Polygon","coordinates":[[[-80.03957809124736,40.40668844260604],[-80.03928486136115,40.40494458521042],[-80.0412466251329,40.40390439392545],[-80.04350166099339,40.404607983781375],[-80.04379504403954,40.406351820535676],[-80.04183323806797,40.40739208807796],[-80.03957809124736,40.40668844260604]]]}},{"type":"Feature","id":"892a847accfffff","properties":{"cell_id":"892a847accfffff","h3_res":9,"building_count":45,"poi_count_sum":0,"conn_dist_median_ft":2957.4010116481722,"total_crossings_mean":0.0,"clipped_area_frac":0.33894215762837915,"clon":-80.049974,"clat":40.404975},"geometry":{"type":"Polygon","coordinates":[[[-80.04801192425653,40.40601504770158],[-80.04771838805894,40.40427123160103],[-80.04967992610976,40.40323091021958],[-80.05028983070629,40.403421152350916],[-80.050226,40.403525],[-80.049939,40.403913],[-80.049862,40.404018],[-80.049851,40.404064],[-80.049854,40.404127],[-80.048721,40.405961],[-80.048643,40.406089],[-80.04857839791678,40.40619174807519],[-80.04801192425653,40.40601504770158]]]}},{"type":"Feature","id":"892a847ac1bffff","properties":{"cell_id":"892a847ac1bffff","h3_res":9,"building_count":127,"poi_count_sum":1,"conn_dist_median_ft":1874.2561304757958,"total_crossings_mean":0.0,"clipped_area_frac":1.0,"clon":-80.047425,"clat":40.402527},"geometry":{"type":"Polygon","coordinates":[[[-80.0454633119135,40.403567727442876],[-80.04516988479001,40.40182395750641],[-80.0471313806784,40.40078371238325],[-80.04938634585544,40.40148716094084],[-80.04967992610976,40.40323091021958],[-80.04771838805894,40.40427123160103],[-80.0454633119135,40.403567727442876]]]}},{"type":"Feature","id":"892a847ac13ffff","properties":{"cell_id":"892a847ac13ffff","h3_res":9,"building_count":88,"poi_count_sum":16,"conn_dist_median_ft":2335.310873509,"total_crossings_mean":0.375,"clipped_area_frac":1.0,"clon":-80.043208,"clat":40.402864},"geometry":{"type":"Polygon","coordinates":[[[-80.0412466251329,40.40390439392545],[-80.04095335114876,40.402160603343724],[-80.04291495988305,40.4011204232606],[-80.04516988479001,40.40182395750641],[-80.0454633119135,40.403567727442876],[-80.04350166099339,40.404607983781375],[-80.0412466251329,40.40390439392545]]]}},{"type":"Feature","id":"892a847ac17ffff","properties":{"cell_id":"892a847ac17ffff","h3_res":9,"building_count":38,"poi_count_sum":7,"conn_dist_median_ft":918.3036176993504,"total_crossings_mean":0.9473684210526315,"clipped_area_frac":0.4271092207931456,"clon":-80.04066,"clat":40.400417},"geometry":{"type":"Polygon","coordinates":[[[-80.04262164181408,40.39937669949843],[-80.04291495988305,40.4011204232606],[-80.04095335114876,40.402160603343724],[-80.03937065114731,40.4016667336076],[-80.039764,40.401319],[-80.039818,40.401279],[-80.0399,40.401214],[-80.040446,40.400844],[-80.040815,40.400594],[-80.041151,40.400368],[-80.042022,40.399778],[-80.042078,40.399746],[-80.042028,40.399676],[-80.041964,40.399587],[-80.041941,40.399556],[-80.041875,40.399463],[-80.041853,40.399433],[-80.041937,40.399386],[-80.04246415402149,40.39932755807351],[-80.04262164181408,40.39937669949843]]]}},{"type":"Feature","id":"892a847ac03ffff","properties":{"cell_id":"892a847ac03ffff","h3_res":9,"building_count":67,"poi_count_sum":35,"conn_dist_median_ft":701.5980306373847,"total_crossings_mean":0.029850746268656716,"clipped_area_frac":0.7938524944892427,"clon":-80.044876,"clat":40.40008},"geometry":{"type":"Polygon","coordinates":[[[-80.0471313806784,40.40078371238325],[-80.04516988479001,40.40182395750641],[-80.04291495988305,40.4011204232606],[-80.04262164181408,40.39937669949843],[-80.04278042660798,40.39929249511563],[-80.044625,40.399088],[-80.044743,40.399075],[-80.044882,40.39906],[-80.045051,40.399041],[-80.045747,40.399367],[-80.04699189798744,40.39995495503804],[-80.0471313806784,40.40078371238325]]]}},{"type":"Feature","id":"892a847ac0bffff","properties":{"cell_id":"892a847ac0bffff","h3_res":9,"building_count":16,"poi_count_sum":0,"conn_dist_median_ft":1413.796393911597,"total_crossings_mean":0.0,"clipped_area_frac":0.1290902241510465,"clon":-80.049093,"clat":40.399743},"geometry":{"type":"Polygon","coordinates":[[[-80.04938634585544,40.40148716094084],[-80.0471313806784,40.40078371238325],[-80.04699189798744,40.39995495503804],[-80.048544,40.400688],[-80.048654,40.400746],[-80.048888,40.400855],[-80.049593,40.401184],[-80.04978684675157,40.401274736777324],[-80.04938634585544,40.40148716094084]]]}},{"type":"Feature","id":"892a847ac57ffff","properties":{"cell_id":"892a847ac57ffff","h3_res":9,"building_count":18,"poi_count_sum":0,"conn_dist_median_ft":3625.786778077969,"total_crossings_mean":0.0,"clipped_area_frac":0.2091127580302632,"clon":-80.051641,"clat":40.402191},"geometry":{"type":"Polygon","coordinates":[[[-80.04967992610976,40.40323091021958],[-80.04938634585544,40.40148716094084],[-80.04978684675157,40.401274736777324],[-80.049828,40.401294],[-80.049877,40.401307],[-80.050142,40.401431],[-80.050163,40.401441],[-80.050965,40.401844],[-80.051065,40.401889],[-80.051091,40.401901],[-80.051202,40.401943],[-80.050837,40.402532],[-80.050486,40.403102],[-80.05028983070629,40.403421152350916],[-80.04967992610976,40.40323091021958]]]}},{"type":"Feature","id":"892a847adb7ffff","properties":{"cell_id":"892a847adb7ffff","h3_res":9,"building_count":34,"poi_count_sum":1,"conn_dist_median_ft":3175.531026541325,"total_crossings_mean":0.0,"clipped_area_frac":0.613374380743034,"clon":-80.011854,"clat":40.38151},"geometry":{"type":"Polygon","coordinates":[[[-80.0121460511288,40.383253281529285],[-80.0098924569987,40.382549250341825],[-80.00962703195776,40.38096443380726],[-80.009917,40.380933],[-80.010028,40.380921],[-80.010382,40.380442],[-80.011163,40.380601],[-80.012579,40.380889],[-80.013139,40.382707],[-80.01314379954118,40.38272455260779],[-80.01282777643567,40.382892020231566],[-80.01233,40.382974],[-80.012316,40.383029],[-80.012436,40.383047],[-80.01251408018814,40.383058254801895],[-80.0121460511288,40.383253281529285]]]}},{"type":"Feature","id":"892a8471e7bffff","properties":{"cell_id":"892a8471e7bffff","h3_res":9,"building_count":39,"poi_count_sum":5,"conn_dist_median_ft":2871.1245381455237,"total_crossings_mean":0.02564102564102564,"clipped_area_frac":0.47234660732695016,"clon":-80.007639,"clat":40.381845},"geometry":{"type":"Polygon","coordinates":[[[-80.0098924569987,40.382549250341825],[-80.00793084821683,40.3835886254413],[-80.0069146712903,40.38327112369563],[-80.007188,40.383178],[-80.007622,40.38303],[-80.007676,40.383012],[-80.007658,40.382954],[-80.007597,40.382757],[-80.007405,40.382129],[-80.007223,40.38169],[-80.007212,40.381666],[-80.007158,40.381531],[-80.007167,40.381501],[-80.00719,40.381432],[-80.00731,40.381042],[-80.007356,40.380898],[-80.007461,40.380983],[-80.007495,40.381011],[-80.007522,40.381033],[-80.007604,40.381099],[-80.007632,40.381122],[-80.007685,40.38113],[-80.007695,40.381122],[-80.007884,40.380959],[-80.008001,40.380902],[-80.008069,40.380882],[-80.008135,40.380874],[-80.008203,40.380878],[-80.008267,40.380892],[-80.0083,40.380907],[-80.008646,40.381054],[-80.008842,40.381138],[-80.008891,40.381145],[-80.008948,40.381137],[-80.008975,40.381125],[-80.008989,40.381113],[-80.009008,40.381097],[-80.009028,40.381062],[-80.009027,40.381016],[-80.009096,40.381022],[-80.00962703195776,40.38096443380726],[-80.0098924569987,40.382549250341825]]]}},{"type":"Feature","id":"892a8471a9bffff","properties":{"cell_id":"892a8471a9bffff","h3_res":9,"building_count":27,"poi_count_sum":1,"conn_dist_median_ft":1195.9619519079042,"total_crossings_mean":0.0,"clipped_area_frac":0.3777084190008428,"clon":-80.004218,"clat":40.374168},"geometry":{"type":"Polygon","coordinates":[[[-80.00647145630971,40.37487177855351],[-80.00451008711211,40.375910990097566],[-80.00225694649187,40.375206869199666],[-80.00217010251693,40.37468779667477],[-80.002274,40.374666],[-80.002384,40.374642],[-80.002716,40.374569],[-80.002827,40.374546],[-80.002878,40.374535],[-80.003017,40.374516],[-80.003192,40.374488],[-80.003772,40.374393],[-80.004018,40.374108],[-80.004125,40.373981],[-80.004144,40.373982],[-80.004479,40.374175],[-80.004545,40.374213],[-80.00457,40.374218],[-80.004678,40.374289],[-80.004913,40.374424],[-80.004977,40.374461],[-80.005015,40.374474],[-80.005372,40.374597],[-80.005554,40.37466],[-80.005606,40.374678],[-80.005979,40.374739],[-80.00646274659724,40.37481974790061],[-80.00647145630971,40.37487177855351]]]}},{"type":"Feature","id":"892a8471e67ffff","properties":{"cell_id":"892a8471e67ffff","h3_res":9,"building_count":67,"poi_count_sum":13,"conn_dist_median_ft":716.0139739268984,"total_crossings_mean":0.0,"clipped_area_frac":0.9999999999999998,"clon":-80.002549,"clat":40.37695},"geometry":{"type":"Polygon","coordinates":[[[-80.00058708128323,40.37798935929693],[-80.00029546475811,40.37624601570385],[-80.00225694649187,40.375206869199666],[-80.00451008711211,40.375910990097566],[-80.00480185666869,40.37765431317577],[-80.00284033257626,40.37869353587354],[-80.00058708128323,40.37798935929693]]]}},{"type":"Feature","id":"892a8471a93ffff","properties":{"cell_id":"892a8471a93ffff","h3_res":9,"building_count":10,"poi_count_sum":0,"conn_dist_median_ft":1203.3918590111894,"total_crossings_mean":0.0,"clipped_area_frac":0.10770153885653817,"clon":-80.000004,"clat":40.374503},"geometry":{"type":"Polygon","coordinates":[[[-80.00225694649187,40.375206869199666],[-80.00029546475811,40.37624601570385],[-80.0001241312261,40.37619246540762],[-80.000259,40.376036],[-80.000282,40.376017],[-80.000351,40.375915],[-80.000557,40.37561],[-80.000627,40.375509],[-80.000789,40.375384],[-80.001276,40.375011],[-80.001439,40.374887],[-80.00157,40.374846],[-80.001586,40.374841],[-80.001708,40.374801],[-80.001746,40.37479],[-80.001972,40.374731],[-80.002131,40.374696],[-80.00217010251693,40.37468779667477],[-80.00225694649187,40.375206869199666]]]}},{"type":"Feature","id":"892a8471e6fffff","properties":{"cell_id":"892a8471e6fffff","h3_res":9,"building_count":3,"poi_count_sum":3,"conn_dist_median_ft":362.9321269809995,"total_crossings_mean":0.0,"clipped_area_frac":0.20213725396971335,"clon":-80.006763,"clat":40.376615},"geometry":{"type":"Polygon","coordinates":[[[-80.00480185666869,40.37765431317577],[-80.00451008711211,40.375910990097566],[-80.00647145630971,40.37487177855351],[-80.00663775835679,40.37492374176175],[-80.00625,40.375306],[-80.006191,40.375399],[-80.006136,40.37549],[-80.005875,40.375989],[-80.005689,40.376613],[-80.005361,40.377133],[-80.004869,40.377627],[-80.0048253346822,40.37766164940198],[-80.00480185666869,40.37765431317577]]]}},{"type":"Feature","id":"892a8471e77ffff","properties":{"cell_id":"892a8471e77ffff","h3_res":9,"building_count":39,"poi_count_sum":6,"conn_dist_median_ft":1752.6892400519864,"total_crossings_mean":0.2564102564102564,"clipped_area_frac":0.8861929650363114,"clon":-80.000879,"clat":40.379733},"geometry":{"type":"Polygon","coordinates":[[[-80.00117037890475,40.381476159616504],[-79.9989170169324,40.38077192735528],[-79.998625444649,40.37902851694133],[-80.00058708128323,40.37798935929693],[-80.00284033257626,40.37869353587354],[-80.00288741932016,40.378974932598204],[-80.00222,40.379287],[-80.001792,40.379646],[-80.001728,40.379699],[-80.001784,40.379741],[-80.001824,40.379779],[-80.002167,40.380094],[-80.0027556849641,40.38063631594296],[-80.00117037890475,40.381476159616504]]]}},{"type":"Feature","id":"892a8471e73ffff","properties":{"cell_id":"892a8471e73ffff","h3_res":9,"building_count":46,"poi_count_sum":0,"conn_dist_median_ft":2790.961806766073,"total_crossings_mean":1.0,"clipped_area_frac":0.6092535364424053,"clon":-80.003424,"clat":40.38218},"geometry":{"type":"Polygon","coordinates":[[[-80.00371557318093,40.383923818704176],[-80.00146206000593,40.3832196163387],[-80.00117037890475,40.381476159616504],[-80.0027556849641,40.38063631594296],[-80.003335,40.38117],[-80.003653,40.382041],[-80.004413,40.382998],[-80.0047255784324,40.3833887230405],[-80.00371557318093,40.383923818704176]]]}},{"type":"Feature","id":"892a8471e0fffff","properties":{"cell_id":"892a8471e0fffff","h3_res":9,"building_count":101,"poi_count_sum":18,"conn_dist_median_ft":1959.6681049901529,"total_crossings_mean":1.00990099009901,"clipped_area_frac":1.0,"clon":-79.999209,"clat":40.382515},"geometry":{"type":"Polygon","coordinates":[[[-79.99724675340659,40.383554573357486],[-79.99695522537802,40.38181109612836],[-79.9989170169324,40.38077192735528],[-80.00117037890475,40.381476159616504],[-80.00146206000593,40.3832196163387],[-79.99950022606484,40.38425886130919],[-79.99724675340659,40.383554573357486]]]}},{"type":"Feature","id":"892a8471e23ffff","properties":{"cell_id":"892a8471e23ffff","h3_res":9,"building_count":60,"poi_count_sum":2,"conn_dist_median_ft":3082.627927833285,"total_crossings_mean":1.5333333333333334,"clipped_area_frac":0.618482444820772,"clon":-79.994119,"clat":40.37762},"geometry":{"type":"Polygon","coordinates":[[[-79.99608077038383,40.37658089070383],[-79.996372233869,40.37832425479938],[-79.99441048471066,40.37936334737984],[-79.99224870933716,40.37868756998123],[-79.992389,40.378658],[-79.992506,40.378634],[-79.992796,40.378609],[-79.992901,40.378604],[-79.993147,40.378501],[-79.993194,40.378477],[-79.993435,40.378373],[-79.993508,40.378343],[-79.99358,40.378321],[-79.993707,40.378039],[-79.993717,40.378011],[-79.993958,40.377409],[-79.994058,40.377146],[-79.994079,40.377062],[-79.994095,40.377003],[-79.99411,40.376926],[-79.994132,40.376728],[-79.994111,40.376579],[-79.994092,40.376432],[-79.994034,40.376136],[-79.994016,40.376042],[-79.994012,40.375988],[-79.99401,40.375973],[-79.99400712006342,40.375932680887814],[-79.99608077038383,40.37658089070383]]]}},{"type":"Feature","id":"892a8471e2bffff","properties":{"cell_id":"892a8471e2bffff","h3_res":9,"building_count":1,"poi_count_sum":0,"conn_dist_median_ft":3032.680811239071,"total_crossings_mean":0.0,"clipped_area_frac":0.7711175494005219,"clon":-79.998334,"clat":40.377285},"geometry":{"type":"Polygon","coordinates":[[[-80.00029546475811,40.37624601570385],[-80.00058708128323,40.37798935929693],[-79.998625444649,40.37902851694133],[-79.996372233869,40.37832425479938],[-79.99608077038383,40.37658089070383],[-79.99690458078217,40.37614450784568],[-79.996919,40.376148],[-79.997177,40.376222],[-79.997216,40.376233],[-79.997943,40.376442],[-79.998051,40.376472],[-79.998279,40.376658],[-79.999123,40.377344],[-79.999204,40.37726],[-79.999433,40.376996],[-79.999647,40.376746],[-80.0001241312261,40.37619246540762],[-80.00029546475811,40.37624601570385]]]}},{"type":"Feature","id":"892a8471e3bffff","properties":{"cell_id":"892a8471e3bffff","h3_res":9,"building_count":90,"poi_count_sum":0,"conn_dist_median_ft":2236.5120492399046,"total_crossings_mean":0.08888888888888889,"clipped_area_frac":1.0,"clon":-79.996664,"clat":40.380068},"geometry":{"type":"Polygon","coordinates":[[[-79.99470190393357,40.38110677829228],[-79.99441048471066,40.37936334737984],[-79.996372233869,40.37832425479938],[-79.998625444649,40.37902851694133],[-79.9989170169324,40.38077192735528],[-79.99695522537802,40.38181109612836],[-79.99470190393357,40.38110677829228]]]}},{"type":"Feature","id":"892a8471e07ffff","properties":{"cell_id":"892a8471e07ffff","h3_res":9,"building_count":44,"poi_count_sum":21,"conn_dist_median_ft":1112.7485006915726,"total_crossings_mean":0.0,"clipped_area_frac":1.0,"clon":-79.994993,"clat":40.38285},"geometry":{"type":"Polygon","coordinates":[[[-79.99303137479698,40.383889379711576],[-79.99273999984943,40.38214588198792],[-79.99470190393357,40.38110677829228],[-79.99695522537802,40.38181109612836],[-79.99724675340659,40.383554573357486],[-79.99528480691238,40.38459375324765],[-79.99303137479698,40.383889379711576]]]}},{"type":"Feature","id":"892a8471e33ffff","properties":{"cell_id":"892a8471e33ffff","h3_res":9,"building_count":150,"poi_count_sum":5,"conn_dist_median_ft":1689.0092230973555,"total_crossings_mean":0.10666666666666667,"clipped_area_frac":0.9994833484917778,"clon":-79.992449,"clat":40.380402},"geometry":{"type":"Polygon","coordinates":[[[-79.99441048471066,40.37936334737984],[-79.99470190393357,40.38110677829228],[-79.99273999984943,40.38214588198792],[-79.99048671895905,40.38144147857886],[-79.99019545280501,40.379698027180346],[-79.99200728709496,40.378738456127365],[-79.99224870933716,40.37868756998123],[-79.99441048471066,40.37936334737984]]]}},{"type":"Feature","id":"892a8471eabffff","properties":{"cell_id":"892a8471eabffff","h3_res":9,"building_count":115,"poi_count_sum":1,"conn_dist_median_ft":2486.7026252394176,"total_crossings_mean":0.0,"clipped_area_frac":1.0,"clon":-79.990778,"clat":40.383185},"geometry":{"type":"Polygon","coordinates":[[[-79.98881592422089,40.38422403539222],[-79.98852470236281,40.38248051718649],[-79.99048671895905,40.38144147857886],[-79.99273999984943,40.38214588198792],[-79.99303137479698,40.383889379711576],[-79.99106931576736,40.3849284945108],[-79.98881592422089,40.38422403539222]]]}},{"type":"Feature","id":"892a8471e37ffff","properties":{"cell_id":"892a8471e37ffff","h3_res":9,"building_count":8,"poi_count_sum":1,"conn_dist_median_ft":2736.479200715041,"total_crossings_mean":0.0,"clipped_area_frac":0.23201342145316323,"clon":-79.989904,"clat":40.377955},"geometry":{"type":"Polygon","coordinates":[[[-79.99019545280501,40.379698027180346],[-79.98794232312939,40.3789935939133],[-79.98781489773546,40.37823059049261],[-79.989584,40.378635],[-79.989667,40.378655],[-79.990117,40.378763],[-79.990226,40.378789],[-79.991127,40.378924],[-79.99200728709496,40.378738456127365],[-79.99019545280501,40.379698027180346]]]}},{"type":"Feature","id":"892a8471e2fffff","properties":{"cell_id":"892a8471e2fffff","h3_res":9,"building_count":3,"poi_count_sum":0,"conn_dist_median_ft":3413.587102529852,"total_crossings_mean":0.0,"clipped_area_frac":0.11393033981071551,"clon":-79.995789,"clat":40.374838},"geometry":{"type":"Polygon","coordinates":[[[-79.99608077038383,40.37658089070383],[-79.99400712006342,40.375932680887814],[-79.994007,40.375931],[-79.994006,40.375917],[-79.994003,40.375903],[-79.994002,40.375886],[-79.994002,40.375873],[-79.993999,40.375839],[-79.994064,40.375819],[-79.994401,40.375718],[-79.994514,40.375707],[-79.994945,40.375666],[-79.996663,40.376086],[-79.99690458078217,40.37614450784568],[-79.99608077038383,40.37658089070383]]]}},{"type":"Feature","id":"892a84718dbffff","properties":{"cell_id":"892a84718dbffff","h3_res":9,"building_count":4,"poi_count_sum":0,"conn_dist_median_ft":3882.8131111137054,"total_crossings_mean":0.0,"clipped_area_frac":0.3709847435490114,"clon":-79.985689,"clat":40.378289},"geometry":{"type":"Polygon","coordinates":[[[-79.98794232312939,40.3789935939133],[-79.98598034897584,40.380032556334164],[-79.98475153116463,40.37964831707405],[-79.984828,40.37955],[-79.984875,40.379489],[-79.984917,40.379434],[-79.984991,40.379338],[-79.985218,40.378962],[-79.985306,40.378813],[-79.985329,40.378794],[-79.985341,40.378778],[-79.985434,40.37866],[-79.985465,40.378621],[-79.985505,40.378568],[-79.985626,40.378413],[-79.985667,40.378361],[-79.985725,40.378286],[-79.98582,40.378241],[-79.986032,40.377822],[-79.986228,40.377868],[-79.986356,40.377897],[-79.986993,40.378043],[-79.987248,40.378101],[-79.98781489773546,40.37823059049261],[-79.98794232312939,40.3789935939133]]]}},{"type":"Feature","id":"892a8471eafffff","properties":{"cell_id":"892a8471eafffff","h3_res":9,"building_count":33,"poi_count_sum":0,"conn_dist_median_ft":2859.8981059575885,"total_crossings_mean":0.0,"clipped_area_frac":1.0,"clon":-79.988234,"clat":40.380737},"geometry":{"type":"Polygon","coordinates":[[[-79.98627146205256,40.381776028206275],[-79.98598034897584,40.380032556334164],[-79.98794232312939,40.3789935939133],[-79.99019545280501,40.379698027180346],[-79.99048671895905,40.38144147857886],[-79.98852470236281,40.38248051718649],[-79.98627146205256,40.381776028206275]]]}},{"type":"Feature","id":"892a8471ea3ffff","properties":{"cell_id":"892a8471ea3ffff","h3_res":9,"building_count":132,"poi_count_sum":1,"conn_dist_median_ft":3133.007811675626,"total_crossings_mean":0.0,"clipped_area_frac":1.0,"clon":-79.986563,"clat":40.38352},"geometry":{"type":"Polygon","coordinates":[[[-79.98460040172215,40.38455854039073],[-79.98430933296193,40.38281500171536],[-79.98627146205256,40.381776028206275],[-79.98852470236281,40.38248051718649],[-79.98881592422089,40.38422403539222],[-79.98685375267355,40.38526308508995],[-79.98460040172215,40.38455854039073]]]}},{"type":"Feature","id":"892a8471ea7ffff","properties":{"cell_id":"892a8471ea7ffff","h3_res":9,"building_count":75,"poi_count_sum":0,"conn_dist_median_ft":2603.953576787398,"total_crossings_mean":0.0,"clipped_area_frac":0.6857205321817534,"clon":-79.984018,"clat":40.381072},"geometry":{"type":"Polygon","coordinates":[[[-79.98598034897584,40.380032556334164],[-79.98627146205256,40.381776028206275],[-79.98430933296193,40.38281500171536],[-79.98205613325793,40.382110427165884],[-79.98181808477558,40.380683991515674],[-79.981919,40.380651],[-79.981947,40.380642],[-79.982253,40.380988],[-79.982754,40.381487],[-79.983342,40.381516],[-79.984506,40.379975],[-79.98473,40.379676],[-79.98475153116463,40.37964831707405],[-79.98598034897584,40.380032556334164]]]}},{"type":"Feature","id":"892a8471c6bffff","properties":{"cell_id":"892a8471c6bffff","h3_res":9,"building_count":113,"poi_count_sum":0,"conn_dist_median_ft":2613.28827394501,"total_crossings_mean":0.0,"clipped_area_frac":0.5249123519213666,"clon":-79.979803,"clat":40.381406},"geometry":{"type":"Polygon","coordinates":[[[-79.98205613325793,40.382110427165884],[-79.98009389169059,40.38314933556582],[-79.97784073261892,40.38244467544895],[-79.9777311665246,40.38178777945373],[-79.977772,40.381809],[-79.977854,40.381833],[-79.978028,40.381847],[-79.978378,40.381778],[-79.978409,40.38177],[-79.978723,40.381697],[-79.978747,40.381691],[-79.97882,40.381673],[-79.978845,40.381668],[-79.978928,40.381649],[-79.9791,40.381595],[-79.979262,40.381545],[-79.979856,40.381344],[-79.980108,40.381259],[-79.980475,40.381135],[-79.981578,40.380763],[-79.981763,40.380702],[-79.98181808477558,40.380683991515674],[-79.98205613325793,40.382110427165884]]]}},{"type":"Feature","id":"892a8471eb7ffff","properties":{"cell_id":"892a8471eb7ffff","h3_res":9,"building_count":158,"poi_count_sum":1,"conn_dist_median_ft":1267.2551048235373,"total_crossings_mean":0.0,"clipped_area_frac":1.0,"clon":-79.982347,"clat":40.383854},"geometry":{"type":"Polygon","coordinates":[[[-79.9803848073445,40.3848928946984],[-79.98009389169059,40.38314933556582],[-79.98205613325793,40.382110427165884],[-79.98430933296193,40.38281500171536],[-79.98460040172215,40.38455854039073],[-79.98263811767475,40.38559752497642],[-79.9803848073445,40.3848928946984]]]}},{"type":"Feature","id":"892a8471c63ffff","properties":{"cell_id":"892a8471c63ffff","h3_res":9,"building_count":10,"poi_count_sum":6,"conn_dist_median_ft":2780.764141598233,"total_crossings_mean":0.0,"clipped_area_frac":0.1648995824821438,"clon":-79.975588,"clat":40.38174},"geometry":{"type":"Polygon","coordinates":[[[-79.97784073261892,40.38244467544895],[-79.97690127693402,40.38294201039069],[-79.976845,40.382844],[-79.976776,40.382703],[-79.976722,40.382594],[-79.976611,40.382349],[-79.976579,40.382278],[-79.976516,40.382136],[-79.976441,40.381968],[-79.976217,40.381467],[-79.976153,40.381325],[-79.976142,40.381301],[-79.976264,40.381267],[-79.976425,40.381223],[-79.976632,40.381171],[-79.976755,40.381141],[-79.977245,40.381283],[-79.977376,40.381321],[-79.977507,40.381575],[-79.977527,40.381617],[-79.977645,40.381743],[-79.9777311665246,40.38178777945373],[-79.97784073261892,40.38244467544895]]]}},{"type":"Feature","id":"892a8471c7bffff","properties":{"cell_id":"892a8471c7bffff","h3_res":9,"building_count":150,"poi_count_sum":39,"conn_dist_median_ft":2077.299595843186,"total_crossings_mean":0.07333333333333333,"clipped_area_frac":0.7775858733892235,"clon":-79.978132,"clat":40.384188},"geometry":{"type":"Polygon","coordinates":[[[-79.97784073261892,40.38244467544895],[-79.98009389169059,40.38314933556582],[-79.9803848073445,40.3848928946984],[-79.97842241081479,40.385931814161474],[-79.97651548308352,40.385335417637535],[-79.97657,40.385272],[-79.976702,40.385121],[-79.97687,40.384936],[-79.976924,40.384879],[-79.97697,40.384824],[-79.977067,40.384717],[-79.977277,40.384489],[-79.977357,40.384393],[-79.977451,40.384283],[-79.977495,40.384235],[-79.97765,40.384143],[-79.977485,40.383896],[-79.97731,40.383611],[-79.977214,40.383458],[-79.977009,40.38313],[-79.976934,40.382999],[-79.97690127693402,40.38294201039069],[-79.97784073261892,40.38244467544895]]]}},{"type":"Feature","id":"892a8471d87ffff","properties":{"cell_id":"892a8471d87ffff","h3_res":9,"building_count":1,"poi_count_sum":1,"conn_dist_median_ft":5172.62505304725,"total_crossings_mean":5.0,"clipped_area_frac":0.30677617560610265,"clon":-79.940126,"clat":40.373946},"geometry":{"type":"Polygon","coordinates":[[[-79.94041491818372,40.37568989450372],[-79.93816264951357,40.37498451658095],[-79.93801187277067,40.37407586037941],[-79.9381,40.374069],[-79.939439,40.373941],[-79.940452,40.37456],[-79.940625,40.374666],[-79.940651,40.374682],[-79.940721,40.374725],[-79.940872,40.374817],[-79.940921,40.374853],[-79.941042,40.374922],[-79.941311,40.375088],[-79.9414,40.375144],[-79.94142216959769,40.37515716319862],[-79.94041491818372,40.37568989450372]]]}},{"type":"Feature","id":"892a8471d97ffff","properties":{"cell_id":"892a8471d97ffff","h3_res":9,"building_count":21,"poi_count_sum":2,"conn_dist_median_ft":4226.9070040832585,"total_crossings_mean":4.809523809523809,"clipped_area_frac":1.0,"clon":-79.938452,"clat":40.376728},"geometry":{"type":"Polygon","coordinates":[[[-79.936488935509,40.377766135736216],[-79.93619967952944,40.37602259912705],[-79.93816264951357,40.37498451658095],[-79.94041491818372,40.37568989450372],[-79.940704327288,40.377433410788974],[-79.9387413146001,40.37847156947796],[-79.936488935509,40.377766135736216]]]}},{"type":"Feature","id":"892a847032fffff","properties":{"cell_id":"892a847032fffff","h3_res":9,"building_count":28,"poi_count_sum":1,"conn_dist_median_ft":3038.419301806405,"total_crossings_mean":3.2857142857142856,"clipped_area_frac":0.8701477504107797,"clon":-79.936778,"clat":40.37951},"geometry":{"type":"Polygon","coordinates":[[[-79.93481502200916,40.380547832607554],[-79.93452581057379,40.37880422922991],[-79.936488935509,40.377766135736216],[-79.9387413146001,40.37847156947796],[-79.93900685183581,40.38007157948726],[-79.938712,40.380107],[-79.938278,40.38016],[-79.936448,40.380662],[-79.93578116387214,40.38085043246365],[-79.93481502200916,40.380547832607554]]]}},{"type":"Feature","id":"892a8470327ffff","properties":{"cell_id":"892a8470327ffff","h3_res":9,"building_count":28,"poi_count_sum":0,"conn_dist_median_ft":2747.080451278091,"total_crossings_mean":1.9285714285714286,"clipped_area_frac":1.0,"clon":-79.932563,"clat":40.379842},"geometry":{"type":"Polygon","coordinates":[[[-79.93059929350035,40.380880361944875],[-79.93031023521857,40.37913673825977],[-79.93227347238339,40.378098709971916],[-79.93452581057379,40.37880422922991],[-79.93481502200916,40.380547832607554],[-79.93285174210322,40.38158593703725],[-79.93059929350035,40.380880361944875]]]}},{"type":"Feature","id":"892a8470323ffff","properties":{"cell_id":"892a8470323ffff","h3_res":9,"building_count":41,"poi_count_sum":2,"conn_dist_median_ft":1815.556763452352,"total_crossings_mean":1.3658536585365855,"clipped_area_frac":0.6098853726560316,"clon":-79.935104,"clat":40.382291},"geometry":{"type":"Polygon","coordinates":[[[-79.93539350893374,40.38403515257502],[-79.93314090898127,40.38332960717765],[-79.93285174210322,40.38158593703725],[-79.93481502200916,40.380547832607554],[-79.93578116387214,40.38085043246365],[-79.935765,40.380855],[-79.935721,40.380869],[-79.935473,40.38095],[-79.935471,40.381568],[-79.935471,40.381637],[-79.935506,40.382149],[-79.93553,40.382501],[-79.935403,40.383473],[-79.935384,40.383613],[-79.935398,40.38372],[-79.935413,40.383831],[-79.93543726378691,40.38401201555321],[-79.93539350893374,40.38403515257502]]]}},{"type":"Feature","id":"892a8470337ffff","properties":{"cell_id":"892a8470337ffff","h3_res":9,"building_count":49,"poi_count_sum":2,"conn_dist_median_ft":560.7237494968939,"total_crossings_mean":0.24489795918367346,"clipped_area_frac":1.0,"clon":-79.930888,"clat":40.382624},"geometry":{"type":"Polygon","coordinates":[[[-79.92892491506313,40.383662091599135],[-79.92863590135924,40.38191840115525],[-79.93059929350035,40.380880361944875],[-79.93285174210322,40.38158593703725],[-79.93314090898127,40.38332960717765],[-79.93117747408498,40.384367722531735],[-79.92892491506313,40.383662091599135]]]}},{"type":"Feature","id":"892a8470ecbffff","properties":{"cell_id":"892a8470ecbffff","h3_res":9,"building_count":10,"poi_count_sum":0,"conn_dist_median_ft":283.74942329742476,"total_crossings_mean":0.0,"clipped_area_frac":1.0,"clon":-79.928347,"clat":40.380175},"geometry":{"type":"Polygon","coordinates":[[[-79.92638349369814,40.381212740539056],[-79.92609458857831,40.37946909655891],[-79.92805793795497,40.378431133487425],[-79.93031023521857,40.37913673825977],[-79.93059929350035,40.380880361944875],[-79.92863590135924,40.38191840115525],[-79.92638349369814,40.381212740539056]]]}},{"type":"Feature","id":"892a84708c3ffff","properties":{"cell_id":"892a84708c3ffff","h3_res":9,"building_count":74,"poi_count_sum":5,"conn_dist_median_ft":1457.9714548306256,"total_crossings_mean":0.0,"clipped_area_frac":0.840725643904144,"clon":-79.90635,"clat":40.363362},"geometry":{"type":"Polygon","coordinates":[[[-79.9086008206353,40.36406775478914],[-79.90663761598508,40.365105195920066],[-79.90438630860568,40.364399242496205],[-79.90421368243634,40.36335426429916],[-79.904278,40.363323],[-79.90474,40.363099],[-79.905026,40.362966],[-79.905119,40.362922],[-79.905252,40.362861],[-79.905017,40.36233],[-79.904964,40.362211],[-79.90495956751086,40.36220080527497],[-79.90504414456751,40.36215611345134],[-79.905237,40.362139],[-79.905642,40.362096],[-79.905908,40.362068],[-79.905958,40.362034],[-79.905988,40.362013],[-79.90655897130802,40.36177453551253],[-79.90745110104926,40.36205427653629],[-79.907614,40.362381],[-79.908208,40.363572],[-79.908505561594,40.36349142512657],[-79.9086008206353,40.36406775478914]]]}},{"type":"Feature","id":"892a84708cfffff","properties":{"cell_id":"892a84708cfffff","h3_res":9,"building_count":1,"poi_count_sum":0,"conn_dist_median_ft":1905.7254224836674,"total_crossings_mean":0.0,"clipped_area_frac":0.018190459622143156,"clon":-79.908025,"clat":40.360581},"geometry":{"type":"Polygon","coordinates":[[[-79.90655897130802,40.36177453551253],[-79.907008,40.361587],[-79.907181,40.361514],[-79.907438,40.362028],[-79.90745110104926,40.36205427653629],[-79.90655897130802,40.36177453551253]]]}},{"type":"Feature","id":"892a84708cbffff","properties":{"cell_id":"892a84708cbffff","h3_res":9,"building_count":39,"poi_count_sum":0,"conn_dist_median_ft":1125.551566904043,"total_crossings_mean":0.0,"clipped_area_frac":0.30416385628571097,"clon":-79.910564,"clat":40.36303},"geometry":{"type":"Polygon","coordinates":[[[-79.9108521690603,40.36477362277085],[-79.9086008206353,40.36406775478914],[-79.908505561594,40.36349142512657],[-79.908629,40.363458],[-79.908669,40.363505],[-79.908712,40.363463],[-79.908853,40.363421],[-79.909453,40.363248],[-79.909653,40.363191],[-79.90978,40.363155],[-79.909886,40.363123],[-79.910587,40.362917],[-79.910821,40.362849],[-79.910865,40.362973],[-79.910918,40.363121],[-79.911003,40.363343],[-79.911051,40.363467],[-79.911179,40.363811],[-79.911216,40.363897],[-79.911292,40.364072],[-79.911342,40.364169],[-79.91150661840425,40.36442774232436],[-79.9108521690603,40.36477362277085]]]}},{"type":"Feature","id":"892a8470e23ffff","properties":{"cell_id":"892a8470e23ffff","h3_res":9,"building_count":65,"poi_count_sum":1,"conn_dist_median_ft":2818.51752449688,"total_crossings_mean":0.0,"clipped_area_frac":0.377956835229023,"clon":-79.917318,"clat":40.365148},"geometry":{"type":"Polygon","coordinates":[[[-79.91956962225808,40.365853349005036],[-79.91760659893761,40.36689099665646],[-79.91535505821568,40.366185243708905],[-79.91524077763196,40.365494447801716],[-79.915389,40.365494],[-79.9155,40.365494],[-79.915676,40.365488],[-79.9159,40.365486],[-79.917103,40.365476],[-79.917358,40.365474],[-79.917504,40.365474],[-79.917699,40.365472],[-79.917766,40.36547],[-79.918452,40.365459],[-79.918554,40.365453],[-79.918817,40.36544],[-79.919034,40.365425],[-79.919186,40.365421],[-79.91949691494473,40.365414090779005],[-79.91956962225808,40.365853349005036]]]}},{"type":"Feature","id":"892a8470e33ffff","properties":{"cell_id":"892a8470e33ffff","h3_res":9,"building_count":166,"poi_count_sum":4,"conn_dist_median_ft":1821.8685340740944,"total_crossings_mean":0.0,"clipped_area_frac":0.9999999999999998,"clon":-79.915643,"clat":40.367929},"geometry":{"type":"Polygon","coordinates":[[[-79.9136802852927,40.368966237668175],[-79.91339192279987,40.36722282615876],[-79.91535505821568,40.366185243708905],[-79.91760659893761,40.36689099665646],[-79.91789511453143,40.36863438791304],[-79.91593193630499,40.369672046477504],[-79.9136802852927,40.368966237668175]]]}},{"type":"Feature","id":"892a8470e37ffff","properties":{"cell_id":"892a8470e37ffff","h3_res":9,"building_count":88,"poi_count_sum":0,"conn_dist_median_ft":1432.2366576189766,"total_crossings_mean":0.0,"clipped_area_frac":0.6703973279597031,"clon":-79.913104,"clat":40.365479},"geometry":{"type":"Polygon","coordinates":[[[-79.91535505821568,40.366185243708905],[-79.91339192279987,40.36722282615876],[-79.9111404230864,40.36651698775574],[-79.9108521690603,40.36477362277085],[-79.91150661840425,40.36442774232436],[-79.91176,40.364826],[-79.911841,40.364943],[-79.911898,40.365008],[-79.912054,40.364965],[-79.912217,40.364922],[-79.912756,40.364774],[-79.912785,40.364768],[-79.912802,40.364763],[-79.912829,40.364758],[-79.912847,40.364751],[-79.913313,40.364636],[-79.913372,40.364757],[-79.913445,40.364907],[-79.913664,40.365359],[-79.91373,40.365514],[-79.913831,40.365508],[-79.91385,40.365507],[-79.914211,40.365504],[-79.914332,40.365503],[-79.914455,40.365501],[-79.914824,40.365497],[-79.914948,40.365496],[-79.915058,40.365495],[-79.91524077763196,40.365494447801716],[-79.91535505821568,40.366185243708905]]]}},{"type":"Feature","id":"892a84708dbffff","properties":{"cell_id":"892a84708dbffff","h3_res":9,"building_count":119,"poi_count_sum":7,"conn_dist_median_ft":454.2031606765021,"total_crossings_mean":0.0,"clipped_area_frac":1.0,"clon":-79.908889,"clat":40.365811},"geometry":{"type":"Polygon","coordinates":[[[-79.90692571691405,40.36684858113693],[-79.90663761598508,40.365105195920066],[-79.9086008206353,40.36406775478914],[-79.9108521690603,40.36477362277085],[-79.9111404230864,40.36651698775574],[-79.90917717559302,40.36755450499348],[-79.90692571691405,40.36684858113693]]]}},{"type":"Feature","id":"892a84708d3ffff","properties":{"cell_id":"892a84708d3ffff","h3_res":9,"building_count":67,"poi_count_sum":0,"conn_dist_median_ft":1037.4224759457957,"total_crossings_mean":0.0,"clipped_area_frac":1.0,"clon":-79.904674,"clat":40.366143},"geometry":{"type":"Polygon","coordinates":[[[-79.90271093974246,40.36718002384385],[-79.90242299191893,40.36543661840747],[-79.90438630860568,40.364399242496205],[-79.90663761598508,40.365105195920066],[-79.90692571691405,40.36684858113693],[-79.90496235736086,40.36788603315203],[-79.90271093974246,40.36718002384385]]]}},{"type":"Feature","id":"892a8470eafffff","properties":{"cell_id":"892a8470eafffff","h3_res":9,"building_count":132,"poi_count_sum":6,"conn_dist_median_ft":513.9140601791868,"total_crossings_mean":0.0,"clipped_area_frac":0.9999999999999998,"clon":-79.911429,"clat":40.36826},"geometry":{"type":"Polygon","coordinates":[[[-79.90946538497654,40.369297936743315],[-79.90917717559302,40.36755450499348],[-79.9111404230864,40.36651698775574],[-79.91339192279987,40.36722282615876],[-79.9136802852927,40.368966237668175],[-79.91171699496542,40.37000383101757],[-79.90946538497654,40.369297936743315]]]}},{"type":"Feature","id":"892a8470ea7ffff","properties":{"cell_id":"892a8470ea7ffff","h3_res":9,"building_count":88,"poi_count_sum":0,"conn_dist_median_ft":1217.0249433170247,"total_crossings_mean":0.0,"clipped_area_frac":1.0,"clon":-79.907214,"clat":40.368592},"geometry":{"type":"Polygon","coordinates":[[[-79.90525041362673,40.36962948512982],[-79.90496235736086,40.36788603315203],[-79.90692571691405,40.36684858113693],[-79.90917717559302,40.36755450499348],[-79.90946538497654,40.369297936743315],[-79.9075019825661,40.37033546486711],[-79.90525041362673,40.36962948512982]]]}},{"type":"Feature","id":"892a8470ea3ffff","properties":{"cell_id":"892a8470ea3ffff","h3_res":9,"building_count":89,"poi_count_sum":0,"conn_dist_median_ft":717.213301816332,"total_crossings_mean":1.1235955056179776,"clipped_area_frac":0.6109227983013995,"clon":-79.909754,"clat":40.371041},"geometry":{"type":"Polygon","coordinates":[[[-79.9075019825661,40.37033546486711],[-79.90946538497654,40.369297936743315],[-79.91171699496542,40.37000383101757],[-79.912005312823,40.37174730929024],[-79.91105514531344,40.37224943575896],[-79.910932,40.372157],[-79.909506,40.371156],[-79.908894,40.370726],[-79.90883,40.370681],[-79.908808,40.370669],[-79.908604,40.370523],[-79.90854,40.370452],[-79.90756655235073,40.37072613489847],[-79.9075019825661,40.37033546486711]]]}},{"type":"Feature","id":"892a8470eabffff","properties":{"cell_id":"892a8470eabffff","h3_res":9,"building_count":75,"poi_count_sum":9,"conn_dist_median_ft":883.1640349182794,"total_crossings_mean":0.26666666666666666,"clipped_area_frac":1.0,"clon":-79.913969,"clat":40.37071},"geometry":{"type":"Polygon","coordinates":[[[-79.912005312823,40.37174730929024],[-79.91171699496542,40.37000383101757],[-79.9136802852927,40.368966237668175],[-79.91593193630499,40.369672046477504],[-79.91622040728411,40.37141550450134],[-79.91425707413211,40.372453173967266],[-79.912005312823,40.37174730929024]]]}},{"type":"Feature","id":"892a8470e07ffff","properties":{"cell_id":"892a8470e07ffff","h3_res":9,"building_count":96,"poi_count_sum":1,"conn_dist_median_ft":2469.12066735624,"total_crossings_mean":0.0,"clipped_area_frac":1.0,"clon":-79.918184,"clat":40.370378},"geometry":{"type":"Polygon","coordinates":[[[-79.91622040728411,40.37141550450134],[-79.91593193630499,40.369672046477504],[-79.91789511453143,40.36863438791304],[-79.92014680654106,40.36934011125551],[-79.92043543063336,40.37108354901807],[-79.91847220960551,40.372121283702015],[-79.91622040728411,40.37141550450134]]]}},{"type":"Feature","id":"892a8470e3bffff","properties":{"cell_id":"892a8470e3bffff","h3_res":9,"building_count":130,"poi_count_sum":0,"conn_dist_median_ft":2764.6846028039427,"total_crossings_mean":0.0,"clipped_area_frac":0.9495449398395405,"clon":-79.919858,"clat":40.367597},"geometry":{"type":"Polygon","coordinates":[[[-79.92210987264887,40.36830238748651],[-79.92014680654106,40.36934011125551],[-79.91789511453143,40.36863438791304],[-79.91760659893761,40.36689099665646],[-79.91956962225808,40.365853349005036],[-79.92113351362448,40.366343487689896],[-79.921254,40.366583],[-79.921266,40.366609],[-79.921305,40.366689],[-79.921453,40.366983],[-79.921463,40.367001],[-79.921474,40.367024],[-79.921487,40.367053],[-79.92166,40.367388],[-79.921691,40.367453],[-79.921707,40.367487],[-79.921862,40.3678],[-79.922043,40.368156],[-79.922074,40.368217],[-79.92210694848538,40.36828472744217],[-79.92210987264887,40.36830238748651]]]}},{"type":"Feature","id":"892a8470e0fffff","properties":{"cell_id":"892a8470e0fffff","h3_res":9,"building_count":50,"poi_count_sum":0,"conn_dist_median_ft":2901.266431756292,"total_crossings_mean":0.0,"clipped_area_frac":0.5920001297011707,"clon":-79.922399,"clat":40.370046},"geometry":{"type":"Polygon","coordinates":[[[-79.92268727394101,40.37178924274049],[-79.92043543063336,40.37108354901807],[-79.92014680654106,40.36934011125551],[-79.92210987264887,40.36830238748651],[-79.92211696405867,40.368304609760365],[-79.922285,40.368633],[-79.922302,40.36892],[-79.922308,40.368993],[-79.922349,40.369683],[-79.92235,40.369707],[-79.922352,40.369755],[-79.922377,40.370213],[-79.92236,40.370712],[-79.923296,40.370556],[-79.923318,40.370552],[-79.923438,40.370532],[-79.923759,40.371184],[-79.9237740659806,40.371214708811785],[-79.92268727394101,40.37178924274049]]]}},{"type":"Feature","id":"892a8470e2bffff","properties":{"cell_id":"892a8470e2bffff","h3_res":9,"building_count":8,"poi_count_sum":0,"conn_dist_median_ft":4129.867656743578,"total_crossings_mean":0.0,"clipped_area_frac":0.08050403400931604,"clon":-79.921533,"clat":40.364816},"geometry":{"type":"Polygon","coordinates":[[[-79.91956962225808,40.365853349005036],[-79.91949691494473,40.365414090779005],[-79.919771,40.365408],[-79.920295,40.36538],[-79.920665,40.365361],[-79.920676,40.36542],[-79.920689,40.365452],[-79.920832,40.365747],[-79.92087,40.365813],[-79.921063,40.366196],[-79.921089,40.366255],[-79.92113351362448,40.366343487689896],[-79.91956962225808,40.365853349005036]]]}},{"type":"Feature","id":"892a8470e03ffff","properties":{"cell_id":"892a8470e03ffff","h3_res":9,"building_count":8,"poi_count_sum":0,"conn_dist_median_ft":2731.997692083783,"total_crossings_mean":0.0,"clipped_area_frac":1.0,"clon":-79.920724,"clat":40.372827},"geometry":{"type":"Polygon","coordinates":[[[-79.91876078909048,40.37386478823014],[-79.91847220960551,40.372121283702015],[-79.92043543063336,40.37108354901807],[-79.92268727394101,40.37178924274049],[-79.92297600655135,40.37353272699888],[-79.92101274273134,40.37457053780716],[-79.91876078909048,40.37386478823014]]]}},{"type":"Feature","id":"892a8470e17ffff","properties":{"cell_id":"892a8470e17ffff","h3_res":9,"building_count":102,"poi_count_sum":1,"conn_dist_median_ft":959.7453470836547,"total_crossings_mean":0.0,"clipped_area_frac":1.0,"clon":-79.916509,"clat":40.373159},"geometry":{"type":"Polygon","coordinates":[[[-79.91454550048334,40.37419669875265],[-79.91425707413211,40.372453173967266],[-79.91622040728411,40.37141550450134],[-79.91847220960551,40.372121283702015],[-79.91876078909048,40.37386478823014],[-79.91679741312299,40.37490253381742],[-79.91454550048334,40.37419669875265]]]}},{"type":"Feature","id":"892a8470e13ffff","properties":{"cell_id":"892a8470e13ffff","h3_res":9,"building_count":31,"poi_count_sum":0,"conn_dist_median_ft":3513.0116231307775,"total_crossings_mean":0.0,"clipped_area_frac":1.0,"clon":-79.919049,"clat":40.375608},"geometry":{"type":"Polygon","coordinates":[[[-79.91708594798743,40.37664610510538],[-79.91679741312299,40.37490253381742],[-79.91876078909048,40.37386478823014],[-79.92101274273134,40.37457053780716],[-79.92130143074169,40.376314088829425],[-79.91933801196795,40.377351910542934],[-79.91708594798743,40.37664610510538]]]}},{"type":"Feature","id":"892a8470e1bffff","properties":{"cell_id":"892a8470e1bffff","h3_res":9,"building_count":4,"poi_count_sum":0,"conn_dist_median_ft":1806.3428902675328,"total_crossings_mean":0.0,"clipped_area_frac":0.9693695538206479,"clon":-79.923265,"clat":40.375276},"geometry":{"type":"Polygon","coordinates":[[[-79.92551684231526,40.37598192183037],[-79.92355353571232,40.37701980876784],[-79.92130143074169,40.376314088829425],[-79.92101274273134,40.37457053780716],[-79.92297600655135,40.37353272699888],[-79.92483786107681,40.374116140416135],[-79.924982,40.375091],[-79.92536552775123,40.37506854229173],[-79.92551684231526,40.37598192183037]]]}},{"type":"Feature","id":"892a8470e0bffff","properties":{"cell_id":"892a8470e0bffff","h3_res":9,"building_count":2,"poi_count_sum":0,"conn_dist_median_ft":4063.3877386854642,"total_crossings_mean":0.0,"clipped_area_frac":0.3362224886194053,"clon":-79.924939,"clat":40.372495},"geometry":{"type":"Polygon","coordinates":[[[-79.92297600655135,40.37353272699888],[-79.92268727394101,40.37178924274049],[-79.9237740659806,40.371214708811785],[-79.924203,40.372089],[-79.924394,40.372478],[-79.924682,40.373062],[-79.92483786107681,40.374116140416135],[-79.92297600655135,40.37353272699888]]]}},{"type":"Feature","id":"892a8470e57ffff","properties":{"cell_id":"892a8470e57ffff","h3_res":9,"building_count":5,"poi_count_sum":0,"conn_dist_median_ft":485.2624271441209,"total_crossings_mean":0.0,"clipped_area_frac":0.5099863376635796,"clon":-79.92748,"clat":40.374944},"geometry":{"type":"Polygon","coordinates":[[[-79.92973218266432,40.375649604116866],[-79.9277689882499,40.37668755626774],[-79.92551684231526,40.37598192183037],[-79.92536552775123,40.37506854229173],[-79.926519,40.375001],[-79.926577,40.374999],[-79.926861,40.374974],[-79.927212,40.374944],[-79.928866,40.374806],[-79.928956,40.374798],[-79.929051,40.37479],[-79.92958237363376,40.37474580209907],[-79.92973218266432,40.375649604116866]]]}},{"type":"Feature","id":"892a8470ecfffff","properties":{"cell_id":"892a8470ecfffff","h3_res":9,"building_count":12,"poi_count_sum":0,"conn_dist_median_ft":217.6992100815064,"total_crossings_mean":0.0,"clipped_area_frac":1.0,"clon":-79.925806,"clat":40.377725},"geometry":{"type":"Polygon","coordinates":[[[-79.92384233226763,40.3787634062741],[-79.92355353571232,40.37701980876784],[-79.92551684231526,40.37598192183037],[-79.9277689882499,40.37668755626774],[-79.92805793795497,40.378431133487425],[-79.92609458857831,40.37946909655891],[-79.92384233226763,40.3787634062741]]]}},{"type":"Feature","id":"892a8470ec7ffff","properties":{"cell_id":"892a8470ec7ffff","h3_res":9,"building_count":4,"poi_count_sum":0,"conn_dist_median_ft":430.13379825537424,"total_crossings_mean":0.0,"clipped_area_frac":1.0,"clon":-79.92159,"clat":40.378058},"geometry":{"type":"Polygon","coordinates":[[[-79.91962665536515,40.37909552832334],[-79.91933801196795,40.377351910542934],[-79.92130143074169,40.376314088829425],[-79.92355353571232,40.37701980876784],[-79.92384233226763,40.3787634062741],[-79.92187887069687,40.379801304118686],[-79.91962665536515,40.37909552832334]]]}},{"type":"Feature","id":"892a8470ec3ffff","properties":{"cell_id":"892a8470ec3ffff","h3_res":9,"building_count":9,"poi_count_sum":1,"conn_dist_median_ft":1147.6189100890238,"total_crossings_mean":0.0,"clipped_area_frac":1.0,"clon":-79.924131,"clat":40.380507},"geometry":{"type":"Polygon","coordinates":[[[-79.92216762264638,40.38154496838141],[-79.92187887069687,40.379801304118686],[-79.92384233226763,40.3787634062741],[-79.92609458857831,40.37946909655891],[-79.92638349369814,40.381212740539056],[-79.92441998933963,40.382250714519564],[-79.92216762264638,40.38154496838141]]]}},{"type":"Feature","id":"892a8470edbffff","properties":{"cell_id":"892a8470edbffff","h3_res":9,"building_count":10,"poi_count_sum":0,"conn_dist_median_ft":626.5685428338672,"total_crossings_mean":0.0,"clipped_area_frac":1.0,"clon":-79.926672,"clat":40.382956},"geometry":{"type":"Polygon","coordinates":[[[-79.92470884986099,40.383994425254464],[-79.92441998933963,40.382250714519564],[-79.92638349369814,40.381212740539056],[-79.92863590135924,40.38191840115525],[-79.92892491506313,40.383662091599135],[-79.9269613679261,40.38470014172042],[-79.92470884986099,40.383994425254464]]]}},{"type":"Feature","id":"892a8470ed3ffff","properties":{"cell_id":"892a8470ed3ffff","h3_res":9,"building_count":17,"poi_count_sum":0,"conn_dist_median_ft":3567.473046151736,"total_crossings_mean":0.0,"clipped_area_frac":1.0,"clon":-79.922456,"clat":40.383289},"geometry":{"type":"Polygon","coordinates":[[[-79.92049271341871,40.384326608135034],[-79.92020400608818,40.382582877121536],[-79.92216762264638,40.38154496838141],[-79.92441998933963,40.382250714519564],[-79.92470884986099,40.383994425254464],[-79.92274519050098,40.385032410132396],[-79.92049271341871,40.384326608135034]]]}},{"type":"Feature","id":"892a8470ed7ffff","properties":{"cell_id":"892a8470ed7ffff","h3_res":9,"building_count":49,"poi_count_sum":0,"conn_dist_median_ft":3205.2261823351046,"total_crossings_mean":0.0,"clipped_area_frac":1.0,"clon":-79.919915,"clat":40.380839},"geometry":{"type":"Polygon","coordinates":[[[-79.91795168038891,40.38187704546337],[-79.91766308161804,40.3801333609305],[-79.91962665536515,40.37909552832334],[-79.92187887069687,40.379801304118686],[-79.92216762264638,40.38154496838141],[-79.92020400608818,40.382582877121536],[-79.91795168038891,40.38187704546337]]]}},{"type":"Feature","id":"892a847016fffff","properties":{"cell_id":"892a847016fffff","h3_res":9,"building_count":35,"poi_count_sum":1,"conn_dist_median_ft":3975.385633994687,"total_crossings_mean":0.0,"clipped_area_frac":0.8485609207826709,"clon":-79.91824,"clat":40.383621},"geometry":{"type":"Polygon","coordinates":[[[-79.91795168038891,40.38187704546337],[-79.92020400608818,40.382582877121536],[-79.92049271341871,40.384326608135034],[-79.91852894185344,40.38536452775906],[-79.91720789930267,40.38495052823644],[-79.917193,40.384874],[-79.917163,40.384709],[-79.917291,40.384601],[-79.9174,40.38451],[-79.917095,40.383952],[-79.91697,40.383724],[-79.91640773949179,40.382693028330564],[-79.91795168038891,40.38187704546337]]]}},{"type":"Feature","id":"892a8470e9bffff","properties":{"cell_id":"892a8470e9bffff","h3_res":9,"building_count":35,"poi_count_sum":0,"conn_dist_median_ft":2779.9453861118814,"total_crossings_mean":0.0,"clipped_area_frac":0.4287351427468272,"clon":-79.915699,"clat":40.381171},"geometry":{"type":"Polygon","coordinates":[[[-79.91344722138568,40.38046526698572],[-79.91541090729139,40.379427499626544],[-79.91766308161804,40.3801333609305],[-79.91795168038891,40.38187704546337],[-79.91640773949179,40.382693028330564],[-79.916387,40.382655],[-79.916084,40.382113],[-79.91684,40.381796],[-79.917314,40.381597],[-79.916712,40.380746],[-79.916631,40.380631],[-79.916241,40.380079],[-79.916188,40.380097],[-79.916083,40.380132],[-79.915771,40.380241],[-79.915668,40.380277],[-79.915497,40.380342],[-79.91546,40.380357],[-79.915122,40.38048],[-79.914982,40.380526],[-79.91481,40.380584],[-79.914478,40.380706],[-79.914308,40.380769],[-79.913979,40.380878],[-79.913753,40.380924],[-79.913528,40.380942],[-79.91352607032222,40.38094192281289],[-79.91344722138568,40.38046526698572]]]}},{"type":"Feature","id":"892a8470e8bffff","properties":{"cell_id":"892a8470e8bffff","h3_res":9,"building_count":10,"poi_count_sum":0,"conn_dist_median_ft":2476.72397075954,"total_crossings_mean":0.0,"clipped_area_frac":1.0,"clon":-79.917375,"clat":40.37839},"geometry":{"type":"Polygon","coordinates":[[[-79.91541090729139,40.379427499626544],[-79.91512241706066,40.37768386158442],[-79.91708594798743,40.37664610510538],[-79.91933801196795,40.377351910542934],[-79.91962665536515,40.37909552832334],[-79.91766308161804,40.3801333609305],[-79.91541090729139,40.379427499626544]]]}},{"type":"Feature","id":"892a8470e8fffff","properties":{"cell_id":"892a8470e8fffff","h3_res":9,"building_count":108,"poi_count_sum":1,"conn_dist_median_ft":2837.254092404282,"total_crossings_mean":0.0,"clipped_area_frac":1.0,"clon":-79.914834,"clat":40.37594},"geometry":{"type":"Polygon","coordinates":[[[-79.91287039409632,40.37697797064965],[-79.91258201238612,40.37523437910842],[-79.91454550048334,40.37419669875265],[-79.91679741312299,40.37490253381742],[-79.91708594798743,40.37664610510538],[-79.91512241706066,40.37768386158442],[-79.91287039409632,40.37697797064965]]]}},{"type":"Feature","id":"892a8470e83ffff","properties":{"cell_id":"892a8470e83ffff","h3_res":9,"building_count":149,"poi_count_sum":0,"conn_dist_median_ft":4097.313243237273,"total_crossings_mean":0.0,"clipped_area_frac":0.9877054505725898,"clon":-79.913159,"clat":40.378722},"geometry":{"type":"Polygon","coordinates":[[[-79.91090675103425,40.37801566188367],[-79.91287039409632,40.37697797064965],[-79.91512241706066,40.37768386158442],[-79.91541090729139,40.379427499626544],[-79.91344722138568,40.38046526698572],[-79.91155676847963,40.37987269140308],[-79.911529,40.379808],[-79.911405,40.379496],[-79.911234,40.379306],[-79.91113,40.379178],[-79.9110927321496,40.37914034394283],[-79.91090675103425,40.37801566188367]]]}},{"type":"Feature","id":"892a8470e87ffff","properties":{"cell_id":"892a8470e87ffff","h3_res":9,"building_count":115,"poi_count_sum":0,"conn_dist_median_ft":2899.868159154276,"total_crossings_mean":0.0,"clipped_area_frac":0.8178190545756625,"clon":-79.910618,"clat":40.376272},"geometry":{"type":"Polygon","coordinates":[[[-79.91258201238612,40.37523437910842],[-79.91287039409632,40.37697797064965],[-79.91090675103425,40.37801566188367],[-79.90894672506914,40.377401211065866],[-79.909162,40.37712],[-79.909336,40.376895],[-79.909231,40.376851],[-79.908916,40.376722],[-79.908844,40.376692],[-79.909231,40.376182],[-79.909846,40.37537],[-79.910381,40.374668],[-79.91045674968954,40.374568148136504],[-79.91258201238612,40.37523437910842]]]}},{"type":"Feature","id":"892a8470e93ffff","properties":{"cell_id":"892a8470e93ffff","h3_res":9,"building_count":8,"poi_count_sum":0,"conn_dist_median_ft":4849.549376784205,"total_crossings_mean":0.0,"clipped_area_frac":0.09318335519292117,"clon":-79.911483,"clat":40.381503},"geometry":{"type":"Polygon","coordinates":[[[-79.91344722138568,40.38046526698572],[-79.91352607032222,40.38094192281289],[-79.913453,40.380939],[-79.913305,40.380934],[-79.913104,40.380894],[-79.912933,40.38086],[-79.91204,40.380621],[-79.911689,40.380541],[-79.911673,40.380278],[-79.911656,40.380142],[-79.91162,40.38002],[-79.91155676847963,40.37987269140308],[-79.91344722138568,40.38046526698572]]]}},{"type":"Feature","id":"892a8470e97ffff","properties":{"cell_id":"892a8470e97ffff","h3_res":9,"building_count":24,"poi_count_sum":1,"conn_dist_median_ft":3727.1501230318822,"total_crossings_mean":0.0,"clipped_area_frac":0.16527139086417678,"clon":-79.908943,"clat":40.379053},"geometry":{"type":"Polygon","coordinates":[[[-79.91090675103425,40.37801566188367],[-79.9110927321496,40.37914034394283],[-79.910938,40.378984],[-79.91069,40.378728],[-79.910679,40.378715],[-79.910658,40.378699],[-79.910534,40.378588],[-79.910477,40.378375],[-79.910398,40.378439],[-79.910293,40.378546],[-79.910269,40.378542],[-79.909619,40.378385],[-79.909544,40.378371],[-79.909192,40.378309],[-79.908913,40.378262],[-79.908485,40.378182],[-79.908347,40.378153],[-79.908386,40.378102],[-79.908455,40.37801],[-79.908641,40.377795],[-79.908669,40.377764],[-79.90894672506914,40.377401211065866],[-79.91090675103425,40.37801566188367]]]}},{"type":"Feature","id":"892a8470ebbffff","properties":{"cell_id":"892a8470ebbffff","h3_res":9,"building_count":116,"poi_count_sum":0,"conn_dist_median_ft":1784.382336100056,"total_crossings_mean":0.05172413793103448,"clipped_area_frac":0.8082014408944044,"clon":-79.912294,"clat":40.373491},"geometry":{"type":"Polygon","coordinates":[[[-79.912005312823,40.37174730929024],[-79.91425707413211,40.372453173967266],[-79.91454550048334,40.37419669875265],[-79.91258201238612,40.37523437910842],[-79.91045674968954,40.374568148136504],[-79.910777,40.374146],[-79.910905,40.373979],[-79.91145,40.373243],[-79.911818,40.372805],[-79.911803,40.372795],[-79.911734,40.372759],[-79.91105514531344,40.37224943575896],[-79.912005312823,40.37174730929024]]]}},{"type":"Feature","id":"892a8470eb7ffff","properties":{"cell_id":"892a8470eb7ffff","h3_res":9,"building_count":2,"poi_count_sum":0,"conn_dist_median_ft":1269.5695125210598,"total_crossings_mean":0.0,"clipped_area_frac":0.4730965712185767,"clon":-79.905538,"clat":40.371373},"geometry":{"type":"Polygon","coordinates":[[[-79.90328689915093,40.37066694801751],[-79.90525041362673,40.36962948512982],[-79.9075019825661,40.37033546486711],[-79.90756655235073,40.37072613489847],[-79.906729,40.370962],[-79.903942,40.371752],[-79.90348658799208,40.37187579254977],[-79.90328689915093,40.37066694801751]]]}},{"type":"Feature","id":"892a8470c6fffff","properties":{"cell_id":"892a8470c6fffff","h3_res":9,"building_count":5,"poi_count_sum":0,"conn_dist_median_ft":2383.0877179108293,"total_crossings_mean":0.0,"clipped_area_frac":0.37575749286306964,"clon":-79.90046,"clat":40.366474},"geometry":{"type":"Polygon","coordinates":[[[-79.90242299191893,40.36543661840747],[-79.90271093974246,40.36718002384385],[-79.90147270098932,40.36783423881622],[-79.901317,40.367513],[-79.900811,40.366403],[-79.900347,40.36537],[-79.900295,40.365255],[-79.90083,40.364996],[-79.90090375062697,40.36496015616382],[-79.90242299191893,40.36543661840747]]]}},{"type":"Feature","id":"892a84708d7ffff","properties":{"cell_id":"892a84708d7ffff","h3_res":9,"building_count":16,"poi_count_sum":0,"conn_dist_median_ft":2580.1342777691916,"total_crossings_mean":0.0,"clipped_area_frac":0.2796875533549893,"clon":-79.902135,"clat":40.363693},"geometry":{"type":"Polygon","coordinates":[[[-79.90438630860568,40.364399242496205],[-79.90242299191893,40.36543661840747],[-79.90090375062697,40.36496015616382],[-79.901116,40.364857],[-79.901751,40.364549],[-79.901932,40.364462],[-79.903523,40.36369],[-79.90421368243634,40.36335426429916],[-79.90438630860568,40.364399242496205]]]}},{"type":"Feature","id":"892a84708c7ffff","properties":{"cell_id":"892a84708c7ffff","h3_res":9,"building_count":4,"poi_count_sum":0,"conn_dist_median_ft":1768.5780931681634,"total_crossings_mean":0.0,"clipped_area_frac":0.00016679925089191773,"clon":-79.90381,"clat":40.360913},"geometry":{"type":"Polygon","coordinates":[[[-79.90495956751086,40.36220080527497],[-79.904944,40.362165],[-79.90504414456751,40.36215611345134],[-79.90495956751086,40.36220080527497]]]}},{"type":"Feature","id":"892a847ad87ffff","properties":{"cell_id":"892a847ad87ffff","h3_res":9,"building_count":103,"poi_count_sum":1,"conn_dist_median_ft":5827.024745115094,"total_crossings_mean":0.0,"clipped_area_frac":0.6301291730248263,"clon":-80.016946,"clat":40.386405},"geometry":{"type":"Polygon","coordinates":[[[-80.01919957479818,40.387108631689195],[-80.017237994017,40.388148224264114],[-80.01498409749583,40.38744425295861],[-80.0147651794702,40.38613802813309],[-80.014913,40.38607],[-80.015253,40.385862],[-80.015468,40.385731],[-80.015546,40.385679],[-80.015723,40.385573],[-80.015835,40.385507],[-80.01625,40.385248],[-80.01633,40.385199],[-80.016418,40.385129],[-80.016517,40.385292],[-80.016772,40.38571],[-80.016803,40.38579],[-80.016874,40.385969],[-80.016955,40.386025],[-80.016976,40.386064],[-80.017095,40.386278],[-80.017108,40.386314],[-80.01779,40.386402],[-80.018159,40.38645],[-80.018807,40.386793],[-80.018907,40.386816],[-80.018996,40.386864],[-80.01917476527024,40.38696067917677],[-80.01919957479818,40.387108631689195]]]}},{"type":"Feature","id":"892a847adb3ffff","properties":{"cell_id":"892a847adb3ffff","h3_res":9,"building_count":40,"poi_count_sum":1,"conn_dist_median_ft":3808.4249463862157,"total_crossings_mean":0.0,"clipped_area_frac":0.2285585341958046,"clon":-80.0144,"clat":40.383957},"geometry":{"type":"MultiPolygon","coordinates":[[[[-80.01314379954118,40.38272455260779],[-80.013174,40.382835],[-80.01282777643567,40.382892020231566],[-80.01314379954118,40.38272455260779]]],[[[-80.01243814721147,40.38499674348145],[-80.0121460511288,40.383253281529285],[-80.01251408018814,40.383058254801895],[-80.012547,40.383063],[-80.012577,40.383067],[-80.012492,40.383399],[-80.012504,40.383401],[-80.012627,40.383419],[-80.012982,40.38346],[-80.013075,40.383466],[-80.013325,40.383484],[-80.01339,40.383481],[-80.013594,40.383983],[-80.013591,40.384028],[-80.013624,40.384233],[-80.013705,40.384464],[-80.013762,40.384629],[-80.013809,40.384763],[-80.013927,40.385129],[-80.013982,40.385297],[-80.01406489247015,40.38550488905211],[-80.01243814721147,40.38499674348145]]]]}},{"type":"Feature","id":"892a8471e4bffff","properties":{"cell_id":"892a8471e4bffff","h3_res":9,"building_count":212,"poi_count_sum":1,"conn_dist_median_ft":4860.074936063551,"total_crossings_mean":0.0,"clipped_area_frac":0.9298721509308912,"clon":-80.01273,"clat":40.38674},"geometry":{"type":"Polygon","coordinates":[[[-80.01498409749583,40.38744425295861],[-80.01302240406183,40.388483780479085],[-80.01076854798272,40.38777972356091],[-80.01047649609889,40.38603619478902],[-80.01243814721147,40.38499674348145],[-80.01406489247015,40.38550488905211],[-80.014108,40.385613],[-80.014119,40.385639],[-80.014158,40.385765],[-80.013886,40.385735],[-80.01361,40.385706],[-80.013593,40.385856],[-80.013587,40.385917],[-80.013567,40.38609],[-80.013819,40.386562],[-80.01384,40.386553],[-80.013875,40.386537],[-80.013982,40.386488],[-80.014018,40.386473],[-80.014333,40.386332],[-80.014624,40.386203],[-80.0147651794702,40.38613802813309],[-80.01498409749583,40.38744425295861]]]}},{"type":"Feature","id":"892a847ad83ffff","properties":{"cell_id":"892a847ad83ffff","h3_res":9,"building_count":227,"poi_count_sum":0,"conn_dist_median_ft":5513.581581838949,"total_crossings_mean":0.0,"clipped_area_frac":0.9703858409647257,"clon":-80.019492,"clat":40.388852},"geometry":{"type":"Polygon","coordinates":[[[-80.0217459786835,40.38955605129455],[-80.01978435561361,40.39059572009011],[-80.01753030788154,40.38989177874809],[-80.017237994017,40.388148224264114],[-80.01919957479818,40.387108631689195],[-80.01978755688066,40.38729225358544],[-80.020831,40.387857],[-80.021313,40.388118],[-80.02142,40.388174],[-80.02152350040723,40.388229752981786],[-80.0217459786835,40.38955605129455]]]}},{"type":"Feature","id":"892a847ad97ffff","properties":{"cell_id":"892a847ad97ffff","h3_res":9,"building_count":270,"poi_count_sum":1,"conn_dist_median_ft":5465.296544925583,"total_crossings_mean":0.0,"clipped_area_frac":1.0,"clon":-80.015276,"clat":40.389188},"geometry":{"type":"Polygon","coordinates":[[[-80.01331456483429,40.39022735552024],[-80.01302240406183,40.388483780479085],[-80.01498409749583,40.38744425295861],[-80.017237994017,40.388148224264114],[-80.01753030788154,40.38989177874809],[-80.0155685721355,40.39093138248631],[-80.01331456483429,40.39022735552024]]]}},{"type":"Feature","id":"892a847132fffff","properties":{"cell_id":"892a847132fffff","h3_res":9,"building_count":211,"poi_count_sum":12,"conn_dist_median_ft":5499.4755601096585,"total_crossings_mean":0.09004739336492891,"clipped_area_frac":1.0,"clon":-80.013607,"clat":40.391971},"geometry":{"type":"Polygon","coordinates":[[[-80.01164483299773,40.39301053604401],[-80.01135271642977,40.391266894190544],[-80.01331456483429,40.39022735552024],[-80.0155685721355,40.39093138248631],[-80.01586084181614,40.39267500378655],[-80.01389895108557,40.393714618676526],[-80.01164483299773,40.39301053604401]]]}},{"type":"Feature","id":"892a847ad93ffff","properties":{"cell_id":"892a847ad93ffff","h3_res":9,"building_count":221,"poi_count_sum":48,"conn_dist_median_ft":4457.62061567075,"total_crossings_mean":0.0,"clipped_area_frac":1.0,"clon":-80.017823,"clat":40.391635},"geometry":{"type":"Polygon","coordinates":[[[-80.01586084181614,40.39267500378655],[-80.0155685721355,40.39093138248631],[-80.01753030788154,40.38989177874809],[-80.01978435561361,40.39059572009011],[-80.02007677839845,40.3923393208247],[-80.01811500034971,40.39337900078551],[-80.01586084181614,40.39267500378655]]]}},{"type":"Feature","id":"892a847ad9bffff","properties":{"cell_id":"892a847ad9bffff","h3_res":9,"building_count":328,"poi_count_sum":0,"conn_dist_median_ft":4349.06939736057,"total_crossings_mean":0.0,"clipped_area_frac":1.0,"clon":-80.022038,"clat":40.3913},"geometry":{"type":"Polygon","coordinates":[[[-80.02007677839845,40.3923393208247],[-80.01978435561361,40.39059572009011],[-80.0217459786835,40.38955605129455],[-80.02400006682029,40.39025990701067],[-80.02429264270087,40.3920034871672],[-80.02233097735164,40.39304323218825],[-80.02007677839845,40.3923393208247]]]}},{"type":"Feature","id":"892a847ad8bffff","properties":{"cell_id":"892a847ad8bffff","h3_res":9,"building_count":50,"poi_count_sum":0,"conn_dist_median_ft":5131.773337133753,"total_crossings_mean":0.0,"clipped_area_frac":0.22297165862180277,"clon":-80.023708,"clat":40.388516},"geometry":{"type":"Polygon","coordinates":[[[-80.02400006682029,40.39025990701067],[-80.0217459786835,40.38955605129455],[-80.02152350040723,40.388229752981786],[-80.021782,40.388369],[-80.021921,40.388445],[-80.022006,40.388491],[-80.02279,40.38892],[-80.023185,40.389135],[-80.023653,40.38939],[-80.023949,40.389542],[-80.0246612255585,40.38990944793402],[-80.02400006682029,40.39025990701067]]]}},{"type":"Feature","id":"892a847add7ffff","properties":{"cell_id":"892a847add7ffff","h3_res":9,"building_count":148,"poi_count_sum":0,"conn_dist_median_ft":4021.3890824927907,"total_crossings_mean":0.0,"clipped_area_frac":0.5858840587169796,"clon":-80.026254,"clat":40.390964},"geometry":{"type":"Polygon","coordinates":[[[-80.02850843467964,40.391667502822784],[-80.02654688204754,40.39270731289348],[-80.02429264270087,40.3920034871672],[-80.02400006682029,40.39025990701067],[-80.0246612255585,40.38990944793402],[-80.024703,40.389931],[-80.024839,40.389999],[-80.025138,40.390149],[-80.025227,40.390197],[-80.025494,40.390341],[-80.025584,40.390389],[-80.026026,40.39061],[-80.026478,40.39085],[-80.026749,40.390997],[-80.026984,40.391124],[-80.027566,40.391436],[-80.027778,40.39155],[-80.027827,40.391598],[-80.028291,40.391415],[-80.02845521305903,40.3913505028812],[-80.02850843467964,40.391667502822784]]]}},{"type":"Feature","id":"892a847136fffff","properties":{"cell_id":"892a847136fffff","h3_res":9,"building_count":229,"poi_count_sum":3,"conn_dist_median_ft":3170.1900580536494,"total_crossings_mean":0.0,"clipped_area_frac":1.0,"clon":-80.024585,"clat":40.393747},"geometry":{"type":"Polygon","coordinates":[[[-80.02262350907634,40.3947868791633],[-80.02233097735164,40.39304323218825],[-80.02429264270087,40.3920034871672],[-80.02654688204754,40.39270731289348],[-80.02683956688013,40.394450939282],[-80.02487785926085,40.395490760533356],[-80.02262350907634,40.3947868791633]]]}},{"type":"Feature","id":"892a847add3ffff","properties":{"cell_id":"892a847add3ffff","h3_res":9,"building_count":151,"poi_count_sum":0,"conn_dist_median_ft":3571.136217285503,"total_crossings_mean":0.0,"clipped_area_frac":0.7769673509057223,"clon":-80.028801,"clat":40.393411},"geometry":{"type":"Polygon","coordinates":[[[-80.02909395744689,40.395154735003416],[-80.02683956688013,40.394450939282],[-80.02654688204754,40.39270731289348],[-80.02850843467964,40.391667502822784],[-80.02898745795402,40.39181704410587],[-80.029217,40.392229],[-80.029356,40.392477],[-80.029551,40.392825],[-80.02978,40.393233],[-80.030136,40.393869],[-80.030204,40.39399],[-80.030327,40.39422],[-80.030347,40.394256],[-80.03041,40.394364],[-80.030431,40.3944],[-80.03045093673762,40.39443536924935],[-80.02909395744689,40.395154735003416]]]}},{"type":"Feature","id":"892a847136bffff","properties":{"cell_id":"892a847136bffff","h3_res":9,"building_count":152,"poi_count_sum":7,"conn_dist_median_ft":1367.749144828774,"total_crossings_mean":0.0,"clipped_area_frac":1.0,"clon":-80.027132,"clat":40.396195},"geometry":{"type":"Polygon","coordinates":[[[-80.02517049994502,40.39723445373867],[-80.02487785926085,40.395490760533356],[-80.02683956688013,40.394450939282],[-80.02909395744689,40.395154735003416],[-80.02938675125102,40.396898407613726],[-80.02742500137111,40.39793830510021],[-80.02517049994502,40.39723445373867]]]}},{"type":"Feature","id":"892a8471367ffff","properties":{"cell_id":"892a8471367ffff","h3_res":9,"building_count":266,"poi_count_sum":65,"conn_dist_median_ft":3393.7224571413217,"total_crossings_mean":0.0,"clipped_area_frac":1.0,"clon":-80.020369,"clat":40.394083},"geometry":{"type":"Polygon","coordinates":[[[-80.01840737895809,40.395122668334665],[-80.01811500034971,40.39337900078551],[-80.02007677839845,40.3923393208247],[-80.02233097735164,40.39304323218825],[-80.02262350907634,40.3947868791633],[-80.02066168873424,40.395826635351504],[-80.01840737895809,40.395122668334665]]]}},{"type":"Feature","id":"892a8471363ffff","properties":{"cell_id":"892a8471363ffff","h3_res":9,"building_count":220,"poi_count_sum":44,"conn_dist_median_ft":2285.6082563981035,"total_crossings_mean":0.0,"clipped_area_frac":1.0,"clon":-80.022916,"clat":40.396531},"geometry":{"type":"Polygon","coordinates":[[[-80.02095417628995,40.3975703491394],[-80.02066168873424,40.395826635351504],[-80.02262350907634,40.3947868791633],[-80.02487785926085,40.395490760533356],[-80.02517049994502,40.39723445373867],[-80.0232086373189,40.39827428615908],[-80.02095417628995,40.3975703491394]]]}},{"type":"Feature","id":"892a847132bffff","properties":{"cell_id":"892a847132bffff","h3_res":9,"building_count":227,"poi_count_sum":1,"conn_dist_median_ft":4417.606264626337,"total_crossings_mean":0.0,"clipped_area_frac":1.0,"clon":-80.016153,"clat":40.394419},"geometry":{"type":"Polygon","coordinates":[[[-80.01419117656916,40.39545830678737],[-80.01389895108557,40.393714618676526],[-80.01586084181614,40.39267500378655],[-80.01811500034971,40.39337900078551],[-80.01840737895809,40.395122668334665],[-80.0164454459108,40.396162359449136],[-80.01419117656916,40.39545830678737]]]}},{"type":"Feature","id":"892a8471323ffff","properties":{"cell_id":"892a8471323ffff","h3_res":9,"building_count":122,"poi_count_sum":0,"conn_dist_median_ft":5982.347016975737,"total_crossings_mean":0.0,"clipped_area_frac":1.0,"clon":-80.011937,"clat":40.394754},"geometry":{"type":"Polygon","coordinates":[[[-80.00997490195337,40.39579379451263],[-80.00968282960304,40.39405008585254],[-80.01164483299773,40.39301053604401],[-80.01389895108557,40.393714618676526],[-80.01419117656916,40.39545830678737],[-80.01222913083437,40.396497932817496],[-80.00997490195337,40.39579379451263]]]}},{"type":"Feature","id":"892a8471377ffff","properties":{"cell_id":"892a8471377ffff","h3_res":9,"building_count":211,"poi_count_sum":0,"conn_dist_median_ft":3560.730859549167,"total_crossings_mean":0.0,"clipped_area_frac":0.9999999999999998,"clon":-80.0187,"clat":40.396866},"geometry":{"type":"Polygon","coordinates":[[[-80.01673778032959,40.39790609380717],[-80.0164454459108,40.396162359449136],[-80.01840737895809,40.395122668334665],[-80.02066168873424,40.395826635351504],[-80.02095417628995,40.3975703491394],[-80.01899220093529,40.39861011648317],[-80.01673778032959,40.39790609380717]]]}},{"type":"Feature","id":"892a847133bffff","properties":{"cell_id":"892a847133bffff","h3_res":9,"building_count":77,"poi_count_sum":0,"conn_dist_median_ft":4726.322254126057,"total_crossings_mean":0.0,"clipped_area_frac":1.0,"clon":-80.014483,"clat":40.397202},"geometry":{"type":"Polygon","coordinates":[[[-80.01252131210781,40.39824168773324],[-80.01222913083437,40.396497932817496],[-80.01419117656916,40.39545830678737],[-80.0164454459108,40.396162359449136],[-80.01673778032959,40.39790609380717],[-80.01477569226408,40.39894579606371],[-80.01252131210781,40.39824168773324]]]}},{"type":"Feature","id":"892a8471307ffff","properties":{"cell_id":"892a8471307ffff","h3_res":9,"building_count":123,"poi_count_sum":4,"conn_dist_median_ft":3347.8326629268804,"total_crossings_mean":0.0,"clipped_area_frac":1.0,"clon":-80.012814,"clat":40.399985},"geometry":{"type":"Polygon","coordinates":[[[-80.01085124839925,40.401025146606905],[-80.01055911134911,40.39928132489195],[-80.01252131210781,40.39824168773324],[-80.01477569226408,40.39894579606371],[-80.01506798248018,40.40068959722493],[-80.01310573937674,40.401729310611984],[-80.01085124839925,40.401025146606905]]]}},{"type":"Feature","id":"892a847130fffff","properties":{"cell_id":"892a847130fffff","h3_res":9,"building_count":200,"poi_count_sum":0,"conn_dist_median_ft":3225.6516013281,"total_crossings_mean":0.0,"clipped_area_frac":1.0,"clon":-80.01703,"clat":40.39965},"geometry":{"type":"Polygon","coordinates":[[[-80.01506798248018,40.40068959722493],[-80.01477569226408,40.39894579606371],[-80.01673778032959,40.39790609380717],[-80.01899220093529,40.39861011648317],[-80.01928464430887,40.40035389707823],[-80.01732251392198,40.40139367556601],[-80.01506798248018,40.40068959722493]]]}},{"type":"Feature","id":"892a8471373ffff","properties":{"cell_id":"892a8471373ffff","h3_res":9,"building_count":193,"poi_count_sum":3,"conn_dist_median_ft":2771.943912610712,"total_crossings_mean":0.0,"clipped_area_frac":1.0,"clon":-80.021247,"clat":40.399314},"geometry":{"type":"Polygon","coordinates":[[[-80.01928464430887,40.40035389707823],[-80.01899220093529,40.39861011648317],[-80.02095417628995,40.3975703491394],[-80.0232086373189,40.39827428615908],[-80.02350123384151,40.400018046175546],[-80.02153921618884,40.40105788975346],[-80.01928464430887,40.40035389707823]]]}},{"type":"Feature","id":"892a847137bffff","properties":{"cell_id":"892a847137bffff","h3_res":9,"building_count":108,"poi_count_sum":25,"conn_dist_median_ft":508.90056599667287,"total_crossings_mean":0.0,"clipped_area_frac":1.0,"clon":-80.025463,"clat":40.398978},"geometry":{"type":"Polygon","coordinates":[[[-80.02350123384151,40.400018046175546],[-80.0232086373189,40.39827428615908],[-80.02517049994502,40.39723445373867],[-80.02742500137111,40.39793830510021],[-80.02771775103429,40.39968204452562],[-80.02575584613352,40.40072195318309],[-80.02350123384151,40.400018046175546]]]}},{"type":"Feature","id":"892a847acb7ffff","properties":{"cell_id":"892a847acb7ffff","h3_res":9,"building_count":101,"poi_count_sum":4,"conn_dist_median_ft":1106.4318560188453,"total_crossings_mean":0.0,"clipped_area_frac":0.718795053651416,"clon":-80.02968,"clat":40.398642},"geometry":{"type":"Polygon","coordinates":[[[-80.02997240371218,40.400385865863626],[-80.02771775103429,40.39968204452562],[-80.02742500137111,40.39793830510021],[-80.02938675125102,40.396898407613726],[-80.02986024427022,40.39704621066056],[-80.029799,40.397067],[-80.029756,40.39708],[-80.029631,40.397122],[-80.029589,40.397137],[-80.029435,40.397189],[-80.02939,40.397205],[-80.029813,40.397726],[-80.0311,40.399292],[-80.03138160678523,40.39963882740433],[-80.02997240371218,40.400385865863626]]]}},{"type":"Feature","id":"892a847aca7ffff","properties":{"cell_id":"892a847aca7ffff","h3_res":9,"building_count":47,"poi_count_sum":8,"conn_dist_median_ft":2675.6490718409236,"total_crossings_mean":0.0,"clipped_area_frac":0.31503448147408714,"clon":-80.031348,"clat":40.395858},"geometry":{"type":"Polygon","coordinates":[[[-80.02938675125102,40.396898407613726],[-80.02909395744689,40.395154735003416],[-80.03045093673762,40.39443536924935],[-80.030701,40.394879],[-80.030767,40.395007],[-80.03072,40.395277],[-80.030698,40.395351],[-80.030718,40.395355],[-80.030723,40.395368],[-80.030805,40.395609],[-80.030944,40.396021],[-80.031011,40.396217],[-80.031144,40.396613],[-80.031116,40.396624],[-80.030994,40.396648],[-80.030957,40.396659],[-80.030664,40.396752],[-80.030493,40.396809],[-80.03034,40.396862],[-80.030232,40.396905],[-80.030008,40.396997],[-80.029908,40.39703],[-80.02986024427022,40.39704621066056],[-80.02938675125102,40.396898407613726]]]}},{"type":"Feature","id":"892a847adc3ffff","properties":{"cell_id":"892a847adc3ffff","h3_res":9,"building_count":3,"poi_count_sum":0,"conn_dist_median_ft":4185.826072837822,"total_crossings_mean":0.0,"clipped_area_frac":0.013180789057755212,"clon":-80.03047,"clat":40.390628},"geometry":{"type":"Polygon","coordinates":[[[-80.02850843467964,40.391667502822784],[-80.02845521305903,40.3913505028812],[-80.028678,40.391263],[-80.028696,40.391296],[-80.028803,40.391486],[-80.02898745795402,40.39181704410587],[-80.02850843467964,40.391667502822784]]]}},{"type":"Feature","id":"892a847ac8fffff","properties":{"cell_id":"892a847ac8fffff","h3_res":9,"building_count":60,"poi_count_sum":27,"conn_dist_median_ft":1257.6426225684372,"total_crossings_mean":0.08333333333333333,"clipped_area_frac":0.7892178919119984,"clon":-80.038992,"clat":40.403201},"geometry":{"type":"Polygon","coordinates":[[[-80.04095335114876,40.402160603343724],[-80.0412466251329,40.40390439392545],[-80.03928486136115,40.40494458521042],[-80.03702986581176,40.40424090965856],[-80.03695581506791,40.40380037285067],[-80.038005,40.402874],[-80.038666,40.402277],[-80.039169,40.401845],[-80.03937065114731,40.4016667336076],[-80.04095335114876,40.402160603343724]]]}},{"type":"Feature","id":"892a847ac87ffff","properties":{"cell_id":"892a847ac87ffff","h3_res":9,"building_count":43,"poi_count_sum":0,"conn_dist_median_ft":1299.9350184097902,"total_crossings_mean":0.0,"clipped_area_frac":0.7743734559811237,"clon":-80.034775,"clat":40.403537},"geometry":{"type":"Polygon","coordinates":[[[-80.03702986581176,40.40424090965856],[-80.03506798920604,40.40528103587937],[-80.03281303399389,40.404577274633425],[-80.0325200663139,40.402833442798425],[-80.03448190068703,40.40179339282721],[-80.03558885850158,40.40213885900224],[-80.035579,40.40227],[-80.035465,40.403822],[-80.035442,40.404038],[-80.035444,40.404063],[-80.035453,40.404137],[-80.035457,40.404163],[-80.035471,40.404286],[-80.035583,40.40429],[-80.035965,40.404255],[-80.035991,40.404253],[-80.036135,40.404243],[-80.03617,40.404245],[-80.03631,40.404263],[-80.036343,40.404261],[-80.036416,40.404277],[-80.03695581506791,40.40380037285067],[-80.03702986581176,40.40424090965856]]]}},{"type":"Feature","id":"892a847acbbffff","properties":{"cell_id":"892a847acbbffff","h3_res":9,"building_count":12,"poi_count_sum":0,"conn_dist_median_ft":4116.426580001233,"total_crossings_mean":0.0,"clipped_area_frac":0.12377443440395877,"clon":-80.036444,"clat":40.400753},"geometry":{"type":"Polygon","coordinates":[[[-80.03448190068703,40.40179339282721],[-80.03438582120678,40.40122160686606],[-80.034813,40.401146],[-80.035875,40.400943],[-80.036579,40.400809],[-80.036697,40.400785],[-80.035788,40.401539],[-80.035693,40.401622],[-80.035622,40.401698],[-80.03558885850158,40.40213885900224],[-80.03448190068703,40.40179339282721]]]}},{"type":"Feature","id":"892a847acb3ffff","properties":{"cell_id":"892a847acb3ffff","h3_res":9,"building_count":91,"poi_count_sum":1,"conn_dist_median_ft":2694.275758431644,"total_crossings_mean":0.0,"clipped_area_frac":0.6028160271108374,"clon":-80.032227,"clat":40.40109},"geometry":{"type":"Polygon","coordinates":[[[-80.03448190068703,40.40179339282721],[-80.0325200663139,40.402833442798425],[-80.03026526237399,40.40212965149892],[-80.02997240371218,40.400385865863626],[-80.03138160678523,40.39963882740433],[-80.031562,40.399861],[-80.031653,40.399963],[-80.031757,40.400089],[-80.031588,40.400268],[-80.031468,40.400397],[-80.031532,40.400476],[-80.031667,40.40064],[-80.031723,40.400715],[-80.031784,40.400798],[-80.031851,40.400883],[-80.031976,40.401043],[-80.032025,40.401104],[-80.032092,40.401181],[-80.032244,40.401355],[-80.032365,40.401521],[-80.032424,40.401619],[-80.032482,40.401729],[-80.032666,40.401535],[-80.032703,40.401533],[-80.032753,40.401523],[-80.034156,40.401263],[-80.034248,40.401246],[-80.03438582120678,40.40122160686606],[-80.03448190068703,40.40179339282721]]]}},{"type":"Feature","id":"892a847134fffff","properties":{"cell_id":"892a847134fffff","h3_res":9,"building_count":242,"poi_count_sum":2,"conn_dist_median_ft":1700.0799793490135,"total_crossings_mean":0.0,"clipped_area_frac":1.0,"clon":-80.028011,"clat":40.401426},"geometry":{"type":"Polygon","coordinates":[[[-80.02604855164263,40.40246575941789],[-80.02575584613352,40.40072195318309],[-80.02771775103429,40.39968204452562],[-80.02997240371218,40.400385865863626],[-80.03026526237399,40.40212965149892],[-80.0283033152079,40.40316963639828],[-80.02604855164263,40.40246575941789]]]}},{"type":"Feature","id":"892a8471343ffff","properties":{"cell_id":"892a8471343ffff","h3_res":9,"building_count":155,"poi_count_sum":1,"conn_dist_median_ft":2223.6697748612355,"total_crossings_mean":0.0,"clipped_area_frac":0.9999999999999998,"clon":-80.026341,"clat":40.40421},"geometry":{"type":"Polygon","coordinates":[[[-80.02437915304321,40.40524955227331],[-80.0240864917013,40.40350567923479],[-80.02604855164263,40.40246575941789],[-80.0283033152079,40.40316963639828],[-80.0285961297231,40.40491348884125],[-80.02663402750245,40.40595348490197],[-80.02437915304321,40.40524955227331]]]}},{"type":"Feature","id":"892a847134bffff","properties":{"cell_id":"892a847134bffff","h3_res":9,"building_count":169,"poi_count_sum":21,"conn_dist_median_ft":2735.9604817458703,"total_crossings_mean":0.0,"clipped_area_frac":1.0,"clon":-80.030558,"clat":40.403873},"geometry":{"type":"Polygon","coordinates":[[[-80.0285961297231,40.40491348884125],[-80.0283033152079,40.40316963639828],[-80.03026526237399,40.40212965149892],[-80.0325200663139,40.402833442798425],[-80.03281303399389,40.404577274633425],[-80.03085104457188,40.405617335779475],[-80.0285961297231,40.40491348884125]]]}},{"type":"Feature","id":"892a847ac97ffff","properties":{"cell_id":"892a847ac97ffff","h3_res":9,"building_count":49,"poi_count_sum":8,"conn_dist_median_ft":886.4205866690047,"total_crossings_mean":0.0,"clipped_area_frac":1.0,"clon":-80.033106,"clat":40.406321},"geometry":{"type":"Polygon","coordinates":[[[-80.03114396811274,40.40736123442043],[-80.03085104457188,40.405617335779475],[-80.03281303399389,40.404577274633425],[-80.03506798920604,40.40528103587937],[-80.03536106592382,40.40702491390389],[-80.03339903425525,40.408065051301456],[-80.03114396811274,40.40736123442043]]]}},{"type":"Feature","id":"892a847135bffff","properties":{"cell_id":"892a847135bffff","h3_res":9,"building_count":89,"poi_count_sum":7,"conn_dist_median_ft":2591.657007178464,"total_crossings_mean":0.0,"clipped_area_frac":1.0,"clon":-80.028889,"clat":40.406657},"geometry":{"type":"Polygon","coordinates":[[[-80.02692679785793,40.407697404146916],[-80.02663402750245,40.40595348490197],[-80.0285961297231,40.40491348884125],[-80.03085104457188,40.405617335779475],[-80.03114396811274,40.40736123442043],[-80.02918182362214,40.40840130672976],[-80.02692679785793,40.407697404146916]]]}},{"type":"Feature","id":"892a847ac83ffff","properties":{"cell_id":"892a847ac83ffff","h3_res":9,"building_count":33,"poi_count_sum":18,"conn_dist_median_ft":1430.4366982278696,"total_crossings_mean":0.0,"clipped_area_frac":1.0,"clon":-80.037323,"clat":40.405985},"geometry":{"type":"Polygon","coordinates":[[[-80.03536106592382,40.40702491390389],[-80.03506798920604,40.40528103587937],[-80.03702986581176,40.40424090965856],[-80.03928486136115,40.40494458521042],[-80.03957809124736,40.40668844260604],[-80.03761617241847,40.40772864508127],[-80.03536106592382,40.40702491390389]]]}},{"type":"Feature","id":"892a847ac9bffff","properties":{"cell_id":"892a847ac9bffff","h3_res":9,"building_count":24,"poi_count_sum":0,"conn_dist_median_ft":1623.0363985430567,"total_crossings_mean":0.0,"clipped_area_frac":1.0,"clon":-80.039871,"clat":40.408432},"geometry":{"type":"Polygon","coordinates":[[[-80.03790935819362,40.40947256928509],[-80.03761617241847,40.40772864508127],[-80.03957809124736,40.40668844260604],[-80.04183323806797,40.40739208807796],[-80.04212657702368,40.40913599164442],[-80.04016461598094,40.41017627037889],[-80.03790935819362,40.40947256928509]]]}},{"type":"Feature","id":"892a847ac93ffff","properties":{"cell_id":"892a847ac93ffff","h3_res":9,"building_count":125,"poi_count_sum":0,"conn_dist_median_ft":1456.4482875315691,"total_crossings_mean":0.0,"clipped_area_frac":1.0,"clon":-80.035654,"clat":40.408769},"geometry":{"type":"Polygon","coordinates":[[[-80.03369206684138,40.4098089961302],[-80.03339903425525,40.408065051301456],[-80.03536106592382,40.40702491390389],[-80.03761617241847,40.40772864508127],[-80.03790935819362,40.40947256928509],[-80.03594728428784,40.410512782939],[-80.03369206684138,40.4098089961302]]]}},{"type":"Feature","id":"892a8471267ffff","properties":{"cell_id":"892a8471267ffff","h3_res":9,"building_count":107,"poi_count_sum":1,"conn_dist_median_ft":3247.349392173225,"total_crossings_mean":0.0,"clipped_area_frac":1.0,"clon":-80.038203,"clat":40.411217},"geometry":{"type":"Polygon","coordinates":[[[-80.03624042593884,40.41225677394534],[-80.03594728428784,40.410512782939],[-80.03790935819362,40.40947256928509],[-80.04016461598094,40.41017627037889],[-80.04045791083308,40.41192024075183],[-80.03849579469949,40.41296053066693],[-80.03624042593884,40.41225677394534]]]}},{"type":"Feature","id":"892a847122bffff","properties":{"cell_id":"892a847122bffff","h3_res":9,"building_count":55,"poi_count_sum":2,"conn_dist_median_ft":1787.4157984202343,"total_crossings_mean":0.0,"clipped_area_frac":1.0,"clon":-80.033985,"clat":40.411553},"geometry":{"type":"Polygon","coordinates":[[[-80.03202286853158,40.41259315632025],[-80.03172988009023,40.41084914469296],[-80.03369206684138,40.4098089961302],[-80.03594728428784,40.410512782939],[-80.03624042593884,40.41225677394534],[-80.03427819693647,40.41329699876637],[-80.03202286853158,40.41259315632025]]]}},{"type":"Feature","id":"892a8471277ffff","properties":{"cell_id":"892a8471277ffff","h3_res":9,"building_count":22,"poi_count_sum":3,"conn_dist_median_ft":2625.0972052662664,"total_crossings_mean":0.0,"clipped_area_frac":1.0,"clon":-80.036534,"clat":40.414001},"geometry":{"type":"Polygon","coordinates":[[[-80.03457129445017,40.41504105656952],[-80.03427819693647,40.41329699876637],[-80.03624042593884,40.41225677394534],[-80.03849579469949,40.41296053066693],[-80.03878904543494,40.41470456784064],[-80.03682677419073,40.415744868924776],[-80.03457129445017,40.41504105656952]]]}},{"type":"Feature","id":"892a847120fffff","properties":{"cell_id":"892a847120fffff","h3_res":9,"building_count":24,"poi_count_sum":1,"conn_dist_median_ft":3715.0122320634728,"total_crossings_mean":0.0,"clipped_area_frac":1.0,"clon":-80.034864,"clat":40.416785},"geometry":{"type":"Polygon","coordinates":[[[-80.03290196369478,40.41782541714037],[-80.03260891033148,40.4160812925461],[-80.03457129445017,40.41504105656952],[-80.03682677419073,40.415744868924776],[-80.03711998079639,40.41748897289358],[-80.03515755442186,40.41852928513518],[-80.03290196369478,40.41782541714037]]]}},{"type":"Feature","id":"892a847123bffff","properties":{"cell_id":"892a847123bffff","h3_res":9,"building_count":22,"poi_count_sum":3,"conn_dist_median_ft":4526.846767019281,"total_crossings_mean":0.0,"clipped_area_frac":1.0,"clon":-80.032316,"clat":40.414337},"geometry":{"type":"Polygon","coordinates":[[[-80.0303534709616,40.41537739445676],[-80.03006052667811,40.41363331603663],[-80.03202286853158,40.41259315632025],[-80.03427819693647,40.41329699876637],[-80.03457129445017,40.41504105656952],[-80.03260891033148,40.4160812925461],[-80.0303534709616,40.41537739445676]]]}},{"type":"Feature","id":"892a8471233ffff","properties":{"cell_id":"892a8471233ffff","h3_res":9,"building_count":134,"poi_count_sum":3,"conn_dist_median_ft":2597.990843482761,"total_crossings_mean":0.0,"clipped_area_frac":0.9999999999999998,"clon":-80.028098,"clat":40.414673},"geometry":{"type":"Polygon","coordinates":[[[-80.02613557501303,40.41571358149357],[-80.02584278396827,40.4139694824689],[-80.02780523865515,40.412929387867784],[-80.03006052667811,40.41363331603663],[-80.0303534709616,40.41537739445676],[-80.0283909739861,40.416417565315164],[-80.02613557501303,40.41571358149357]]]}},{"type":"Feature","id":"892a8471223ffff","properties":{"cell_id":"892a8471223ffff","h3_res":9,"building_count":53,"poi_count_sum":3,"conn_dist_median_ft":2085.1034651031814,"total_crossings_mean":0.0,"clipped_area_frac":1.0,"clon":-80.029768,"clat":40.411889},"geometry":{"type":"Polygon","coordinates":[[[-80.02780523865515,40.412929387867784],[-80.02751240343188,40.41118535563199],[-80.02947470301078,40.41014527217097],[-80.03172988009023,40.41084914469296],[-80.03202286853158,40.41259315632025],[-80.03006052667811,40.41363331603663],[-80.02780523865515,40.412929387867784]]]}},{"type":"Feature","id":"892a8471227ffff","properties":{"cell_id":"892a8471227ffff","h3_res":9,"building_count":189,"poi_count_sum":2,"conn_dist_median_ft":1872.2731503277582,"total_crossings_mean":0.0,"clipped_area_frac":1.0,"clon":-80.02722,"clat":40.409441},"geometry":{"type":"Polygon","coordinates":[[[-80.02525726674565,40.410481397398655],[-80.024964540563,40.40873741135738],[-80.02692679785793,40.407697404146916],[-80.02918182362214,40.40840130672976],[-80.02947470301078,40.41014527217097],[-80.02751240343188,40.41118535563199],[-80.02525726674565,40.410481397398655]]]}},{"type":"Feature","id":"892a847122fffff","properties":{"cell_id":"892a847122fffff","h3_res":9,"building_count":46,"poi_count_sum":7,"conn_dist_median_ft":774.9028061220221,"total_crossings_mean":0.0,"clipped_area_frac":1.0,"clon":-80.031437,"clat":40.409105},"geometry":{"type":"Polygon","coordinates":[[[-80.02947470301078,40.41014527217097],[-80.02918182362214,40.40840130672976],[-80.03114396811274,40.40736123442043],[-80.03339903425525,40.408065051301456],[-80.03369206684138,40.4098089961302],[-80.03172988009023,40.41084914469296],[-80.02947470301078,40.41014527217097]]]}},{"type":"Feature","id":"892a8471353ffff","properties":{"cell_id":"892a8471353ffff","h3_res":9,"building_count":242,"poi_count_sum":0,"conn_dist_median_ft":2467.909235350971,"total_crossings_mean":0.0,"clipped_area_frac":0.9999999999999998,"clon":-80.024672,"clat":40.406993},"geometry":{"type":"Polygon","coordinates":[[[-80.02270955520322,40.40803342307459],[-80.02241693804162,40.40628948323806],[-80.02437915304321,40.40524955227331],[-80.02663402750245,40.40595348490197],[-80.02692679785793,40.407697404146916],[-80.024964540563,40.40873741135738],[-80.02270955520322,40.40803342307459]]]}},{"type":"Feature","id":"892a84713cbffff","properties":{"cell_id":"892a84713cbffff","h3_res":9,"building_count":176,"poi_count_sum":33,"conn_dist_median_ft":2024.9833524259395,"total_crossings_mean":0.0,"clipped_area_frac":1.0,"clon":-80.023002,"clat":40.409777},"geometry":{"type":"Polygon","coordinates":[[[-80.02103975808981,40.410817371804484],[-80.02074718512165,40.4090733651756],[-80.02270955520322,40.40803342307459],[-80.024964540563,40.40873741135738],[-80.02525726674565,40.410481397398655],[-80.02329485435673,40.4115214157473],[-80.02103975808981,40.410817371804484]]]}},{"type":"Feature","id":"892a84713cfffff","properties":{"cell_id":"892a84713cfffff","h3_res":9,"building_count":146,"poi_count_sum":2,"conn_dist_median_ft":1258.1723662994013,"total_crossings_mean":0.0,"clipped_area_frac":0.9999999999999998,"clon":-80.020455,"clat":40.407329},"geometry":{"type":"Polygon","coordinates":[[[-80.01849224019244,40.40836929119469],[-80.01819977623319,40.406625330779],[-80.02016210399806,40.40558546492082],[-80.02241693804162,40.40628948323806],[-80.02270955520322,40.40803342307459],[-80.02074718512165,40.4090733651756],[-80.01849224019244,40.40836929119469]]]}},{"type":"Feature","id":"892a84713c3ffff","properties":{"cell_id":"892a84713c3ffff","h3_res":9,"building_count":174,"poi_count_sum":3,"conn_dist_median_ft":2150.322513529106,"total_crossings_mean":0.0,"clipped_area_frac":1.0,"clon":-80.018785,"clat":40.410113},"geometry":{"type":"Polygon","coordinates":[[[-80.01682217708714,40.41115319537967],[-80.01652975734191,40.40940916817565],[-80.01849224019244,40.40836929119469],[-80.02074718512165,40.4090733651756],[-80.02103975808981,40.410817371804484],[-80.01907723290856,40.41185732503016],[-80.01682217708714,40.41115319537967]]]}},{"type":"Feature","id":"892a84713dbffff","properties":{"cell_id":"892a84713dbffff","h3_res":9,"building_count":256,"poi_count_sum":4,"conn_dist_median_ft":2291.013737818145,"total_crossings_mean":0.0,"clipped_area_frac":1.0,"clon":-80.021332,"clat":40.412561},"geometry":{"type":"Polygon","coordinates":[[[-80.01936976167015,40.413601398445664],[-80.01907723290856,40.41185732503016],[-80.02103975808981,40.410817371804484],[-80.02329485435673,40.4115214157473],[-80.0235875363534,40.413265468579176],[-80.02162496885079,40.41430549805443],[-80.01936976167015,40.413601398445664]]]}},{"type":"Feature","id":"892a8471237ffff","properties":{"cell_id":"892a8471237ffff","h3_res":9,"building_count":219,"poi_count_sum":14,"conn_dist_median_ft":2249.194757143744,"total_crossings_mean":0.0,"clipped_area_frac":1.0,"clon":-80.02555,"clat":40.412225},"geometry":{"type":"Polygon","coordinates":[[[-80.0235875363534,40.413265468579176],[-80.02329485435673,40.4115214157473],[-80.02525726674565,40.410481397398655],[-80.02751240343188,40.41118535563199],[-80.02780523865515,40.412929387867784],[-80.02584278396827,40.4139694824689],[-80.0235875363534,40.413265468579176]]]}},{"type":"Feature","id":"892a84712afffff","properties":{"cell_id":"892a84712afffff","h3_res":9,"building_count":200,"poi_count_sum":1,"conn_dist_median_ft":2738.9650516504994,"total_crossings_mean":0.0,"clipped_area_frac":1.0,"clon":-80.02388,"clat":40.41501},"geometry":{"type":"Polygon","coordinates":[[[-80.02191760664834,40.41604961767121],[-80.02162496885079,40.41430549805443],[-80.0235875363534,40.413265468579176],[-80.02584278396827,40.4139694824689],[-80.02613557501303,40.41571358149357],[-80.02417296519843,40.41675368722321],[-80.02191760664834,40.41604961767121]]]}},{"type":"Feature","id":"892a84712a7ffff","properties":{"cell_id":"892a84712a7ffff","h3_res":9,"building_count":31,"poi_count_sum":3,"conn_dist_median_ft":1936.7184496498714,"total_crossings_mean":0.0,"clipped_area_frac":1.0,"clon":-80.019662,"clat":40.415346},"geometry":{"type":"Polygon","coordinates":[[[-80.0176995659114,40.41638550298091],[-80.01740708136951,40.41464136278446],[-80.01936976167015,40.413601398445664],[-80.02162496885079,40.41430549805443],[-80.02191760664834,40.41604961767121],[-80.01995488401232,40.41708965826148],[-80.0176995659114,40.41638550298091]]]}},{"type":"Feature","id":"892a84713d3ffff","properties":{"cell_id":"892a84713d3ffff","h3_res":9,"building_count":141,"poi_count_sum":2,"conn_dist_median_ft":1843.0991289253886,"total_crossings_mean":0.0,"clipped_area_frac":1.0,"clon":-80.017115,"clat":40.412897},"geometry":{"type":"Polygon","coordinates":[[[-80.01515191464928,40.413937177458514],[-80.01485953913122,40.412193083471806],[-80.01682217708714,40.41115319537967],[-80.01907723290856,40.41185732503016],[-80.01936976167015,40.413601398445664],[-80.01740708136951,40.41464136278446],[-80.01515191464928,40.413937177458514]]]}},{"type":"Feature","id":"892a847106bffff","properties":{"cell_id":"892a847106bffff","h3_res":9,"building_count":8,"poi_count_sum":0,"conn_dist_median_ft":1777.2630290482546,"total_crossings_mean":0.0,"clipped_area_frac":1.0,"clon":-80.015444,"clat":40.415681},"geometry":{"type":"Polygon","coordinates":[[[-80.01348145284604,40.416721237413896],[-80.01318912156829,40.41497707665023],[-80.01515191464928,40.413937177458514],[-80.01740708136951,40.41464136278446],[-80.0176995659114,40.41638550298091],[-80.01573673047163,40.417425478421194],[-80.01348145284604,40.416721237413896]]]}},{"type":"Feature","id":"892a847106fffff","properties":{"cell_id":"892a847106fffff","h3_res":9,"building_count":65,"poi_count_sum":1,"conn_dist_median_ft":2492.4307715594814,"total_crossings_mean":0.13846153846153847,"clipped_area_frac":1.0,"clon":-80.012897,"clat":40.413233},"geometry":{"type":"Polygon","coordinates":[[[-80.01093399533464,40.414272805608945],[-80.01064177306857,40.41252869106349],[-80.01260452378146,40.41148886811552],[-80.01485953913122,40.412193083471806],[-80.01515191464928,40.413937177458514],[-80.01318912156829,40.41497707665023],[-80.01093399533464,40.414272805608945]]]}},{"type":"Feature","id":"892a84713d7ffff","properties":{"cell_id":"892a84713d7ffff","h3_res":9,"building_count":28,"poi_count_sum":16,"conn_dist_median_ft":2264.0635690489626,"total_crossings_mean":0.0,"clipped_area_frac":1.0,"clon":-80.014567,"clat":40.410449},"geometry":{"type":"Polygon","coordinates":[[[-80.01260452378146,40.41148886811552],[-80.01231225726762,40.40974482034876],[-80.01427485286945,40.40870500849845],[-80.01652975734191,40.40940916817565],[-80.01682217708714,40.41115319537967],[-80.01485953913122,40.412193083471806],[-80.01260452378146,40.41148886811552]]]}},{"type":"Feature","id":"892a84713c7ffff","properties":{"cell_id":"892a84713c7ffff","h3_res":9,"building_count":39,"poi_count_sum":8,"conn_dist_median_ft":3208.595811798127,"total_crossings_mean":0.0,"clipped_area_frac":1.0,"clon":-80.016237,"clat":40.407665},"geometry":{"type":"Polygon","coordinates":[[[-80.01427485286945,40.40870500849845],[-80.01398254212098,40.40696102751608],[-80.01594498263145,40.40592122677503],[-80.01819977623319,40.406625330779],[-80.01849224019244,40.40836929119469],[-80.01652975734191,40.40940916817565],[-80.01427485286945,40.40870500849845]]]}},{"type":"Feature","id":"892a847138bffff","properties":{"cell_id":"892a847138bffff","h3_res":9,"building_count":103,"poi_count_sum":2,"conn_dist_median_ft":3563.586681393521,"total_crossings_mean":0.0,"clipped_area_frac":1.0,"clon":-80.01202,"clat":40.408001},"geometry":{"type":"Polygon","coordinates":[[[-80.01005739327807,40.409040574977126],[-80.00976523574886,40.40729657344051],[-80.01172778898724,40.406256837827186],[-80.01398254212098,40.40696102751608],[-80.01427485286945,40.40870500849845],[-80.01231225726762,40.40974482034876],[-80.01005739327807,40.409040574977126]]]}},{"type":"Feature","id":"892a8471313ffff","properties":{"cell_id":"892a8471313ffff","h3_res":9,"building_count":50,"poi_count_sum":2,"conn_dist_median_ft":2517.9259366310516,"total_crossings_mean":0.0,"clipped_area_frac":1.0,"clon":-80.01369,"clat":40.405217},"geometry":{"type":"Polygon","coordinates":[[[-80.01172778898724,40.406256837827186],[-80.01143558721594,40.40451290307668],[-80.013397985377,40.40347317857069],[-80.0156526276615,40.40417731258274],[-80.01594498263145,40.40592122677503],[-80.01398254212098,40.40696102751608],[-80.01172778898724,40.406256837827186]]]}},{"type":"Feature","id":"892a847131bffff","properties":{"cell_id":"892a847131bffff","h3_res":9,"building_count":133,"poi_count_sum":14,"conn_dist_median_ft":1090.6698012117513,"total_crossings_mean":0.0,"clipped_area_frac":1.0,"clon":-80.017907,"clat":40.404881},"geometry":{"type":"Polygon","coordinates":[[[-80.01594498263145,40.40592122677503],[-80.0156526276615,40.40417731258274],[-80.01761491310032,40.403137522962524],[-80.01986959583787,40.40384157129919],[-80.02016210399806,40.40558546492082],[-80.01819977623319,40.406625330779],[-80.01594498263145,40.40592122677503]]]}},{"type":"Feature","id":"892a8471303ffff","properties":{"cell_id":"892a8471303ffff","h3_res":9,"building_count":202,"poi_count_sum":10,"conn_dist_median_ft":2079.868430281789,"total_crossings_mean":0.0,"clipped_area_frac":1.0,"clon":-80.01536,"clat":40.402433},"geometry":{"type":"Polygon","coordinates":[[[-80.013397985377,40.40347317857069],[-80.01310573937674,40.401729310611984],[-80.01506798248018,40.40068959722493],[-80.01732251392198,40.40139367556601],[-80.01761491310032,40.403137522962524],[-80.0156526276615,40.40417731258274],[-80.013397985377,40.40347317857069]]]}},{"type":"Feature","id":"892a847130bffff","properties":{"cell_id":"892a847130bffff","h3_res":9,"building_count":133,"poi_count_sum":5,"conn_dist_median_ft":2556.849165013116,"total_crossings_mean":0.0,"clipped_area_frac":1.0,"clon":-80.019577,"clat":40.402098},"geometry":{"type":"Polygon","coordinates":[[[-80.01761491310032,40.403137522962524],[-80.01732251392198,40.40139367556601],[-80.01928464430887,40.40035389707823],[-80.02153921618884,40.40105788975346],[-80.0218317685368,40.402801716575354],[-80.01986959583787,40.40384157129919],[-80.01761491310032,40.403137522962524]]]}},{"type":"Feature","id":"892a8471357ffff","properties":{"cell_id":"892a8471357ffff","h3_res":9,"building_count":94,"poi_count_sum":5,"conn_dist_median_ft":1232.6383198201515,"total_crossings_mean":0.0,"clipped_area_frac":1.0,"clon":-80.022124,"clat":40.404546},"geometry":{"type":"Polygon","coordinates":[[[-80.02016210399806,40.40558546492082],[-80.01986959583787,40.40384157129919],[-80.0218317685368,40.402801716575354],[-80.0240864917013,40.40350567923479],[-80.02437915304321,40.40524955227331],[-80.02241693804162,40.40628948323806],[-80.02016210399806,40.40558546492082]]]}},{"type":"Feature","id":"892a8471347ffff","properties":{"cell_id":"892a8471347ffff","h3_res":9,"building_count":37,"poi_count_sum":5,"conn_dist_median_ft":1372.2724785018881,"total_crossings_mean":0.0,"clipped_area_frac":1.0,"clon":-80.023794,"clat":40.401762},"geometry":{"type":"Polygon","coordinates":[[[-80.0218317685368,40.402801716575354],[-80.02153921618884,40.40105788975346],[-80.02350123384151,40.400018046175546],[-80.02575584613352,40.40072195318309],[-80.02604855164263,40.40246575941789],[-80.0240864917013,40.40350567923479],[-80.0218317685368,40.402801716575354]]]}},{"type":"Feature","id":"892a84713abffff","properties":{"cell_id":"892a84713abffff","h3_res":9,"building_count":37,"poi_count_sum":0,"conn_dist_median_ft":3995.956730405189,"total_crossings_mean":0.0,"clipped_area_frac":1.0,"clon":-80.008597,"clat":40.400321},"geometry":{"type":"Polygon","coordinates":[[[-80.00663444210991,40.40136054521542],[-80.00634245823417,40.39961670295917],[-80.00830477166838,40.39857713090886],[-80.01055911134911,40.39928132489195],[-80.01085124839925,40.401025146606905],[-80.00888889259694,40.402064794882634],[-80.00663444210991,40.40136054521542]]]}},{"type":"Feature","id":"892a8471317ffff","properties":{"cell_id":"892a8471317ffff","h3_res":9,"building_count":132,"poi_count_sum":2,"conn_dist_median_ft":3022.3523848098976,"total_crossings_mean":0.0,"clipped_area_frac":1.0,"clon":-80.011143,"clat":40.402769},"geometry":{"type":"Polygon","coordinates":[[[-80.00918098541068,40.40380868339111],[-80.00888889259694,40.402064794882634],[-80.01085124839925,40.401025146606905],[-80.01310573937674,40.401729310611984],[-80.013397985377,40.40347317857069],[-80.01143558721594,40.40451290307668],[-80.00918098541068,40.40380868339111]]]}},{"type":"Feature","id":"892a84713bbffff","properties":{"cell_id":"892a84713bbffff","h3_res":9,"building_count":33,"poi_count_sum":3,"conn_dist_median_ft":4195.933249301848,"total_crossings_mean":0.0,"clipped_area_frac":1.0,"clon":-80.006926,"clat":40.403104},"geometry":{"type":"Polygon","coordinates":[[[-80.00496391324518,40.40414403741503],[-80.00467197362644,40.40240012836924],[-80.00663444210991,40.40136054521542],[-80.00888889259694,40.402064794882634],[-80.00918098541068,40.40380868339111],[-80.00721847454508,40.404848342772254],[-80.00496391324518,40.40414403741503]]]}},{"type":"Feature","id":"892a84713afffff","properties":{"cell_id":"892a84713afffff","h3_res":9,"building_count":111,"poi_count_sum":0,"conn_dist_median_ft":7493.584148315152,"total_crossings_mean":8.0,"clipped_area_frac":1.0,"clon":-80.00605,"clat":40.397873},"geometry":{"type":"Polygon","coordinates":[[[-80.00408815905512,40.39891242332529],[-80.00379628409777,40.39716862733146],[-80.00575855515453,40.396129131501745],[-80.00801274354876,40.39683335544785],[-80.00830477166838,40.39857713090886],[-80.00634245823417,40.39961670295917],[-80.00408815905512,40.39891242332529]]]}},{"type":"Feature","id":"892a84713a3ffff","properties":{"cell_id":"892a84713a3ffff","h3_res":9,"building_count":47,"poi_count_sum":1,"conn_dist_median_ft":6884.4614305328805,"total_crossings_mean":7.340425531914893,"clipped_area_frac":1.0,"clon":-80.00438,"clat":40.400656},"geometry":{"type":"Polygon","coordinates":[[[-80.00241756365601,40.401695793041725],[-80.00212573296311,40.39995193025662],[-80.00408815905512,40.39891242332529],[-80.00634245823417,40.39961670295917],[-80.00663444210991,40.40136054521542],[-80.00467197362644,40.40240012836924],[-80.00241756365601,40.401695793041725]]]}},{"type":"Feature","id":"892a84713a7ffff","properties":{"cell_id":"892a84713a7ffff","h3_res":9,"building_count":51,"poi_count_sum":5,"conn_dist_median_ft":6281.169075033972,"total_crossings_mean":8.07843137254902,"clipped_area_frac":1.0,"clon":-80.001834,"clat":40.398208},"geometry":{"type":"Polygon","coordinates":[[[-79.99987147431186,40.39924756497383],[-79.99957975252524,40.39750374845959],[-80.00154213621646,40.39646431774595],[-80.00379628409777,40.39716862733146],[-80.00408815905512,40.39891242332529],[-80.00212573296311,40.39995193025662],[-79.99987147431186,40.39924756497383]]]}},{"type":"Feature","id":"892a84713b7ffff","properties":{"cell_id":"892a84713b7ffff","h3_res":9,"building_count":37,"poi_count_sum":17,"conn_dist_median_ft":6668.171831358981,"total_crossings_mean":7.864864864864865,"clipped_area_frac":1.0,"clon":-80.000163,"clat":40.400991},"geometry":{"type":"Polygon","coordinates":[[[-79.99820061308134,40.40203089007709],[-79.99790893557973,40.400287006775564],[-79.99987147431186,40.39924756497383],[-80.00212573296311,40.39995193025662],[-80.00241756365601,40.401695793041725],[-80.00045498250904,40.40273531106304],[-79.99820061308134,40.40203089007709]]]}},{"type":"Feature","id":"892a847116bffff","properties":{"cell_id":"892a847116bffff","h3_res":9,"building_count":96,"poi_count_sum":5,"conn_dist_median_ft":5876.237157900689,"total_crossings_mean":7.09375,"clipped_area_frac":0.9999999999999998,"clon":-79.997617,"clat":40.398543},"geometry":{"type":"Polygon","coordinates":[[[-79.99565471748242,40.399582555845726],[-79.99536314887497,40.39783871882353],[-79.99732564518294,40.396799353236545],[-79.99957975252524,40.39750374845959],[-79.99987147431186,40.39924756497383],[-79.99790893557973,40.400287006775564],[-79.99565471748242,40.399582555845726]]]}},{"type":"Feature","id":"892a847114fffff","properties":{"cell_id":"892a847114fffff","h3_res":9,"building_count":64,"poi_count_sum":0,"conn_dist_median_ft":11485.209633298045,"total_crossings_mean":0.140625,"clipped_area_frac":1.0,"clon":-79.998492,"clat":40.403775},"geometry":{"type":"Polygon","coordinates":[[[-79.996529552492,40.40481429303845],[-79.99623791928859,40.403070342955324],[-79.99820061308134,40.40203089007709],[-80.00045498250904,40.40273531106304],[-80.00074676892434,40.40447924063373],[-79.99878403270273,40.40551876973346],[-79.996529552492,40.40481429303845]]]}},{"type":"Feature","id":"892a84713b3ffff","properties":{"cell_id":"892a84713b3ffff","h3_res":9,"building_count":27,"poi_count_sum":4,"conn_dist_median_ft":5532.834846035697,"total_crossings_mean":2.185185185185185,"clipped_area_frac":1.0,"clon":-80.002709,"clat":40.40344},"geometry":{"type":"Polygon","coordinates":[[[-80.00074676892434,40.40447924063373],[-80.00045498250904,40.40273531106304],[-80.00241756365601,40.401695793041725],[-80.00467197362644,40.40240012836924],[-80.00496391324518,40.40414403741503],[-80.00300128969273,40.40518363166077],[-80.00074676892434,40.40447924063373]]]}},{"type":"Feature","id":"892a847114bffff","properties":{"cell_id":"892a847114bffff","h3_res":9,"building_count":45,"poi_count_sum":0,"conn_dist_median_ft":11085.631826074388,"total_crossings_mean":0.0,"clipped_area_frac":1.0,"clon":-80.001039,"clat":40.406223},"geometry":{"type":"Polygon","coordinates":[[[-79.99907577482729,40.407262766084024],[-79.99878403270273,40.40551876973346],[-80.00074676892434,40.40447924063373],[-80.00300128969273,40.40518363166077],[-80.00329318504133,40.406927607490424],[-80.0013304064002,40.40796721281649],[-79.99907577482729,40.407262766084024]]]}},{"type":"Feature","id":"892a8471387ffff","properties":{"cell_id":"892a8471387ffff","h3_res":9,"building_count":11,"poi_count_sum":6,"conn_dist_median_ft":3810.881711596026,"total_crossings_mean":3.8181818181818183,"clipped_area_frac":1.0,"clon":-80.005256,"clat":40.405888},"geometry":{"type":"Polygon","coordinates":[[[-80.00329318504133,40.406927607490424],[-80.00300128969273,40.40518363166077],[-80.00496391324518,40.40414403741503],[-80.00721847454508,40.404848342772254],[-80.00751052310926,40.40659229806857],[-80.00554785716064,40.407631968543555],[-80.00329318504133,40.406927607490424]]]}},{"type":"Feature","id":"892a8471383ffff","properties":{"cell_id":"892a8471383ffff","h3_res":9,"building_count":68,"poi_count_sum":0,"conn_dist_median_ft":2997.4459788863473,"total_crossings_mean":0.0,"clipped_area_frac":1.0,"clon":-80.007803,"clat":40.408336},"geometry":{"type":"Polygon","coordinates":[[[-80.00583986146214,40.40937599062199],[-80.00554785716064,40.407631968543555],[-80.00751052310926,40.40659229806857],[-80.00976523574886,40.40729657344051],[-80.01005739327807,40.409040574977126],[-80.00809468494265,40.4100803216862],[-80.00583986146214,40.40937599062199]]]}},{"type":"Feature","id":"892a847138fffff","properties":{"cell_id":"892a847138fffff","h3_res":9,"building_count":42,"poi_count_sum":0,"conn_dist_median_ft":3759.5758172263763,"total_crossings_mean":0.0,"clipped_area_frac":0.9999999999999998,"clon":-80.009473,"clat":40.405553},"geometry":{"type":"Polygon","coordinates":[[[-80.00751052310926,40.40659229806857],[-80.00721847454508,40.404848342772254],[-80.00918098541068,40.40380868339111],[-80.01143558721594,40.40451290307668],[-80.01172778898724,40.406256837827186],[-80.00976523574886,40.40729657344051],[-80.00751052310926,40.40659229806857]]]}},{"type":"Feature","id":"892a847139bffff","properties":{"cell_id":"892a847139bffff","h3_res":9,"building_count":30,"poi_count_sum":2,"conn_dist_median_ft":3495.8477726719666,"total_crossings_mean":0.0,"clipped_area_frac":1.0,"clon":-80.01035,"clat":40.410785},"geometry":{"type":"Polygon","coordinates":[[[-80.00838679821662,40.411824390003225],[-80.00809468494265,40.4100803216862],[-80.01005739327807,40.409040574977126],[-80.01231225726762,40.40974482034876],[-80.01260452378146,40.41148886811552],[-80.01064177306857,40.41252869106349],[-80.00838679821662,40.411824390003225]]]}},{"type":"Feature","id":"892a8471393ffff","properties":{"cell_id":"892a8471393ffff","h3_res":9,"building_count":5,"poi_count_sum":5,"conn_dist_median_ft":1847.8525276829255,"total_crossings_mean":0.0,"clipped_area_frac":1.0,"clon":-80.006132,"clat":40.41112},"geometry":{"type":"Polygon","coordinates":[[[-80.00416900043648,40.4121597610341],[-80.00387704041083,40.410415672179234],[-80.00583986146214,40.40937599062199],[-80.00809468494265,40.4100803216862],[-80.00838679821662,40.411824390003225],[-80.00642393476447,40.412864147796476],[-80.00416900043648,40.4121597610341]]]}},{"type":"Feature","id":"892a8471067ffff","properties":{"cell_id":"892a8471067ffff","h3_res":9,"building_count":5,"poi_count_sum":1,"conn_dist_median_ft":393.40192161045746,"total_crossings_mean":1.6,"clipped_area_frac":1.0,"clon":-80.008679,"clat":40.413568},"geometry":{"type":"Polygon","coordinates":[[[-80.00671600377007,40.41460828288822],[-80.00642393476447,40.412864147796476],[-80.00838679821662,40.411824390003225],[-80.01064177306857,40.41252869106349],[-80.01093399533464,40.414272805608945],[-80.00897108949098,40.41531263964301],[-80.00671600377007,40.41460828288822]]]}},{"type":"Feature","id":"892a8471063ffff","properties":{"cell_id":"892a8471063ffff","h3_res":9,"building_count":40,"poi_count_sum":3,"conn_dist_median_ft":4704.915508792323,"total_crossings_mean":0.725,"clipped_area_frac":1.0,"clon":-80.011226,"clat":40.416017},"geometry":{"type":"Polygon","coordinates":[[[-80.00926326749614,40.417056820961434],[-80.00897108949098,40.41531263964301],[-80.01093399533464,40.414272805608945],[-80.01318912156829,40.41497707665023],[-80.01348145284604,40.416721237413896],[-80.01151850462024,40.41776114769361],[-80.00926326749614,40.417056820961434]]]}},{"type":"Feature","id":"892a8471077ffff","properties":{"cell_id":"892a8471077ffff","h3_res":9,"building_count":136,"poi_count_sum":3,"conn_dist_median_ft":5146.535808891787,"total_crossings_mean":2.9191176470588234,"clipped_area_frac":1.0,"clon":-80.007008,"clat":40.416352},"geometry":{"type":"Polygon","coordinates":[[[-80.00504500990554,40.41739225361478],[-80.00475298518147,40.41564805175402],[-80.00671600377007,40.41460828288822],[-80.00897108949098,40.41531263964301],[-80.00926326749614,40.417056820961434],[-80.00730020650198,40.418096666069985],[-80.00504500990554,40.41739225361478]]]}},{"type":"Feature","id":"892a847102bffff","properties":{"cell_id":"892a847102bffff","h3_res":9,"building_count":76,"poi_count_sum":1,"conn_dist_median_ft":5902.068405918322,"total_crossings_mean":3.013157894736842,"clipped_area_frac":1.0,"clon":-80.004461,"clat":40.413904},"geometry":{"type":"Polygon","coordinates":[[[-80.00249793999944,40.414943609287604],[-80.00220602426276,40.413199453661996],[-80.00416900043648,40.4121597610341],[-80.00642393476447,40.412864147796476],[-80.00671600377007,40.41460828288822],[-80.00475298518147,40.41564805175402],[-80.00249793999944,40.414943609287604]]]}},{"type":"Feature","id":"892a8471023ffff","properties":{"cell_id":"892a8471023ffff","h3_res":9,"building_count":117,"poi_count_sum":0,"conn_dist_median_ft":6812.616678629169,"total_crossings_mean":0.0,"clipped_area_frac":1.0,"clon":-80.000243,"clat":40.414239},"geometry":{"type":"Polygon","coordinates":[[[-79.99827980406663,40.41527878479837],[-79.99798804160731,40.413534608651354],[-79.99995113048492,40.41249498119938],[-80.00220602426276,40.413199453661996],[-80.00249793999944,40.414943609287604],[-80.00053480868361,40.415983312974575],[-79.99827980406663,40.41527878479837]]]}},{"type":"Feature","id":"892a847102fffff","properties":{"cell_id":"892a847102fffff","h3_res":9,"building_count":29,"poi_count_sum":1,"conn_dist_median_ft":10414.10559179999,"total_crossings_mean":0.0,"clipped_area_frac":1.0,"clon":-80.001914,"clat":40.411455},"geometry":{"type":"Polygon","coordinates":[[[-79.99995113048492,40.41249498119938],[-79.99965932371602,40.41075087181912],[-80.00162225746551,40.4097112554243],[-80.00387704041083,40.410415672179234],[-80.00416900043648,40.4121597610341],[-80.00220602426276,40.413199453661996],[-79.99995113048492,40.41249498119938]]]}},{"type":"Feature","id":"892a847115bffff","properties":{"cell_id":"892a847115bffff","h3_res":9,"building_count":189,"poi_count_sum":1,"conn_dist_median_ft":9877.431265059855,"total_crossings_mean":0.0,"clipped_area_frac":0.9999999999999998,"clon":-79.999368,"clat":40.409007},"geometry":{"type":"Polygon","coordinates":[[[-79.99740458133205,40.41004636937531],[-79.99711288351136,40.40830230625058],[-79.99907577482729,40.407262766084024],[-80.0013304064002,40.40796721281649],[-80.00162225746551,40.4097112554243],[-79.99965932371602,40.41075087181912],[-79.99740458133205,40.41004636937531]]]}},{"type":"Feature","id":"892a8471397ffff","properties":{"cell_id":"892a8471397ffff","h3_res":9,"building_count":23,"poi_count_sum":2,"conn_dist_median_ft":10798.002930194814,"total_crossings_mean":0.2608695652173913,"clipped_area_frac":0.9999999999999998,"clon":-80.003585,"clat":40.408672},"geometry":{"type":"Polygon","coordinates":[[[-80.00162225746551,40.4097112554243],[-80.0013304064002,40.40796721281649],[-80.00329318504133,40.406927607490424],[-80.00554785716064,40.407631968543555],[-80.00583986146214,40.40937599062199],[-80.00387704041083,40.410415672179234],[-80.00162225746551,40.4097112554243]]]}},{"type":"Feature","id":"892a8471143ffff","properties":{"cell_id":"892a8471143ffff","h3_res":9,"building_count":77,"poi_count_sum":1,"conn_dist_median_ft":10301.13544551151,"total_crossings_mean":0.0,"clipped_area_frac":0.9999999999999998,"clon":-79.996821,"clat":40.406558},"geometry":{"type":"Polygon","coordinates":[[[-79.99485829251104,40.40759777384063],[-79.99456670361894,40.4058537569816],[-79.996529552492,40.40481429303845],[-79.99878403270273,40.40551876973346],[-79.99907577482729,40.407262766084024],[-79.99711288351136,40.40830230625058],[-79.99485829251104,40.40759777384063]]]}},{"type":"Feature","id":"892a8471153ffff","properties":{"cell_id":"892a8471153ffff","h3_res":9,"building_count":266,"poi_count_sum":0,"conn_dist_median_ft":9041.996223999504,"total_crossings_mean":0.0,"clipped_area_frac":1.0,"clon":-79.99515,"clat":40.409342},"geometry":{"type":"Polygon","coordinates":[[[-79.99318683310563,40.410381332466315],[-79.992895288538,40.4086372488371],[-79.99485829251104,40.40759777384063],[-79.99711288351136,40.40830230625058],[-79.99740458133205,40.41004636937531],[-79.99544153490207,40.411085920597124],[-79.99318683310563,40.410381332466315]]]}},{"type":"Feature","id":"892a8471157ffff","properties":{"cell_id":"892a8471157ffff","h3_res":9,"building_count":94,"poi_count_sum":10,"conn_dist_median_ft":7712.707707051519,"total_crossings_mean":0.0,"clipped_area_frac":0.8934212229759186,"clon":-79.992604,"clat":40.406893},"geometry":{"type":"Polygon","coordinates":[[[-79.99034930248521,40.406188593396465],[-79.992312263992,40.40514919462048],[-79.99456670361894,40.4058537569816],[-79.99485829251104,40.40759777384063],[-79.992895288538,40.4086372488371],[-79.99137594811224,40.40816240704984],[-79.991423,40.40806],[-79.991464,40.407974],[-79.991497,40.407901],[-79.991583,40.407714],[-79.991598,40.407682],[-79.991635,40.407611],[-79.991686,40.407521],[-79.991768,40.407378],[-79.991849,40.407257],[-79.991908,40.407172],[-79.991924,40.407149],[-79.991942,40.407126],[-79.991929,40.407125],[-79.991806,40.407116],[-79.991376,40.407042],[-79.991332,40.407033],[-79.991283,40.407024],[-79.991205,40.407005],[-79.99103,40.406964],[-79.99063,40.406856],[-79.99045284040845,40.406808195030855],[-79.99034930248521,40.406188593396465]]]}},{"type":"Feature","id":"892a84711cfffff","properties":{"cell_id":"892a84711cfffff","h3_res":9,"building_count":137,"poi_count_sum":4,"conn_dist_median_ft":9544.119803094045,"total_crossings_mean":0.10218978102189781,"clipped_area_frac":0.5633708810147632,"clon":-79.990932,"clat":40.409677},"geometry":{"type":"Polygon","coordinates":[[[-79.992895288538,40.4086372488371],[-79.99318683310563,40.410381332466315],[-79.99122367401287,40.41142081850454],[-79.99005713190202,40.411056226393306],[-79.990147,40.410855],[-79.990209,40.410718],[-79.990231,40.410691],[-79.9903,40.410609],[-79.990323,40.410583],[-79.990328,40.410548],[-79.990344,40.410443],[-79.99035,40.410409],[-79.990395,40.41031],[-79.99053,40.410013],[-79.990575,40.409914],[-79.990612,40.409832],[-79.990724,40.409589],[-79.990762,40.409508],[-79.990793,40.409439],[-79.990888,40.409233],[-79.99092,40.409165],[-79.990958,40.409081],[-79.991072,40.408828],[-79.991111,40.408745],[-79.991141,40.408677],[-79.991234,40.408473],[-79.991265,40.408406],[-79.991304,40.408319],[-79.99137594811224,40.40816240704984],[-79.992895288538,40.4086372488371]]]}},{"type":"Feature","id":"892a84711cbffff","properties":{"cell_id":"892a84711cbffff","h3_res":9,"building_count":324,"poi_count_sum":0,"conn_dist_median_ft":7382.07907171114,"total_crossings_mean":0.0,"clipped_area_frac":1.0,"clon":-79.993478,"clat":40.412125},"geometry":{"type":"Polygon","coordinates":[[[-79.99151517424288,40.41316496889823],[-79.99122367401287,40.41142081850454],[-79.99318683310563,40.410381332466315],[-79.99544153490207,40.411085920597124],[-79.99573318840575,40.412830050490335],[-79.99376998684201,40.41386961275578],[-79.99151517424288,40.41316496889823]]]}},{"type":"Feature","id":"892a8471027ffff","properties":{"cell_id":"892a8471027ffff","h3_res":9,"building_count":110,"poi_count_sum":1,"conn_dist_median_ft":8548.06282274133,"total_crossings_mean":0.0,"clipped_area_frac":1.0,"clon":-79.997696,"clat":40.41179},"geometry":{"type":"Polygon","coordinates":[[[-79.99573318840575,40.412830050490335],[-79.99544153490207,40.411085920597124],[-79.99740458133205,40.41004636937531],[-79.99965932371602,40.41075087181912],[-79.99995113048492,40.41249498119938],[-79.99798804160731,40.413534608651354],[-79.99573318840575,40.412830050490335]]]}},{"type":"Feature","id":"892a8471037ffff","properties":{"cell_id":"892a8471037ffff","h3_res":9,"building_count":175,"poi_count_sum":4,"conn_dist_median_ft":6781.5648448970405,"total_crossings_mean":0.0,"clipped_area_frac":1.0,"clon":-79.996025,"clat":40.414574},"geometry":{"type":"Polygon","coordinates":[[[-79.99406159601551,40.41561380941177],[-79.99376998684201,40.41386961275578],[-79.99573318840575,40.412830050490335],[-79.99798804160731,40.413534608651354],[-79.99827980406663,40.41527878479837],[-79.99631656004127,40.4163184232959],[-79.99406159601551,40.41561380941177]]]}},{"type":"Feature","id":"892a84711dbffff","properties":{"cell_id":"892a84711dbffff","h3_res":9,"building_count":251,"poi_count_sum":4,"conn_dist_median_ft":6306.243214013301,"total_crossings_mean":0.796812749003984,"clipped_area_frac":1.0,"clon":-79.991807,"clat":40.414909},"geometry":{"type":"Polygon","coordinates":[[[-79.98984331588996,40.415948683119076],[-79.98955186001072,40.4142044659666],[-79.99151517424288,40.41316496889823],[-79.99376998684201,40.41386961275578],[-79.99406159601551,40.41561380941177],[-79.99209823929831,40.41665338270928],[-79.98984331588996,40.415948683119076]]]}},{"type":"Feature","id":"892a84711c3ffff","properties":{"cell_id":"892a84711c3ffff","h3_res":9,"building_count":121,"poi_count_sum":22,"conn_dist_median_ft":7090.970713499764,"total_crossings_mean":0.0743801652892562,"clipped_area_frac":0.48687505901416134,"clon":-79.98926,"clat":40.41246},"geometry":{"type":"Polygon","coordinates":[[[-79.99122367401287,40.41142081850454],[-79.99151517424288,40.41316496889823],[-79.98955186001072,40.4142044659666],[-79.98840720628115,40.413846704152625],[-79.988664,40.413481],[-79.988828,40.413248],[-79.988906,40.413136],[-79.989141,40.412802],[-79.98922,40.412691],[-79.989304,40.412567],[-79.989415,40.412406],[-79.989523,40.412223],[-79.98954,40.412187],[-79.989608,40.412054],[-79.989616,40.412036],[-79.989639,40.411985],[-79.989648,40.411968],[-79.9897,40.411856],[-79.989712,40.411833],[-79.989851,40.411517],[-79.989902,40.411405],[-79.989963,40.411267],[-79.99005713190202,40.411056226393306],[-79.99122367401287,40.41142081850454]]]}},{"type":"Feature","id":"892a84711d3ffff","properties":{"cell_id":"892a84711d3ffff","h3_res":9,"building_count":86,"poi_count_sum":9,"conn_dist_median_ft":7325.8654071046685,"total_crossings_mean":1.1627906976744187,"clipped_area_frac":0.3446733640971278,"clon":-79.987588,"clat":40.415244},"geometry":{"type":"Polygon","coordinates":[[[-79.98955186001072,40.4142044659666],[-79.98984331588996,40.415948683119076],[-79.9881522858636,40.416843955230476],[-79.988146,40.416724],[-79.988143,40.416648],[-79.988135,40.416501],[-79.988114,40.41606],[-79.988107,40.415913],[-79.988104,40.415851],[-79.988095,40.415668],[-79.988092,40.415607],[-79.988087,40.41552],[-79.988075,40.415262],[-79.988071,40.415176],[-79.988064,40.415027],[-79.988045,40.414582],[-79.988039,40.414434],[-79.988174,40.414182],[-79.988183,40.414166],[-79.98840720628115,40.413846704152625],[-79.98955186001072,40.4142044659666]]]}},{"type":"Feature","id":"892a847111bffff","properties":{"cell_id":"892a847111bffff","h3_res":9,"building_count":34,"poi_count_sum":0,"conn_dist_median_ft":6443.50441891256,"total_crossings_mean":0.0,"clipped_area_frac":0.16151945136878482,"clon":-79.988386,"clat":40.407228},"geometry":{"type":"Polygon","coordinates":[[[-79.98809490346822,40.40548394537113],[-79.99034930248521,40.406188593396465],[-79.99045284040845,40.406808195030855],[-79.989433,40.406533],[-79.989317,40.406502],[-79.989036,40.406419],[-79.988761,40.406349],[-79.98803,40.406164],[-79.987939,40.406141],[-79.987665,40.406075],[-79.98743,40.406048],[-79.987322,40.406036],[-79.9870616788482,40.40603097772698],[-79.98809490346822,40.40548394537113]]]}},{"type":"Feature","id":"892a847110bffff","properties":{"cell_id":"892a847110bffff","h3_res":9,"building_count":166,"poi_count_sum":31,"conn_dist_median_ft":6168.417759395497,"total_crossings_mean":0.463855421686747,"clipped_area_frac":1.0,"clon":-79.990058,"clat":40.404445},"geometry":{"type":"Polygon","coordinates":[[[-79.98809490346822,40.40548394537113],[-79.98780357671387,40.403739954300455],[-79.98976649574509,40.402700631740124],[-79.99202078400891,40.40340522403737],[-79.992312263992,40.40514919462048],[-79.99034930248521,40.406188593396465],[-79.98809490346822,40.40548394537113]]]}},{"type":"Feature","id":"892a8471103ffff","properties":{"cell_id":"892a8471103ffff","h3_res":9,"building_count":168,"poi_count_sum":0,"conn_dist_median_ft":6453.919339274889,"total_crossings_mean":0.0,"clipped_area_frac":0.938483259948132,"clon":-79.985841,"clat":40.404779},"geometry":{"type":"Polygon","coordinates":[[[-79.98387747096447,40.405818545281655],[-79.98358629744732,40.40407453373587],[-79.98554932907119,40.40303527635035],[-79.98780357671387,40.403739954300455],[-79.98809490346822,40.40548394537113],[-79.9870616788482,40.40603097772698],[-79.987011,40.40603],[-79.986488,40.406018],[-79.985929,40.406007],[-79.985357,40.405995],[-79.984468,40.405977],[-79.9843719320025,40.40597311846475],[-79.98387747096447,40.405818545281655]]]}},{"type":"Feature","id":"892a847110fffff","properties":{"cell_id":"892a847110fffff","h3_res":9,"building_count":157,"poi_count_sum":3,"conn_dist_median_ft":5125.09920162776,"total_crossings_mean":0.08280254777070063,"clipped_area_frac":1.0,"clon":-79.987512,"clat":40.401996},"geometry":{"type":"Polygon","coordinates":[[[-79.98554932907119,40.40303527635035],[-79.9852581111941,40.40129133157422],[-79.9872209877404,40.400252085224714],[-79.98947512465139,40.40095670744308],[-79.98976649574509,40.402700631740124],[-79.98780357671387,40.403739954300455],[-79.98554932907119,40.40303527635035]]]}},{"type":"Feature","id":"892a8471173ffff","properties":{"cell_id":"892a8471173ffff","h3_res":9,"building_count":19,"poi_count_sum":0,"conn_dist_median_ft":6455.301097850434,"total_crossings_mean":2.4210526315789473,"clipped_area_frac":1.0,"clon":-79.991729,"clat":40.401661},"geometry":{"type":"Polygon","coordinates":[[[-79.98976649574509,40.402700631740124],[-79.98947512465139,40.40095670744308],[-79.99143788861066,40.399917395932256],[-79.99369206612788,40.4006219325073],[-79.99398359042974,40.40236583631279],[-79.99202078400891,40.40340522403737],[-79.98976649574509,40.402700631740124]]]}},{"type":"Feature","id":"892a8471147ffff","properties":{"cell_id":"892a8471147ffff","h3_res":9,"building_count":85,"poi_count_sum":0,"conn_dist_median_ft":6966.632551245958,"total_crossings_mean":1.8,"clipped_area_frac":1.0,"clon":-79.994275,"clat":40.40411},"geometry":{"type":"Polygon","coordinates":[[[-79.992312263992,40.40514919462048],[-79.99202078400891,40.40340522403737],[-79.99398359042974,40.40236583631279],[-79.99623791928859,40.403070342955324],[-79.996529552492,40.40481429303845],[-79.99456670361894,40.4058537569816],[-79.992312263992,40.40514919462048]]]}},{"type":"Feature","id":"892a847117bffff","properties":{"cell_id":"892a847117bffff","h3_res":9,"building_count":29,"poi_count_sum":1,"conn_dist_median_ft":6957.215602171387,"total_crossings_mean":5.344827586206897,"clipped_area_frac":1.0,"clon":-79.995946,"clat":40.401326},"geometry":{"type":"Polygon","coordinates":[[[-79.99398359042974,40.40236583631279],[-79.99369206612788,40.4006219325073],[-79.99565471748242,40.399582555845726],[-79.99790893557973,40.400287006775564],[-79.99820061308134,40.40203089007709],[-79.99623791928859,40.403070342955324],[-79.99398359042974,40.40236583631279]]]}},{"type":"Feature","id":"892a8471163ffff","properties":{"cell_id":"892a8471163ffff","h3_res":9,"building_count":31,"poi_count_sum":1,"conn_dist_median_ft":4961.0742133575395,"total_crossings_mean":1.3548387096774193,"clipped_area_frac":1.0,"clon":-79.993401,"clat":40.398878},"geometry":{"type":"Polygon","coordinates":[[[-79.99143788861066,40.399917395932256],[-79.9911464731908,40.39817353841454],[-79.99310908209783,40.397134237964806],[-79.99536314887497,40.39783871882353],[-79.99565471748242,40.399582555845726],[-79.99369206612788,40.4006219325073],[-79.99143788861066,40.399917395932256]]]}},{"type":"Feature","id":"892a8471177ffff","properties":{"cell_id":"892a8471177ffff","h3_res":9,"building_count":207,"poi_count_sum":8,"conn_dist_median_ft":4244.789267847886,"total_crossings_mean":0.057971014492753624,"clipped_area_frac":1.0,"clon":-79.989184,"clat":40.399213},"geometry":{"type":"Polygon","coordinates":[[[-79.9872209877404,40.400252085224714],[-79.98692972551653,40.39850820722393],[-79.98889244700494,40.39746897192202],[-79.9911464731908,40.39817353841454],[-79.99143788861066,40.399917395932256],[-79.98947512465139,40.40095670744308],[-79.9872209877404,40.400252085224714]]]}},{"type":"Feature","id":"892a847113bffff","properties":{"cell_id":"892a847113bffff","h3_res":9,"building_count":167,"poi_count_sum":2,"conn_dist_median_ft":3571.852164678709,"total_crossings_mean":0.0,"clipped_area_frac":1.0,"clon":-79.984967,"clat":40.399547},"geometry":{"type":"Polygon","coordinates":[[[-79.98300401491548,40.400586623714396],[-79.98271290589604,40.39884272524297],[-79.98467573994812,40.39780355509944],[-79.98692972551653,40.39850820722393],[-79.9872209877404,40.400252085224714],[-79.9852581111941,40.40129133157422],[-79.98300401491548,40.400586623714396]]]}},{"type":"Feature","id":"892a847112bffff","properties":{"cell_id":"892a847112bffff","h3_res":9,"building_count":202,"poi_count_sum":23,"conn_dist_median_ft":2663.0045765537398,"total_crossings_mean":0.30198019801980197,"clipped_area_frac":0.9999999999999998,"clon":-79.986638,"clat":40.396764},"geometry":{"type":"Polygon","coordinates":[[[-79.98467573994812,40.39780355509944],[-79.98438458657449,40.396059723405095],[-79.98634726558272,40.395020564307245],[-79.98860114044744,40.395725160702284],[-79.98889244700494,40.39746897192202],[-79.98692972551653,40.39850820722393],[-79.98467573994812,40.39780355509944]]]}},{"type":"Feature","id":"892a8471167ffff","properties":{"cell_id":"892a8471167ffff","h3_res":9,"building_count":147,"poi_count_sum":2,"conn_dist_median_ft":4270.287260870441,"total_crossings_mean":0.43537414965986393,"clipped_area_frac":1.0,"clon":-79.990855,"clat":40.39643},"geometry":{"type":"Polygon","coordinates":[[[-79.98889244700494,40.39746897192202],[-79.98860114044744,40.395725160702284],[-79.99056370689765,40.394685936459545],[-79.9928176223649,40.395390447232124],[-79.99310908209783,40.397134237964806],[-79.9911464731908,40.39817353841454],[-79.98889244700494,40.39746897192202]]]}},{"type":"Feature","id":"892a8471e9bffff","properties":{"cell_id":"892a8471e9bffff","h3_res":9,"building_count":116,"poi_count_sum":2,"conn_dist_median_ft":3944.747718735347,"total_crossings_mean":1.956896551724138,"clipped_area_frac":1.0,"clon":-79.992526,"clat":40.393647},"geometry":{"type":"Polygon","coordinates":[[[-79.99056370689765,40.394685936459545],[-79.99027235601967,40.39294219202653],[-79.99223476745136,40.39190297885458],[-79.99448857220654,40.39260743391311],[-79.99478007623938,40.39435115785508],[-79.9928176223649,40.395390447232124],[-79.99056370689765,40.394685936459545]]]}},{"type":"Feature","id":"892a8471e93ffff","properties":{"cell_id":"892a8471e93ffff","h3_res":9,"building_count":165,"poi_count_sum":13,"conn_dist_median_ft":3003.460194078791,"total_crossings_mean":2.696969696969697,"clipped_area_frac":0.9999999999999998,"clon":-79.98831,"clat":40.393981},"geometry":{"type":"Polygon","coordinates":[[[-79.98634726558272,40.395020564307245],[-79.98605606786802,40.39327679939566],[-79.98801859185208,40.39223765135509],[-79.99027235601967,40.39294219202653],[-79.99056370689765,40.394685936459545],[-79.98860114044744,40.395725160702284],[-79.98634726558272,40.395020564307245]]]}},{"type":"Feature","id":"892a847112fffff","properties":{"cell_id":"892a847112fffff","h3_res":9,"building_count":211,"poi_count_sum":2,"conn_dist_median_ft":2230.3503108089417,"total_crossings_mean":0.06635071090047394,"clipped_area_frac":1.0,"clon":-79.984093,"clat":40.394316},"geometry":{"type":"Polygon","coordinates":[[[-79.98213075233838,40.395355041389514],[-79.9818397077954,40.39361125601175],[-79.98380234431413,40.39257217311316],[-79.98605606786802,40.39327679939566],[-79.98634726558272,40.395020564307245],[-79.98438458657449,40.396059723405095],[-79.98213075233838,40.395355041389514]]]}},{"type":"Feature","id":"892a8471e97ffff","properties":{"cell_id":"892a8471e97ffff","h3_res":9,"building_count":134,"poi_count_sum":28,"conn_dist_median_ft":1929.3508666349346,"total_crossings_mean":0.746268656716418,"clipped_area_frac":1.0,"clon":-79.985765,"clat":40.391533},"geometry":{"type":"Polygon","coordinates":[[[-79.98380234431413,40.39257217311316],[-79.98351125542267,40.39082845451988],[-79.98547373693125,40.38978938267664],[-79.98772734980946,40.390493953231946],[-79.98801859185208,40.39223765135509],[-79.98605606786802,40.39327679939566],[-79.98380234431413,40.39257217311316]]]}},{"type":"Feature","id":"892a8471e83ffff","properties":{"cell_id":"892a8471e83ffff","h3_res":9,"building_count":54,"poi_count_sum":5,"conn_dist_median_ft":2703.344673265783,"total_crossings_mean":2.0925925925925926,"clipped_area_frac":1.0,"clon":-79.989981,"clat":40.391198},"geometry":{"type":"Polygon","coordinates":[[[-79.98801859185208,40.39223765135509],[-79.98772734980946,40.390493953231946],[-79.98968971878902,40.38945481626024],[-79.99194337226604,40.39015930121401],[-79.99223476745136,40.39190297885458],[-79.99027235601967,40.39294219202653],[-79.98801859185208,40.39223765135509]]]}},{"type":"Feature","id":"892a847116fffff","properties":{"cell_id":"892a847116fffff","h3_res":9,"building_count":77,"poi_count_sum":1,"conn_dist_median_ft":4650.432464833921,"total_crossings_mean":2.883116883116883,"clipped_area_frac":1.0,"clon":-79.995072,"clat":40.396095},"geometry":{"type":"Polygon","coordinates":[[[-79.99310908209783,40.397134237964806],[-79.9928176223649,40.395390447232124],[-79.99478007623938,40.39435115785508],[-79.99703403228298,40.395055583003355],[-79.99732564518294,40.396799353236545],[-79.99536314887497,40.39783871882353],[-79.99310908209783,40.397134237964806]]]}},{"type":"Feature","id":"892a8471ed7ffff","properties":{"cell_id":"892a8471ed7ffff","h3_res":9,"building_count":109,"poi_count_sum":15,"conn_dist_median_ft":3820.95488135162,"total_crossings_mean":2.926605504587156,"clipped_area_frac":1.0,"clon":-79.996742,"clat":40.393312},"geometry":{"type":"Polygon","coordinates":[[[-79.99478007623938,40.39435115785508],[-79.99448857220654,40.39260743391311],[-79.99645087106815,40.39156815562031],[-79.99870471638478,40.39227252506406],[-79.99899637356407,40.394016228502565],[-79.99703403228298,40.395055583003355],[-79.99478007623938,40.39435115785508]]]}},{"type":"Feature","id":"892a8471e8bffff","properties":{"cell_id":"892a8471e8bffff","h3_res":9,"building_count":172,"poi_count_sum":0,"conn_dist_median_ft":2788.054417235414,"total_crossings_mean":0.47093023255813954,"clipped_area_frac":0.9999999999999998,"clon":-79.994197,"clat":40.390864},"geometry":{"type":"Polygon","coordinates":[[[-79.99223476745136,40.39190297885458],[-79.99194337226604,40.39015930121401],[-79.99390562869887,40.38912009912442],[-79.99615932274853,40.389824498474766],[-79.99645087106815,40.39156815562031],[-79.99448857220654,40.39260743391311],[-79.99223476745136,40.39190297885458]]]}},{"type":"Feature","id":"892a8471ec7ffff","properties":{"cell_id":"892a8471ec7ffff","h3_res":9,"building_count":43,"poi_count_sum":4,"conn_dist_median_ft":7189.598670354871,"total_crossings_mean":6.651162790697675,"clipped_area_frac":1.0,"clon":-79.998413,"clat":40.390529},"geometry":{"type":"Polygon","coordinates":[[[-79.99645087106815,40.39156815562031],[-79.99615932274853,40.389824498474766],[-79.99812146661696,40.388785231277836],[-80.00037520121316,40.38948954502293],[-80.00066690265865,40.39123318166105],[-79.99870471638478,40.39227252506406],[-79.99645087106815,40.39156815562031]]]}},{"type":"Feature","id":"892a8471ec3ffff","properties":{"cell_id":"892a8471ec3ffff","h3_res":9,"building_count":131,"poi_count_sum":0,"conn_dist_median_ft":8160.440825296726,"total_crossings_mean":8.0,"clipped_area_frac":1.0,"clon":-80.000959,"clat":40.392977},"geometry":{"type":"Polygon","coordinates":[[[-79.99899637356407,40.394016228502565],[-79.99870471638478,40.39227252506406],[-80.00066690265865,40.39123318166105],[-80.00292078851062,40.39193746548814],[-80.0032125988279,40.39368114841074],[-80.00125037015792,40.394720568024695],[-79.99899637356407,40.394016228502565]]]}},{"type":"Feature","id":"892a8471ed3ffff","properties":{"cell_id":"892a8471ed3ffff","h3_res":9,"building_count":59,"poi_count_sum":15,"conn_dist_median_ft":4844.138254835192,"total_crossings_mean":7.135593220338983,"clipped_area_frac":1.0,"clon":-79.999288,"clat":40.39576},"geometry":{"type":"Polygon","coordinates":[[[-79.99732564518294,40.396799353236545],[-79.99703403228298,40.395055583003355],[-79.99899637356407,40.394016228502565],[-80.00125037015792,40.394720568024695],[-80.00154213621646,40.39646431774595],[-79.99957975252524,40.39750374845959],[-79.99732564518294,40.396799353236545]]]}},{"type":"Feature","id":"892a8471edbffff","properties":{"cell_id":"892a8471edbffff","h3_res":9,"building_count":31,"poi_count_sum":0,"conn_dist_median_ft":6284.570863084667,"total_crossings_mean":8.0,"clipped_area_frac":1.0,"clon":-80.003504,"clat":40.395425},"geometry":{"type":"Polygon","coordinates":[[[-80.00154213621646,40.39646431774595],[-80.00125037015792,40.394720568024695],[-80.0032125988279,40.39368114841074],[-80.00546663594588,40.39438540230485],[-80.00575855515453,40.396129131501745],[-80.00379628409777,40.39716862733146],[-80.00154213621646,40.39646431774595]]]}},{"type":"Feature","id":"892a8471333ffff","properties":{"cell_id":"892a8471333ffff","h3_res":9,"building_count":45,"poi_count_sum":0,"conn_dist_median_ft":7375.800452249928,"total_crossings_mean":2.1333333333333333,"clipped_area_frac":1.0,"clon":-80.010267,"clat":40.397538},"geometry":{"type":"Polygon","coordinates":[[[-80.00830477166838,40.39857713090886],[-80.00801274354876,40.39683335544785],[-80.00997490195337,40.39579379451263],[-80.01222913083437,40.396497932817496],[-80.01252131210781,40.39824168773324],[-80.01055911134911,40.39928132489195],[-80.00830477166838,40.39857713090886]]]}},{"type":"Feature","id":"892a8471337ffff","properties":{"cell_id":"892a8471337ffff","h3_res":9,"building_count":52,"poi_count_sum":0,"conn_dist_median_ft":7017.463760753565,"total_crossings_mean":0.0,"clipped_area_frac":1.0,"clon":-80.007721,"clat":40.39509},"geometry":{"type":"Polygon","coordinates":[[[-80.00575855515453,40.396129131501745],[-80.00546663594588,40.39438540230485],[-80.00742875198706,40.39334591758831],[-80.00968282960304,40.39405008585254],[-80.00997490195337,40.39579379451263],[-80.00801274354876,40.39683335544785],[-80.00575855515453,40.396129131501745]]]}},{"type":"Feature","id":"892a8471ecbffff","properties":{"cell_id":"892a8471ecbffff","h3_res":9,"building_count":153,"poi_count_sum":2,"conn_dist_median_ft":7801.996814779478,"total_crossings_mean":0.8235294117647058,"clipped_area_frac":1.0,"clon":-80.005175,"clat":40.392642},"geometry":{"type":"Polygon","coordinates":[[[-80.0032125988279,40.39368114841074],[-80.00292078851062,40.39193746548814],[-80.00488286217904,40.39089805698545],[-80.00713678854022,40.391602255194066],[-80.00742875198706,40.39334591758831],[-80.00546663594588,40.39438540230485],[-80.0032125988279,40.39368114841074]]]}},{"type":"Feature","id":"892a8471327ffff","properties":{"cell_id":"892a8471327ffff","h3_res":9,"building_count":171,"poi_count_sum":10,"conn_dist_median_ft":6455.739372985175,"total_crossings_mean":0.6081871345029239,"clipped_area_frac":1.0,"clon":-80.009391,"clat":40.392306},"geometry":{"type":"Polygon","coordinates":[[[-80.00742875198706,40.39334591758831],[-80.00713678854022,40.391602255194066],[-80.00909874958552,40.39056278160227],[-80.01135271642977,40.391266894190544],[-80.01164483299773,40.39301053604401],[-80.00968282960304,40.39405008585254],[-80.00742875198706,40.39334591758831]]]}},{"type":"Feature","id":"892a8471e5bffff","properties":{"cell_id":"892a8471e5bffff","h3_res":9,"building_count":237,"poi_count_sum":1,"conn_dist_median_ft":5355.583671510046,"total_crossings_mean":0.31645569620253167,"clipped_area_frac":1.0,"clon":-80.011061,"clat":40.389523},"geometry":{"type":"Polygon","coordinates":[[[-80.00909874958552,40.39056278160227],[-80.00880674191362,40.38881918601636],[-80.01076854798272,40.38777972356091],[-80.01302240406183,40.388483780479085],[-80.01331456483429,40.39022735552024],[-80.01135271642977,40.391266894190544],[-80.00909874958552,40.39056278160227]]]}},{"type":"Feature","id":"892a8471ecfffff","properties":{"cell_id":"892a8471ecfffff","h3_res":9,"building_count":47,"poi_count_sum":0,"conn_dist_median_ft":7870.222169519293,"total_crossings_mean":4.574468085106383,"clipped_area_frac":1.0,"clon":-80.002629,"clat":40.390194},"geometry":{"type":"Polygon","coordinates":[[[-80.00066690265865,40.39123318166105],[-80.00037520121316,40.38948954502293],[-80.0023372324995,40.38845021272923],[-80.00459100761611,40.38915444086723],[-80.00488286217904,40.39089805698545],[-80.00292078851062,40.39193746548814],[-80.00066690265865,40.39123318166105]]]}},{"type":"Feature","id":"892a8471e1bffff","properties":{"cell_id":"892a8471e1bffff","h3_res":9,"building_count":121,"poi_count_sum":3,"conn_dist_median_ft":3199.974463545851,"total_crossings_mean":1.0,"clipped_area_frac":1.0,"clon":-80.000084,"clat":40.387746},"geometry":{"type":"Polygon","coordinates":[[[-79.99812146661696,40.388785231277836],[-79.9978298740237,40.38704164093436],[-79.99979186291863,40.38600238484486],[-80.00204548680094,40.38670664289721],[-80.0023372324995,40.38845021272923],[-80.00037520121316,40.38948954502293],[-79.99812146661696,40.388785231277836]]]}},{"type":"Feature","id":"892a8471e57ffff","properties":{"cell_id":"892a8471e57ffff","h3_res":9,"building_count":91,"poi_count_sum":0,"conn_dist_median_ft":3443.2490322016215,"total_crossings_mean":1.0,"clipped_area_frac":1.0,"clon":-80.004299,"clat":40.387411},"geometry":{"type":"Polygon","coordinates":[[[-80.0023372324995,40.38845021272923],[-80.00204548680094,40.38670664289721],[-80.00400736311943,40.38566732172445],[-80.00626102750726,40.386371494179194],[-80.00655292630269,40.38811504348736],[-80.00459100761611,40.38915444086723],[-80.0023372324995,40.38845021272923]]]}},{"type":"Feature","id":"892a8471e53ffff","properties":{"cell_id":"892a8471e53ffff","h3_res":9,"building_count":40,"poi_count_sum":2,"conn_dist_median_ft":4769.368709252327,"total_crossings_mean":1.0,"clipped_area_frac":1.0,"clon":-80.006845,"clat":40.389859},"geometry":{"type":"Polygon","coordinates":[[[-80.00488286217904,40.39089805698545],[-80.00459100761611,40.38915444086723],[-80.00655292630269,40.38811504348736],[-80.00880674191362,40.38881918601636],[-80.00909874958552,40.39056278160227],[-80.00713678854022,40.391602255194066],[-80.00488286217904,40.39089805698545]]]}},{"type":"Feature","id":"892a8471e43ffff","properties":{"cell_id":"892a8471e43ffff","h3_res":9,"building_count":129,"poi_count_sum":2,"conn_dist_median_ft":4858.490069974675,"total_crossings_mean":0.7441860465116279,"clipped_area_frac":0.9999999999999998,"clon":-80.008515,"clat":40.387076},"geometry":{"type":"Polygon","coordinates":[[[-80.00655292630269,40.38811504348736],[-80.00626102750726,40.386371494179194],[-80.00822279123165,40.385332107933735],[-80.01047649609889,40.38603619478902],[-80.01076854798272,40.38777972356091],[-80.00880674191362,40.38881918601636],[-80.00655292630269,40.38811504348736]]]}},{"type":"Feature","id":"892a8471e47ffff","properties":{"cell_id":"892a8471e47ffff","h3_res":9,"building_count":74,"poi_count_sum":0,"conn_dist_median_ft":4699.427502205338,"total_crossings_mean":0.4864864864864865,"clipped_area_frac":0.9051263719794275,"clon":-80.005969,"clat":40.384628},"geometry":{"type":"Polygon","coordinates":[[[-80.00793084821683,40.3835886254413],[-80.00822279123165,40.385332107933735],[-80.00626102750726,40.386371494179194],[-80.00400736311943,40.38566732172445],[-80.00371557318093,40.383923818704176],[-80.0047255784324,40.3833887230405],[-80.004929,40.383643],[-80.004994,40.383725],[-80.005121,40.383883],[-80.005244,40.38384],[-80.005648,40.383703],[-80.006326,40.383472],[-80.006419,40.38344],[-80.0069146712903,40.38327112369563],[-80.00793084821683,40.3835886254413]]]}},{"type":"Feature","id":"892a8471e4fffff","properties":{"cell_id":"892a8471e4fffff","h3_res":9,"building_count":120,"poi_count_sum":2,"conn_dist_median_ft":3605.8527095396894,"total_crossings_mean":0.025,"clipped_area_frac":1.0,"clon":-80.010184,"clat":40.384293},"geometry":{"type":"Polygon","coordinates":[[[-80.00822279123165,40.385332107933735],[-80.00793084821683,40.3835886254413],[-80.0098924569987,40.382549250341825],[-80.0121460511288,40.383253281529285],[-80.01243814721147,40.38499674348145],[-80.01047649609889,40.38603619478902],[-80.00822279123165,40.385332107933735]]]}},{"type":"Feature","id":"892a8471e0bffff","properties":{"cell_id":"892a8471e0bffff","h3_res":9,"building_count":152,"poi_count_sum":2,"conn_dist_median_ft":2617.6532985308395,"total_crossings_mean":1.0,"clipped_area_frac":1.0,"clon":-80.001754,"clat":40.384963},"geometry":{"type":"Polygon","coordinates":[[[-79.99979186291863,40.38600238484486],[-79.99950022606484,40.38425886130919],[-80.00146206000593,40.3832196163387],[-80.00371557318093,40.383923818704176],[-80.00400736311943,40.38566732172445],[-80.00204548680094,40.38670664289721],[-79.99979186291863,40.38600238484486]]]}},{"type":"Feature","id":"892a8471e03ffff","properties":{"cell_id":"892a8471e03ffff","h3_res":9,"building_count":86,"poi_count_sum":3,"conn_dist_median_ft":2392.8939026250478,"total_crossings_mean":0.9767441860465116,"clipped_area_frac":1.0,"clon":-79.997538,"clat":40.385298},"geometry":{"type":"Polygon","coordinates":[[[-79.99557629067301,40.38633729728628],[-79.99528480691238,40.38459375324765],[-79.99724675340659,40.383554573357486],[-79.99950022606484,40.38425886130919],[-79.99979186291863,40.38600238484486],[-79.9978298740237,40.38704164093436],[-79.99557629067301,40.38633729728628]]]}},{"type":"Feature","id":"892a8471e17ffff","properties":{"cell_id":"892a8471e17ffff","h3_res":9,"building_count":210,"poi_count_sum":7,"conn_dist_median_ft":1187.3840119779375,"total_crossings_mean":0.5095238095238095,"clipped_area_frac":1.0,"clon":-79.993323,"clat":40.385633},"geometry":{"type":"Polygon","coordinates":[[[-79.9913606464264,40.386672059039974],[-79.99106931576736,40.3849284945108],[-79.99303137479698,40.383889379711576],[-79.99528480691238,40.38459375324765],[-79.99557629067301,40.38633729728628],[-79.99361418921933,40.38737648828195],[-79.9913606464264,40.386672059039974]]]}},{"type":"Feature","id":"892a8471e13ffff","properties":{"cell_id":"892a8471e13ffff","h3_res":9,"building_count":77,"poi_count_sum":11,"conn_dist_median_ft":2003.9669018491331,"total_crossings_mean":0.974025974025974,"clipped_area_frac":1.0,"clon":-79.995868,"clat":40.388081},"geometry":{"type":"Polygon","coordinates":[[[-79.99390562869887,40.38912009912442],[-79.99361418921933,40.38737648828195],[-79.99557629067301,40.38633729728628],[-79.9978298740237,40.38704164093436],[-79.99812146661696,40.388785231277836],[-79.99615932274853,40.389824498474766],[-79.99390562869887,40.38912009912442]]]}},{"type":"Feature","id":"892a8471e8fffff","properties":{"cell_id":"892a8471e8fffff","h3_res":9,"building_count":154,"poi_count_sum":0,"conn_dist_median_ft":2198.641933345695,"total_crossings_mean":0.032467532467532464,"clipped_area_frac":0.9999999999999998,"clon":-79.991652,"clat":40.388416},"geometry":{"type":"Polygon","coordinates":[[[-79.98968971878902,40.38945481626024],[-79.98939843243163,40.38771118493124],[-79.9913606464264,40.386672059039974],[-79.99361418921933,40.38737648828195],[-79.99390562869887,40.38912009912442],[-79.99194337226604,40.39015930121401],[-79.98968971878902,40.38945481626024]]]}},{"type":"Feature","id":"892a8471ebbffff","properties":{"cell_id":"892a8471ebbffff","h3_res":9,"building_count":159,"poi_count_sum":0,"conn_dist_median_ft":2033.6864885528144,"total_crossings_mean":0.0,"clipped_area_frac":1.0,"clon":-79.989107,"clat":40.385968},"geometry":{"type":"Polygon","coordinates":[[[-79.98714493022258,40.38700667009723],[-79.98685375267355,40.38526308508995],[-79.98881592422089,40.38422403539222],[-79.99106931576736,40.3849284945108],[-79.9913606464264,40.386672059039974],[-79.98939843243163,40.38771118493124],[-79.98714493022258,40.38700667009723]]]}},{"type":"Feature","id":"892a8471e87ffff","properties":{"cell_id":"892a8471e87ffff","h3_res":9,"building_count":191,"poi_count_sum":5,"conn_dist_median_ft":1777.9139067226108,"total_crossings_mean":0.612565445026178,"clipped_area_frac":0.9999999999999998,"clon":-79.987436,"clat":40.38875},"geometry":{"type":"Polygon","coordinates":[[[-79.98547373693125,40.38978938267664],[-79.98518260370444,40.388045730873515],[-79.98714493022258,40.38700667009723],[-79.98939843243163,40.38771118493124],[-79.98968971878902,40.38945481626024],[-79.98772734980946,40.390493953231946],[-79.98547373693125,40.38978938267664]]]}},{"type":"Feature","id":"892a8471eb3ffff","properties":{"cell_id":"892a8471eb3ffff","h3_res":9,"building_count":121,"poi_count_sum":4,"conn_dist_median_ft":515.4917834514579,"total_crossings_mean":0.049586776859504134,"clipped_area_frac":0.9999999999999998,"clon":-79.984891,"clat":40.386302},"geometry":{"type":"Polygon","coordinates":[[[-79.98292914210535,40.38734113044935],[-79.98263811767475,40.38559752497642],[-79.98460040172215,40.38455854039073],[-79.98685375267355,40.38526308508995],[-79.98714493022258,40.38700667009723],[-79.98518260370444,40.388045730873515],[-79.98292914210535,40.38734113044935]]]}},{"type":"Feature","id":"892a8471273ffff","properties":{"cell_id":"892a8471273ffff","h3_res":9,"building_count":24,"poi_count_sum":0,"conn_dist_median_ft":3791.7433544703517,"total_crossings_mean":0.0,"clipped_area_frac":1.0,"clon":-80.039082,"clat":40.416449},"geometry":{"type":"Polygon","coordinates":[[[-80.03711998079639,40.41748897289358],[-80.03682677419073,40.415744868924776],[-80.03878904543494,40.41470456784064],[-80.04104456552,40.415408294459965],[-80.04133792535951,40.41715237779088],[-80.03937561188283,40.418192755142925],[-80.03711998079639,40.41748897289358]]]}},{"type":"Feature","id":"892a8471203ffff","properties":{"cell_id":"892a8471203ffff","h3_res":9,"building_count":4,"poi_count_sum":0,"conn_dist_median_ft":4416.4615358355095,"total_crossings_mean":0.0,"clipped_area_frac":1.0,"clon":-80.033195,"clat":40.41957},"geometry":{"type":"Polygon","coordinates":[[[-80.03123243363983,40.420609855640585],[-80.03093942444006,40.41886566426089],[-80.03290196369478,40.41782541714037],[-80.03515755442186,40.41852928513518],[-80.03545071688458,40.42027345589337],[-80.03348813536,40.42131377928083],[-80.03123243363983,40.420609855640585]]]}},{"type":"Feature","id":"892a847120bffff","properties":{"cell_id":"892a847120bffff","h3_res":9,"building_count":10,"poi_count_sum":1,"conn_dist_median_ft":3952.3202260904227,"total_crossings_mean":0.0,"clipped_area_frac":1.0,"clon":-80.037413,"clat":40.419233},"geometry":{"type":"Polygon","coordinates":[[[-80.03545071688458,40.42027345589337],[-80.03515755442186,40.41852928513518],[-80.03711998079639,40.41748897289358],[-80.03937561188283,40.418192755142925],[-80.03966892760006,40.419936905267186],[-80.03770645897906,40.42097729377861],[-80.03545071688458,40.42027345589337]]]}},{"type":"Feature","id":"892a8471247ffff","properties":{"cell_id":"892a8471247ffff","h3_res":9,"building_count":5,"poi_count_sum":1,"conn_dist_median_ft":5439.980980263969,"total_crossings_mean":0.0,"clipped_area_frac":0.2725186426500613,"clon":-80.041631,"clat":40.418896},"geometry":{"type":"Polygon","coordinates":[[[-80.03966892760006,40.419936905267186],[-80.03937561188283,40.418192755142925],[-80.04133792535951,40.41715237779088],[-80.04172362698544,40.41727270421902],[-80.041588,40.417491],[-80.040792,40.418762],[-80.040564,40.419143],[-80.03999827822942,40.42003965507232],[-80.03966892760006,40.419936905267186]]]}},{"type":"Feature","id":"892a847121bffff","properties":{"cell_id":"892a847121bffff","h3_res":9,"building_count":3,"poi_count_sum":9,"conn_dist_median_ft":4369.134612770883,"total_crossings_mean":4.0,"clipped_area_frac":1.0,"clon":-80.035744,"clat":40.422018},"geometry":{"type":"Polygon","coordinates":[[[-80.03378125366667,40.423058016822715],[-80.03348813536,40.42131377928083],[-80.03545071688458,40.42027345589337],[-80.03770645897906,40.42097729377861],[-80.03799973056084,40.42272151069054],[-80.03603710677577,40.42376191034976],[-80.03378125366667,40.423058016822715]]]}},{"type":"Feature","id":"892a8471213ffff","properties":{"cell_id":"892a8471213ffff","h3_res":9,"building_count":15,"poi_count_sum":0,"conn_dist_median_ft":1951.6413839152267,"total_crossings_mean":4.333333333333333,"clipped_area_frac":0.9999999999999998,"clon":-80.031525,"clat":40.422354},"geometry":{"type":"Polygon","coordinates":[[[-80.02956270425243,40.4233943720529],[-80.02926973922935,40.42165011389347],[-80.03123243363983,40.420609855640585],[-80.03348813536,40.42131377928083],[-80.03378125366667,40.423058016822715],[-80.03181851697232,40.424098351344476],[-80.02956270425243,40.4233943720529]]]}},{"type":"Feature","id":"892a847128fffff","properties":{"cell_id":"892a847128fffff","h3_res":9,"building_count":53,"poi_count_sum":0,"conn_dist_median_ft":4690.359713276532,"total_crossings_mean":0.0,"clipped_area_frac":1.0,"clon":-80.027307,"clat":40.42269},"geometry":{"type":"Polygon","coordinates":[[[-80.02534408236195,40.42373057637225],[-80.02505127063094,40.42198629760774],[-80.02701407790963,40.42094610450004],[-80.02926973922935,40.42165011389347],[-80.02956270425243,40.4233943720529],[-80.02759985466645,40.42443464142655],[-80.02534408236195,40.42373057637225]]]}},{"type":"Feature","id":"892a8471217ffff","properties":{"cell_id":"892a8471217ffff","h3_res":9,"building_count":24,"poi_count_sum":8,"conn_dist_median_ft":5937.3537357236355,"total_crossings_mean":0.4166666666666667,"clipped_area_frac":1.0,"clon":-80.028977,"clat":40.419906},"geometry":{"type":"Polygon","coordinates":[[[-80.02701407790963,40.42094610450004],[-80.02672122198133,40.419201892511296],[-80.02868387409855,40.418161710522455],[-80.03093942444006,40.41886566426089],[-80.03123243363983,40.420609855640585],[-80.02926973922935,40.42165011389347],[-80.02701407790963,40.42094610450004]]]}},{"type":"Feature","id":"892a84712abffff","properties":{"cell_id":"892a84712abffff","h3_res":9,"building_count":78,"poi_count_sum":3,"conn_dist_median_ft":2104.0745550869906,"total_crossings_mean":0.0,"clipped_area_frac":1.0,"clon":-80.026428,"clat":40.417458},"geometry":{"type":"Polygon","coordinates":[[[-80.02446571205155,40.41849785303108],[-80.02417296519843,40.41675368722321],[-80.02613557501303,40.41571358149357],[-80.0283909739861,40.416417565315164],[-80.02868387409855,40.418161710522455],[-80.02672122198133,40.419201892511296],[-80.02446571205155,40.41849785303108]]]}},{"type":"Feature","id":"892a8471207ffff","properties":{"cell_id":"892a8471207ffff","h3_res":9,"building_count":18,"poi_count_sum":16,"conn_dist_median_ft":386.05718014808315,"total_crossings_mean":0.0,"clipped_area_frac":1.0,"clon":-80.030646,"clat":40.417122},"geometry":{"type":"Polygon","coordinates":[[[-80.02868387409855,40.418161710522455],[-80.0283909739861,40.416417565315164],[-80.0303534709616,40.41537739445676],[-80.03260891033148,40.4160812925461],[-80.03290196369478,40.41782541714037],[-80.03093942444006,40.41886566426089],[-80.02868387409855,40.418161710522455]]]}},{"type":"Feature","id":"892a84712bbffff","properties":{"cell_id":"892a84712bbffff","h3_res":9,"building_count":106,"poi_count_sum":3,"conn_dist_median_ft":4330.732398725355,"total_crossings_mean":0.0,"clipped_area_frac":1.0,"clon":-80.024758,"clat":40.420242},"geometry":{"type":"Polygon","coordinates":[[[-80.02279564973787,40.421282202463],[-80.0225029470895,40.419537969877645],[-80.02446571205155,40.41849785303108],[-80.02672122198133,40.419201892511296],[-80.02701407790963,40.42094610450004],[-80.02505127063094,40.42198629760774],[-80.02279564973787,40.421282202463]]]}},{"type":"Feature","id":"892a84712a3ffff","properties":{"cell_id":"892a84712a3ffff","h3_res":9,"building_count":83,"poi_count_sum":1,"conn_dist_median_ft":2733.653714969757,"total_crossings_mean":0.0,"clipped_area_frac":1.0,"clon":-80.02221,"clat":40.417794},"geometry":{"type":"Polygon","coordinates":[[[-80.02024747759764,40.41883384465746],[-80.01995488401232,40.41708965826148],[-80.02191760664834,40.41604961767121],[-80.02417296519843,40.41675368722321],[-80.02446571205155,40.41849785303108],[-80.0225029470895,40.419537969877645],[-80.02024747759764,40.41883384465746]]]}},{"type":"Feature","id":"892a84712b3ffff","properties":{"cell_id":"892a84712b3ffff","h3_res":9,"building_count":5,"poi_count_sum":2,"conn_dist_median_ft":3694.496691438222,"total_crossings_mean":0.0,"clipped_area_frac":1.0,"clon":-80.02054,"clat":40.420578},"geometry":{"type":"Polygon","coordinates":[[[-80.01857714916841,40.42161814952067],[-80.01828459980847,40.419873896351156],[-80.02024747759764,40.41883384465746],[-80.0225029470895,40.419537969877645],[-80.02279564973787,40.421282202463],[-80.02083272960866,40.42232233041491],[-80.01857714916841,40.42161814952067]]]}},{"type":"Feature","id":"892a84712b7ffff","properties":{"cell_id":"892a84712b7ffff","h3_res":9,"building_count":7,"poi_count_sum":5,"conn_dist_median_ft":3468.2236567604104,"total_crossings_mean":0.7142857142857143,"clipped_area_frac":1.0,"clon":-80.017992,"clat":40.41813},"geometry":{"type":"Polygon","coordinates":[[[-80.01602917078067,40.41916968539287],[-80.01573673047163,40.417425478421194],[-80.0176995659114,40.41638550298091],[-80.01995488401232,40.41708965826148],[-80.02024747759764,40.41883384465746],[-80.01828459980847,40.419873896351156],[-80.01602917078067,40.41916968539287]]]}},{"type":"Feature","id":"892a847107bffff","properties":{"cell_id":"892a847107bffff","h3_res":9,"building_count":152,"poi_count_sum":10,"conn_dist_median_ft":2922.0817574497887,"total_crossings_mean":0.02631578947368421,"clipped_area_frac":1.0,"clon":-80.013774,"clat":40.418465},"geometry":{"type":"Polygon","coordinates":[[[-80.01181079164454,40.419505375228525],[-80.01151850462024,40.41776114769361],[-80.01348145284604,40.416721237413896],[-80.01573673047163,40.417425478421194],[-80.01602917078067,40.41916968539287],[-80.01406618018208,40.42020967192307],[-80.01181079164454,40.419505375228525]]]}},{"type":"Feature","id":"892a8471047ffff","properties":{"cell_id":"892a8471047ffff","h3_res":9,"building_count":270,"poi_count_sum":0,"conn_dist_median_ft":4028.6852440695006,"total_crossings_mean":0.0,"clipped_area_frac":1.0,"clon":-80.012103,"clat":40.42125},"geometry":{"type":"Polygon","coordinates":[[[-80.0101399310119,40.42228959088516],[-80.00984768825421,40.42054529658466],[-80.01181079164454,40.419505375228525],[-80.01406618018208,40.42020967192307],[-80.01435857624513,40.4219539456643],[-80.01239543046799,40.42299394327282],[-80.0101399310119,40.42228959088516]]]}},{"type":"Feature","id":"892a847104fffff","properties":{"cell_id":"892a847104fffff","h3_res":9,"building_count":2,"poi_count_sum":2,"conn_dist_median_ft":5618.613794316378,"total_crossings_mean":2.0,"clipped_area_frac":1.0,"clon":-80.016322,"clat":40.420914},"geometry":{"type":"Polygon","coordinates":[[[-80.01435857624513,40.4219539456643],[-80.01406618018208,40.42020967192307],[-80.01602917078067,40.41916968539287],[-80.01828459980847,40.419873896351156],[-80.01857714916841,40.42161814952067],[-80.0166141162064,40.42265821230619],[-80.01435857624513,40.4219539456643]]]}},{"type":"Feature","id":"892a8471043ffff","properties":{"cell_id":"892a8471043ffff","h3_res":9,"building_count":48,"poi_count_sum":1,"conn_dist_median_ft":5100.941821321296,"total_crossings_mean":0.2916666666666667,"clipped_area_frac":1.0,"clon":-80.014651,"clat":40.423698},"geometry":{"type":"Polygon","coordinates":[[[-80.01268778227191,40.424738283777884],[-80.01239543046799,40.42299394327282],[-80.01435857624513,40.4219539456643],[-80.0166141162064,40.42265821230619],[-80.0169066213278,40.424402532243505],[-80.01494343317319,40.42544260610925],[-80.01268778227191,40.424738283777884]]]}},{"type":"Feature","id":"892a8471287ffff","properties":{"cell_id":"892a8471287ffff","h3_res":9,"building_count":30,"poi_count_sum":0,"conn_dist_median_ft":3818.2093125899555,"total_crossings_mean":0.0,"clipped_area_frac":0.9999999999999998,"clon":-80.023088,"clat":40.423026},"geometry":{"type":"Polygon","coordinates":[[[-80.02112538803911,40.42406662977204],[-80.02083272960866,40.42232233041491],[-80.02279564973787,40.421282202463],[-80.02505127063094,40.42198629760774],[-80.02534408236195,40.42373057637225],[-80.02338111990207,40.4247707805872],[-80.02112538803911,40.42406662977204]]]}},{"type":"Feature","id":"892a8471283ffff","properties":{"cell_id":"892a8471283ffff","h3_res":9,"building_count":56,"poi_count_sum":0,"conn_dist_median_ft":5428.510539187919,"total_crossings_mean":0.0,"clipped_area_frac":1.0,"clon":-80.025637,"clat":40.425475},"geometry":{"type":"Polygon","coordinates":[[[-80.02367388742266,40.42651512612177],[-80.02338111990207,40.4247707805872],[-80.02534408236195,40.42373057637225],[-80.02759985466645,40.42443464142655],[-80.02789277549975,40.42617896636],[-80.02592977071855,40.42721924684284],[-80.02367388742266,40.42651512612177]]]}},{"type":"Feature","id":"892a847129bffff","properties":{"cell_id":"892a847129bffff","h3_res":9,"building_count":5,"poi_count_sum":0,"conn_dist_median_ft":5584.346312435765,"total_crossings_mean":0.0,"clipped_area_frac":1.0,"clon":-80.028186,"clat":40.427923},"geometry":{"type":"Polygon","coordinates":[[[-80.02622264734887,40.42896363854463],[-80.02592977071855,40.42721924684284],[-80.02789277549975,40.42617896636],[-80.03014869922592,40.42688300130881],[-80.03044172918109,40.428627372401],[-80.02847868208796,40.429667729156556],[-80.02622264734887,40.42896363854463]]]}},{"type":"Feature","id":"892a8471297ffff","properties":{"cell_id":"892a8471297ffff","h3_res":9,"building_count":11,"poi_count_sum":3,"conn_dist_median_ft":3804.797660959671,"total_crossings_mean":5.454545454545454,"clipped_area_frac":1.0,"clon":-80.021418,"clat":40.425811},"geometry":{"type":"Polygon","coordinates":[[[-80.01945492692244,40.42685113494093],[-80.01916231272301,40.4251067688177],[-80.02112538803911,40.42406662977204],[-80.02338111990207,40.4247707805872],[-80.02367388742266,40.42651512612177],[-80.02171076976184,40.427555341432395],[-80.01945492692244,40.42685113494093]]]}},{"type":"Feature","id":"892a847104bffff","properties":{"cell_id":"892a847104bffff","h3_res":9,"building_count":1,"poi_count_sum":2,"conn_dist_median_ft":5265.923885687745,"total_crossings_mean":7.0,"clipped_area_frac":1.0,"clon":-80.01887,"clat":40.423362},"geometry":{"type":"Polygon","coordinates":[[[-80.0169066213278,40.424402532243505],[-80.0166141162064,40.42265821230619],[-80.01857714916841,40.42161814952067],[-80.02083272960866,40.42232233041491],[-80.02112538803911,40.42406662977204],[-80.01916231272301,40.4251067688177],[-80.0169066213278,40.424402532243505]]]}},{"type":"Feature","id":"892a847105bffff","properties":{"cell_id":"892a847105bffff","h3_res":9,"building_count":12,"poi_count_sum":0,"conn_dist_median_ft":6313.767336125926,"total_crossings_mean":1.5,"clipped_area_frac":1.0,"clon":-80.017199,"clat":40.426147},"geometry":{"type":"Polygon","coordinates":[[[-80.01523589404295,40.42718699280869],[-80.01494343317319,40.42544260610925],[-80.0169066213278,40.424402532243505],[-80.01916231272301,40.4251067688177],[-80.01945492692244,40.42685113494093],[-80.0174916963997,40.42789128506873],[-80.01523589404295,40.42718699280869]]]}},{"type":"Feature","id":"892a8471053ffff","properties":{"cell_id":"892a8471053ffff","h3_res":9,"building_count":239,"poi_count_sum":2,"conn_dist_median_ft":5635.794206380851,"total_crossings_mean":1.0,"clipped_area_frac":1.0,"clon":-80.01298,"clat":40.426483},"geometry":{"type":"Polygon","coordinates":[[[-80.01101678882813,40.42752269971632],[-80.01072448129648,40.42577829245314],[-80.01268778227191,40.424738283777884],[-80.01494343317319,40.42544260610925],[-80.01523589404295,40.42718699280869],[-80.01327255067602,40.42822707774308],[-80.01101678882813,40.42752269971632]]]}},{"type":"Feature","id":"892a847162fffff","properties":{"cell_id":"892a847162fffff","h3_res":9,"building_count":20,"poi_count_sum":0,"conn_dist_median_ft":7260.501132012969,"total_crossings_mean":1.6,"clipped_area_frac":1.0,"clon":-80.019748,"clat":40.428596},"geometry":{"type":"Polygon","coordinates":[[[-80.01778426635492,40.429635717952344],[-80.0174916963997,40.42789128506873],[-80.01945492692244,40.42685113494093],[-80.02171076976184,40.427555341432395],[-80.02200349305885,40.429299753731314],[-80.02004022017739,40.43033998012601],[-80.01778426635492,40.429635717952344]]]}},{"type":"Feature","id":"892a8471627ffff","properties":{"cell_id":"892a8471627ffff","h3_res":9,"building_count":72,"poi_count_sum":0,"conn_dist_median_ft":5750.210261820364,"total_crossings_mean":1.0,"clipped_area_frac":0.9999999999999998,"clon":-80.015528,"clat":40.428931},"geometry":{"type":"Polygon","coordinates":[[[-80.01356496728097,40.429971531198916],[-80.01327255067602,40.42822707774308],[-80.01523589404295,40.42718699280869],[-80.0174916963997,40.42789128506873],[-80.01778426635492,40.429635717952344],[-80.01582088060584,40.430675879150705],[-80.01356496728097,40.429971531198916]]]}},{"type":"Feature","id":"892a8471637ffff","properties":{"cell_id":"892a8471637ffff","h3_res":9,"building_count":202,"poi_count_sum":14,"conn_dist_median_ft":5021.845047043117,"total_crossings_mean":1.0,"clipped_area_frac":0.9999999999999998,"clon":-80.013857,"clat":40.431716},"geometry":{"type":"Polygon","coordinates":[[[-80.01189384100897,40.43275614739689],[-80.01160146868199,40.431011627190344],[-80.01356496728097,40.429971531198916],[-80.01582088060584,40.430675879150705],[-80.01611340630372,40.43242037878898],[-80.01414986530855,40.4334605510463],[-80.01189384100897,40.43275614739689]]]}},{"type":"Feature","id":"892a8471623ffff","properties":{"cell_id":"892a8471623ffff","h3_res":9,"building_count":108,"poi_count_sum":1,"conn_dist_median_ft":6556.057216950476,"total_crossings_mean":1.0,"clipped_area_frac":0.9999999999999998,"clon":-80.018077,"clat":40.43138},"geometry":{"type":"Polygon","coordinates":[[[-80.01611340630372,40.43242037878898],[-80.01582088060584,40.430675879150705],[-80.01778426635492,40.429635717952344],[-80.02004022017739,40.43033998012601],[-80.0203328992377,40.43208445918358],[-80.01836947111583,40.43312469665076],[-80.01611340630372,40.43242037878898]]]}},{"type":"Feature","id":"892a847162bffff","properties":{"cell_id":"892a847162bffff","h3_res":9,"building_count":71,"poi_count_sum":0,"conn_dist_median_ft":7759.392134138221,"total_crossings_mean":2.4788732394366195,"clipped_area_frac":1.0,"clon":-80.022296,"clat":40.431044},"geometry":{"type":"Polygon","coordinates":[[[-80.0203328992377,40.43208445918358],[-80.02004022017739,40.43033998012601],[-80.02200349305885,40.429299753731314],[-80.02425948735272,40.43000393012503],[-80.02455231976697,40.43174838858945],[-80.02258900453613,40.432788691255865],[-80.0203328992377,40.43208445918358]]]}},{"type":"Feature","id":"892a8471293ffff","properties":{"cell_id":"892a8471293ffff","h3_res":9,"building_count":23,"poi_count_sum":7,"conn_dist_median_ft":3138.1330001267274,"total_crossings_mean":3.739130434782609,"clipped_area_frac":1.0,"clon":-80.023967,"clat":40.42826},"geometry":{"type":"Polygon","coordinates":[[[-80.02200349305885,40.429299753731314],[-80.02171076976184,40.427555341432395],[-80.02367388742266,40.42651512612177],[-80.02592977071855,40.42721924684284],[-80.02622264734887,40.42896363854463],[-80.02425948735272,40.43000393012503],[-80.02200349305885,40.429299753731314]]]}},{"type":"Feature","id":"892a84712d3ffff","properties":{"cell_id":"892a84712d3ffff","h3_res":9,"building_count":44,"poi_count_sum":0,"conn_dist_median_ft":9643.640820120438,"total_crossings_mean":12.477272727272727,"clipped_area_frac":0.9999636365094415,"clon":-80.034954,"clat":40.430035},"geometry":{"type":"Polygon","coordinates":[[[-80.03691685406255,40.42899487435208],[-80.03721014648771,40.4307392709623],[-80.03524717003614,40.43177976916277],[-80.03299094343588,40.431075794470026],[-80.0326978043392,40.429331377229296],[-80.0346607385116,40.42829095530926],[-80.03483489632546,40.428345293395616],[-80.034827,40.428358],[-80.03488892823056,40.42836215161322],[-80.03691685406255,40.42899487435208]]]}},{"type":"Feature","id":"892a847128bffff","properties":{"cell_id":"892a847128bffff","h3_res":9,"building_count":1,"poi_count_sum":0,"conn_dist_median_ft":5362.142848464179,"total_crossings_mean":0.0,"clipped_area_frac":1.0,"clon":-80.029856,"clat":40.425139},"geometry":{"type":"Polygon","coordinates":[[[-80.02789277549975,40.42617896636],[-80.02759985466645,40.42443464142655],[-80.02956270425243,40.4233943720529],[-80.03181851697232,40.424098351344476],[-80.0321115911098,40.42584265566437],[-80.03014869922592,40.42688300130881],[-80.02789277549975,40.42617896636]]]}},{"type":"Feature","id":"892a84712c7ffff","properties":{"cell_id":"892a84712c7ffff","h3_res":9,"building_count":7,"poi_count_sum":0,"conn_dist_median_ft":1463.029357969431,"total_crossings_mean":1.8571428571428572,"clipped_area_frac":0.9999999999999998,"clon":-80.034074,"clat":40.424802},"geometry":{"type":"Polygon","coordinates":[[[-80.0321115911098,40.42584265566437],[-80.03181851697232,40.424098351344476],[-80.03378125366667,40.423058016822715],[-80.03603710677577,40.42376191034976],[-80.03633033420897,40.425506194043656],[-80.03436755524011,40.42654660483909],[-80.0321115911098,40.42584265566437]]]}},{"type":"Feature","id":"892a84712dbffff","properties":{"cell_id":"892a84712dbffff","h3_res":9,"building_count":113,"poi_count_sum":0,"conn_dist_median_ft":9037.680414089158,"total_crossings_mean":12.557522123893806,"clipped_area_frac":0.9766685883625844,"clon":-80.039173,"clat":40.429699},"geometry":{"type":"Polygon","coordinates":[[[-80.04142927695926,40.43040259650092],[-80.03946641346954,40.43144315985818],[-80.03721014648771,40.4307392709623],[-80.03691685406255,40.42899487435208],[-80.03880655640755,40.42799314743498],[-80.039185,40.428121],[-80.039337,40.428172],[-80.039656,40.428298],[-80.040622,40.428635],[-80.040698,40.428683],[-80.04116400471112,40.42882569670888],[-80.04142927695926,40.43040259650092]]]}},{"type":"Feature","id":"892a84712c3ffff","properties":{"cell_id":"892a84712c3ffff","h3_res":9,"building_count":9,"poi_count_sum":0,"conn_dist_median_ft":9180.76727231752,"total_crossings_mean":13.0,"clipped_area_frac":0.31810748370479625,"clon":-80.036624,"clat":40.427251},"geometry":{"type":"MultiPolygon","coordinates":[[[[-80.03691685406255,40.42899487435208],[-80.03488892823056,40.42836215161322],[-80.035185,40.428382],[-80.036834,40.428493],[-80.036894,40.428497],[-80.036928,40.4285],[-80.037389,40.428535],[-80.037463,40.428545],[-80.037517,40.42851],[-80.037634,40.428393],[-80.037713,40.428316],[-80.038175,40.427964],[-80.038278,40.427886],[-80.038371,40.427846],[-80.03880655640755,40.42799314743498],[-80.03691685406255,40.42899487435208]]],[[[-80.0346607385116,40.42829095530926],[-80.03436755524011,40.42654660483909],[-80.03633033420897,40.425506194043656],[-80.03655567271008,40.42557649865639],[-80.035546,40.427201],[-80.03483489632546,40.428345293395616],[-80.0346607385116,40.42829095530926]]]]}},{"type":"Feature","id":"892a847a5a7ffff","properties":{"cell_id":"892a847a5a7ffff","h3_res":9,"building_count":67,"poi_count_sum":7,"conn_dist_median_ft":9331.232825391528,"total_crossings_mean":11.865671641791044,"clipped_area_frac":1.0,"clon":-80.037503,"clat":40.432484},"geometry":{"type":"Polygon","coordinates":[[[-80.03554041829395,40.43352423254182],[-80.03524717003614,40.43177976916277],[-80.03721014648771,40.4307392709623],[-80.03946641346954,40.43144315985818],[-80.03975981506795,40.433187602598245],[-80.03779679634663,40.43422817708398],[-80.03554041829395,40.43352423254182]]]}},{"type":"Feature","id":"892a847166bffff","properties":{"cell_id":"892a847166bffff","h3_res":9,"building_count":29,"poi_count_sum":2,"conn_dist_median_ft":10910.862044382377,"total_crossings_mean":11.310344827586206,"clipped_area_frac":1.0,"clon":-80.033284,"clat":40.43282},"geometry":{"type":"Polygon","coordinates":[[[-80.03132094894889,40.43386071150869],[-80.03102785404019,40.4321162275031],[-80.03299094343588,40.431075794470026],[-80.03524717003614,40.43177976916277],[-80.03554041829395,40.43352423254182],[-80.03357728660508,40.43456474185726],[-80.03132094894889,40.43386071150869]]]}},{"type":"Feature","id":"892a8471667ffff","properties":{"cell_id":"892a8471667ffff","h3_res":9,"building_count":1,"poi_count_sum":0,"conn_dist_median_ft":2748.436110658933,"total_crossings_mean":8.0,"clipped_area_frac":0.9999999999999998,"clon":-80.026516,"clat":40.430708},"geometry":{"type":"Polygon","coordinates":[[[-80.02455231976697,40.43174838858945],[-80.02425948735272,40.43000393012503],[-80.02622264734887,40.42896363854463],[-80.02847868208796,40.429667729156556],[-80.02877166784766,40.43141216701534],[-80.02680846552555,40.432452534870386],[-80.02455231976697,40.43174838858945]]]}},{"type":"Feature","id":"892a8471663ffff","properties":{"cell_id":"892a8471663ffff","h3_res":9,"building_count":12,"poi_count_sum":0,"conn_dist_median_ft":3708.679852406917,"total_crossings_mean":7.166666666666667,"clipped_area_frac":1.0,"clon":-80.029065,"clat":40.433157},"geometry":{"type":"Polygon","coordinates":[[[-80.02710140707666,40.43419703949007],[-80.02680846552555,40.432452534870386],[-80.02877166784766,40.43141216701534],[-80.03102785404019,40.4321162275031],[-80.03132094894889,40.43386071150869],[-80.02935770431019,40.43490115564318],[-80.02710140707666,40.43419703949007]]]}},{"type":"Feature","id":"892a847167bffff","properties":{"cell_id":"892a847167bffff","h3_res":9,"building_count":28,"poi_count_sum":3,"conn_dist_median_ft":5187.609010275163,"total_crossings_mean":8.357142857142858,"clipped_area_frac":1.0,"clon":-80.031614,"clat":40.435605},"geometry":{"type":"Polygon","coordinates":[[[-80.02965075501777,40.43664570640794],[-80.02935770431019,40.43490115564318],[-80.03132094894889,40.43386071150869],[-80.03357728660508,40.43456474185726],[-80.0338704906824,40.43630927199943],[-80.03190720373651,40.4373497924182],[-80.02965075501777,40.43664570640794]]]}},{"type":"Feature","id":"892a847a5b7ffff","properties":{"cell_id":"892a847a5b7ffff","h3_res":9,"building_count":34,"poi_count_sum":8,"conn_dist_median_ft":4743.941985240759,"total_crossings_mean":8.323529411764707,"clipped_area_frac":0.9999999999999998,"clon":-80.035834,"clat":40.435269},"geometry":{"type":"Polygon","coordinates":[[[-80.0338704906824,40.43630927199943],[-80.03357728660508,40.43456474185726],[-80.03554041829395,40.43352423254182],[-80.03779679634663,40.43422817708398],[-80.03809015378518,40.43597268659115],[-80.03612697981254,40.437013272193745],[-80.0338704906824,40.43630927199943]]]}},{"type":"Feature","id":"892a8471673ffff","properties":{"cell_id":"892a8471673ffff","h3_res":9,"building_count":65,"poi_count_sum":1,"conn_dist_median_ft":5040.625486579429,"total_crossings_mean":4.2615384615384615,"clipped_area_frac":0.9999999999999998,"clon":-80.027394,"clat":40.435942},"geometry":{"type":"Polygon","coordinates":[[[-80.02543094683516,40.4369819898079],[-80.02513804950581,40.435237418433026],[-80.02710140707666,40.43419703949007],[-80.02935770431019,40.43490115564318],[-80.02965075501777,40.43664570640794],[-80.0276873551163,40.43768616163226],[-80.02543094683516,40.4369819898079]]]}},{"type":"Feature","id":"892a8471647ffff","properties":{"cell_id":"892a8471647ffff","h3_res":9,"building_count":63,"poi_count_sum":0,"conn_dist_median_ft":3934.9040121745866,"total_crossings_mean":2.0,"clipped_area_frac":0.9999999999999998,"clon":-80.029944,"clat":40.43839},"geometry":{"type":"Polygon","coordinates":[[[-80.02798036160961,40.439430779150456],[-80.0276873551163,40.43768616163226],[-80.02965075501777,40.43664570640794],[-80.03190720373651,40.4373497924182],[-80.03220036362019,40.43909438931781],[-80.03023692139747,40.44013492082832],[-80.02798036160961,40.439430779150456]]]}},{"type":"Feature","id":"892a847160bffff","properties":{"cell_id":"892a847160bffff","h3_res":9,"building_count":205,"poi_count_sum":4,"conn_dist_median_ft":4708.633581208036,"total_crossings_mean":3.126829268292683,"clipped_area_frac":1.0,"clon":-80.025724,"clat":40.438727},"geometry":{"type":"Polygon","coordinates":[[[-80.02376028709028,40.43976701795151],[-80.02346743399583,40.43802237982716],[-80.02543094683516,40.4369819898079],[-80.0276873551163,40.43768616163226],[-80.02798036160961,40.439430779150456],[-80.02601680642563,40.440471245453026],[-80.02376028709028,40.43976701795151]]]}},{"type":"Feature","id":"892a847164fffff","properties":{"cell_id":"892a847164fffff","h3_res":9,"building_count":29,"poi_count_sum":6,"conn_dist_median_ft":4760.213468346313,"total_crossings_mean":8.379310344827585,"clipped_area_frac":1.0,"clon":-80.034164,"clat":40.438054},"geometry":{"type":"Polygon","coordinates":[[[-80.03220036362019,40.43909438931781],[-80.03190720373651,40.4373497924182],[-80.0338704906824,40.43630927199943],[-80.03612697981254,40.437013272193745],[-80.0364202930781,40.438757848462295],[-80.03445696383439,40.439798445170176],[-80.03220036362019,40.43909438931781]]]}},{"type":"Feature","id":"892a847a5b3ffff","properties":{"cell_id":"892a847a5b3ffff","h3_res":9,"building_count":70,"poi_count_sum":0,"conn_dist_median_ft":4207.269212485884,"total_crossings_mean":8.0,"clipped_area_frac":0.9999999999999998,"clon":-80.038384,"clat":40.437717},"geometry":{"type":"Polygon","coordinates":[[[-80.0364202930781,40.438757848462295],[-80.03612697981254,40.437013272193745],[-80.03809015378518,40.43597268659115],[-80.04034668330051,40.43667660096767],[-80.04064014993945,40.43842115659272],[-80.0386769336924,40.439461818487324],[-80.0364202930781,40.438757848462295]]]}},{"type":"Feature","id":"892a847164bffff","properties":{"cell_id":"892a847164bffff","h3_res":9,"building_count":110,"poi_count_sum":29,"conn_dist_median_ft":3316.180676188866,"total_crossings_mean":6.618181818181818,"clipped_area_frac":1.0,"clon":-80.036714,"clat":40.440502},"geometry":{"type":"Polygon","coordinates":[[[-80.0347502329138,40.441543088194415],[-80.03445696383439,40.439798445170176],[-80.0364202930781,40.438757848462295],[-80.0386769336924,40.439461818487324],[-80.03897035616585,40.441206440872044],[-80.0370069846337,40.44224711387383],[-80.0347502329138,40.441543088194415]]]}},{"type":"Feature","id":"892a8471643ffff","properties":{"cell_id":"892a8471643ffff","h3_res":9,"building_count":50,"poi_count_sum":31,"conn_dist_median_ft":1980.6339856057223,"total_crossings_mean":5.82,"clipped_area_frac":1.0,"clon":-80.032494,"clat":40.440839},"geometry":{"type":"Polygon","coordinates":[[[-80.03053003707439,40.44187958447964],[-80.03023692139747,40.44013492082832],[-80.03220036362019,40.43909438931781],[-80.03445696383439,40.439798445170176],[-80.0347502329138,40.441543088194415],[-80.03278674837924,40.44258369599596],[-80.03053003707439,40.44187958447964]]]}},{"type":"Feature","id":"892a847165bffff","properties":{"cell_id":"892a847165bffff","h3_res":9,"building_count":73,"poi_count_sum":2,"conn_dist_median_ft":5294.513162805745,"total_crossings_mean":2.0,"clipped_area_frac":1.0,"clon":-80.035044,"clat":40.443288},"geometry":{"type":"Polygon","coordinates":[[[-80.03307997325939,40.44432840577018],[-80.03278674837924,40.44258369599596],[-80.0347502329138,40.441543088194415],[-80.0370069846337,40.44224711387383],[-80.03730036292849,40.4439918030125],[-80.03533683609147,40.44503248710988],[-80.03307997325939,40.44432840577018]]]}},{"type":"Feature","id":"892a847a597ffff","properties":{"cell_id":"892a847a597ffff","h3_res":9,"building_count":166,"poi_count_sum":7,"conn_dist_median_ft":4291.109292025724,"total_crossings_mean":2.0,"clipped_area_frac":1.0,"clon":-80.039264,"clat":40.442951},"geometry":{"type":"Polygon","coordinates":[[[-80.03730036292849,40.4439918030125],[-80.0370069846337,40.44224711387383],[-80.03897035616585,40.441206440872044],[-80.04122714827456,40.441910380712734],[-80.04152067997552,40.44365504920339],[-80.03955726616434,40.44469579850393],[-80.03730036292849,40.4439918030125]]]}},{"type":"Feature","id":"892a8444b2fffff","properties":{"cell_id":"892a8444b2fffff","h3_res":9,"building_count":243,"poi_count_sum":2,"conn_dist_median_ft":5062.263484817187,"total_crossings_mean":2.0,"clipped_area_frac":1.0,"clon":-80.037594,"clat":40.445737},"geometry":{"type":"Polygon","coordinates":[[[-80.03563017019451,40.44677724299678],[-80.03533683609147,40.44503248710988],[-80.03730036292849,40.4439918030125],[-80.03955726616434,40.44469579850393],[-80.03985075369415,40.446440533746795],[-80.03788718456407,40.447481294144836],[-80.03563017019451,40.44677724299678]]]}},{"type":"Feature","id":"892a8444b27ffff","properties":{"cell_id":"892a8444b27ffff","h3_res":9,"building_count":42,"poi_count_sum":1,"conn_dist_median_ft":5815.6744780565605,"total_crossings_mean":2.0,"clipped_area_frac":1.0,"clon":-80.033373,"clat":40.446073},"geometry":{"type":"Polygon","coordinates":[[[-80.03140951408196,40.44711380117227],[-80.03111633341423,40.445369024653786],[-80.03307997325939,40.44432840577018],[-80.03533683609147,40.44503248710988],[-80.03563017019451,40.44677724299678],[-80.03366648803285,40.44781793817815],[-80.03140951408196,40.44711380117227]]]}},{"type":"Feature","id":"892a8471653ffff","properties":{"cell_id":"892a8471653ffff","h3_res":9,"building_count":22,"poi_count_sum":1,"conn_dist_median_ft":6154.412771547613,"total_crossings_mean":2.1363636363636362,"clipped_area_frac":1.0,"clon":-80.030823,"clat":40.443624},"geometry":{"type":"Polygon","coordinates":[[[-80.02885951101212,40.44466485746763],[-80.02856643955514,40.442920127070316],[-80.03053003707439,40.44187958447964],[-80.03278674837924,40.44258369599596],[-80.03307997325939,40.44432840577018],[-80.03111633341423,40.445369024653786],[-80.02885951101212,40.44466485746763]]]}},{"type":"Feature","id":"892a8471657ffff","properties":{"cell_id":"892a8471657ffff","h3_res":9,"building_count":35,"poi_count_sum":3,"conn_dist_median_ft":4612.497709596226,"total_crossings_mean":2.0,"clipped_area_frac":1.0,"clon":-80.028273,"clat":40.441175},"geometry":{"type":"Polygon","coordinates":[[[-80.02630976869152,40.44221592971896],[-80.02601680642563,40.440471245453026],[-80.02798036160961,40.439430779150456],[-80.03023692139747,40.44013492082832],[-80.03053003707439,40.44187958447964],[-80.02856643955514,40.442920127070316],[-80.02630976869152,40.44221592971896]]]}},{"type":"Feature","id":"892a8471603ffff","properties":{"cell_id":"892a8471603ffff","h3_res":9,"building_count":72,"poi_count_sum":29,"conn_dist_median_ft":5801.025644863221,"total_crossings_mean":2.0,"clipped_area_frac":1.0,"clon":-80.021504,"clat":40.439063},"geometry":{"type":"Polygon","coordinates":[[[-80.01954014010612,40.44010310571214],[-80.01924744041904,40.4383584469941],[-80.0212110661785,40.43731812219051],[-80.02346743399583,40.43802237982716],[-80.02376028709028,40.43976701795151],[-80.02179661896275,40.440807419035465],[-80.01954014010612,40.44010310571214]]]}},{"type":"Feature","id":"892a847161bffff","properties":{"cell_id":"892a847161bffff","h3_res":9,"building_count":27,"poi_count_sum":5,"conn_dist_median_ft":4941.325213495039,"total_crossings_mean":2.0,"clipped_area_frac":1.0,"clon":-80.024053,"clat":40.441512},"geometry":{"type":"Polygon","coordinates":[[[-80.02208942780914,40.44255212390357],[-80.02179661896275,40.440807419035465],[-80.02376028709028,40.43976701795151],[-80.02601680642563,40.440471245453026],[-80.02630976869152,40.44221592971896],[-80.02434605820528,40.44325640708813],[-80.02208942780914,40.44255212390357]]]}},{"type":"Feature","id":"892a8471613ffff","properties":{"cell_id":"892a8471613ffff","h3_res":9,"building_count":9,"poi_count_sum":12,"conn_dist_median_ft":830.319207237127,"total_crossings_mean":1.7777777777777777,"clipped_area_frac":1.0,"clon":-80.019833,"clat":40.441848},"geometry":{"type":"Polygon","coordinates":[[[-80.01786901447113,40.44288816702472],[-80.01757635905275,40.4411434415669],[-80.01954014010612,40.44010310571214],[-80.02179661896275,40.440807419035465],[-80.02208942780914,40.44255212390357],[-80.02012560437362,40.44359253604063],[-80.01786901447113,40.44288816702472]]]}},{"type":"Feature","id":"892a84716cfffff","properties":{"cell_id":"892a84716cfffff","h3_res":9,"building_count":6,"poi_count_sum":1,"conn_dist_median_ft":878.9501749913139,"total_crossings_mean":0.0,"clipped_area_frac":1.0,"clon":-80.026603,"clat":40.443961},"geometry":{"type":"Polygon","coordinates":[[[-80.0246389762306,40.4450011580961],[-80.02434605820528,40.44325640708813],[-80.02630976869152,40.44221592971896],[-80.02856643955514,40.442920127070316],[-80.02885951101212,40.44466485746763],[-80.02689575817655,40.44570541112683],[-80.0246389762306,40.4450011580961]]]}},{"type":"Feature","id":"892a847168bffff","properties":{"cell_id":"892a847168bffff","h3_res":9,"building_count":2,"poi_count_sum":4,"conn_dist_median_ft":4702.717421554997,"total_crossings_mean":8.0,"clipped_area_frac":1.0,"clon":-80.018162,"clat":40.444633},"geometry":{"type":"Polygon","coordinates":[[[-80.01619768924061,40.445673306110955],[-80.01590507810408,40.44392851391906],[-80.01786901447113,40.44288816702472],[-80.02012560437362,40.44359253604063],[-80.02041836895879,40.44533730764679],[-80.01845439019556,40.44637773082536],[-80.01619768924061,40.445673306110955]]]}},{"type":"Feature","id":"892a8471683ffff","properties":{"cell_id":"892a8471683ffff","h3_res":9,"building_count":9,"poi_count_sum":4,"conn_dist_median_ft":4909.246244445059,"total_crossings_mean":12.88888888888889,"clipped_area_frac":1.0,"clon":-80.013941,"clat":40.444969},"geometry":{"type":"Polygon","coordinates":[[[-80.01197693712001,40.44600915347982],[-80.0116844794406,40.44426434071466],[-80.01364852872148,40.44322405907363],[-80.01590507810408,40.44392851391906],[-80.01619768924061,40.445673306110955],[-80.01423359754016,40.44671366403327],[-80.01197693712001,40.44600915347982]]]}},{"type":"Feature","id":"892a8471617ffff","properties":{"cell_id":"892a8471617ffff","h3_res":9,"building_count":4,"poi_count_sum":7,"conn_dist_median_ft":6592.37946535948,"total_crossings_mean":2.0,"clipped_area_frac":1.0,"clon":-80.017284,"clat":40.439399},"geometry":{"type":"Polygon","coordinates":[[[-80.01531992070106,40.440439042423606],[-80.0150273744298,40.43869436312435],[-80.01699111309169,40.43765410354705],[-80.01924744041904,40.4383584469941],[-80.01954014010612,40.44010310571214],[-80.01757635905275,40.4411434415669],[-80.01531992070106,40.440439042423606]]]}},{"type":"Feature","id":"892a8471607ffff","properties":{"cell_id":"892a8471607ffff","h3_res":9,"building_count":137,"poi_count_sum":12,"conn_dist_median_ft":6845.560132418157,"total_crossings_mean":3.4525547445255476,"clipped_area_frac":1.0,"clon":-80.018955,"clat":40.436614},"geometry":{"type":"Polygon","coordinates":[[[-80.01699111309169,40.43765410354705],[-80.01669852254427,40.435909490989296],[-80.01866210592627,40.43486924246126],[-80.02091832223586,40.435573530217994],[-80.0212110661785,40.43731812219051],[-80.01924744041904,40.4383584469941],[-80.01699111309169,40.43765410354705]]]}},{"type":"Feature","id":"892a84716bbffff","properties":{"cell_id":"892a84716bbffff","h3_res":9,"building_count":2,"poi_count_sum":0,"conn_dist_median_ft":610.0097802281803,"total_crossings_mean":0.0,"clipped_area_frac":1.0,"clon":-80.013064,"clat":40.439735},"geometry":{"type":"Polygon","coordinates":[[[-80.01109962891903,40.44077482807713],[-80.0108072360721,40.43903012820912],[-80.01277108761869,40.4379899338687],[-80.0150273744298,40.43869436312435],[-80.01531992070106,40.440439042423606],[-80.01335602673957,40.44147931303857],[-80.01109962891903,40.44077482807713]]]}},{"type":"Feature","id":"892a84716abffff","properties":{"cell_id":"892a84716abffff","h3_res":9,"building_count":69,"poi_count_sum":4,"conn_dist_median_ft":5488.356592576411,"total_crossings_mean":2.753623188405797,"clipped_area_frac":1.0,"clon":-80.014735,"clat":40.43695},"geometry":{"type":"Polygon","coordinates":[[[-80.01277108761869,40.4379899338687],[-80.01247865047495,40.4362453007382],[-80.01444234673595,40.43520511743354],[-80.01669852254427,40.435909490989296],[-80.01699111309169,40.43765410354705],[-80.0150273744298,40.43869436312435],[-80.01277108761869,40.4379899338687]]]}},{"type":"Feature","id":"892a8471633ffff","properties":{"cell_id":"892a8471633ffff","h3_res":9,"building_count":284,"poi_count_sum":2,"conn_dist_median_ft":6057.178992209729,"total_crossings_mean":1.6654929577464788,"clipped_area_frac":1.0,"clon":-80.016406,"clat":40.434165},"geometry":{"type":"Polygon","coordinates":[[[-80.01444234673595,40.43520511743354],[-80.01414986530855,40.4334605510463],[-80.01611340630372,40.43242037878898],[-80.01836947111583,40.43312469665076],[-80.01866210592627,40.43486924246126],[-80.01669852254427,40.435909490989296],[-80.01444234673595,40.43520511743354]]]}},{"type":"Feature","id":"892a84716afffff","properties":{"cell_id":"892a84716afffff","h3_res":9,"building_count":118,"poi_count_sum":8,"conn_dist_median_ft":4874.906874243018,"total_crossings_mean":1.6355932203389831,"clipped_area_frac":1.0,"clon":-80.012186,"clat":40.434501},"geometry":{"type":"Polygon","coordinates":[[[-80.01022251519407,40.435540841385254],[-80.00993018715822,40.433796254433744],[-80.01189384100897,40.43275614739689],[-80.01414986530855,40.4334605510463],[-80.01444234673595,40.43520511743354],[-80.01247865047495,40.4362453007382],[-80.01022251519407,40.435540841385254]]]}},{"type":"Feature","id":"892a847163bffff","properties":{"cell_id":"892a847163bffff","h3_res":9,"building_count":187,"poi_count_sum":1,"conn_dist_median_ft":7132.887122068244,"total_crossings_mean":3.2887700534759357,"clipped_area_frac":1.0,"clon":-80.020626,"clat":40.433829},"geometry":{"type":"Polygon","coordinates":[[[-80.01866210592627,40.43486924246126],[-80.01836947111583,40.43312469665076],[-80.0203328992377,40.43208445918358],[-80.02258900453613,40.432788691255865],[-80.02288179272115,40.43453321647717],[-80.02091832223586,40.435573530217994],[-80.01866210592627,40.43486924246126]]]}},{"type":"Feature","id":"892a847160fffff","properties":{"cell_id":"892a847160fffff","h3_res":9,"building_count":212,"poi_count_sum":0,"conn_dist_median_ft":6255.433036428303,"total_crossings_mean":7.316037735849057,"clipped_area_frac":1.0,"clon":-80.023175,"clat":40.436278},"geometry":{"type":"Polygon","coordinates":[[[-80.0212110661785,40.43731812219051],[-80.02091832223586,40.435573530217994],[-80.02288179272115,40.43453321647717],[-80.02513804950581,40.435237418433026],[-80.02543094683516,40.4369819898079],[-80.02346743399583,40.43802237982716],[-80.0212110661785,40.43731812219051]]]}},{"type":"Feature","id":"892a8471677ffff","properties":{"cell_id":"892a8471677ffff","h3_res":9,"building_count":72,"poi_count_sum":2,"conn_dist_median_ft":6784.3350661963495,"total_crossings_mean":9.097222222222221,"clipped_area_frac":1.0,"clon":-80.024845,"clat":40.433493},"geometry":{"type":"Polygon","coordinates":[[[-80.02288179272115,40.43453321647717],[-80.02258900453613,40.432788691255865],[-80.02455231976697,40.43174838858945],[-80.02680846552555,40.432452534870386],[-80.02710140707666,40.43419703949007],[-80.02513804950581,40.435237418433026],[-80.02288179272115,40.43453321647717]]]}},{"type":"Feature","id":"892a84710cbffff","properties":{"cell_id":"892a84710cbffff","h3_res":9,"building_count":206,"poi_count_sum":2,"conn_dist_median_ft":4561.073226202284,"total_crossings_mean":1.0,"clipped_area_frac":1.0,"clon":-80.011309,"clat":40.429267},"geometry":{"type":"Polygon","coordinates":[[[-80.00934559588089,40.43030719346231],[-80.00905333263469,40.42856271944669],[-80.01101678882813,40.42752269971632],[-80.01327255067602,40.42822707774308],[-80.01356496728097,40.429971531198916],[-80.01160146868199,40.431011627190344],[-80.00934559588089,40.43030719346231]]]}},{"type":"Feature","id":"892a84710dbffff","properties":{"cell_id":"892a84710dbffff","h3_res":9,"building_count":164,"poi_count_sum":21,"conn_dist_median_ft":3943.6130105865227,"total_crossings_mean":1.0,"clipped_area_frac":1.0,"clon":-80.009638,"clat":40.432052},"geometry":{"type":"Polygon","coordinates":[[[-80.00767420339736,40.43309176499853],[-80.00738198444974,40.43134722423621],[-80.00934559588089,40.43030719346231],[-80.01160146868199,40.431011627190344],[-80.01189384100897,40.43275614739689],[-80.00993018715822,40.433796254433744],[-80.00767420339736,40.43309176499853]]]}},{"type":"Feature","id":"892a84710d3ffff","properties":{"cell_id":"892a84710d3ffff","h3_res":9,"building_count":14,"poi_count_sum":60,"conn_dist_median_ft":566.0571899739348,"total_crossings_mean":0.9285714285714286,"clipped_area_frac":1.0,"clon":-80.005418,"clat":40.432387},"geometry":{"type":"Polygon","coordinates":[[[-80.00345449351276,40.433427231585185],[-80.00316242795299,40.4316826702795],[-80.00512615219861,40.430642704733756],[-80.00738198444974,40.43134722423621],[-80.00767420339736,40.43309176499853],[-80.00571043670872,40.434131806804345],[-80.00345449351276,40.433427231585185]]]}},{"type":"Feature","id":"892a84710c3ffff","properties":{"cell_id":"892a84710c3ffff","h3_res":9,"building_count":142,"poi_count_sum":63,"conn_dist_median_ft":3316.11965998951,"total_crossings_mean":1.0,"clipped_area_frac":0.9999999999999998,"clon":-80.00709,"clat":40.429603},"geometry":{"type":"Polygon","coordinates":[[[-80.00512615219861,40.430642704733756],[-80.00483404231963,40.4288982101708],[-80.00679761132184,40.42785825565506],[-80.00905333263469,40.42856271944669],[-80.00934559588089,40.43030719346231],[-80.00738198444974,40.43134722423621],[-80.00512615219861,40.430642704733756]]]}},{"type":"Feature","id":"892a84710d7ffff","properties":{"cell_id":"892a84710d7ffff","h3_res":9,"building_count":20,"poi_count_sum":3,"conn_dist_median_ft":4545.834730102565,"total_crossings_mean":1.0,"clipped_area_frac":1.0,"clon":-80.00287,"clat":40.429938},"geometry":{"type":"Polygon","coordinates":[[[-80.00090663627803,40.43097806500451],[-80.00061467977471,40.4292335499067],[-80.00257836156797,40.42819366061617],[-80.00483404231963,40.4288982101708],[-80.00512615219861,40.430642704733756],[-80.00316242795299,40.4316826702795],[-80.00090663627803,40.43097806500451]]]}},{"type":"Feature","id":"892a847109bffff","properties":{"cell_id":"892a847109bffff","h3_res":9,"building_count":18,"poi_count_sum":33,"conn_dist_median_ft":297.1338885504215,"total_crossings_mean":0.05555555555555555,"clipped_area_frac":1.0,"clon":-79.998651,"clat":40.430273},"geometry":{"type":"Polygon","coordinates":[[[-79.99668704816307,40.43131327426585],[-79.99639524504389,40.429568738645614],[-79.99835903961048,40.4285289145909],[-80.00061467977471,40.4292335499067],[-80.00090663627803,40.43097806500451],[-79.99894279923566,40.43201796531154],[-79.99668704816307,40.43131327426585]]]}},{"type":"Feature","id":"892a847146fffff","properties":{"cell_id":"892a847146fffff","h3_res":9,"building_count":2,"poi_count_sum":3,"conn_dist_median_ft":617.498010163056,"total_crossings_mean":2.5,"clipped_area_frac":1.0,"clon":-80.001199,"clat":40.432723},"geometry":{"type":"Polygon","coordinates":[[[-79.99923471139915,40.433762547148085],[-79.99894279923566,40.43201796531154],[-80.00090663627803,40.43097806500451],[-80.00316242795299,40.4316826702795],[-80.00345449351276,40.433427231585185],[-80.00149061400401,40.43446720814932],[-79.99923471139915,40.433762547148085]]]}},{"type":"Feature","id":"892a847146bffff","properties":{"cell_id":"892a847146bffff","h3_res":9,"building_count":9,"poi_count_sum":12,"conn_dist_median_ft":681.0617147363284,"total_crossings_mean":0.4444444444444444,"clipped_area_frac":1.0,"clon":-80.003747,"clat":40.435172},"geometry":{"type":"Polygon","coordinates":[[[-80.0017826352314,40.43621183619204],[-80.00149061400401,40.43446720814932],[-80.00345449351276,40.433427231585185],[-80.00571043670872,40.434131806804345],[-80.00600261134458,40.435876414307664],[-80.00403868937873,40.4369164671338],[-80.0017826352314,40.43621183619204]]]}},{"type":"Feature","id":"892a84716a7ffff","properties":{"cell_id":"892a84716a7ffff","h3_res":9,"building_count":23,"poi_count_sum":5,"conn_dist_median_ft":588.219635051332,"total_crossings_mean":1.1304347826086956,"clipped_area_frac":1.0,"clon":-80.007966,"clat":40.434836},"geometry":{"type":"Polygon","coordinates":[[[-80.00600261134458,40.435876414307664],[-80.00571043670872,40.434131806804345],[-80.00767420339736,40.43309176499853],[-80.00993018715822,40.433796254433744],[-80.01022251519407,40.435540841385254],[-80.00825870607179,40.43658095945596],[-80.00600261134458,40.435876414307664]]]}},{"type":"Feature","id":"892a8471463ffff","properties":{"cell_id":"892a8471463ffff","h3_res":9,"building_count":14,"poi_count_sum":33,"conn_dist_median_ft":312.4951027851524,"total_crossings_mean":1.5,"clipped_area_frac":1.0,"clon":-79.999527,"clat":40.435507},"geometry":{"type":"Polygon","coordinates":[[[-79.99756258689845,40.436547107029575],[-79.99727071908798,40.434802458459984],[-79.99923471139915,40.433762547148085],[-80.00149061400401,40.43446720814932],[-80.0017826352314,40.43621183619204],[-79.99981860043975,40.43725182376297],[-79.99756258689845,40.436547107029575]]]}},{"type":"Feature","id":"892a847147bffff","properties":{"cell_id":"892a847147bffff","h3_res":9,"building_count":80,"poi_count_sum":160,"conn_dist_median_ft":313.3916920587092,"total_crossings_mean":1.3,"clipped_area_frac":1.0,"clon":-80.002075,"clat":40.437957},"geometry":{"type":"Polygon","coordinates":[[[-80.00011057732159,40.43899651853697],[-79.99981860043975,40.43725182376297],[-80.0017826352314,40.43621183619204],[-80.00403868937873,40.4369164671338],[-80.0043308196897,40.438661141372414],[-80.0023667424269,40.439701205207236],[-80.00011057732159,40.43899651853697]]]}},{"type":"Feature","id":"892a8471473ffff","properties":{"cell_id":"892a8471473ffff","h3_res":9,"building_count":40,"poi_count_sum":436,"conn_dist_median_ft":358.7235402098006,"total_crossings_mean":0.95,"clipped_area_frac":1.0,"clon":-79.997854,"clat":40.438292},"geometry":{"type":"Polygon","coordinates":[[[-79.99589026274299,40.43933174463165],[-79.99559843929869,40.43758702933474],[-79.99756258689845,40.436547107029575],[-79.99981860043975,40.43725182376297],[-80.00011057732159,40.43899651853697],[-79.9981463872273,40.44003651710309],[-79.99589026274299,40.43933174463165]]]}},{"type":"Feature","id":"892a84716a3ffff","properties":{"cell_id":"892a84716a3ffff","h3_res":9,"building_count":7,"poi_count_sum":2,"conn_dist_median_ft":695.6616710557845,"total_crossings_mean":1.5714285714285714,"clipped_area_frac":1.0,"clon":-80.010515,"clat":40.437285},"geometry":{"type":"Polygon","coordinates":[[[-80.00855098980337,40.438325613146745],[-80.00825870607179,40.43658095945596],[-80.01022251519407,40.435540841385254],[-80.01247865047495,40.4362453007382],[-80.01277108761869,40.4379899338687],[-80.0108072360721,40.43903012820912],[-80.00855098980337,40.438325613146745]]]}},{"type":"Feature","id":"892a84716b3ffff","properties":{"cell_id":"892a84716b3ffff","h3_res":9,"building_count":6,"poi_count_sum":2,"conn_dist_median_ft":1464.679972538548,"total_crossings_mean":0.5,"clipped_area_frac":1.0,"clon":-80.008843,"clat":40.44007},"geometry":{"type":"Polygon","coordinates":[[[-80.00687926480396,40.441110462664],[-80.00658702538982,40.43936574223966],[-80.00855098980337,40.438325613146745],[-80.0108072360721,40.43903012820912],[-80.01109962891903,40.44077482807713],[-80.00913562206715,40.44181503344169],[-80.00687926480396,40.441110462664]]]}},{"type":"Feature","id":"892a847144fffff","properties":{"cell_id":"892a847144fffff","h3_res":9,"building_count":45,"poi_count_sum":218,"conn_dist_median_ft":322.97167862824426,"total_crossings_mean":0.0,"clipped_area_frac":0.9999999999999998,"clon":-80.004623,"clat":40.440406},"geometry":{"type":"Polygon","coordinates":[[[-80.00265882839977,40.44144594617543],[-80.0023667424269,40.439701205207236],[-80.0043308196897,40.438661141372414],[-80.00658702538982,40.43936574223966],[-80.00687926480396,40.441110462664],[-80.00491514507941,40.44215060276753],[-80.00265882839977,40.44144594617543]]]}},{"type":"Feature","id":"892a8471687ffff","properties":{"cell_id":"892a8471687ffff","h3_res":9,"building_count":2,"poi_count_sum":2,"conn_dist_median_ft":2329.3368123188216,"total_crossings_mean":1.0,"clipped_area_frac":1.0,"clon":-80.011392,"clat":40.44252},"geometry":{"type":"Polygon","coordinates":[[[-80.0094279706041,40.44355980004156],[-80.00913562206715,40.44181503344169],[-80.01109962891903,40.44077482807713],[-80.01335602673957,40.44147931303857],[-80.01364852872148,40.44322405907363],[-80.0116844794406,40.44426434071466],[-80.0094279706041,40.44355980004156]]]}},{"type":"Feature","id":"892a8471697ffff","properties":{"cell_id":"892a8471697ffff","h3_res":9,"building_count":7,"poi_count_sum":80,"conn_dist_median_ft":2618.6602364877463,"total_crossings_mean":7.571428571428571,"clipped_area_frac":1.0,"clon":-80.00972,"clat":40.445305},"geometry":{"type":"Polygon","coordinates":[[[-80.00775611264096,40.446344849744605],[-80.00746380842715,40.44460001641863],[-80.0094279706041,40.44355980004156],[-80.0116844794406,40.44426434071466],[-80.01197693712001,40.44600915347982],[-80.01001273250004,40.44704944613526],[-80.00775611264096,40.446344849744605]]]}},{"type":"Feature","id":"892a847144bffff","properties":{"cell_id":"892a847144bffff","h3_res":9,"building_count":4,"poi_count_sum":70,"conn_dist_median_ft":155.21455933244735,"total_crossings_mean":0.0,"clipped_area_frac":1.0,"clon":-80.007172,"clat":40.442855},"geometry":{"type":"Polygon","coordinates":[[[-80.00520734016294,40.44389538991972],[-80.00491514507941,40.44215060276753],[-80.00687926480396,40.441110462664],[-80.00913562206715,40.44181503344169],[-80.0094279706041,40.44355980004156],[-80.00746380842715,40.44460001641863],[-80.00520734016294,40.44389538991972]]]}},{"type":"Feature","id":"892a8471443ffff","properties":{"cell_id":"892a8471443ffff","h3_res":9,"building_count":38,"poi_count_sum":199,"conn_dist_median_ft":404.0845475308771,"total_crossings_mean":0.7894736842105263,"clipped_area_frac":1.0,"clon":-80.002951,"clat":40.443191},"geometry":{"type":"Polygon","coordinates":[[[-80.00098663744193,40.44423082869939],[-80.0006945958203,40.44248602100733],[-80.00265882839977,40.44144594617543],[-80.00491514507941,40.44215060276753],[-80.00520734016294,40.44389538991972],[-80.00324306510764,40.444935541022254],[-80.00098663744193,40.44423082869939]]]}},{"type":"Feature","id":"892a8471457ffff","properties":{"cell_id":"892a8471457ffff","h3_res":9,"building_count":86,"poi_count_sum":228,"conn_dist_median_ft":242.24389699288602,"total_crossings_mean":0.0,"clipped_area_frac":1.0,"clon":-79.99873,"clat":40.443526},"geometry":{"type":"Polygon","coordinates":[[[-79.99676586248503,40.44456611637181],[-79.9964739743338,40.442821288152345],[-79.99843831975045,40.44178127860267],[-80.0006945958203,40.44248602100733],[-80.00098663744193,40.44423082869939],[-79.99902224952602,40.44527091451678],[-79.99676586248503,40.44456611637181]]]}},{"type":"Feature","id":"892a8471447ffff","properties":{"cell_id":"892a8471447ffff","h3_res":9,"building_count":79,"poi_count_sum":402,"conn_dist_median_ft":419.2370496128548,"total_crossings_mean":1.4430379746835442,"clipped_area_frac":1.0,"clon":-80.000403,"clat":40.440741},"geometry":{"type":"Polygon","coordinates":[[[-79.99843831975045,40.44178127860267],[-79.9981463872273,40.44003651710309],[-80.00011057732159,40.43899651853697],[-80.0023667424269,40.439701205207236],[-80.00265882839977,40.44144594617543],[-80.0006945958203,40.44248602100733],[-79.99843831975045,40.44178127860267]]]}},{"type":"Feature","id":"892a84716b7ffff","properties":{"cell_id":"892a84716b7ffff","h3_res":9,"building_count":5,"poi_count_sum":46,"conn_dist_median_ft":122.4435386967238,"total_crossings_mean":0.0,"clipped_area_frac":1.0,"clon":-80.006295,"clat":40.437621},"geometry":{"type":"Polygon","coordinates":[[[-80.0043308196897,40.438661141372414],[-80.00403868937873,40.4369164671338],[-80.00600261134458,40.435876414307664],[-80.00825870607179,40.43658095945596],[-80.00855098980337,40.438325613146745],[-80.00658702538982,40.43936574223966],[-80.0043308196897,40.438661141372414]]]}},{"type":"Feature","id":"892a847140bffff","properties":{"cell_id":"892a847140bffff","h3_res":9,"building_count":29,"poi_count_sum":351,"conn_dist_median_ft":417.2796864297476,"total_crossings_mean":0.3448275862068966,"clipped_area_frac":1.0,"clon":-79.996182,"clat":40.441076},"geometry":{"type":"Polygon","coordinates":[[[-79.99421773889989,40.442116459937],[-79.99392595983495,40.44037167791848],[-79.99589026274299,40.43933174463165],[-79.9981463872273,40.44003651710309],[-79.99843831975045,40.44178127860267],[-79.9964739743338,40.442821288152345],[-79.99421773889989,40.442116459937]]]}},{"type":"Feature","id":"892a847140fffff","properties":{"cell_id":"892a847140fffff","h3_res":9,"building_count":16,"poi_count_sum":73,"conn_dist_median_ft":290.25891230571233,"total_crossings_mean":0.0625,"clipped_area_frac":1.0,"clon":-79.993634,"clat":40.438627},"geometry":{"type":"Polygon","coordinates":[[[-79.99166987599786,40.43966681964775],[-79.99137820599957,40.43792208384039],[-79.99334246638965,40.4368822268116],[-79.99559843929869,40.43758702933474],[-79.99589026274299,40.43933174463165],[-79.99392595983495,40.44037167791848],[-79.99166987599786,40.43966681964775]]]}},{"type":"Feature","id":"892a847141bffff","properties":{"cell_id":"892a847141bffff","h3_res":9,"building_count":35,"poi_count_sum":176,"conn_dist_median_ft":194.27632511632396,"total_crossings_mean":0.34285714285714286,"clipped_area_frac":1.0,"clon":-79.99451,"clat":40.443861},"geometry":{"type":"Polygon","coordinates":[[[-79.99254501533622,40.44490125292825],[-79.99225328066382,40.44315640419386],[-79.99421773889989,40.442116459937],[-79.9964739743338,40.442821288152345],[-79.99676586248503,40.44456611637181],[-79.99480136172627,40.44560613689344],[-79.99254501533622,40.44490125292825]]]}},{"type":"Feature","id":"892a84714cfffff","properties":{"cell_id":"892a84714cfffff","h3_res":9,"building_count":2,"poi_count_sum":10,"conn_dist_median_ft":267.16254878698567,"total_crossings_mean":0.0,"clipped_area_frac":1.0,"clon":-79.997058,"clat":40.446311},"geometry":{"type":"Polygon","coordinates":[[[-79.99509320549247,40.447351031827054],[-79.99480136172627,40.44560613689344],[-79.99676586248503,40.44456611637181],[-79.99902224952602,40.44527091451678],[-79.99931424678321,40.44701578892696],[-79.99734970351112,40.4480558857182],[-79.99509320549247,40.447351031827054]]]}},{"type":"Feature","id":"892a84714c7ffff","properties":{"cell_id":"892a84714c7ffff","h3_res":9,"building_count":27,"poi_count_sum":48,"conn_dist_median_ft":470.30357769902133,"total_crossings_mean":0.2222222222222222,"clipped_area_frac":1.0,"clon":-79.992837,"clat":40.446646},"geometry":{"type":"Polygon","coordinates":[[[-79.99087209201909,40.447686123588085],[-79.99058040175237,40.44594120814352],[-79.99254501533622,40.44490125292825],[-79.99480136172627,40.44560613689344],[-79.99509320549247,40.447351031827054],[-79.99312854937185,40.448391063309],[-79.99087209201909,40.447686123588085]]]}},{"type":"Feature","id":"892a8471403ffff","properties":{"cell_id":"892a8471403ffff","h3_res":9,"building_count":2,"poi_count_sum":5,"conn_dist_median_ft":125.64922152608283,"total_crossings_mean":0.0,"clipped_area_frac":1.0,"clon":-79.991962,"clat":40.441412},"geometry":{"type":"Polygon","coordinates":[[[-79.98999708589209,40.44245149016966],[-79.98970546029378,40.44070668764466],[-79.99166987599786,40.43966681964775],[-79.99392595983495,40.44037167791848],[-79.99421773889989,40.442116459937],[-79.99225328066382,40.44315640419386],[-79.98999708589209,40.44245149016966]]]}},{"type":"Feature","id":"892a8471417ffff","properties":{"cell_id":"892a8471417ffff","h3_res":9,"building_count":14,"poi_count_sum":6,"conn_dist_median_ft":1550.8814918725009,"total_crossings_mean":0.5714285714285714,"clipped_area_frac":1.0,"clon":-79.987741,"clat":40.441747},"geometry":{"type":"Polygon","coordinates":[[[-79.98577636077097,40.44278636929192],[-79.98548488864778,40.44104154627294],[-79.98744941713011,40.44000174357653],[-79.98970546029378,40.44070668764466],[-79.98999708589209,40.44245149016966],[-79.98803251485431,40.44349136912309],[-79.98577636077097,40.44278636929192]]]}},{"type":"Feature","id":"892a8471413ffff","properties":{"cell_id":"892a8471413ffff","h3_res":9,"building_count":10,"poi_count_sum":19,"conn_dist_median_ft":905.4767530696198,"total_crossings_mean":1.3,"clipped_area_frac":1.0,"clon":-79.990289,"clat":40.444196},"geometry":{"type":"Polygon","coordinates":[[[-79.98832409603946,40.44523623835997],[-79.98803251485431,40.44349136912309],[-79.98999708589209,40.44245149016966],[-79.99225328066382,40.44315640419386],[-79.99254501533622,40.44490125292825],[-79.99058040175237,40.44594120814352],[-79.98832409603946,40.44523623835997]]]}},{"type":"Feature","id":"892a847148fffff","properties":{"cell_id":"892a847148fffff","h3_res":9,"building_count":112,"poi_count_sum":4,"conn_dist_median_ft":1979.3623625656544,"total_crossings_mean":0.0,"clipped_area_frac":1.0,"clon":-79.986068,"clat":40.444531},"geometry":{"type":"Polygon","coordinates":[[[-79.98410310463868,40.445571072658225],[-79.98381167694927,40.44382618293133],[-79.98577636077097,40.44278636929192],[-79.98803251485431,40.44349136912309],[-79.98832409603946,40.44523623835997],[-79.98635936964823,40.44627612825828],[-79.98410310463868,40.445571072658225]]]}},{"type":"Feature","id":"892a84714bbffff","properties":{"cell_id":"892a84714bbffff","h3_res":9,"building_count":89,"poi_count_sum":17,"conn_dist_median_ft":1885.5928861850334,"total_crossings_mean":0.3258426966292135,"clipped_area_frac":1.0,"clon":-79.98352,"clat":40.442081},"geometry":{"type":"Polygon","coordinates":[[[-79.98155556358053,40.44312109729508],[-79.98126424494086,40.44137625379455],[-79.98322888618371,40.44033651640923],[-79.98548488864778,40.44104154627294],[-79.98577636077097,40.44278636929192],[-79.98381167694927,40.44382618293133],[-79.98155556358053,40.44312109729508]]]}},{"type":"Feature","id":"892a84714abffff","properties":{"cell_id":"892a84714abffff","h3_res":9,"building_count":31,"poi_count_sum":44,"conn_dist_median_ft":316.650062070032,"total_crossings_mean":0.0,"clipped_area_frac":1.0,"clon":-79.985193,"clat":40.439297},"geometry":{"type":"Polygon","coordinates":[[[-79.98322888618371,40.44033651640923],[-79.98293752310279,40.43859173961832],[-79.98490200902035,40.43755201317407],[-79.98715790058627,40.438256987271146],[-79.98744941713011,40.44000174357653],[-79.98548488864778,40.44104154627294],[-79.98322888618371,40.44033651640923]]]}},{"type":"Feature","id":"892a8471407ffff","properties":{"cell_id":"892a8471407ffff","h3_res":9,"building_count":18,"poi_count_sum":72,"conn_dist_median_ft":379.00532102777527,"total_crossings_mean":0.4444444444444444,"clipped_area_frac":1.0,"clon":-79.989414,"clat":40.438962},"geometry":{"type":"Polygon","coordinates":[[[-79.98744941713011,40.44000174357653],[-79.98715790058627,40.438256987271146],[-79.98912227374898,40.437217195529335],[-79.99137820599957,40.43792208384039],[-79.99166987599786,40.43966681964775],[-79.98970546029378,40.44070668764466],[-79.98744941713011,40.44000174357653]]]}},{"type":"Feature","id":"892a8471433ffff","properties":{"cell_id":"892a8471433ffff","h3_res":9,"building_count":17,"poi_count_sum":157,"conn_dist_median_ft":558.6432443111842,"total_crossings_mean":0.0,"clipped_area_frac":1.0,"clon":-79.986866,"clat":40.436512},"geometry":{"type":"Polygon","coordinates":[[[-79.98490200902035,40.43755201317407],[-79.98461060151136,40.435807303098535],[-79.98657493212336,40.434767587606984],[-79.98883071279772,40.435472505943316],[-79.98912227374898,40.437217195529335],[-79.98715790058627,40.438256987271146],[-79.98490200902035,40.43755201317407]]]}},{"type":"Feature","id":"892a8471423ffff","properties":{"cell_id":"892a8471423ffff","h3_res":9,"building_count":1,"poi_count_sum":2,"conn_dist_median_ft":3250.2505089694196,"total_crossings_mean":6.0,"clipped_area_frac":1.0,"clon":-79.988539,"clat":40.433728},"geometry":{"type":"Polygon","coordinates":[[[-79.98657493212336,40.434767587606984],[-79.98628348019949,40.43302294425251],[-79.98824765552564,40.43198323972528],[-79.990503325315,40.432688102306756],[-79.99079493066051,40.434432725167724],[-79.98883071279772,40.435472505943316],[-79.98657493212336,40.434767587606984]]]}},{"type":"Feature","id":"892a847143bffff","properties":{"cell_id":"892a847143bffff","h3_res":9,"building_count":18,"poi_count_sum":32,"conn_dist_median_ft":812.7927533091176,"total_crossings_mean":0.7222222222222222,"clipped_area_frac":1.0,"clon":-79.991087,"clat":40.436177},"geometry":{"type":"Polygon","coordinates":[[[-79.98912227374898,40.437217195529335],[-79.98883071279772,40.435472505943316],[-79.99079493066051,40.434432725167724],[-79.99305075200458,40.43513755772756],[-79.99334246638965,40.4368822268116],[-79.99137820599957,40.43792208384039],[-79.98912227374898,40.437217195529335]]]}},{"type":"Feature","id":"892a8471477ffff","properties":{"cell_id":"892a8471477ffff","h3_res":9,"building_count":18,"poi_count_sum":56,"conn_dist_median_ft":606.6371037008003,"total_crossings_mean":1.4444444444444444,"clipped_area_frac":1.0,"clon":-79.995307,"clat":40.435842},"geometry":{"type":"Polygon","coordinates":[[[-79.99334246638965,40.4368822268116],[-79.99305075200458,40.43513755772756],[-79.99501485710041,40.43409771167851],[-79.99727071908798,40.434802458459984],[-79.99756258689845,40.436547107029575],[-79.99559843929869,40.43758702933474],[-79.99334246638965,40.4368822268116]]]}},{"type":"Feature","id":"892a847142bffff","properties":{"cell_id":"892a847142bffff","h3_res":9,"building_count":1,"poi_count_sum":1,"conn_dist_median_ft":2096.990504670664,"total_crossings_mean":2.0,"clipped_area_frac":1.0,"clon":-79.992759,"clat":40.433393},"geometry":{"type":"Polygon","coordinates":[[[-79.99079493066051,40.434432725167724],[-79.990503325315,40.432688102306756],[-79.99246738789762,40.431648332509006],[-79.99472309834171,40.43235310932352],[-79.99501485710041,40.43409771167851],[-79.99305075200458,40.43513755772756],[-79.99079493066051,40.434432725167724]]]}},{"type":"Feature","id":"892a8471093ffff","properties":{"cell_id":"892a8471093ffff","h3_res":9,"building_count":27,"poi_count_sum":27,"conn_dist_median_ft":357.5331296535005,"total_crossings_mean":0.07407407407407407,"clipped_area_frac":1.0,"clon":-79.994431,"clat":40.430609},"geometry":{"type":"Polygon","coordinates":[[[-79.99246738789762,40.431648332509006],[-79.99217573817101,40.42990377637881],[-79.99413964549322,40.42886401757051],[-79.99639524504389,40.429568738645614],[-79.99668704816307,40.43131327426585],[-79.99472309834171,40.43235310932352],[-79.99246738789762,40.431648332509006]]]}},{"type":"Feature","id":"892a847142fffff","properties":{"cell_id":"892a847142fffff","h3_res":9,"building_count":17,"poi_count_sum":17,"conn_dist_median_ft":635.9691036483476,"total_crossings_mean":1.8823529411764706,"clipped_area_frac":0.9999999999999998,"clon":-79.990212,"clat":40.430944},"geometry":{"type":"Polygon","coordinates":[[[-79.98824765552564,40.43198323972528],[-79.9879561592001,40.43023866309758],[-79.98992017926014,40.42919896954629],[-79.99217573817101,40.42990377637881],[-79.99246738789762,40.431648332509006],[-79.990503325315,40.432688102306756],[-79.98824765552564,40.43198323972528]]]}},{"type":"Feature","id":"892a8471427ffff","properties":{"cell_id":"892a8471427ffff","h3_res":9,"building_count":43,"poi_count_sum":12,"conn_dist_median_ft":626.1078256483502,"total_crossings_mean":0.0,"clipped_area_frac":1.0,"clon":-79.985992,"clat":40.431278},"geometry":{"type":"Polygon","coordinates":[[[-79.98402785109106,40.43231799590593],[-79.98373650817497,40.430573398793186],[-79.98570064095514,40.42953377050948],[-79.9879561592001,40.43023866309758],[-79.98824765552564,40.43198323972528],[-79.98628348019949,40.43302294425251],[-79.98402785109106,40.43231799590593]]]}},{"type":"Feature","id":"892a847155bffff","properties":{"cell_id":"892a847155bffff","h3_res":9,"building_count":199,"poi_count_sum":97,"conn_dist_median_ft":406.47123356194686,"total_crossings_mean":0.19095477386934673,"clipped_area_frac":1.0,"clon":-79.987665,"clat":40.428494},"geometry":{"type":"Polygon","coordinates":[[[-79.98570064095514,40.42953377050948],[-79.9854092536299,40.42778924012526],[-79.98737323115803,40.426749622815585],[-79.98962863854604,40.427454459651095],[-79.98992017926014,40.42919896954629],[-79.9879561592001,40.43023866309758],[-79.98570064095514,40.42953377050948]]]}},{"type":"Feature","id":"892a8471553ffff","properties":{"cell_id":"892a8471553ffff","h3_res":9,"building_count":365,"poi_count_sum":134,"conn_dist_median_ft":325.4814452337256,"total_crossings_mean":0.010958904109589041,"clipped_area_frac":1.0,"clon":-79.983445,"clat":40.428829},"geometry":{"type":"Polygon","coordinates":[[[-79.98148103062216,40.4298684204514],[-79.98118979669422,40.428123869590586],[-79.98315388691908,40.42708431754558],[-79.9854092536299,40.42778924012526],[-79.98570064095514,40.42953377050948],[-79.98373650817497,40.430573398793186],[-79.98148103062216,40.4298684204514]]]}},{"type":"Feature","id":"892a8471097ffff","properties":{"cell_id":"892a8471097ffff","h3_res":9,"building_count":63,"poi_count_sum":25,"conn_dist_median_ft":243.12726913715747,"total_crossings_mean":0.15873015873015872,"clipped_area_frac":1.0,"clon":-79.991884,"clat":40.428159},"geometry":{"type":"Polygon","coordinates":[[[-79.98992017926014,40.42919896954629],[-79.98962863854604,40.427454459651095],[-79.99159250335971,40.426414777087345],[-79.99384795139869,40.42711952817682],[-79.99413964549322,40.42886401757051],[-79.99217573817101,40.42990377637881],[-79.98992017926014,40.42919896954629]]]}},{"type":"Feature","id":"892a847154bffff","properties":{"cell_id":"892a847154bffff","h3_res":9,"building_count":107,"poi_count_sum":7,"conn_dist_median_ft":2760.89205805953,"total_crossings_mean":3.317757009345794,"clipped_area_frac":1.0,"clon":-79.989337,"clat":40.42571},"geometry":{"type":"Polygon","coordinates":[[[-79.98737323115803,40.426749622815585],[-79.98708179943681,40.42500515916558],[-79.98904562173264,40.42396555284155],[-79.99130091827024,40.424670333930365],[-79.99159250335971,40.426414777087345],[-79.98962863854604,40.427454459651095],[-79.98737323115803,40.426749622815585]]]}},{"type":"Feature","id":"892a8471543ffff","properties":{"cell_id":"892a8471543ffff","h3_res":9,"building_count":275,"poi_count_sum":10,"conn_dist_median_ft":1030.1106409025833,"total_crossings_mean":0.28,"clipped_area_frac":1.0,"clon":-79.985118,"clat":40.426045},"geometry":{"type":"Polygon","coordinates":[[[-79.98315388691908,40.42708431754558],[-79.98286260857454,40.425339833415016],[-79.98482654356144,40.424300292342124],[-79.98708179943681,40.42500515916558],[-79.98737323115803,40.426749622815585],[-79.9854092536299,40.42778924012526],[-79.98315388691908,40.42708431754558]]]}},{"type":"Feature","id":"892a847154fffff","properties":{"cell_id":"892a847154fffff","h3_res":9,"building_count":128,"poi_count_sum":1,"conn_dist_median_ft":3242.664674008917,"total_crossings_mean":2.3984375,"clipped_area_frac":1.0,"clon":-79.98679,"clat":40.423261},"geometry":{"type":"Polygon","coordinates":[[[-79.98482654356144,40.424300292342124],[-79.98453522081346,40.42255587494751],[-79.9864990005821,40.42151634485834],[-79.9887541456286,40.42222115593149],[-79.98904562173264,40.42396555284155],[-79.98708179943681,40.42500515916558],[-79.98482654356144,40.424300292342124]]]}},{"type":"Feature","id":"892a84710b3ffff","properties":{"cell_id":"892a84710b3ffff","h3_res":9,"building_count":189,"poi_count_sum":17,"conn_dist_median_ft":5698.525045796514,"total_crossings_mean":3.497354497354497,"clipped_area_frac":1.0,"clon":-79.991009,"clat":40.422926},"geometry":{"type":"Polygon","coordinates":[[[-79.98904562173264,40.42396555284155],[-79.9887541456286,40.42222115593149],[-79.99071781271184,40.42118156060468],[-79.9929729984056,40.42188628595271],[-79.99326462785726,40.423630662365746],[-79.99130091827024,40.424670333930365],[-79.98904562173264,40.42396555284155]]]}},{"type":"Feature","id":"892a8471087ffff","properties":{"cell_id":"892a8471087ffff","h3_res":9,"building_count":69,"poi_count_sum":1,"conn_dist_median_ft":5688.356587699477,"total_crossings_mean":4.072463768115942,"clipped_area_frac":1.0,"clon":-79.993556,"clat":40.425375},"geometry":{"type":"Polygon","coordinates":[[[-79.99159250335971,40.426414777087345],[-79.99130091827024,40.424670333930365],[-79.99326462785726,40.423630662365746],[-79.99551996503091,40.42433535771807],[-79.99581170348017,40.42607978036957],[-79.99384795139869,40.42711952817682],[-79.99159250335971,40.426414777087345]]]}},{"type":"Feature","id":"892a847108fffff","properties":{"cell_id":"892a847108fffff","h3_res":9,"building_count":227,"poi_count_sum":0,"conn_dist_median_ft":6689.666337342441,"total_crossings_mean":3.383259911894273,"clipped_area_frac":1.0,"clon":-79.997775,"clat":40.42504},"geometry":{"type":"Polygon","coordinates":[[[-79.99581170348017,40.42607978036957],[-79.99551996503091,40.42433535771807],[-79.9974835618914,40.423295620923504],[-79.99973893967491,40.424000230537445],[-80.00003083147553,40.42574463267101],[-79.99806719214399,40.42678444571114],[-79.99581170348017,40.42607978036957]]]}},{"type":"Feature","id":"892a84710bbffff","properties":{"cell_id":"892a84710bbffff","h3_res":9,"building_count":264,"poi_count_sum":54,"conn_dist_median_ft":5658.072961547698,"total_crossings_mean":4.628787878787879,"clipped_area_frac":1.0,"clon":-79.995228,"clat":40.422591},"geometry":{"type":"Polygon","coordinates":[[[-79.99326462785726,40.423630662365746],[-79.9929729984056,40.42188628595271],[-79.99493655278569,40.42084662539886],[-79.99719177910055,40.42155126501991],[-79.9974835618914,40.423295620923504],[-79.99551996503091,40.42433535771807],[-79.99326462785726,40.423630662365746]]]}},{"type":"Feature","id":"892a8471017ffff","properties":{"cell_id":"892a8471017ffff","h3_res":9,"building_count":261,"poi_count_sum":10,"conn_dist_median_ft":6045.339868023907,"total_crossings_mean":5.8773946360153255,"clipped_area_frac":1.0,"clon":-79.999447,"clat":40.422256},"geometry":{"type":"Polygon","coordinates":[[[-79.9974835618914,40.423295620923504],[-79.99719177910055,40.42155126501991],[-79.99915522075977,40.42051153924961],[-80.00141048766955,40.421216093141815],[-80.00170242379114,40.42296042852348],[-79.99973893967491,40.424000230537445],[-79.9974835618914,40.423295620923504]]]}},{"type":"Feature","id":"892a8471083ffff","properties":{"cell_id":"892a8471083ffff","h3_res":9,"building_count":31,"poi_count_sum":4,"conn_dist_median_ft":579.2873228066679,"total_crossings_mean":0.7419354838709677,"clipped_area_frac":1.0,"clon":-79.996103,"clat":40.427824},"geometry":{"type":"Polygon","coordinates":[[[-79.99413964549322,40.42886401757051],[-79.99384795139869,40.42711952817682],[-79.99581170348017,40.42607978036957],[-79.99806719214399,40.42678444571114],[-79.99835903961048,40.4285289145909],[-79.99639524504389,40.429568738645614],[-79.99413964549322,40.42886401757051]]]}},{"type":"Feature","id":"892a847108bffff","properties":{"cell_id":"892a847108bffff","h3_res":9,"building_count":129,"poi_count_sum":2,"conn_dist_median_ft":5531.903031716049,"total_crossings_mean":2.364341085271318,"clipped_area_frac":1.0,"clon":-80.000323,"clat":40.427489},"geometry":{"type":"Polygon","coordinates":[[[-79.99835903961048,40.4285289145909],[-79.99806719214399,40.42678444571114],[-80.00003083147553,40.42574463267101],[-80.00228636073798,40.42644921226282],[-80.00257836156797,40.42819366061617],[-80.00061467977471,40.4292335499067],[-79.99835903961048,40.4285289145909]]]}},{"type":"Feature","id":"892a84710c7ffff","properties":{"cell_id":"892a84710c7ffff","h3_res":9,"building_count":150,"poi_count_sum":25,"conn_dist_median_ft":4794.139307671741,"total_crossings_mean":1.0,"clipped_area_frac":1.0,"clon":-80.004542,"clat":40.427154},"geometry":{"type":"Polygon","coordinates":[[[-80.00257836156797,40.42819366061617],[-80.00228636073798,40.42644921226282],[-80.00424988730188,40.425409334000385],[-80.0065054571368,40.42611382784056],[-80.00679761132184,40.42785825565506],[-80.00483404231963,40.4288982101708],[-80.00257836156797,40.42819366061617]]]}},{"type":"Feature","id":"892a84710cfffff","properties":{"cell_id":"892a84710cfffff","h3_res":9,"building_count":217,"poi_count_sum":16,"conn_dist_median_ft":4473.550327516572,"total_crossings_mean":1.0,"clipped_area_frac":1.0,"clon":-80.008761,"clat":40.426818},"geometry":{"type":"Polygon","coordinates":[[[-80.00679761132184,40.42785825565506],[-80.0065054571368,40.42611382784056],[-80.0084688709153,40.42507388436643],[-80.01072448129648,40.42577829245314],[-80.01101678882813,40.42752269971632],[-80.00905333263469,40.42856271944669],[-80.00679761132184,40.42785825565506]]]}},{"type":"Feature","id":"892a847101bffff","properties":{"cell_id":"892a847101bffff","h3_res":9,"building_count":239,"poi_count_sum":2,"conn_dist_median_ft":5287.656290290074,"total_crossings_mean":0.7280334728033473,"clipped_area_frac":1.0,"clon":-80.006213,"clat":40.424369},"geometry":{"type":"Polygon","coordinates":[[[-80.00424988730188,40.425409334000385],[-80.00395784215836,40.42366495239719],[-80.00592121351262,40.42262508517446],[-80.00817667243736,40.42332952330607],[-80.0084688709153,40.42507388436643],[-80.0065054571368,40.42611382784056],[-80.00424988730188,40.425409334000385]]]}},{"type":"Feature","id":"892a8471057ffff","properties":{"cell_id":"892a8471057ffff","h3_res":9,"building_count":221,"poi_count_sum":2,"conn_dist_median_ft":5036.056621877128,"total_crossings_mean":0.4343891402714932,"clipped_area_frac":1.0,"clon":-80.010432,"clat":40.424034},"geometry":{"type":"Polygon","coordinates":[[[-80.0084688709153,40.42507388436643],[-80.00817667243736,40.42332952330607],[-80.0101399310119,40.42228959088516],[-80.01239543046799,40.42299394327282],[-80.01268778227191,40.424738283777884],[-80.01072448129648,40.42577829245314],[-80.0084688709153,40.42507388436643]]]}},{"type":"Feature","id":"892a847100bffff","properties":{"cell_id":"892a847100bffff","h3_res":9,"building_count":163,"poi_count_sum":4,"conn_dist_median_ft":4789.815133203324,"total_crossings_mean":0.04294478527607362,"clipped_area_frac":1.0,"clon":-80.007884,"clat":40.421585},"geometry":{"type":"Polygon","coordinates":[[[-80.00592121351262,40.42262508517446],[-80.00562912406873,40.42088077032715],[-80.00759234023307,40.41984091415571],[-80.00984768825421,40.42054529658466],[-80.0101399310119,40.42228959088516],[-80.00817667243736,40.42332952330607],[-80.00592121351262,40.42262508517446]]]}},{"type":"Feature","id":"892a8471003ffff","properties":{"cell_id":"892a8471003ffff","h3_res":9,"building_count":142,"poi_count_sum":3,"conn_dist_median_ft":5433.503596366532,"total_crossings_mean":4.436619718309859,"clipped_area_frac":1.0,"clon":-80.003666,"clat":40.421921},"geometry":{"type":"Polygon","coordinates":[[[-80.00170242379114,40.42296042852348],[-80.00141048766955,40.421216093141815],[-80.00337381659018,40.420176302165636],[-80.00562912406873,40.42088077032715],[-80.00592121351262,40.42262508517446],[-80.00395784215836,40.42366495239719],[-80.00170242379114,40.42296042852348]]]}},{"type":"Feature","id":"892a8471013ffff","properties":{"cell_id":"892a8471013ffff","h3_res":9,"building_count":274,"poi_count_sum":2,"conn_dist_median_ft":5839.722223030127,"total_crossings_mean":3.5182481751824817,"clipped_area_frac":1.0,"clon":-80.001994,"clat":40.424705},"geometry":{"type":"Polygon","coordinates":[[[-80.00003083147553,40.42574463267101],[-79.99973893967491,40.424000230537445],[-80.00170242379114,40.42296042852348],[-80.00395784215836,40.42366495239719],[-80.00424988730188,40.425409334000385],[-80.00228636073798,40.42644921226282],[-80.00003083147553,40.42574463267101]]]}},{"type":"Feature","id":"892a8471007ffff","properties":{"cell_id":"892a8471007ffff","h3_res":9,"building_count":142,"poi_count_sum":2,"conn_dist_median_ft":5769.004603105715,"total_crossings_mean":5.352112676056338,"clipped_area_frac":1.0,"clon":-80.001119,"clat":40.419472},"geometry":{"type":"Polygon","coordinates":[[[-79.99915522075977,40.42051153924961],[-79.99886339364048,40.41876725009964],[-80.00082668011817,40.41772753536521],[-80.0030818361608,40.418432033541585],[-80.00337381659018,40.420176302165636],[-80.00141048766955,40.421216093141815],[-79.99915522075977,40.42051153924961]]]}},{"type":"Feature","id":"892a847100fffff","properties":{"cell_id":"892a847100fffff","h3_res":9,"building_count":139,"poi_count_sum":1,"conn_dist_median_ft":4778.790157527272,"total_crossings_mean":3.1366906474820144,"clipped_area_frac":1.0,"clon":-80.005337,"clat":40.419136},"geometry":{"type":"Polygon","coordinates":[[[-80.00337381659018,40.420176302165636],[-80.0030818361608,40.418432033541585],[-80.00504500990554,40.41739225361478],[-80.00730020650198,40.418096666069985],[-80.00759234023307,40.41984091415571],[-80.00562912406873,40.42088077032715],[-80.00337381659018,40.420176302165636]]]}},{"type":"Feature","id":"892a8471073ffff","properties":{"cell_id":"892a8471073ffff","h3_res":9,"building_count":101,"poi_count_sum":5,"conn_dist_median_ft":3926.1583955267834,"total_crossings_mean":0.9108910891089109,"clipped_area_frac":1.0,"clon":-80.009555,"clat":40.418801},"geometry":{"type":"Polygon","coordinates":[[[-80.00759234023307,40.41984091415571],[-80.00730020650198,40.418096666069985],[-80.00926326749614,40.417056820961434],[-80.01151850462024,40.41776114769361],[-80.01181079164454,40.419505375228525],[-80.00984768825421,40.42054529658466],[-80.00759234023307,40.41984091415571]]]}},{"type":"Feature","id":"892a847103bffff","properties":{"cell_id":"892a847103bffff","h3_res":9,"building_count":138,"poi_count_sum":4,"conn_dist_median_ft":6198.167560703954,"total_crossings_mean":2.8043478260869565,"clipped_area_frac":1.0,"clon":-80.00279,"clat":40.416688},"geometry":{"type":"Polygon","coordinates":[[[-80.00082668011817,40.41772753536521],[-80.00053480868361,40.415983312974575],[-80.00249793999944,40.414943609287604],[-80.00475298518147,40.41564805175402],[-80.00504500990554,40.41739225361478],[-80.0030818361608,40.418432033541585],[-80.00082668011817,40.41772753536521]]]}},{"type":"Feature","id":"892a8471033ffff","properties":{"cell_id":"892a8471033ffff","h3_res":9,"building_count":181,"poi_count_sum":3,"conn_dist_median_ft":6191.741537451203,"total_crossings_mean":0.5303867403314917,"clipped_area_frac":1.0,"clon":-79.998572,"clat":40.417023},"geometry":{"type":"Polygon","coordinates":[[[-79.99660827817785,40.418062666203966],[-79.99631656004127,40.4163184232959],[-79.99827980406663,40.41527878479837],[-80.00053480868361,40.415983312974575],[-80.00082668011817,40.41772753536521],[-79.99886339364048,40.41876725009964],[-79.99660827817785,40.418062666203966]]]}},{"type":"Feature","id":"892a84710afffff","properties":{"cell_id":"892a84710afffff","h3_res":9,"building_count":204,"poi_count_sum":4,"conn_dist_median_ft":6686.093287895896,"total_crossings_mean":1.857843137254902,"clipped_area_frac":1.0,"clon":-79.994353,"clat":40.417358},"geometry":{"type":"Polygon","coordinates":[[[-79.9923898041285,40.41839764612232],[-79.99209823929831,40.41665338270928],[-79.99406159601551,40.41561380941177],[-79.99631656004127,40.4163184232959],[-79.99660827817785,40.418062666203966],[-79.99464487898497,40.41910231573545],[-79.9923898041285,40.41839764612232]]]}},{"type":"Feature","id":"892a84710a3ffff","properties":{"cell_id":"892a84710a3ffff","h3_res":9,"building_count":254,"poi_count_sum":31,"conn_dist_median_ft":5449.744236810755,"total_crossings_mean":4.330708661417323,"clipped_area_frac":1.0,"clon":-79.992681,"clat":40.420142},"geometry":{"type":"Polygon","coordinates":[[[-79.99071781271184,40.42118156060468],[-79.99042629223814,40.41943723044028],[-79.9923898041285,40.41839764612232],[-79.99464487898497,40.41910231573545],[-79.99493655278569,40.42084662539886],[-79.9929729984056,40.42188628595271],[-79.99071781271184,40.42118156060468]]]}},{"type":"Feature","id":"892a84710abffff","properties":{"cell_id":"892a84710abffff","h3_res":9,"building_count":209,"poi_count_sum":11,"conn_dist_median_ft":6141.940393468445,"total_crossings_mean":4.803827751196172,"clipped_area_frac":1.0,"clon":-79.9969,"clat":40.419807},"geometry":{"type":"Polygon","coordinates":[[[-79.99493655278569,40.42084662539886],[-79.99464487898497,40.41910231573545],[-79.99660827817785,40.418062666203966],[-79.99886339364048,40.41876725009964],[-79.99915522075977,40.42051153924961],[-79.99719177910055,40.42155126501991],[-79.99493655278569,40.42084662539886]]]}},{"type":"Feature","id":"892a84710a7ffff","properties":{"cell_id":"892a84710a7ffff","h3_res":9,"building_count":233,"poi_count_sum":2,"conn_dist_median_ft":6049.606817111192,"total_crossings_mean":4.017167381974249,"clipped_area_frac":0.9722462772581915,"clon":-79.990135,"clat":40.417693},"geometry":{"type":"Polygon","coordinates":[[[-79.98984331588996,40.415948683119076],[-79.99209823929831,40.41665338270928],[-79.9923898041285,40.41839764612232],[-79.99042629223814,40.41943723044028],[-79.98817125801399,40.418732475111554],[-79.98813161636568,40.41849519454604],[-79.988183,40.41851],[-79.988234,40.418469],[-79.988219,40.418138],[-79.988181,40.4174],[-79.988177,40.417325],[-79.988165,40.417104],[-79.988162,40.41703],[-79.988158,40.416953],[-79.9881522858636,40.416843955230476],[-79.98984331588996,40.415948683119076]]]}},{"type":"Feature","id":"892a84710b7ffff","properties":{"cell_id":"892a84710b7ffff","h3_res":9,"building_count":232,"poi_count_sum":1,"conn_dist_median_ft":4712.395793859321,"total_crossings_mean":2.646551724137931,"clipped_area_frac":1.0,"clon":-79.988463,"clat":40.420477},"geometry":{"type":"Polygon","coordinates":[[[-79.9864990005821,40.42151634485834],[-79.98620763344388,40.419771994205384],[-79.98817125801399,40.418732475111554],[-79.99042629223814,40.41943723044028],[-79.99071781271184,40.42118156060468],[-79.9887541456286,40.42222115593149],[-79.9864990005821,40.42151634485834]]]}},{"type":"Feature","id":"892a847157bffff","properties":{"cell_id":"892a847157bffff","h3_res":9,"building_count":146,"poi_count_sum":6,"conn_dist_median_ft":3921.2355961117028,"total_crossings_mean":3.1301369863013697,"clipped_area_frac":1.0,"clon":-79.984244,"clat":40.420811},"geometry":{"type":"Polygon","coordinates":[[[-79.98228011644042,40.42185097815111],[-79.9819889026461,40.420106607022085],[-79.98395263987821,40.41906715316295],[-79.98620763344388,40.419771994205384],[-79.9864990005821,40.42151634485834],[-79.98453522081346,40.42255587494751],[-79.98228011644042,40.42185097815111]]]}},{"type":"Feature","id":"892a847156bffff","properties":{"cell_id":"892a847156bffff","h3_res":9,"building_count":41,"poi_count_sum":8,"conn_dist_median_ft":5506.61617000483,"total_crossings_mean":4.097560975609756,"clipped_area_frac":0.6022208689539293,"clon":-79.985916,"clat":40.418028},"geometry":{"type":"Polygon","coordinates":[[[-79.98817125801399,40.418732475111554],[-79.98620763344388,40.419771994205384],[-79.98395263987821,40.41906715316295],[-79.98371140532834,40.417622433340945],[-79.983784,40.41762],[-79.984324,40.417605],[-79.984504,40.4176],[-79.98466,40.417595],[-79.98513,40.417582],[-79.985287,40.417578],[-79.985403,40.417574],[-79.985755,40.417564],[-79.985872,40.417561],[-79.985989,40.417559],[-79.986342,40.417556],[-79.986362,40.417556],[-79.986448,40.417602],[-79.986493,40.41765],[-79.986535,40.417672],[-79.986838,40.417833],[-79.986939,40.417887],[-79.987386,40.418123],[-79.9877,40.41829],[-79.988065,40.418476],[-79.98813161636568,40.41849519454604],[-79.98817125801399,40.418732475111554]]]}},{"type":"Feature","id":"892a8471c4fffff","properties":{"cell_id":"892a8471c4fffff","h3_res":9,"building_count":118,"poi_count_sum":15,"conn_dist_median_ft":1072.745371546147,"total_crossings_mean":0.4661016949152542,"clipped_area_frac":0.9999999999999998,"clon":-79.980676,"clat":40.386636},"geometry":{"type":"Polygon","coordinates":[[[-79.97871328211852,40.38767544008764],[-79.97842241081479,40.385931814161474],[-79.9803848073445,40.3848928946984],[-79.98263811767475,40.38559752497642],[-79.98292914210535,40.38734113044935],[-79.98096670308153,40.38838012610009],[-79.97871328211852,40.38767544008764]]]}},{"type":"Feature","id":"892a8471c73ffff","properties":{"cell_id":"892a8471c73ffff","h3_res":9,"building_count":12,"poi_count_sum":0,"conn_dist_median_ft":3700.946556701013,"total_crossings_mean":0.0,"clipped_area_frac":0.08141637183663253,"clon":-79.973916,"clat":40.384522},"geometry":{"type":"Polygon","coordinates":[[[-79.97486284531712,40.385918586125],[-79.97443,40.385292],[-79.97426,40.385046],[-79.974128,40.384858],[-79.974081,40.384792],[-79.974181,40.384827],[-79.974423,40.384886],[-79.975458,40.385139],[-79.975804,40.385224],[-79.975937,40.385255],[-79.97606031204727,40.385284706993204],[-79.97486284531712,40.385918586125]]]}},{"type":"Feature","id":"892a8471c47ffff","properties":{"cell_id":"892a8471c47ffff","h3_res":9,"building_count":89,"poi_count_sum":3,"conn_dist_median_ft":2961.0333058456467,"total_crossings_mean":0.0,"clipped_area_frac":0.7888649694501645,"clon":-79.97646,"clat":40.386971},"geometry":{"type":"Polygon","coordinates":[[[-79.97842241081479,40.385931814161474],[-79.97871328211852,40.38767544008764],[-79.97675073060672,40.38871437060225],[-79.97538683754252,40.38828779675885],[-79.975413,40.38828],[-79.975595,40.387684],[-79.975659,40.3875],[-79.975756,40.387212],[-79.975346,40.386618],[-79.97486284531712,40.385918586125],[-79.97606031204727,40.385284706993204],[-79.976157,40.385308],[-79.976338,40.385352],[-79.976472,40.385386],[-79.97651548308352,40.385335417637535],[-79.97842241081479,40.385931814161474]]]}},{"type":"Feature","id":"892a8471c4bffff","properties":{"cell_id":"892a8471c4bffff","h3_res":9,"building_count":117,"poi_count_sum":3,"conn_dist_median_ft":1533.698731984455,"total_crossings_mean":1.0256410256410255,"clipped_area_frac":1.0,"clon":-79.98322,"clat":40.389085},"geometry":{"type":"Polygon","coordinates":[[[-79.98125768316935,40.3901237983649],[-79.98096670308153,40.38838012610009],[-79.98292914210535,40.38734113044935],[-79.98518260370444,40.388045730873515],[-79.98547373693125,40.38978938267664],[-79.98351125542267,40.39082845451988],[-79.98125768316935,40.3901237983649]]]}},{"type":"Feature","id":"892a8471c43ffff","properties":{"cell_id":"892a8471c43ffff","h3_res":9,"building_count":53,"poi_count_sum":1,"conn_dist_median_ft":1616.3328446861738,"total_crossings_mean":0.5660377358490566,"clipped_area_frac":1.0,"clon":-79.979004,"clat":40.389419},"geometry":{"type":"Polygon","coordinates":[[[-79.97704155754712,40.3904580633163],[-79.97675073060672,40.38871437060225],[-79.97871328211852,40.38767544008764],[-79.98096670308153,40.38838012610009],[-79.98125768316935,40.3901237983649],[-79.97929508914943,40.39116280506908],[-79.97704155754712,40.3904580633163]]]}},{"type":"Feature","id":"892a8471c5bffff","properties":{"cell_id":"892a8471c5bffff","h3_res":9,"building_count":91,"poi_count_sum":1,"conn_dist_median_ft":1709.3333098507037,"total_crossings_mean":0.0,"clipped_area_frac":0.9999999999999998,"clon":-79.981549,"clat":40.391868},"geometry":{"type":"Polygon","coordinates":[[[-79.97958602488133,40.39290654412007],[-79.97929508914943,40.39116280506908],[-79.98125768316935,40.3901237983649],[-79.98351125542267,40.39082845451988],[-79.98380234431413,40.39257217311316],[-79.9818397077954,40.39361125601175],[-79.97958602488133,40.39290654412007]]]}},{"type":"Feature","id":"892a8471c53ffff","properties":{"cell_id":"892a8471c53ffff","h3_res":9,"building_count":152,"poi_count_sum":1,"conn_dist_median_ft":1986.7587992329636,"total_crossings_mean":0.0,"clipped_area_frac":0.9922600171254905,"clon":-79.977332,"clat":40.392202},"geometry":{"type":"Polygon","coordinates":[[[-79.9750788510336,40.39149700487088],[-79.97704155754712,40.3904580633163],[-79.97929508914943,40.39116280506908],[-79.97958602488133,40.39290654412007],[-79.97762327584564,40.393945561866126],[-79.97597333157822,40.39342956311162],[-79.975788,40.393122],[-79.975623,40.393148],[-79.97536122224915,40.39319032334894],[-79.9750788510336,40.39149700487088]]]}},{"type":"Feature","id":"892a8471c57ffff","properties":{"cell_id":"892a8471c57ffff","h3_res":9,"building_count":118,"poi_count_sum":0,"conn_dist_median_ft":2701.656285451586,"total_crossings_mean":0.0,"clipped_area_frac":0.8674663553400579,"clon":-79.974788,"clat":40.389753},"geometry":{"type":"Polygon","coordinates":[[[-79.97675073060672,40.38871437060225],[-79.97704155754712,40.3904580633163],[-79.9750788510336,40.39149700487088],[-79.97326982982453,40.39093119490542],[-79.973246,40.39084],[-79.97323,40.390688],[-79.973182,40.390235],[-79.973166,40.390085],[-79.973198,40.390075],[-79.973141,40.389463],[-79.973122,40.389273],[-79.973117,40.389213],[-79.97308572757898,40.38875679056393],[-79.9731980509078,40.38869733626233],[-79.973554,40.388635],[-79.973809,40.38859],[-79.974574,40.388457],[-79.97483,40.388413],[-79.974916,40.388395],[-79.975175,40.388342],[-79.975262,40.388325],[-79.97538683754252,40.38828779675885],[-79.97675073060672,40.38871437060225]]]}},{"type":"Feature","id":"892a8471ccfffff","properties":{"cell_id":"892a8471ccfffff","h3_res":9,"building_count":14,"poi_count_sum":2,"conn_dist_median_ft":3166.2951816806835,"total_crossings_mean":0.0,"clipped_area_frac":0.3257224170756819,"clon":-79.973116,"clat":40.392536},"geometry":{"type":"Polygon","coordinates":[[[-79.9750788510336,40.39149700487088],[-79.97536122224915,40.39319032334894],[-79.975122,40.393229],[-79.974556,40.393324],[-79.974201,40.393384],[-79.974186,40.393386],[-79.974142,40.393393],[-79.974128,40.393396],[-79.973903,40.393433],[-79.973879,40.393375],[-79.973731,40.392995],[-79.973638,40.392752],[-79.973321,40.392772],[-79.973226,40.392778],[-79.973072,40.392523],[-79.973048,40.392484],[-79.973035,40.392463],[-79.973565,40.392199],[-79.973523,40.391933],[-79.973509,40.391839],[-79.973456,40.391639],[-79.973298,40.391039],[-79.97326982982453,40.39093119490542],[-79.9750788510336,40.39149700487088]]]}},{"type":"Feature","id":"892a847030bffff","properties":{"cell_id":"892a847030bffff","h3_res":9,"building_count":1,"poi_count_sum":0,"conn_dist_median_ft":2051.217286355823,"total_crossings_mean":0.0,"clipped_area_frac":0.7800446550345967,"clon":-79.942731,"clat":40.389639},"geometry":{"type":"Polygon","coordinates":[[[-79.94498382017711,40.390344490453316],[-79.9430203693992,40.39138289949883],[-79.9407673153361,40.39067744327636],[-79.94047782255186,40.38893363383096],[-79.94178070838541,40.38824461292721],[-79.942093,40.388214],[-79.943391,40.388955],[-79.943647,40.389101],[-79.943841,40.389031],[-79.944385,40.390157],[-79.944395,40.390177],[-79.94496540095086,40.39023359906342],[-79.94498382017711,40.390344490453316]]]}},{"type":"Feature","id":"892a8470317ffff","properties":{"cell_id":"892a8470317ffff","h3_res":9,"building_count":18,"poi_count_sum":3,"conn_dist_median_ft":463.20554472492745,"total_crossings_mean":0.0,"clipped_area_frac":1.0,"clon":-79.934298,"clat":40.390305},"geometry":{"type":"Polygon","coordinates":[[[-79.93233409140416,40.39134289651213],[-79.93204490504975,40.38959904642155],[-79.9340085377161,40.388560844004175],[-79.9362613994903,40.38926641552464],[-79.93655073906382,40.39101024529886],[-79.9345870636467,40.39204852387155],[-79.93233409140416,40.39134289651213]]]}},{"type":"Feature","id":"892a8470303ffff","properties":{"cell_id":"892a8470303ffff","h3_res":9,"building_count":4,"poi_count_sum":0,"conn_dist_median_ft":1157.6264661814696,"total_crossings_mean":0.0,"clipped_area_frac":0.9712326897959368,"clon":-79.938514,"clat":40.389972},"geometry":{"type":"Polygon","coordinates":[[[-79.94047782255186,40.38893363383096],[-79.9407673153361,40.39067744327636],[-79.9388037522297,40.39171578709075],[-79.93655073906382,40.39101024529886],[-79.9362613994903,40.38926641552464],[-79.93736874184316,40.38868087652972],[-79.93911678192013,40.3885074303081],[-79.94047782255186,40.38893363383096]]]}},{"type":"Feature","id":"892a8471c87ffff","properties":{"cell_id":"892a8471c87ffff","h3_res":9,"building_count":2,"poi_count_sum":0,"conn_dist_median_ft":7502.1024374701265,"total_crossings_mean":0.0,"clipped_area_frac":0.43359216228008174,"clon":-79.957923,"clat":40.391088},"geometry":{"type":"Polygon","coordinates":[[[-79.95595985306538,40.39212712671657],[-79.95566979198806,40.3903833319429],[-79.95662634255552,40.38987725942205],[-79.957195,40.389895],[-79.95764,40.389909],[-79.957735,40.389914],[-79.957737,40.389946],[-79.957739,40.389978],[-79.95789326175716,40.39273217901275],[-79.95595985306538,40.39212712671657]]]}},{"type":"Feature","id":"892a8471c93ffff","properties":{"cell_id":"892a8471c93ffff","h3_res":9,"building_count":1,"poi_count_sum":0,"conn_dist_median_ft":6123.142841939426,"total_crossings_mean":17.0,"clipped_area_frac":0.648420115250925,"clon":-79.958794,"clat":40.39632},"geometry":{"type":"Polygon","coordinates":[[[-79.95908375472582,40.39806393302097],[-79.95683016481014,40.39735873732134],[-79.95654003947406,40.39561482940794],[-79.9580144389437,40.394834796902146],[-79.958046,40.39539],[-79.959924,40.395598],[-79.959796,40.396205],[-79.959512,40.397556],[-79.959822,40.397616],[-79.95990149067401,40.39763128666808],[-79.95908375472582,40.39806393302097]]]}},{"type":"Feature","id":"892a8470313ffff","properties":{"cell_id":"892a8470313ffff","h3_res":9,"building_count":1,"poi_count_sum":0,"conn_dist_median_ft":139.7760924030516,"total_crossings_mean":0.0,"clipped_area_frac":0.9588180780207514,"clon":-79.93684,"clat":40.392754},"geometry":{"type":"Polygon","coordinates":[[[-79.93712948230696,40.394498018020975],[-79.9348763586513,40.39379242039374],[-79.9345870636467,40.39204852387155],[-79.93655073906382,40.39101024529886],[-79.9388037522297,40.39171578709075],[-79.93904425121538,40.39316475241379],[-79.938156,40.39298],[-79.938185,40.393079],[-79.93840948181965,40.39382119301621],[-79.93712948230696,40.394498018020975]]]}},{"type":"Feature","id":"892a847038bffff","properties":{"cell_id":"892a847038bffff","h3_res":9,"building_count":5,"poi_count_sum":1,"conn_dist_median_ft":144.26280918214135,"total_crossings_mean":0.0,"clipped_area_frac":0.9954161873981526,"clon":-79.935166,"clat":40.395536},"geometry":{"type":"Polygon","coordinates":[[[-79.93741888598129,40.39624196096461],[-79.93545501275075,40.39728032660437],[-79.93320177859881,40.39657467313584],[-79.93291252817635,40.39483070987142],[-79.9348763586513,40.39379242039374],[-79.93712948230696,40.394498018020975],[-79.93723393803907,40.39512746696407],[-79.937026,40.395141],[-79.936713,40.395161],[-79.936937,40.395203],[-79.936987,40.395217],[-79.937112,40.395267],[-79.937259,40.395395],[-79.937281605792,40.39541471225063],[-79.93741888598129,40.39624196096461]]]}},{"type":"Feature","id":"892a84703dbffff","properties":{"cell_id":"892a84703dbffff","h3_res":9,"building_count":5,"poi_count_sum":0,"conn_dist_median_ft":933.8426706169627,"total_crossings_mean":10.4,"clipped_area_frac":0.9998539905068026,"clon":-79.944469,"clat":40.400103},"geometry":{"type":"Polygon","coordinates":[[[-79.94672214529389,40.400808017171855],[-79.94475829896635,40.40184660041431],[-79.94250472100943,40.40114109207357],[-79.94221509993687,40.39939705631752],[-79.9441789035507,40.39835854924978],[-79.94634132179577,40.399035498643464],[-79.94643865962514,40.39910185032173],[-79.94672214529389,40.400808017171855]]]}},{"type":"Feature","id":"892a84703d3ffff","properties":{"cell_id":"892a84703d3ffff","h3_res":9,"building_count":31,"poi_count_sum":3,"conn_dist_median_ft":191.30849192087373,"total_crossings_mean":0.6774193548387096,"clipped_area_frac":0.9999999999999998,"clon":-79.940251,"clat":40.400436},"geometry":{"type":"Polygon","coordinates":[[[-79.93828722524347,40.40147401610003],[-79.93799775744718,40.399729960006276],[-79.93996167342402,40.398691518199605],[-79.94221509993687,40.39939705631752],[-79.94250472100943,40.40114109207357],[-79.94054076229554,40.402179610051995],[-79.93828722524347,40.40147401610003]]]}},{"type":"Feature","id":"892a847006fffff","properties":{"cell_id":"892a847006fffff","h3_res":9,"building_count":48,"poi_count_sum":1,"conn_dist_median_ft":516.3210633057049,"total_crossings_mean":0.0625,"clipped_area_frac":0.9999999999999998,"clon":-79.936034,"clat":40.400768},"geometry":{"type":"Polygon","coordinates":[[[-79.93406965803993,40.40180678924256],[-79.93378034352826,40.400062712823555],[-79.93574437185035,40.399024336288534],[-79.93799775744718,40.399729960006276],[-79.93828722524347,40.40147401610003],[-79.93632315416099,40.40251246880386],[-79.93406965803993,40.40180678924256]]]}},{"type":"Feature","id":"892a847006bffff","properties":{"cell_id":"892a847006bffff","h3_res":9,"building_count":151,"poi_count_sum":4,"conn_dist_median_ft":1091.3290366303222,"total_crossings_mean":0.0,"clipped_area_frac":0.9999999999999998,"clon":-79.938577,"clat":40.403218},"geometry":{"type":"Polygon","coordinates":[[[-79.93661257737674,40.40425659163074],[-79.93632315416099,40.40251246880386],[-79.93828722524347,40.40147401610003],[-79.94054076229554,40.402179610051995],[-79.94083033880811,40.40392371254517],[-79.93886622497449,40.404962241422666],[-79.93661257737674,40.40425659163074]]]}},{"type":"Feature","id":"892a84702a7ffff","properties":{"cell_id":"892a84702a7ffff","h3_res":9,"building_count":71,"poi_count_sum":7,"conn_dist_median_ft":213.31847933934463,"total_crossings_mean":0.028169014084507043,"clipped_area_frac":1.0,"clon":-79.942794,"clat":40.402885},"geometry":{"type":"Polygon","coordinates":[[[-79.94083033880811,40.40392371254517],[-79.94054076229554,40.402179610051995],[-79.94250472100943,40.40114109207357],[-79.94475829896635,40.40184660041431],[-79.94504802876737,40.403590682561344],[-79.94308402732572,40.404629276716356],[-79.94083033880811,40.40392371254517]]]}},{"type":"Feature","id":"892a84702afffff","properties":{"cell_id":"892a84702afffff","h3_res":9,"building_count":6,"poi_count_sum":0,"conn_dist_median_ft":2237.791713936906,"total_crossings_mean":6.0,"clipped_area_frac":1.0,"clon":-79.947012,"clat":40.402552},"geometry":{"type":"Polygon","coordinates":[[[-79.94504802876737,40.403590682561344],[-79.94475829896635,40.40184660041431],[-79.94672214529389,40.400808017171855],[-79.94897576412956,40.40151343989945],[-79.94926564721065,40.40325750168788],[-79.9473017581787,40.40429616110989],[-79.94504802876737,40.403590682561344]]]}},{"type":"Feature","id":"892a847026bffff","properties":{"cell_id":"892a847026bffff","h3_res":9,"building_count":2,"poi_count_sum":0,"conn_dist_median_ft":2724.301137265837,"total_crossings_mean":0.0,"clipped_area_frac":0.6568884671329092,"clon":-79.968099,"clat":40.400884},"geometry":{"type":"Polygon","coordinates":[[[-79.96838933843397,40.40262831987816],[-79.9661354049461,40.4019232694712],[-79.96584490882861,40.400179289241684],[-79.96626479053421,40.39995710079425],[-79.967343,40.400155],[-79.969054,40.400468],[-79.969184,40.400634],[-79.969503,40.401049],[-79.969904,40.401562],[-79.97004876929965,40.40175015489622],[-79.96838933843397,40.40262831987816]]]}},{"type":"Feature","id":"892a8470263ffff","properties":{"cell_id":"892a8470263ffff","h3_res":9,"building_count":2,"poi_count_sum":0,"conn_dist_median_ft":2503.3568337204797,"total_crossings_mean":0.0,"clipped_area_frac":0.9970372333699893,"clon":-79.963882,"clat":40.401218},"geometry":{"type":"Polygon","coordinates":[[[-79.96584490882861,40.400179289241684],[-79.9661354049461,40.4019232694712],[-79.96417196573046,40.402962189855536],[-79.96191807300563,40.40225705381647],[-79.96162773013467,40.40051305317854],[-79.96359112673932,40.39947420898554],[-79.96385571744707,40.399556984372246],[-79.963904,40.399715],[-79.96431927450395,40.39970200501553],[-79.96584490882861,40.400179289241684]]]}},{"type":"Feature","id":"892a8471137ffff","properties":{"cell_id":"892a8471137ffff","h3_res":9,"building_count":15,"poi_count_sum":1,"conn_dist_median_ft":250.40398939409246,"total_crossings_mean":0.0,"clipped_area_frac":0.4502707438630121,"clon":-79.978205,"clat":40.397433},"geometry":{"type":"Polygon","coordinates":[[[-79.9779141672085,40.39568936769759],[-79.98016796078986,40.39639413533188],[-79.98045896097119,40.39813798748841],[-79.97923471455569,40.39878605429865],[-79.979029,40.398455],[-79.978109,40.39697],[-79.977988,40.396761],[-79.977621,40.396164],[-79.9774752238552,40.3959217146482],[-79.9779141672085,40.39568936769759]]]}},{"type":"Feature","id":"892a8471127ffff","properties":{"cell_id":"892a8471127ffff","h3_res":9,"building_count":72,"poi_count_sum":0,"conn_dist_median_ft":1719.1405870633412,"total_crossings_mean":0.0,"clipped_area_frac":1.0,"clon":-79.979877,"clat":40.39465},"geometry":{"type":"Polygon","coordinates":[[[-79.9779141672085,40.39568936769759],[-79.97762327584564,40.393945561866126],[-79.97958602488133,40.39290654412007],[-79.9818397077954,40.39361125601175],[-79.98213075233838,40.395355041389514],[-79.98016796078986,40.39639413533188],[-79.9779141672085,40.39568936769759]]]}},{"type":"Feature","id":"892a8471ccbffff","properties":{"cell_id":"892a8471ccbffff","h3_res":9,"building_count":15,"poi_count_sum":0,"conn_dist_median_ft":1492.1434998699024,"total_crossings_mean":0.0,"clipped_area_frac":0.1866190949464586,"clon":-79.97566,"clat":40.394985},"geometry":{"type":"Polygon","coordinates":[[[-79.97762327584564,40.393945561866126],[-79.9779141672085,40.39568936769759],[-79.9774752238552,40.3959217146482],[-79.977405,40.395805],[-79.976657,40.394565],[-79.976255,40.393897],[-79.97597333157822,40.39342956311162],[-79.97762327584564,40.393945561866126]]]}},{"type":"Feature","id":"892a8471123ffff","properties":{"cell_id":"892a8471123ffff","h3_res":9,"building_count":166,"poi_count_sum":0,"conn_dist_median_ft":1802.171886235439,"total_crossings_mean":0.0,"clipped_area_frac":1.0,"clon":-79.982422,"clat":40.397099},"geometry":{"type":"Polygon","coordinates":[[[-79.98045896097119,40.39813798748841],[-79.98016796078986,40.39639413533188],[-79.98213075233838,40.395355041389514],[-79.98438458657449,40.396059723405095],[-79.98467573994812,40.39780355509944],[-79.98271290589604,40.39884272524297],[-79.98045896097119,40.39813798748841]]]}},{"type":"Feature","id":"892a8471133ffff","properties":{"cell_id":"892a8471133ffff","h3_res":9,"building_count":34,"poi_count_sum":0,"conn_dist_median_ft":4442.594916016286,"total_crossings_mean":0.0,"clipped_area_frac":0.7717920716846897,"clon":-79.98075,"clat":40.399882},"geometry":{"type":"Polygon","coordinates":[[[-79.98045896097119,40.39813798748841],[-79.98271290589604,40.39884272524297],[-79.98300401491548,40.400586623714396],[-79.98104102579987,40.40162580489201],[-79.97982672880948,40.40124612099355],[-79.979839,40.401211],[-79.979912,40.401014],[-79.979963,40.400849],[-79.979994,40.400695],[-79.980006,40.400437],[-79.979997,40.400261],[-79.979995,40.400214],[-79.979936,40.399943],[-79.979902,40.399844],[-79.979867,40.399741],[-79.979784,40.399555],[-79.979776,40.399538],[-79.979739,40.399462],[-79.979515,40.399201],[-79.979395,40.399044],[-79.97923471455569,40.39878605429865],[-79.98045896097119,40.39813798748841]]]}},{"type":"Feature","id":"892a8471107ffff","properties":{"cell_id":"892a8471107ffff","h3_res":9,"building_count":137,"poi_count_sum":0,"conn_dist_median_ft":5448.916621507931,"total_crossings_mean":0.0,"clipped_area_frac":1.0,"clon":-79.983295,"clat":40.402331},"geometry":{"type":"Polygon","coordinates":[[[-79.98133209045191,40.40336977013479],[-79.98104102579987,40.40162580489201],[-79.98300401491548,40.400586623714396],[-79.9852581111941,40.40129133157422],[-79.98554932907119,40.40303527635035],[-79.98358629744732,40.40407453373587],[-79.98133209045191,40.40336977013479]]]}},{"type":"Feature","id":"892a8471117ffff","properties":{"cell_id":"892a8471117ffff","h3_res":9,"building_count":110,"poi_count_sum":1,"conn_dist_median_ft":6665.063001985829,"total_crossings_mean":0.0,"clipped_area_frac":0.8802451424057532,"clon":-79.981623,"clat":40.405114},"geometry":{"type":"Polygon","coordinates":[[[-79.97965996652465,40.40615299434335],[-79.97936894625309,40.404408962334905],[-79.98133209045191,40.40336977013479],[-79.98358629744732,40.40407453373587],[-79.98387747096447,40.405818545281655],[-79.98364142068145,40.40594350517449],[-79.983555,40.40594],[-79.982956,40.405915],[-79.982119,40.40588],[-79.981645,40.405862],[-79.981452,40.405855],[-79.981441,40.40592],[-79.981408,40.406127],[-79.981366,40.40632],[-79.981355,40.406418],[-79.98130850921544,40.40666841627134],[-79.97965996652465,40.40615299434335]]]}},{"type":"Feature","id":"892a84711abffff","properties":{"cell_id":"892a84711abffff","h3_res":9,"building_count":30,"poi_count_sum":0,"conn_dist_median_ft":6859.026435708365,"total_crossings_mean":0.0,"clipped_area_frac":0.6667072161818312,"clon":-79.979078,"clat":40.402665},"geometry":{"type":"Polygon","coordinates":[[[-79.98104102579987,40.40162580489201],[-79.98133209045191,40.40336977013479],[-79.97936894625309,40.404408962334905],[-79.97711477993114,40.40370411308471],[-79.97708752079937,40.403540697237574],[-79.977239,40.403433],[-79.977411,40.403312],[-79.977888,40.402973],[-79.978394,40.402615],[-79.978817,40.402315],[-79.979076,40.402124],[-79.979305,40.40194],[-79.97945,40.401778],[-79.979489,40.401734],[-79.979577,40.401637],[-79.979684,40.401495],[-79.9797,40.401474],[-79.97981,40.401294],[-79.97982672880948,40.40124612099355],[-79.98104102579987,40.40162580489201]]]}},{"type":"Feature","id":"892a84711bbffff","properties":{"cell_id":"892a84711bbffff","h3_res":9,"building_count":10,"poi_count_sum":0,"conn_dist_median_ft":7524.973259755421,"total_crossings_mean":0.0,"clipped_area_frac":1.0,"clon":-79.977406,"clat":40.405448},"geometry":{"type":"Polygon","coordinates":[[[-79.9754423901926,40.40648729254751],[-79.97515152317507,40.40474324008886],[-79.97711477993114,40.40370411308471],[-79.97936894625309,40.404408962334905],[-79.97965996652465,40.40615299434335],[-79.97769666722292,40.407192197554366],[-79.9754423901926,40.40648729254751]]]}},{"type":"Feature","id":"892a84711b3ffff","properties":{"cell_id":"892a84711b3ffff","h3_res":9,"building_count":9,"poi_count_sum":0,"conn_dist_median_ft":1017.7498621534625,"total_crossings_mean":0.0,"clipped_area_frac":0.8427485680553518,"clon":-79.973188,"clat":40.405782},"geometry":{"type":"Polygon","coordinates":[[[-79.97515152317507,40.40474324008886],[-79.9754423901926,40.40648729254751],[-79.97347897832799,40.40752643054907],[-79.9712247420122,40.40682143988545],[-79.97095747469842,40.4052180287296],[-79.972225,40.405017],[-79.972606,40.404811],[-79.972816,40.404812],[-79.972948,40.404854],[-79.973135,40.404869],[-79.973302,40.404842],[-79.973718,40.404795],[-79.973963,40.404755],[-79.974498,40.404686],[-79.9748147002319,40.40463790512237],[-79.97515152317507,40.40474324008886]]]}},{"type":"Feature","id":"892a847024fffff","properties":{"cell_id":"892a847024fffff","h3_res":9,"building_count":11,"poi_count_sum":0,"conn_dist_median_ft":1022.7647955273212,"total_crossings_mean":0.0,"clipped_area_frac":0.9075087443442122,"clon":-79.968971,"clat":40.406116},"geometry":{"type":"MultiPolygon","coordinates":[[[[-79.9712247420122,40.40682143988545],[-79.96926121760244,40.407860512666964],[-79.96700702202732,40.407155436348475],[-79.96693829611236,40.40674290809422],[-79.967725,40.4063],[-79.96889,40.405645],[-79.968934,40.405629],[-79.969015,40.4056],[-79.969209,40.405521],[-79.969312,40.405479],[-79.97095747469842,40.4052180287296],[-79.9712247420122,40.40682143988545]]],[[[-79.96671646154309,40.40541134302673],[-79.96867994336046,40.40437234644622],[-79.97002994790294,40.404794593601494],[-79.969503,40.405062],[-79.969061,40.40537],[-79.967175,40.406475],[-79.96691869329257,40.40662524189759],[-79.96671646154309,40.40541134302673]]]]}},{"type":"Feature","id":"892a8470243ffff","properties":{"cell_id":"892a8470243ffff","h3_res":9,"building_count":7,"poi_count_sum":0,"conn_dist_median_ft":123.13928536221344,"total_crossings_mean":0.0,"clipped_area_frac":0.9954890523137209,"clon":-79.967298,"clat":40.4089},"geometry":{"type":"Polygon","coordinates":[[[-79.96700702202732,40.407155436348475],[-79.96926121760244,40.407860512666964],[-79.96955188692266,40.40960465231536],[-79.96758820737904,40.41064373606916],[-79.96533390111894,40.40993860396908],[-79.96509346567984,40.408495110837485],[-79.965259,40.408328],[-79.96521594170979,40.40810314003998],[-79.96700702202732,40.407155436348475]]]}},{"type":"Feature","id":"892a8470257ffff","properties":{"cell_id":"892a8470257ffff","h3_res":9,"building_count":13,"poi_count_sum":3,"conn_dist_median_ft":911.8282107925156,"total_crossings_mean":0.0,"clipped_area_frac":0.5506838200445966,"clon":-79.96308,"clat":40.409233},"geometry":{"type":"MultiPolygon","coordinates":[[[[-79.96533390111894,40.40993860396908],[-79.96337010904226,40.41097762247877],[-79.96111584356392,40.41027240471618],[-79.96103610308546,40.40979341147075],[-79.961232,40.409782],[-79.961297,40.409772],[-79.961494,40.409738],[-79.961539,40.409731],[-79.962001,40.409676],[-79.962171,40.409678],[-79.962543,40.409679],[-79.962612,40.409679],[-79.962814,40.409672],[-79.96283,40.409671],[-79.963567,40.409485],[-79.963584,40.40948],[-79.96377,40.409502],[-79.964151,40.409317],[-79.964217,40.409282],[-79.964399,40.409187],[-79.964419,40.409176],[-79.96509346567984,40.408495110837485],[-79.96533390111894,40.40993860396908]]],[[[-79.96278923028181,40.40748928192787],[-79.96473308700604,40.40809737407615],[-79.96444,40.408319],[-79.963884,40.408737],[-79.963563,40.408795],[-79.96303,40.407881],[-79.962919,40.407918],[-79.962227,40.408155],[-79.96162928165523,40.4081029649551],[-79.96278923028181,40.40748928192787]]]]}},{"type":"Feature","id":"892a8470253ffff","properties":{"cell_id":"892a8470253ffff","h3_res":9,"building_count":12,"poi_count_sum":0,"conn_dist_median_ft":7020.545898558235,"total_crossings_mean":0.16666666666666666,"clipped_area_frac":1.0,"clon":-79.965624,"clat":40.411683},"geometry":{"type":"Polygon","coordinates":[[[-79.96366058060245,40.41272184929077],[-79.96337010904226,40.41097762247877],[-79.96533390111894,40.40993860396908],[-79.96758820737904,40.41064373606916],[-79.96787883225126,40.41238794246383],[-79.96591499755404,40.41342703717833],[-79.96366058060245,40.41272184929077]]]}},{"type":"Feature","id":"892a8471527ffff","properties":{"cell_id":"892a8471527ffff","h3_res":9,"building_count":126,"poi_count_sum":1,"conn_dist_median_ft":6806.41931288476,"total_crossings_mean":1.9047619047619047,"clipped_area_frac":0.9999999999999998,"clon":-79.968169,"clat":40.414132},"geometry":{"type":"Polygon","coordinates":[[[-79.9662055779651,40.41517131031356],[-79.96591499755404,40.41342703717833],[-79.96787883225126,40.41238794246383],[-79.97013328997343,40.41309304467749],[-79.97042402370869,40.414837297386924],[-79.96846014640025,40.41587646831108],[-79.9662055779651,40.41517131031356]]]}},{"type":"Feature","id":"892a847025bffff","properties":{"cell_id":"892a847025bffff","h3_res":9,"building_count":7,"poi_count_sum":0,"conn_dist_median_ft":7437.085258379696,"total_crossings_mean":0.0,"clipped_area_frac":1.0,"clon":-79.969843,"clat":40.411349},"geometry":{"type":"Polygon","coordinates":[[[-79.96787883225126,40.41238794246383],[-79.96758820737904,40.41064373606916],[-79.96955188692266,40.40960465231536],[-79.9718062339384,40.41030969875105],[-79.97209701211423,40.41205388471593],[-79.97013328997343,40.41309304467749],[-79.96787883225126,40.41238794246383]]]}},{"type":"Feature","id":"892a847152fffff","properties":{"cell_id":"892a847152fffff","h3_res":9,"building_count":106,"poi_count_sum":0,"conn_dist_median_ft":6113.939785202727,"total_crossings_mean":2.0,"clipped_area_frac":1.0,"clon":-79.972388,"clat":40.413798},"geometry":{"type":"Polygon","coordinates":[[[-79.97042402370869,40.414837297386924],[-79.97013328997343,40.41309304467749],[-79.97209701211423,40.41205388471593],[-79.97435151058083,40.41275890125381],[-79.9746423976319,40.41450313352499],[-79.97267863290324,40.415542369699146],[-79.97042402370869,40.414837297386924]]]}},{"type":"Feature","id":"892a8471197ffff","properties":{"cell_id":"892a8471197ffff","h3_res":9,"building_count":49,"poi_count_sum":2,"conn_dist_median_ft":3624.4096710244216,"total_crossings_mean":0.12244897959183673,"clipped_area_frac":1.0,"clon":-79.974061,"clat":40.411015},"geometry":{"type":"Polygon","coordinates":[[[-79.97209701211423,40.41205388471593],[-79.9718062339384,40.41030969875105],[-79.97376980093124,40.4092705497637],[-79.97602418867643,40.40997551053311],[-79.97631512014749,40.41171967605575],[-79.97435151058083,40.41275890125381],[-79.97209701211423,40.41205388471593]]]}},{"type":"Feature","id":"892a8471193ffff","properties":{"cell_id":"892a8471193ffff","h3_res":9,"building_count":59,"poi_count_sum":0,"conn_dist_median_ft":4075.5936402484413,"total_crossings_mean":0.13559322033898305,"clipped_area_frac":1.0,"clon":-79.976606,"clat":40.413464},"geometry":{"type":"Polygon","coordinates":[[[-79.9746423976319,40.41450313352499],[-79.97435151058083,40.41275890125381],[-79.97631512014749,40.41171967605575],[-79.97856965933238,40.41242460691597],[-79.97886069969081,40.41416881873646],[-79.97689704755967,40.41520812015002],[-79.9746423976319,40.41450313352499]]]}},{"type":"Feature","id":"892a8471183ffff","properties":{"cell_id":"892a8471183ffff","h3_res":9,"building_count":116,"poi_count_sum":1,"conn_dist_median_ft":3845.733133888827,"total_crossings_mean":0.0,"clipped_area_frac":1.0,"clon":-79.978279,"clat":40.41068},"geometry":{"type":"Polygon","coordinates":[[[-79.97631512014749,40.41171967605575],[-79.97602418867643,40.40997551053311],[-79.97798764310078,40.40893629632277],[-79.9802420715493,40.40964117142404],[-79.98053315630713,40.411385316491995],[-79.97856965933238,40.41242460691597],[-79.97631512014749,40.41171967605575]]]}},{"type":"Feature","id":"892a847119bffff","properties":{"cell_id":"892a847119bffff","h3_res":9,"building_count":117,"poi_count_sum":4,"conn_dist_median_ft":4949.681421969504,"total_crossings_mean":0.0,"clipped_area_frac":0.7548321022630301,"clon":-79.980824,"clat":40.413129},"geometry":{"type":"Polygon","coordinates":[[[-79.98111539032567,40.41487371967242],[-79.97886069969081,40.41416881873646],[-79.97856965933238,40.41242460691597],[-79.98053315630713,40.411385316491995],[-79.9816446500484,40.411732800746094],[-79.981659,40.411954],[-79.981665,40.412049],[-79.981673,40.41219],[-79.981675,40.412224],[-79.981703,40.412613],[-79.981714,40.412755],[-79.981727,40.412896],[-79.981729,40.412917],[-79.98175,40.413322],[-79.981758,40.413465],[-79.981762,40.413594],[-79.981772,40.413858],[-79.981783,40.413982],[-79.981795,40.414111],[-79.98182289124318,40.414499215952375],[-79.98111539032567,40.41487371967242]]]}},{"type":"Feature","id":"892a8471187ffff","properties":{"cell_id":"892a8471187ffff","h3_res":9,"building_count":7,"poi_count_sum":0,"conn_dist_median_ft":3400.3659411981093,"total_crossings_mean":0.0,"clipped_area_frac":0.9999999999999998,"clon":-79.975733,"clat":40.408231},"geometry":{"type":"Polygon","coordinates":[[[-79.97376980093124,40.4092705497637],[-79.97347897832799,40.40752643054907],[-79.9754423901926,40.40648729254751],[-79.97769666722292,40.407192197554366],[-79.97798764310078,40.40893629632277],[-79.97602418867643,40.40997551053311],[-79.97376980093124,40.4092705497637]]]}},{"type":"Feature","id":"892a847118fffff","properties":{"cell_id":"892a847118fffff","h3_res":9,"building_count":20,"poi_count_sum":3,"conn_dist_median_ft":4789.964125495345,"total_crossings_mean":0.0,"clipped_area_frac":0.8042838305971298,"clon":-79.979951,"clat":40.407897},"geometry":{"type":"Polygon","coordinates":[[[-79.9802420715493,40.40964117142404],[-79.97798764310078,40.40893629632277],[-79.97769666722292,40.407192197554366],[-79.97965996652465,40.40615299434335],[-79.98130850921544,40.40666841627134],[-79.981091,40.40784],[-79.980976,40.408464],[-79.98094,40.408535],[-79.980935,40.408558],[-79.980911,40.408688],[-79.980876,40.408877],[-79.980872,40.40891],[-79.980864,40.409011],[-79.980862,40.409045],[-79.980845,40.40916],[-79.98082137224395,40.409334523198126],[-79.9802420715493,40.40964117142404]]]}},{"type":"Feature","id":"892a847118bffff","properties":{"cell_id":"892a847118bffff","h3_res":9,"building_count":35,"poi_count_sum":0,"conn_dist_median_ft":4375.171003586898,"total_crossings_mean":0.0,"clipped_area_frac":0.18912552403663496,"clon":-79.982497,"clat":40.410346},"geometry":{"type":"Polygon","coordinates":[[[-79.98053315630713,40.411385316491995],[-79.9802420715493,40.40964117142404],[-79.98082137224395,40.409334523198126],[-79.980801,40.409485],[-79.980814,40.409504],[-79.98088,40.409601],[-79.980927,40.409663],[-79.981082,40.40984],[-79.981134,40.4099],[-79.98123,40.410011],[-79.981376,40.41018],[-79.981515,40.410347],[-79.981571,40.410415],[-79.98157,40.410475],[-79.981618,40.411322],[-79.9816446500484,40.411732800746094],[-79.98053315630713,40.411385316491995]]]}},{"type":"Feature","id":"892a8471567ffff","properties":{"cell_id":"892a8471567ffff","h3_res":9,"building_count":119,"poi_count_sum":2,"conn_dist_median_ft":5469.203999653103,"total_crossings_mean":0.0,"clipped_area_frac":1.0,"clon":-79.979152,"clat":40.415913},"geometry":{"type":"Polygon","coordinates":[[[-79.97718804350555,40.41695239871734],[-79.97689704755967,40.41520812015002],[-79.97886069969081,40.41416881873646],[-79.98111539032567,40.41487371967242],[-79.98140653959109,40.4166179777806],[-79.9794428449048,40.41765735541452],[-79.97718804350555,40.41695239871734]]]}},{"type":"Feature","id":"892a847152bffff","properties":{"cell_id":"892a847152bffff","h3_res":9,"building_count":218,"poi_count_sum":6,"conn_dist_median_ft":5470.162772597456,"total_crossings_mean":1.4128440366972477,"clipped_area_frac":1.0,"clon":-79.974933,"clat":40.416247},"geometry":{"type":"Polygon","coordinates":[[[-79.97296947552114,40.41728666871317],[-79.97267863290324,40.415542369699146],[-79.9746423976319,40.41450313352499],[-79.97689704755967,40.41520812015002],[-79.97718804350555,40.41695239871734],[-79.97522423619836,40.41799171110892],[-79.97296947552114,40.41728666871317]]]}},{"type":"Feature","id":"892a8471523ffff","properties":{"cell_id":"892a8471523ffff","h3_res":9,"building_count":228,"poi_count_sum":4,"conn_dist_median_ft":5630.629784822991,"total_crossings_mean":2.0,"clipped_area_frac":1.0,"clon":-79.970715,"clat":40.416582},"geometry":{"type":"Polygon","coordinates":[[[-79.96875083568175,40.41762078775937],[-79.96846014640025,40.41587646831108],[-79.97042402370869,40.414837297386924],[-79.97267863290324,40.415542369699146],[-79.97296947552114,40.41728666871317],[-79.97100555561077,40.41832591585182],[-79.96875083568175,40.41762078775937]]]}},{"type":"Feature","id":"892a8471577ffff","properties":{"cell_id":"892a8471577ffff","h3_res":9,"building_count":151,"poi_count_sum":7,"conn_dist_median_ft":5481.170626804654,"total_crossings_mean":1.2582781456953642,"clipped_area_frac":1.0,"clon":-79.977479,"clat":40.418697},"geometry":{"type":"Polygon","coordinates":[[[-79.9755151877185,40.419736056417364],[-79.97522423619836,40.41799171110892],[-79.97718804350555,40.41695239871734],[-79.9794428449048,40.41765735541452],[-79.97973394976509,40.41940168026778],[-79.97777009988867,40.420441068881644],[-79.9755151877185,40.419736056417364]]]}},{"type":"Feature","id":"892a8471563ffff","properties":{"cell_id":"892a8471563ffff","h3_res":9,"building_count":67,"poi_count_sum":0,"conn_dist_median_ft":5981.441955883156,"total_crossings_mean":2.044776119402985,"clipped_area_frac":0.9299742864098478,"clon":-79.981698,"clat":40.418362},"geometry":{"type":"Polygon","coordinates":[[[-79.98395263987821,40.41906715316295],[-79.9819889026461,40.420106607022085],[-79.97973394976509,40.41940168026778],[-79.9794428449048,40.41765735541452],[-79.98140653959109,40.4166179777806],[-79.98222169772542,40.41687279887333],[-79.982231,40.417073],[-79.982259,40.417667],[-79.982523,40.41766],[-79.982686,40.417656],[-79.982869,40.417649],[-79.983421,40.417632],[-79.983605,40.417626],[-79.98371140532834,40.417622433340945],[-79.98395263987821,40.41906715316295]]]}},{"type":"Feature","id":"892a847156fffff","properties":{"cell_id":"892a847156fffff","h3_res":9,"building_count":10,"poi_count_sum":0,"conn_dist_median_ft":5674.9636066197145,"total_crossings_mean":0.0,"clipped_area_frac":0.13114489530071305,"clon":-79.98337,"clat":40.415579},"geometry":{"type":"Polygon","coordinates":[[[-79.98140653959109,40.4166179777806],[-79.98111539032567,40.41487371967242],[-79.98182289124318,40.414499215952375],[-79.981832,40.414626],[-79.98184,40.414743],[-79.981863,40.415418],[-79.98188,40.415955],[-79.981884,40.416053],[-79.981887,40.416106],[-79.981982,40.416102],[-79.982185,40.416083],[-79.98222169772542,40.41687279887333],[-79.98140653959109,40.4166179777806]]]}},{"type":"Feature","id":"892a8471547ffff","properties":{"cell_id":"892a8471547ffff","h3_res":9,"building_count":109,"poi_count_sum":2,"conn_dist_median_ft":3845.5844621657693,"total_crossings_mean":6.036697247706422,"clipped_area_frac":1.0,"clon":-79.982571,"clat":40.423595},"geometry":{"type":"Polygon","coordinates":[[[-79.98060739338756,40.42463488085878],[-79.9803162240041,40.42289044299207],[-79.98228011644042,40.42185097815111],[-79.98453522081346,40.42255587494751],[-79.98482654356144,40.424300292342124],[-79.98286260857454,40.425339833415016],[-79.98060739338756,40.42463488085878]]]}},{"type":"Feature","id":"892a8471573ffff","properties":{"cell_id":"892a8471573ffff","h3_res":9,"building_count":93,"poi_count_sum":1,"conn_dist_median_ft":4808.327271197071,"total_crossings_mean":3.5053763440860215,"clipped_area_frac":0.9999999999999998,"clon":-79.980025,"clat":40.421146},"geometry":{"type":"Polygon","coordinates":[[[-79.97806116033065,40.4221854604743],[-79.97777009988867,40.420441068881644],[-79.97973394976509,40.41940168026778],[-79.9819889026461,40.420106607022085],[-79.98228011644042,40.42185097815111],[-79.9803162240041,40.42289044299207],[-79.97806116033065,40.4221854604743]]]}},{"type":"Feature","id":"892a847150bffff","properties":{"cell_id":"892a847150bffff","h3_res":9,"building_count":173,"poi_count_sum":4,"conn_dist_median_ft":3034.994236951321,"total_crossings_mean":10.046242774566474,"clipped_area_frac":1.0,"clon":-79.978352,"clat":40.42393},"geometry":{"type":"Polygon","coordinates":[[[-79.97638817125492,40.42496931838282],[-79.97609715524442,40.42322486005646],[-79.97806116033065,40.4221854604743],[-79.9803162240041,40.42289044299207],[-79.98060739338756,40.42463488085878],[-79.97864334572733,40.42567435666994],[-79.97638817125492,40.42496931838282]]]}},{"type":"Feature","id":"892a847150fffff","properties":{"cell_id":"892a847150fffff","h3_res":9,"building_count":20,"poi_count_sum":1,"conn_dist_median_ft":2818.5732130870647,"total_crossings_mean":2.0,"clipped_area_frac":0.9999999999999998,"clon":-79.975806,"clat":40.42148},"geometry":{"type":"Polygon","coordinates":[[[-79.97384213229677,40.42251979181919],[-79.97355122521553,40.42077537977535],[-79.9755151877185,40.419736056417364],[-79.97777009988867,40.420441068881644],[-79.97806116033065,40.4221854604743],[-79.97609715524442,40.42322486005646],[-79.97384213229677,40.42251979181919]]]}},{"type":"Feature","id":"892a8471507ffff","properties":{"cell_id":"892a8471507ffff","h3_res":9,"building_count":207,"poi_count_sum":1,"conn_dist_median_ft":3047.0931630257573,"total_crossings_mean":2.0,"clipped_area_frac":1.0,"clon":-79.971587,"clat":40.421815},"geometry":{"type":"Polygon","coordinates":[[[-79.96962303238263,40.42285397217708],[-79.96933227867058,40.4211095396945],[-79.97129635378235,40.42007028160298],[-79.97355122521553,40.42077537977535],[-79.97384213229677,40.42251979181919],[-79.97187801457832,40.42355912613197],[-79.96962303238263,40.42285397217708]]]}},{"type":"Feature","id":"892a847153bffff","properties":{"cell_id":"892a847153bffff","h3_res":9,"building_count":255,"poi_count_sum":3,"conn_dist_median_ft":4386.689099215866,"total_crossings_mean":2.0,"clipped_area_frac":1.0,"clon":-79.97326,"clat":40.419031},"geometry":{"type":"Polygon","coordinates":[[[-79.97129635378235,40.42007028160298],[-79.97100555561077,40.41832591585182],[-79.97296947552114,40.41728666871317],[-79.97522423619836,40.41799171110892],[-79.9755151877185,40.419736056417364],[-79.97355122521553,40.42077537977535],[-79.97129635378235,40.42007028160298]]]}},{"type":"Feature","id":"892a8471533ffff","properties":{"cell_id":"892a8471533ffff","h3_res":9,"building_count":206,"poi_count_sum":1,"conn_dist_median_ft":4586.053176579296,"total_crossings_mean":2.0,"clipped_area_frac":1.0,"clon":-79.969042,"clat":40.419365},"geometry":{"type":"Polygon","coordinates":[[[-79.96707744800055,40.42040435581592],[-79.96678680318597,40.418659969634504],[-79.96875083568175,40.41762078775937],[-79.97100555561077,40.41832591585182],[-79.97129635378235,40.42007028160298],[-79.96933227867058,40.4211095396945],[-79.96707744800055,40.42040435581592]]]}},{"type":"Feature","id":"892a8471537ffff","properties":{"cell_id":"892a8471537ffff","h3_res":9,"building_count":110,"poi_count_sum":0,"conn_dist_median_ft":6523.810802794607,"total_crossings_mean":2.0,"clipped_area_frac":1.0,"clon":-79.966496,"clat":40.416916},"geometry":{"type":"Polygon","coordinates":[[[-79.9645321240313,40.41795475584723],[-79.9642415880946,40.41621041597715],[-79.9662055779651,40.41517131031356],[-79.96846014640025,40.41587646831108],[-79.96875083568175,40.41762078775937],[-79.96678680318597,40.418659969634504],[-79.9645321240313,40.41795475584723]]]}},{"type":"Feature","id":"892a84715afffff","properties":{"cell_id":"892a84715afffff","h3_res":9,"building_count":92,"poi_count_sum":0,"conn_dist_median_ft":3946.385480427278,"total_crossings_mean":2.0,"clipped_area_frac":1.0,"clon":-79.964823,"clat":40.419699},"geometry":{"type":"Polygon","coordinates":[[[-79.962858470417,40.4207382790475],[-79.96256797896784,40.418993872448276],[-79.9645321240313,40.41795475584723],[-79.96678680318597,40.418659969634504],[-79.96707744800055,40.42040435581592],[-79.96511326029771,40.421443548630435],[-79.962858470417,40.4207382790475]]]}},{"type":"Feature","id":"892a84715abffff","properties":{"cell_id":"892a84715abffff","h3_res":9,"building_count":160,"poi_count_sum":0,"conn_dist_median_ft":2477.3562759110564,"total_crossings_mean":2.0,"clipped_area_frac":1.0,"clon":-79.967368,"clat":40.422149},"geometry":{"type":"Polygon","coordinates":[[[-79.96540386063218,40.423188001539266],[-79.96511326029771,40.421443548630435],[-79.96707744800055,40.42040435581592],[-79.96933227867058,40.4211095396945],[-79.96962303238263,40.42285397217708],[-79.96765880204974,40.42389324120988],[-79.96540386063218,40.423188001539266]]]}},{"type":"Feature","id":"892a84715a3ffff","properties":{"cell_id":"892a84715a3ffff","h3_res":9,"building_count":102,"poi_count_sum":7,"conn_dist_median_ft":2933.0523739537657,"total_crossings_mean":1.9803921568627452,"clipped_area_frac":1.0,"clon":-79.963149,"clat":40.422483},"geometry":{"type":"Polygon","coordinates":[[[-79.96118461708932,40.423521879897045],[-79.96089417014089,40.42177740657441],[-79.962858470417,40.4207382790475],[-79.96511326029771,40.421443548630435],[-79.96540386063218,40.423188001539266],[-79.9634395177026,40.42422720528153],[-79.96118461708932,40.423521879897045]]]}},{"type":"Feature","id":"892a84715b7ffff","properties":{"cell_id":"892a84715b7ffff","h3_res":9,"building_count":8,"poi_count_sum":10,"conn_dist_median_ft":283.6319824335955,"total_crossings_mean":0.25,"clipped_area_frac":1.0,"clon":-79.95893,"clat":40.422817},"geometry":{"type":"Polygon","coordinates":[[[-79.95696530179801,40.423855607241734],[-79.95667500824399,40.422111113517765],[-79.95863942107566,40.42107205128902],[-79.96089417014089,40.42177740657441],[-79.96118461708932,40.423521879897045],[-79.95922016158082,40.4245610183382],[-79.95696530179801,40.423855607241734]]]}},{"type":"Feature","id":"892a84715a7ffff","properties":{"cell_id":"892a84715a7ffff","h3_res":9,"building_count":18,"poi_count_sum":0,"conn_dist_median_ft":2458.1800868928126,"total_crossings_mean":2.111111111111111,"clipped_area_frac":1.0,"clon":-79.960604,"clat":40.420033},"geometry":{"type":"Polygon","coordinates":[[[-79.95863942107566,40.42107205128902],[-79.95834908300031,40.41932762428446],[-79.96031334061368,40.41828857296806],[-79.96256797896784,40.418993872448276],[-79.962858470417,40.4207382790475],[-79.96089417014089,40.42177740657441],[-79.95863942107566,40.42107205128902]]]}},{"type":"Feature","id":"892a84702dbffff","properties":{"cell_id":"892a84702dbffff","h3_res":9,"building_count":6,"poi_count_sum":2,"conn_dist_median_ft":6091.751864650913,"total_crossings_mean":2.0,"clipped_area_frac":1.0,"clon":-79.962278,"clat":40.41725},"geometry":{"type":"Polygon","coordinates":[[[-79.96031334061368,40.41828857296806],[-79.96002295803022,40.416544212688635],[-79.96198706044498,40.41550517229621],[-79.9642415880946,40.41621041597715],[-79.9645321240313,40.41795475584723],[-79.96256797896784,40.418993872448276],[-79.96031334061368,40.41828857296806]]]}},{"type":"Feature","id":"892a84702cbffff","properties":{"cell_id":"892a84702cbffff","h3_res":9,"building_count":54,"poi_count_sum":0,"conn_dist_median_ft":7639.223305126947,"total_crossings_mean":2.0,"clipped_area_frac":1.0,"clon":-79.963951,"clat":40.414466},"geometry":{"type":"Polygon","coordinates":[[[-79.96198706044498,40.41550517229621],[-79.96169663336657,40.41376087874764],[-79.96366058060245,40.41272184929077],[-79.96591499755404,40.41342703717833],[-79.9662055779651,40.41517131031356],[-79.9642415880946,40.41621041597715],[-79.96198706044498,40.41550517229621]]]}},{"type":"Feature","id":"892a847028bffff","properties":{"cell_id":"892a847028bffff","h3_res":9,"building_count":2,"poi_count_sum":0,"conn_dist_median_ft":2529.9789245225074,"total_crossings_mean":4.0,"clipped_area_frac":1.0,"clon":-79.95297,"clat":40.412684},"geometry":{"type":"Polygon","coordinates":[[[-79.95100539538005,40.41372266415892],[-79.95071538380635,40.41197837616967],[-79.95267951337568,40.41093955345575],[-79.95493369721201,40.41164494253769],[-79.95522386212293,40.413389210147],[-79.95325968986297,40.4144281090569],[-79.95100539538005,40.41372266415892]]]}},{"type":"Feature","id":"892a8470283ffff","properties":{"cell_id":"892a8470283ffff","h3_res":9,"building_count":3,"poi_count_sum":3,"conn_dist_median_ft":2112.107446075834,"total_crossings_mean":2.0,"clipped_area_frac":0.9999999999999998,"clon":-79.948751,"clat":40.413017},"geometry":{"type":"Polygon","coordinates":[[[-79.94678685702694,40.41405596721518],[-79.94649699879888,40.4123116588584],[-79.94846124083023,40.411272901430856],[-79.95071538380635,40.41197837616967],[-79.95100539538005,40.41372266415892],[-79.94904111063467,40.414761497779494],[-79.94678685702694,40.41405596721518]]]}},{"type":"Feature","id":"892a847029bffff","properties":{"cell_id":"892a847029bffff","h3_res":9,"building_count":2,"poi_count_sum":0,"conn_dist_median_ft":4216.947582450373,"total_crossings_mean":3.0,"clipped_area_frac":1.0,"clon":-79.951295,"clat":40.415467},"geometry":{"type":"Polygon","coordinates":[[[-79.94933107766481,40.41650585249333],[-79.94904111063467,40.414761497779494],[-79.95100539538005,40.41372266415892],[-79.95325968986297,40.4144281090569],[-79.95354981025093,40.41617244339477],[-79.95158548280084,40.41721135321322],[-79.94933107766481,40.41650585249333]]]}},{"type":"Feature","id":"892a8470293ffff","properties":{"cell_id":"892a8470293ffff","h3_res":9,"building_count":22,"poi_count_sum":4,"conn_dist_median_ft":348.0253166956518,"total_crossings_mean":0.3181818181818182,"clipped_area_frac":1.0,"clon":-79.947077,"clat":40.4158},"geometry":{"type":"Polygon","coordinates":[[[-79.94511227347785,40.416839110613196],[-79.94482245981392,40.415094735535845],[-79.94678685702694,40.41405596721518],[-79.94904111063467,40.414761497779494],[-79.94933107766481,40.41650585249333],[-79.94736663772369,40.41754469700894],[-79.94511227347785,40.416839110613196]]]}},{"type":"Feature","id":"892a847066fffff","properties":{"cell_id":"892a847066fffff","h3_res":9,"building_count":7,"poi_count_sum":22,"conn_dist_median_ft":5093.8554292296285,"total_crossings_mean":5.0,"clipped_area_frac":1.0,"clon":-79.95384,"clat":40.417917},"geometry":{"type":"Polygon","coordinates":[[[-79.95187555865266,40.41895575427394],[-79.95158548280084,40.41721135321322],[-79.95354981025093,40.41617244339477],[-79.955804256251,40.41687785843689],[-79.95609448547283,40.4186222391132],[-79.9541301153273,40.41966122513437],[-79.95187555865266,40.41895575427394]]]}},{"type":"Feature","id":"892a84702d7ffff","properties":{"cell_id":"892a84702d7ffff","h3_res":9,"building_count":1,"poi_count_sum":0,"conn_dist_median_ft":5657.249133926665,"total_crossings_mean":5.0,"clipped_area_frac":1.0,"clon":-79.955514,"clat":40.415134},"geometry":{"type":"Polygon","coordinates":[[[-79.95354981025093,40.41617244339477],[-79.95325968986297,40.4144281090569],[-79.95522386212293,40.413389210147],[-79.9574781974549,40.414094569376715],[-79.95776847119231,40.41583888332616],[-79.955804256251,40.41687785843689],[-79.95354981025093,40.41617244339477]]]}},{"type":"Feature","id":"892a84702d3ffff","properties":{"cell_id":"892a84702d3ffff","h3_res":9,"building_count":1,"poi_count_sum":0,"conn_dist_median_ft":6790.564057415916,"total_crossings_mean":2.0,"clipped_area_frac":1.0,"clon":-79.958059,"clat":40.417583},"geometry":{"type":"Polygon","coordinates":[[[-79.95609448547283,40.4186222391132],[-79.955804256251,40.41687785843689],[-79.95776847119231,40.41583888332616],[-79.96002295803022,40.416544212688635],[-79.96031334061368,40.41828857296806],[-79.95834908300031,40.41932762428446],[-79.95609448547283,40.4186222391132]]]}},{"type":"Feature","id":"892a847066bffff","properties":{"cell_id":"892a847066bffff","h3_res":9,"building_count":4,"poi_count_sum":4,"conn_dist_median_ft":4256.133352853412,"total_crossings_mean":4.75,"clipped_area_frac":1.0,"clon":-79.956385,"clat":40.420367},"geometry":{"type":"Polygon","coordinates":[[[-79.95442030002042,40.421405672531804],[-79.9541301153273,40.41966122513437],[-79.95609448547283,40.4186222391132],[-79.95834908300031,40.41932762428446],[-79.95863942107566,40.42107205128902],[-79.95667500824399,40.422111113517765],[-79.95442030002042,40.421405672531804]]]}},{"type":"Feature","id":"892a8470663ffff","properties":{"cell_id":"892a8470663ffff","h3_res":9,"building_count":1,"poi_count_sum":1,"conn_dist_median_ft":3439.7382148315023,"total_crossings_mean":0.0,"clipped_area_frac":1.0,"clon":-79.952166,"clat":40.4207},"geometry":{"type":"Polygon","coordinates":[[[-79.95020110729523,40.42173914276719],[-79.94991107599273,40.419994674989326],[-79.95187555865266,40.41895575427394],[-79.9541301153273,40.41966122513437],[-79.95442030002042,40.421405672531804],[-79.95245577465096,40.42244466945182],[-79.95020110729523,40.42173914276719]]]}},{"type":"Feature","id":"892a8470677ffff","properties":{"cell_id":"892a8470677ffff","h3_res":9,"building_count":40,"poi_count_sum":0,"conn_dist_median_ft":3063.4691632637864,"total_crossings_mean":2.3,"clipped_area_frac":0.9999999999999996,"clon":-79.947947,"clat":40.421034},"geometry":{"type":"Polygon","coordinates":[[[-79.945981842944,40.422072461986474],[-79.94569196504052,40.42032797384066],[-79.94765656019709,40.419289118441625],[-79.94991107599273,40.419994674989326],[-79.95020110729523,40.42173914276719],[-79.94823646940576,40.42277807436789],[-79.945981842944,40.422072461986474]]]}},{"type":"Feature","id":"892a8470667ffff","properties":{"cell_id":"892a8470667ffff","h3_res":9,"building_count":3,"poi_count_sum":0,"conn_dist_median_ft":1255.1273106588299,"total_crossings_mean":0.0,"clipped_area_frac":1.0,"clon":-79.949621,"clat":40.41825},"geometry":{"type":"Polygon","coordinates":[[[-79.94765656019709,40.419289118441625],[-79.94736663772369,40.41754469700894],[-79.94933107766481,40.41650585249333],[-79.95158548280084,40.41721135321322],[-79.95187555865266,40.41895575427394],[-79.94991107599273,40.419994674989326],[-79.94765656019709,40.419289118441625]]]}},{"type":"Feature","id":"892a847062fffff","properties":{"cell_id":"892a847062fffff","h3_res":9,"building_count":60,"poi_count_sum":0,"conn_dist_median_ft":4294.404279108929,"total_crossings_mean":6.4,"clipped_area_frac":1.0,"clon":-79.942858,"clat":40.416133},"geometry":{"type":"Polygon","coordinates":[[[-79.94089339773394,40.41717221774567],[-79.94060373744462,40.41542782231728],[-79.94256824710753,40.41438911930706],[-79.94482245981392,40.415094735535845],[-79.94511227347785,40.416839110613196],[-79.94314772106347,40.41787788981538],[-79.94089339773394,40.41717221774567]]]}},{"type":"Feature","id":"892a8470623ffff","properties":{"cell_id":"892a8470623ffff","h3_res":9,"building_count":152,"poi_count_sum":1,"conn_dist_median_ft":4218.513025663302,"total_crossings_mean":3.1973684210526314,"clipped_area_frac":1.0,"clon":-79.941183,"clat":40.418917},"geometry":{"type":"Polygon","coordinates":[[[-79.93921834855547,40.419955393763125],[-79.93892873286408,40.41821093162389],[-79.94089339773394,40.41717221774567],[-79.94314772106347,40.41787788981538],[-79.94343749015006,40.41962233160757],[-79.94147278251462,40.42066112167968],[-79.93921834855547,40.419955393763125]]]}},{"type":"Feature","id":"892a847062bffff","properties":{"cell_id":"892a847062bffff","h3_res":9,"building_count":56,"poi_count_sum":1,"conn_dist_median_ft":4357.7098661217115,"total_crossings_mean":1.9642857142857142,"clipped_area_frac":0.9999999999999998,"clon":-79.945402,"clat":40.418584},"geometry":{"type":"Polygon","coordinates":[[[-79.94343749015006,40.41962233160757],[-79.94314772106347,40.41787788981538],[-79.94511227347785,40.416839110613196],[-79.94736663772369,40.41754469700894],[-79.94765656019709,40.419289118441625],[-79.94569196504052,40.42032797384066],[-79.94343749015006,40.41962233160757]]]}},{"type":"Feature","id":"892a847063bffff","properties":{"cell_id":"892a847063bffff","h3_res":9,"building_count":219,"poi_count_sum":2,"conn_dist_median_ft":4100.30218448469,"total_crossings_mean":5.762557077625571,"clipped_area_frac":1.0,"clon":-79.943727,"clat":40.421367},"geometry":{"type":"Polygon","coordinates":[[[-79.94176250701071,40.422405630181],[-79.94147278251462,40.42066112167968],[-79.94343749015006,40.41962233160757],[-79.94569196504052,40.42032797384066],[-79.945981842944,40.422072461986474],[-79.94401709255229,40.42311132825729],[-79.94176250701071,40.422405630181]]]}},{"type":"Feature","id":"892a847060fffff","properties":{"cell_id":"892a847060fffff","h3_res":9,"building_count":163,"poi_count_sum":1,"conn_dist_median_ft":3031.2354936515417,"total_crossings_mean":5.2392638036809815,"clipped_area_frac":0.9999999999999998,"clon":-79.946272,"clat":40.423817},"geometry":{"type":"Polygon","coordinates":[[[-79.94430692587264,40.42485588311054],[-79.94401709255229,40.42311132825729],[-79.945981842944,40.422072461986474],[-79.94823646940576,40.42277807436789],[-79.94852645614574,40.42452260885716],[-79.94656166300702,40.42556155133156],[-79.94430692587264,40.42485588311054]]]}},{"type":"Feature","id":"892a8470607ffff","properties":{"cell_id":"892a8470607ffff","h3_res":9,"building_count":260,"poi_count_sum":9,"conn_dist_median_ft":3346.719904873411,"total_crossings_mean":8.273076923076923,"clipped_area_frac":1.0,"clon":-79.942052,"clat":40.42415},"geometry":{"type":"Polygon","coordinates":[[[-79.94008732402686,40.42518900631611],[-79.93979764413453,40.42344443111138],[-79.94176250701071,40.422405630181],[-79.94401709255229,40.42311132825729],[-79.94430692587264,40.42485588311054],[-79.94234202022609,40.42589476024154],[-79.94008732402686,40.42518900631611]]]}},{"type":"Feature","id":"892a8470633ffff","properties":{"cell_id":"892a8470633ffff","h3_res":9,"building_count":181,"poi_count_sum":0,"conn_dist_median_ft":4071.719193711503,"total_crossings_mean":3.9668508287292816,"clipped_area_frac":1.0,"clon":-79.939508,"clat":40.4217},"geometry":{"type":"Polygon","coordinates":[[[-79.93754309953924,40.42273864734211],[-79.93725352845897,40.420994118497745],[-79.93921834855547,40.419955393763125],[-79.94147278251462,40.42066112167968],[-79.94176250701071,40.422405630181],[-79.93979764413453,40.42344443111138],[-79.93754309953924,40.42273864734211]]]}},{"type":"Feature","id":"892a8470637ffff","properties":{"cell_id":"892a8470637ffff","h3_res":9,"building_count":166,"poi_count_sum":0,"conn_dist_median_ft":3173.4946259775684,"total_crossings_mean":1.7951807228915662,"clipped_area_frac":0.9999999999999998,"clon":-79.936964,"clat":40.41925},"geometry":{"type":"Polygon","coordinates":[[[-79.9349991354573,40.42028830489963],[-79.93470967316948,40.41854382242582],[-79.93667445047707,40.41750517388211],[-79.93892873286408,40.41821093162389],[-79.93921834855547,40.419955393763125],[-79.93725352845897,40.420994118497745],[-79.9349991354573,40.42028830489963]]]}},{"type":"Feature","id":"892a84706afffff","properties":{"cell_id":"892a84706afffff","h3_res":9,"building_count":192,"poi_count_sum":1,"conn_dist_median_ft":2428.252722680805,"total_crossings_mean":0.6197916666666666,"clipped_area_frac":0.9999999999999998,"clon":-79.935289,"clat":40.422033},"geometry":{"type":"Polygon","coordinates":[[[-79.93332362057359,40.42307151346114],[-79.9330342029175,40.421326964286195],[-79.9349991354573,40.42028830489963],[-79.93725352845897,40.420994118497745],[-79.93754309953924,40.42273864734211],[-79.93557812419638,40.4237773829215],[-79.93332362057359,40.42307151346114]]]}},{"type":"Feature","id":"892a84700dbffff","properties":{"cell_id":"892a84700dbffff","h3_res":9,"building_count":164,"poi_count_sum":5,"conn_dist_median_ft":1925.251787911369,"total_crossings_mean":1.9695121951219512,"clipped_area_frac":1.0,"clon":-79.932745,"clat":40.419582},"geometry":{"type":"Polygon","coordinates":[[[-79.93077985089948,40.42062106500842],[-79.93049054202362,40.41887656221249],[-79.93245543175112,40.41783797901387],[-79.93470967316948,40.41854382242582],[-79.9349991354573,40.42028830489963],[-79.9330342029175,40.421326964286195],[-79.93077985089948,40.42062106500842]]]}},{"type":"Feature","id":"892a8470627ffff","properties":{"cell_id":"892a8470627ffff","h3_res":9,"building_count":89,"poi_count_sum":0,"conn_dist_median_ft":3298.4108222549185,"total_crossings_mean":6.651685393258427,"clipped_area_frac":1.0,"clon":-79.938639,"clat":40.416467},"geometry":{"type":"Polygon","coordinates":[[[-79.93667445047707,40.41750517388211],[-79.93638494357072,40.41576075811514],[-79.93834956566575,40.41472212042595],[-79.94060373744462,40.41542782231728],[-79.94089339773394,40.41717221774567],[-79.93892873286408,40.41821093162389],[-79.93667445047707,40.41750517388211]]]}},{"type":"Feature","id":"892a84700cbffff","properties":{"cell_id":"892a84700cbffff","h3_res":9,"building_count":51,"poi_count_sum":0,"conn_dist_median_ft":3492.1910852208985,"total_crossings_mean":2.0,"clipped_area_frac":1.0,"clon":-79.93442,"clat":40.416799},"geometry":{"type":"Polygon","coordinates":[[[-79.93245543175112,40.41783797901387],[-79.93216607823614,40.416093542920784],[-79.9341308127455,40.415054970563155],[-79.93638494357072,40.41576075811514],[-79.93667445047707,40.41750517388211],[-79.93470967316948,40.41854382242582],[-79.93245543175112,40.41783797901387]]]}},{"type":"Feature","id":"892a8470053ffff","properties":{"cell_id":"892a8470053ffff","h3_res":9,"building_count":38,"poi_count_sum":0,"conn_dist_median_ft":3780.636113649814,"total_crossings_mean":0.5,"clipped_area_frac":1.0,"clon":-79.936095,"clat":40.414016},"geometry":{"type":"Polygon","coordinates":[[[-79.9341308127455,40.415054970563155],[-79.93384141460461,40.413310601178594],[-79.93580599391551,40.41227203967358],[-79.93806001415408,40.41297777137153],[-79.93834956566575,40.41472212042595],[-79.93638494357072,40.41576075811514],[-79.9341308127455,40.415054970563155]]]}},{"type":"Feature","id":"892a847005bffff","properties":{"cell_id":"892a847005bffff","h3_res":9,"building_count":47,"poi_count_sum":1,"conn_dist_median_ft":2044.8525242701417,"total_crossings_mean":5.9787234042553195,"clipped_area_frac":1.0,"clon":-79.940314,"clat":40.413683},"geometry":{"type":"Polygon","coordinates":[[[-79.93834956566575,40.41472212042595],[-79.93806001415408,40.41297777137153],[-79.94002448105623,40.411939144548455],[-79.94227854223347,40.41264479059524],[-79.94256824710753,40.41438911930706],[-79.94060373744462,40.41542782231728],[-79.93834956566575,40.41472212042595]]]}},{"type":"Feature","id":"892a8470297ffff","properties":{"cell_id":"892a8470297ffff","h3_res":9,"building_count":65,"poi_count_sum":5,"conn_dist_median_ft":560.9543568335563,"total_crossings_mean":0.0,"clipped_area_frac":0.9999999999999998,"clon":-79.944533,"clat":40.41335},"geometry":{"type":"Polygon","coordinates":[[[-79.94256824710753,40.41438911930706],[-79.94227854223347,40.41264479059524],[-79.94424289670911,40.41160609846466],[-79.94649699879888,40.4123116588584],[-79.94678685702694,40.41405596721518],[-79.94482245981392,40.415094735535845],[-79.94256824710753,40.41438911930706]]]}},{"type":"Feature","id":"892a847004bffff","properties":{"cell_id":"892a847004bffff","h3_res":9,"building_count":144,"poi_count_sum":13,"conn_dist_median_ft":929.9886446857685,"total_crossings_mean":0.75,"clipped_area_frac":1.0,"clon":-79.941989,"clat":40.4109},"geometry":{"type":"Polygon","coordinates":[[[-79.94002448105623,40.411939144548455],[-79.93973488495244,40.4101948622123],[-79.94169919668141,40.40915624626695],[-79.94395314726351,40.4098618364751],[-79.94424289670911,40.41160609846466],[-79.94227854223347,40.41264479059524],[-79.94002448105623,40.411939144548455]]]}},{"type":"Feature","id":"892a8470043ffff","properties":{"cell_id":"892a8470043ffff","h3_res":9,"building_count":48,"poi_count_sum":0,"conn_dist_median_ft":2150.887560641011,"total_crossings_mean":0.10416666666666667,"clipped_area_frac":1.0,"clon":-79.93777,"clat":40.411233},"geometry":{"type":"Polygon","coordinates":[[[-79.93580599391551,40.41227203967358],[-79.9355165511619,40.410527737003285],[-79.93748097529401,40.409489186362514],[-79.93973488495244,40.4101948622123],[-79.94002448105623,40.411939144548455],[-79.93806001415408,40.41297777137153],[-79.93580599391551,40.41227203967358]]]}},{"type":"Feature","id":"892a8470057ffff","properties":{"cell_id":"892a8470057ffff","h3_res":9,"building_count":8,"poi_count_sum":0,"conn_dist_median_ft":5187.9142636497345,"total_crossings_mean":0.0,"clipped_area_frac":1.0,"clon":-79.933552,"clat":40.411566},"geometry":{"type":"Polygon","coordinates":[[[-79.93158743533084,40.412604783831405],[-79.9312981459358,40.41086046083945],[-79.9332626824533,40.40982197551377],[-79.9355165511619,40.410527737003285],[-79.93580599391551,40.41227203967358],[-79.93384141460461,40.413310601178594],[-79.93158743533084,40.412604783831405]]]}},{"type":"Feature","id":"892a847004fffff","properties":{"cell_id":"892a847004fffff","h3_res":9,"building_count":172,"poi_count_sum":1,"conn_dist_median_ft":1344.0486817655642,"total_crossings_mean":0.0,"clipped_area_frac":1.0,"clon":-79.939445,"clat":40.408451},"geometry":{"type":"Polygon","coordinates":[[[-79.93748097529401,40.409489186362514],[-79.93719148794091,40.4077449504122],[-79.93915575691393,40.40670641064726],[-79.9414095559987,40.407412030654804],[-79.94169919668141,40.40915624626695],[-79.93973488495244,40.4101948622123],[-79.93748097529401,40.409489186362514]]]}},{"type":"Feature","id":"892a84702b3ffff","properties":{"cell_id":"892a84702b3ffff","h3_res":9,"building_count":76,"poi_count_sum":40,"conn_dist_median_ft":541.1053669881294,"total_crossings_mean":0.2894736842105263,"clipped_area_frac":1.0,"clon":-79.943663,"clat":40.408118},"geometry":{"type":"Polygon","coordinates":[[[-79.94169919668141,40.40915624626695],[-79.9414095559987,40.407412030654804],[-79.94337371257417,40.406373425598815],[-79.94562755256764,40.40707895997421],[-79.94591734657159,40.40882315523576],[-79.94395314726351,40.4098618364751],[-79.94169919668141,40.40915624626695]]]}},{"type":"Feature","id":"892a84702bbffff","properties":{"cell_id":"892a84702bbffff","h3_res":9,"building_count":82,"poi_count_sum":0,"conn_dist_median_ft":1189.3496481035136,"total_crossings_mean":2.0,"clipped_area_frac":1.0,"clon":-79.947881,"clat":40.407784},"geometry":{"type":"Polygon","coordinates":[[[-79.94591734657159,40.40882315523576],[-79.94562755256764,40.40707895997421],[-79.9475915967278,40.40604028963774],[-79.9498454776038,40.406745738379094],[-79.95013542492059,40.408489913277606],[-79.94817133805121,40.40952865980037],[-79.94591734657159,40.40882315523576]]]}},{"type":"Feature","id":"892a8470287ffff","properties":{"cell_id":"892a8470287ffff","h3_res":9,"building_count":7,"poi_count_sum":1,"conn_dist_median_ft":138.55744547086624,"total_crossings_mean":0.2857142857142857,"clipped_area_frac":1.0,"clon":-79.946207,"clat":40.410567},"geometry":{"type":"Polygon","coordinates":[[[-79.94424289670911,40.41160609846466],[-79.94395314726351,40.4098618364751],[-79.94591734657159,40.40882315523576],[-79.94817133805121,40.40952865980037],[-79.94846124083023,40.411272901430856],[-79.94649699879888,40.4123116588584],[-79.94424289670911,40.41160609846466]]]}},{"type":"Feature","id":"892a84702c7ffff","properties":{"cell_id":"892a84702c7ffff","h3_res":9,"building_count":11,"poi_count_sum":6,"conn_dist_median_ft":365.97949386795733,"total_crossings_mean":0.36363636363636365,"clipped_area_frac":0.9999918302263283,"clon":-79.957188,"clat":40.41235},"geometry":{"type":"Polygon","coordinates":[[[-79.95915193897194,40.41131135797118],[-79.9594422572117,40.41305560518805],[-79.9574781974549,40.414094569376715],[-79.95522386212293,40.413389210147],[-79.95493369721201,40.41164494253769],[-79.95688125284853,40.4106147620108],[-79.95691096491046,40.41061020040794],[-79.95915193897194,40.41131135797118]]]}},{"type":"Feature","id":"892a847021bffff","properties":{"cell_id":"892a847021bffff","h3_res":9,"building_count":16,"poi_count_sum":0,"conn_dist_median_ft":342.05702799826673,"total_crossings_mean":0.0,"clipped_area_frac":0.7635775355613312,"clon":-79.958862,"clat":40.409567},"geometry":{"type":"MultiPolygon","coordinates":[[[[-79.96111584356392,40.41027240471618],[-79.95915193897194,40.41131135797118],[-79.95691096491046,40.41061020040794],[-79.957264,40.410556],[-79.957811,40.410337],[-79.957894,40.410273],[-79.958162,40.410068],[-79.958292,40.409969],[-79.958523,40.409911],[-79.958773,40.409848],[-79.959055,40.409778],[-79.959397,40.409756],[-79.959438,40.409754],[-79.95949,40.409751],[-79.959574,40.409825],[-79.959693,40.409906],[-79.959868,40.409918],[-79.959923,40.409917],[-79.960142,40.409915],[-79.960549,40.409822],[-79.96082,40.409806],[-79.96103610308546,40.40979341147075],[-79.96111584356392,40.41027240471618]]],[[[-79.95660750488085,40.40886185367294],[-79.95857136681961,40.40782297661497],[-79.96022206401457,40.408339432421755],[-79.960136,40.408628],[-79.960098,40.408755],[-79.959951,40.40875],[-79.959311,40.408727],[-79.959313,40.408755],[-79.959292,40.409057],[-79.959104,40.40906],[-79.95907,40.409061],[-79.959067,40.409138],[-79.959048,40.40974],[-79.95872,40.409824],[-79.958056,40.409987],[-79.95684383447049,40.41028222891797],[-79.95660750488085,40.40886185367294]]]]}},{"type":"Feature","id":"892a8470213ffff","properties":{"cell_id":"892a8470213ffff","h3_res":9,"building_count":3,"poi_count_sum":0,"conn_dist_median_ft":77.15147011644171,"total_crossings_mean":0.0,"clipped_area_frac":0.3534455108151177,"clon":-79.954644,"clat":40.409901},"geometry":{"type":"MultiPolygon","coordinates":[[[[-79.95493369721201,40.41164494253769],[-79.95267951337568,40.41093955345575],[-79.95238945727162,40.40919533219677],[-79.95265135895642,40.40905680363057],[-79.952836,40.410033],[-79.952955,40.410659],[-79.95404,40.410603],[-79.954526,40.410576],[-79.954666,40.410569],[-79.955098,40.410546],[-79.955328,40.410535],[-79.95539,40.410532],[-79.955668,40.410521],[-79.955706,40.410512],[-79.955858,40.410479],[-79.955877,40.410477],[-79.955937,40.410471],[-79.955976,40.410467],[-79.956076,40.410511],[-79.956175,40.410557],[-79.956271,40.410596],[-79.956366,40.410631],[-79.95666,40.410632],[-79.956728,40.410631],[-79.956782,40.41063],[-79.95688125284853,40.4106147620108],[-79.95493369721201,40.41164494253769]]],[[[-79.95660750488085,40.40886185367294],[-79.95684383447049,40.41028222891797],[-79.956582,40.410346],[-79.956131,40.410309],[-79.956135,40.410282],[-79.956203,40.409432],[-79.956112,40.409116],[-79.95631864353606,40.40877146463067],[-79.95660750488085,40.40886185367294]]]]}},{"type":"Feature","id":"892a84702a3ffff","properties":{"cell_id":"892a84702a3ffff","h3_res":9,"building_count":156,"poi_count_sum":7,"conn_dist_median_ft":1323.291551890225,"total_crossings_mean":1.8717948717948718,"clipped_area_frac":1.0,"clon":-79.945338,"clat":40.405335},"geometry":{"type":"Polygon","coordinates":[[[-79.94337371257417,40.406373425598815],[-79.94308402732572,40.404629276716356],[-79.94504802876737,40.403590682561344],[-79.9473017581787,40.40429616110989],[-79.9475915967278,40.40604028963774],[-79.94562755256764,40.40707895997421],[-79.94337371257417,40.406373425598815]]]}},{"type":"Feature","id":"892a84702b7ffff","properties":{"cell_id":"892a84702b7ffff","h3_res":9,"building_count":278,"poi_count_sum":9,"conn_dist_median_ft":730.3511433215467,"total_crossings_mean":0.0,"clipped_area_frac":1.0,"clon":-79.94112,"clat":40.405668},"geometry":{"type":"Polygon","coordinates":[[[-79.93915575691393,40.40670641064726],[-79.93886622497449,40.404962241422666],[-79.94083033880811,40.40392371254517],[-79.94308402732572,40.404629276716356],[-79.94337371257417,40.406373425598815],[-79.9414095559987,40.407412030654804],[-79.93915575691393,40.40670641064726]]]}},{"type":"Feature","id":"892a847007bffff","properties":{"cell_id":"892a847007bffff","h3_res":9,"building_count":130,"poi_count_sum":2,"conn_dist_median_ft":1705.5056295621844,"total_crossings_mean":0.0,"clipped_area_frac":1.0,"clon":-79.936902,"clat":40.406001},"geometry":{"type":"Polygon","coordinates":[[[-79.93493772979096,40.40703924477444],[-79.93464835116893,40.405295055220144],[-79.93661257737674,40.40425659163074],[-79.93886622497449,40.404962241422666],[-79.93915575691393,40.40670641064726],[-79.93719148794091,40.4077449504122],[-79.93493772979096,40.40703924477444]]]}},{"type":"Feature","id":"892a8470073ffff","properties":{"cell_id":"892a8470073ffff","h3_res":9,"building_count":31,"poi_count_sum":1,"conn_dist_median_ft":3404.7521485372486,"total_crossings_mean":0.0,"clipped_area_frac":1.0,"clon":-79.932684,"clat":40.406334},"geometry":{"type":"Polygon","coordinates":[[[-79.9307196312492,40.40737192797166],[-79.93043040595292,40.40562771810014],[-79.93239474451715,40.40458931980938],[-79.93464835116893,40.405295055220144],[-79.93493772979096,40.40703924477444],[-79.93297334843817,40.40807771923778],[-79.9307196312492,40.40737192797166]]]}},{"type":"Feature","id":"892a8470063ffff","properties":{"cell_id":"892a8470063ffff","h3_res":9,"building_count":9,"poi_count_sum":0,"conn_dist_median_ft":1460.6072443849866,"total_crossings_mean":0.0,"clipped_area_frac":1.0,"clon":-79.934359,"clat":40.403551},"geometry":{"type":"Polygon","coordinates":[[[-79.93239474451715,40.40458931980938],[-79.93210547460659,40.402845176661266],[-79.93406965803993,40.40180678924256],[-79.93632315416099,40.40251246880386],[-79.93661257737674,40.40425659163074],[-79.93464835116893,40.405295055220144],[-79.93239474451715,40.40458931980938]]]}},{"type":"Feature","id":"892a847000fffff","properties":{"cell_id":"892a847000fffff","h3_res":9,"building_count":22,"poi_count_sum":2,"conn_dist_median_ft":4621.43032097059,"total_crossings_mean":0.0,"clipped_area_frac":1.0,"clon":-79.928466,"clat":40.406666},"geometry":{"type":"Polygon","coordinates":[[[-79.92650146133252,40.407704460230335],[-79.92621238937039,40.40596023005403],[-79.92817684027328,40.40492189707245],[-79.93043040595292,40.40562771810014],[-79.9307196312492,40.40737192797166],[-79.92875513753438,40.40841033712287],[-79.92650146133252,40.407704460230335]]]}},{"type":"Feature","id":"892a847008fffff","properties":{"cell_id":"892a847008fffff","h3_res":9,"building_count":25,"poi_count_sum":7,"conn_dist_median_ft":2347.246962681128,"total_crossings_mean":0.0,"clipped_area_frac":1.0,"clon":-79.920896,"clat":40.412564},"geometry":{"type":"Polygon","coordinates":[[[-79.91893133135254,40.41360211041463],[-79.9186425020834,40.41185772653239],[-79.92060737565032,40.41081943721533],[-79.92286112135262,40.41152545561263],[-79.92315010400543,40.413269819210576],[-79.92118518757499,40.41430818469808],[-79.91893133135254,40.41360211041463]]]}},{"type":"Feature","id":"892a8470017ffff","properties":{"cell_id":"892a8470017ffff","h3_res":9,"building_count":1,"poi_count_sum":0,"conn_dist_median_ft":1991.2550176947302,"total_crossings_mean":0.0,"clipped_area_frac":0.9999999999999998,"clon":-79.922572,"clat":40.409781},"geometry":{"type":"Polygon","coordinates":[[[-79.92060737565032,40.41081943721533],[-79.92031850169933,40.40907512003703],[-79.92228322008485,40.40803684154178],[-79.92453685527346,40.408742804058825],[-79.92482588258754,40.41048710094882],[-79.92286112135262,40.41152545561263],[-79.92060737565032,40.41081943721533]]]}},{"type":"Feature","id":"892a8470003ffff","properties":{"cell_id":"892a8470003ffff","h3_res":9,"building_count":3,"poi_count_sum":1,"conn_dist_median_ft":3825.589930877032,"total_crossings_mean":0.0,"clipped_area_frac":1.0,"clon":-79.926791,"clat":40.409449},"geometry":{"type":"Polygon","coordinates":[[[-79.92482588258754,40.41048710094882],[-79.92453685527346,40.408742804058825],[-79.92650146133252,40.407704460230335],[-79.92875513753438,40.40841033712287],[-79.92904431820317,40.410154613712095],[-79.92707966931808,40.41119303371212],[-79.92482588258754,40.41048710094882]]]}},{"type":"Feature","id":"892a847000bffff","properties":{"cell_id":"892a847000bffff","h3_res":9,"building_count":2,"poi_count_sum":2,"conn_dist_median_ft":5787.568142122147,"total_crossings_mean":0.0,"clipped_area_frac":1.0,"clon":-79.931009,"clat":40.409116},"geometry":{"type":"Polygon","coordinates":[[[-79.92904431820317,40.410154613712095],[-79.92875513753438,40.40841033712287],[-79.9307196312492,40.40737192797166],[-79.93297334843817,40.40807771923778],[-79.9332626824533,40.40982197551377],[-79.9312981459358,40.41086046083945],[-79.92904431820317,40.410154613712095]]]}},{"type":"Feature","id":"892a847001bffff","properties":{"cell_id":"892a847001bffff","h3_res":9,"building_count":2,"poi_count_sum":0,"conn_dist_median_ft":4473.48453284797,"total_crossings_mean":0.0,"clipped_area_frac":1.0,"clon":-79.929334,"clat":40.411899},"geometry":{"type":"Polygon","coordinates":[[[-79.92736880534616,40.41293737701331],[-79.92707966931808,40.41119303371212],[-79.92904431820317,40.410154613712095],[-79.9312981459358,40.41086046083945],[-79.93158743533084,40.412604783831405],[-79.92962274362898,40.41364328000782],[-79.92736880534616,40.41293737701331]]]}},{"type":"Feature","id":"892a84700cfffff","properties":{"cell_id":"892a84700cfffff","h3_res":9,"building_count":20,"poi_count_sum":0,"conn_dist_median_ft":3922.7644699081948,"total_crossings_mean":0.6,"clipped_area_frac":1.0,"clon":-79.931877,"clat":40.414349},"geometry":{"type":"Polygon","coordinates":[[[-79.92991198839071,40.41538766971005],[-79.92962274362898,40.41364328000782],[-79.93158743533084,40.412604783831405],[-79.93384141460461,40.413310601178594],[-79.9341308127455,40.415054970563155],[-79.93216607823614,40.416093542920784],[-79.92991198839071,40.41538766971005]]]}},{"type":"Feature","id":"892a84700c7ffff","properties":{"cell_id":"892a84700c7ffff","h3_res":9,"building_count":1,"poi_count_sum":0,"conn_dist_median_ft":4490.259181740949,"total_crossings_mean":0.0,"clipped_area_frac":1.0,"clon":-79.927658,"clat":40.414682},"geometry":{"type":"Polygon","coordinates":[[[-79.92569309264536,40.41572021785795],[-79.92540400127113,40.413975807850534],[-79.92736880534616,40.41293737701331],[-79.92962274362898,40.41364328000782],[-79.92991198839071,40.41538766971005],[-79.92794714148481,40.41642617672553],[-79.92569309264536,40.41572021785795]]]}},{"type":"Feature","id":"892a8470013ffff","properties":{"cell_id":"892a8470013ffff","h3_res":9,"building_count":1,"poi_count_sum":0,"conn_dist_median_ft":2342.6033932635123,"total_crossings_mean":0.0,"clipped_area_frac":1.0,"clon":-79.925115,"clat":40.412231},"geometry":{"type":"Polygon","coordinates":[[[-79.92315010400543,40.413269819210576],[-79.92286112135262,40.41152545561263],[-79.92482588258754,40.41048710094882],[-79.92707966931808,40.41119303371212],[-79.92736880534616,40.41293737701331],[-79.92540400127113,40.413975807850534],[-79.92315010400543,40.413269819210576]]]}},{"type":"Feature","id":"892a847008bffff","properties":{"cell_id":"892a847008bffff","h3_res":9,"building_count":22,"poi_count_sum":16,"conn_dist_median_ft":480.1491197738991,"total_crossings_mean":0.0,"clipped_area_frac":1.0,"clon":-79.923439,"clat":40.415014},"geometry":{"type":"Polygon","coordinates":[[[-79.92147412555335,40.416052614998264],[-79.92118518757499,40.41430818469808],[-79.92315010400543,40.413269819210576],[-79.92540400127113,40.413975807850534],[-79.92569309264536,40.41572021785795],[-79.92372813336068,40.41675865952077],[-79.92147412555335,40.416052614998264]]]}},{"type":"Feature","id":"892a847009bffff","properties":{"cell_id":"892a847009bffff","h3_res":9,"building_count":58,"poi_count_sum":0,"conn_dist_median_ft":1579.1620305496153,"total_crossings_mean":0.0,"clipped_area_frac":1.0,"clon":-79.921763,"clat":40.417797},"geometry":{"type":"Polygon","coordinates":[[[-79.91979794719836,40.41883548829454],[-79.91950905390769,40.41709099129783],[-79.92147412555335,40.416052614998264],[-79.92372813336068,40.41675865952077],[-79.9240171800678,40.41850313622872],[-79.92205206555383,40.4195415887055],[-79.91979794719836,40.41883548829454]]]}},{"type":"Feature","id":"892a84700d7ffff","properties":{"cell_id":"892a84700d7ffff","h3_res":9,"building_count":18,"poi_count_sum":6,"conn_dist_median_ft":1053.695727370371,"total_crossings_mean":0.0,"clipped_area_frac":1.0,"clon":-79.925982,"clat":40.417465},"geometry":{"type":"Polygon","coordinates":[[[-79.9240171800678,40.41850313622872],[-79.92372813336068,40.41675865952077],[-79.92569309264536,40.41572021785795],[-79.92794714148481,40.41642617672553],[-79.92823634160005,40.418170633132306],[-79.92627133947042,40.41920915097526],[-79.9240171800678,40.41850313622872]]]}},{"type":"Feature","id":"892a84700c3ffff","properties":{"cell_id":"892a84700c3ffff","h3_res":9,"building_count":1,"poi_count_sum":0,"conn_dist_median_ft":4129.475477361929,"total_crossings_mean":2.0,"clipped_area_frac":1.0,"clon":-79.930201,"clat":40.417132},"geometry":{"type":"Polygon","coordinates":[[[-79.92823634160005,40.418170633132306],[-79.92794714148481,40.41642617672553],[-79.92991198839071,40.41538766971005],[-79.93216607823614,40.416093542920784],[-79.93245543175112,40.41783797901387],[-79.93049054202362,40.41887656221249],[-79.92823634160005,40.418170633132306]]]}},{"type":"Feature","id":"892a84700d3ffff","properties":{"cell_id":"892a84700d3ffff","h3_res":9,"building_count":136,"poi_count_sum":42,"conn_dist_median_ft":793.3602948698499,"total_crossings_mean":0.7205882352941176,"clipped_area_frac":1.0,"clon":-79.928526,"clat":40.419915},"geometry":{"type":"Polygon","coordinates":[[[-79.92656049492597,40.42095367408084],[-79.92627133947042,40.41920915097526],[-79.92823634160005,40.418170633132306],[-79.93049054202362,40.41887656221249],[-79.93077985089948,40.42062106500842],[-79.92881480593414,40.421659659036386],[-79.92656049492597,40.42095367408084]]]}},{"type":"Feature","id":"892a84706a7ffff","properties":{"cell_id":"892a84706a7ffff","h3_res":9,"building_count":249,"poi_count_sum":10,"conn_dist_median_ft":1473.081325838794,"total_crossings_mean":0.6345381526104418,"clipped_area_frac":1.0,"clon":-79.931069,"clat":40.422366},"geometry":{"type":"Polygon","coordinates":[[[-79.9291040701577,40.42340422852942],[-79.92881480593414,40.421659659036386],[-79.93077985089948,40.42062106500842],[-79.9330342029175,40.421326964286195],[-79.93332362057359,40.42307151346114],[-79.93135853278183,40.424110183678955],[-79.9291040701577,40.42340422852942]]]}},{"type":"Feature","id":"892a847046bffff","properties":{"cell_id":"892a847046bffff","h3_res":9,"building_count":168,"poi_count_sum":38,"conn_dist_median_ft":431.65451088697876,"total_crossings_mean":0.08333333333333333,"clipped_area_frac":1.0,"clon":-79.92685,"clat":40.422698},"geometry":{"type":"Polygon","coordinates":[[[-79.9248844483355,40.42373679253832],[-79.92459533755289,40.42199220273965],[-79.92656049492597,40.42095367408084],[-79.92881480593414,40.421659659036386],[-79.9291040701577,40.42340422852942],[-79.92713886993482,40.42444283337512],[-79.9248844483355,40.42373679253832]]]}},{"type":"Feature","id":"892a847046fffff","properties":{"cell_id":"892a847046fffff","h3_res":9,"building_count":204,"poi_count_sum":0,"conn_dist_median_ft":1478.1690875359423,"total_crossings_mean":0.0,"clipped_area_frac":1.0,"clon":-79.924306,"clat":40.420248},"geometry":{"type":"Polygon","coordinates":[[[-79.92234106758067,40.42128613210826],[-79.92205206555383,40.4195415887055],[-79.9240171800678,40.41850313622872],[-79.92627133947042,40.41920915097526],[-79.92656049492597,40.42095367408084],[-79.92459533755289,40.42199220273965],[-79.92234106758067,40.42128613210826]]]}},{"type":"Feature","id":"892a8470463ffff","properties":{"cell_id":"892a8470463ffff","h3_res":9,"building_count":216,"poi_count_sum":1,"conn_dist_median_ft":1609.66587102479,"total_crossings_mean":0.0,"clipped_area_frac":1.0,"clon":-79.92263,"clat":40.423031},"geometry":{"type":"Polygon","coordinates":[[[-79.92066475515101,40.42406920547919],[-79.92037579781766,40.42232459538736],[-79.92234106758067,40.42128613210826],[-79.92459533755289,40.42199220273965],[-79.9248844483355,40.42373679253832],[-79.92291913569932,40.42477533200134],[-79.92066475515101,40.42406920547919]]]}},{"type":"Feature","id":"892a8470467ffff","properties":{"cell_id":"892a8470467ffff","h3_res":9,"building_count":94,"poi_count_sum":1,"conn_dist_median_ft":2878.367184667366,"total_crossings_mean":0.0,"clipped_area_frac":1.0,"clon":-79.920087,"clat":40.42058},"geometry":{"type":"Polygon","coordinates":[[[-79.9181215689076,40.421618439082025],[-79.91783272031779,40.41987387539456],[-79.91979794719836,40.41883548829454],[-79.92205206555383,40.4195415887055],[-79.92234106758067,40.42128613210826],[-79.92037579781766,40.42232459538736],[-79.9181215689076,40.421618439082025]]]}},{"type":"Feature","id":"892a8470093ffff","properties":{"cell_id":"892a8470093ffff","h3_res":9,"building_count":63,"poi_count_sum":1,"conn_dist_median_ft":2439.7251766575196,"total_crossings_mean":0.0,"clipped_area_frac":1.0,"clon":-79.917544,"clat":40.418129},"geometry":{"type":"Polygon","coordinates":[[[-79.9155786430356,40.41916768932108],[-79.91528990316976,40.41742317204812],[-79.9172550871586,40.416384861122324],[-79.91950905390769,40.41709099129783],[-79.91979794719836,40.41883548829454],[-79.91783272031779,40.41987387539456],[-79.9155786430356,40.41916768932108]]]}},{"type":"Feature","id":"892a847042bffff","properties":{"cell_id":"892a847042bffff","h3_res":9,"building_count":61,"poi_count_sum":1,"conn_dist_median_ft":3931.578405595363,"total_crossings_mean":0.0,"clipped_area_frac":1.0,"clon":-79.915867,"clat":40.420912},"geometry":{"type":"Polygon","coordinates":[[[-79.91390199895066,40.421950594993525],[-79.91361330380629,40.4202060110338],[-79.9155786430356,40.41916768932108],[-79.91783272031779,40.41987387539456],[-79.9181215689076,40.421618439082025],[-79.91615618677244,40.422656836970866],[-79.91390199895066,40.421950594993525]]]}},{"type":"Feature","id":"892a8470477ffff","properties":{"cell_id":"892a8470477ffff","h3_res":9,"building_count":149,"poi_count_sum":1,"conn_dist_median_ft":2613.9093963099303,"total_crossings_mean":0.0,"clipped_area_frac":1.0,"clon":-79.91841,"clat":40.423363},"geometry":{"type":"Polygon","coordinates":[[[-79.91644499064812,40.4244014673434],[-79.91615618677244,40.422656836970866],[-79.9181215689076,40.421618439082025],[-79.92037579781766,40.42232459538736],[-79.92066475515101,40.42406920547919],[-79.91869933011928,40.425107679548994],[-79.91644499064812,40.4244014673434]]]}},{"type":"Feature","id":"892a847043bffff","properties":{"cell_id":"892a847043bffff","h3_res":9,"building_count":92,"poi_count_sum":1,"conn_dist_median_ft":3235.288243463234,"total_crossings_mean":3.097826086956522,"clipped_area_frac":1.0,"clon":-79.914191,"clat":40.423695},"geometry":{"type":"Polygon","coordinates":[[[-79.91222515487085,40.42473357812231],[-79.91193650446118,40.42298892748155],[-79.91390199895066,40.421950594993525],[-79.91615618677244,40.422656836970866],[-79.91644499064812,40.4244014673434],[-79.91447945323868,40.42543987600941],[-79.91222515487085,40.42473357812231]]]}},{"type":"Feature","id":"892a8470423ffff","properties":{"cell_id":"892a8470423ffff","h3_res":9,"building_count":16,"poi_count_sum":1,"conn_dist_median_ft":4368.309937837186,"total_crossings_mean":1.125,"clipped_area_frac":1.0,"clon":-79.911648,"clat":40.421244},"geometry":{"type":"Polygon","coordinates":[[[-79.90968235775387,40.4222825998341],[-79.90939381606327,40.42053799561461],[-79.91135926762354,40.41949973929973],[-79.91361330380629,40.4202060110338],[-79.91390199895066,40.421950594993525],[-79.91193650446118,40.42298892748155],[-79.90968235775387,40.4222825998341]]]}},{"type":"Feature","id":"892a8470437ffff","properties":{"cell_id":"892a8470437ffff","h3_res":9,"building_count":56,"poi_count_sum":1,"conn_dist_median_ft":10316.704099324212,"total_crossings_mean":9.0,"clipped_area_frac":1.0,"clon":-79.907428,"clat":40.421576},"geometry":{"type":"Polygon","coordinates":[[[-79.90546264536117,40.42261445359516],[-79.9051742571327,40.420869829128335],[-79.90713982100611,40.41983163822186],[-79.90939381606327,40.42053799561461],[-79.90968235775387,40.4222825998341],[-79.90771675092786,40.42332086691077],[-79.90546264536117,40.42261445359516]]]}},{"type":"Feature","id":"892a8470097ffff","properties":{"cell_id":"892a8470097ffff","h3_res":9,"building_count":25,"poi_count_sum":0,"conn_dist_median_ft":3000.1502212762866,"total_crossings_mean":1.0,"clipped_area_frac":1.0,"clon":-79.915001,"clat":40.415679},"geometry":{"type":"Polygon","coordinates":[[[-79.9130359775051,40.41671695622151],[-79.9127473463436,40.41497248537323],[-79.91471248743146,40.413934250616805],[-79.91696630258448,40.414640410541864],[-79.9172550871586,40.416384861122324],[-79.91528990316976,40.41742317204812],[-79.9130359775051,40.41671695622151]]]}},{"type":"Feature","id":"892a8470083ffff","properties":{"cell_id":"892a8470083ffff","h3_res":9,"building_count":19,"poi_count_sum":0,"conn_dist_median_ft":1518.3632966274852,"total_crossings_mean":0.0,"clipped_area_frac":1.0,"clon":-79.91922,"clat":40.415347},"geometry":{"type":"Polygon","coordinates":[[[-79.9172550871586,40.416384861122324],[-79.91696630258448,40.414640410541864],[-79.91893133135254,40.41360211041463],[-79.92118518757499,40.41430818469808],[-79.92147412555335,40.416052614998264],[-79.91950905390769,40.41709099129783],[-79.9172550871586,40.416384861122324]]]}},{"type":"Feature","id":"892a84705cbffff","properties":{"cell_id":"892a84705cbffff","h3_res":9,"building_count":127,"poi_count_sum":0,"conn_dist_median_ft":9674.259610613411,"total_crossings_mean":9.0,"clipped_area_frac":1.0,"clon":-79.904886,"clat":40.419125},"geometry":{"type":"Polygon","coordinates":[[[-79.90292030322729,40.42016338607885],[-79.90263202368602,40.41841880805191],[-79.9045975445976,40.41738069331073],[-79.90685138801497,40.41808708043378],[-79.90713982100611,40.41983163822186],[-79.9051742571327,40.420869829128335],[-79.90292030322729,40.42016338607885]]]}},{"type":"Feature","id":"892a84705c3ffff","properties":{"cell_id":"892a84705c3ffff","h3_res":9,"building_count":174,"poi_count_sum":1,"conn_dist_median_ft":8942.138236421957,"total_crossings_mean":9.0,"clipped_area_frac":0.9661358563889306,"clon":-79.900666,"clat":40.419457},"geometry":{"type":"Polygon","coordinates":[[[-79.90037822143155,40.41771233528355],[-79.90263202368602,40.41841880805191],[-79.90292030322729,40.42016338607885],[-79.90095462705852,40.4212015115664],[-79.89870071433104,40.42049498286209],[-79.89863033710952,40.420068850050896],[-79.898736,40.419496],[-79.898777,40.419277],[-79.898872,40.41885],[-79.89895750387466,40.418462615098505],[-79.90037822143155,40.41771233528355]]]}},{"type":"Feature","id":"892a84705dbffff","properties":{"cell_id":"892a84705dbffff","h3_res":9,"building_count":105,"poi_count_sum":2,"conn_dist_median_ft":9547.847927377781,"total_crossings_mean":9.00952380952381,"clipped_area_frac":1.0,"clon":-79.903209,"clat":40.421908},"geometry":{"type":"Polygon","coordinates":[[[-79.90124286181654,40.422946156268054],[-79.90095462705852,40.4212015115664],[-79.90292030322729,40.42016338607885],[-79.9051742571327,40.420869829128335],[-79.90546264536117,40.42261445359516],[-79.90349692621646,40.4236526552499],[-79.90124286181654,40.422946156268054]]]}},{"type":"Feature","id":"892a84705d3ffff","properties":{"cell_id":"892a84705d3ffff","h3_res":9,"building_count":163,"poi_count_sum":2,"conn_dist_median_ft":9117.32367405753,"total_crossings_mean":9.0,"clipped_area_frac":0.7083433581415245,"clon":-79.898989,"clat":40.42224},"geometry":{"type":"Polygon","coordinates":[[[-79.89870071433104,40.42049498286209],[-79.90095462705852,40.4212015115664],[-79.90124286181654,40.422946156268054],[-79.89927703037095,40.423984292490346],[-79.89797078506717,40.42357481450763],[-79.898045,40.423211],[-79.898158,40.422661],[-79.898171,40.422587],[-79.898212,40.42239],[-79.898226,40.42233],[-79.898406,40.421436],[-79.898421,40.421362],[-79.89854290650428,40.420578315329585],[-79.89870071433104,40.42049498286209]]]}},{"type":"Feature","id":"892a84705d7ffff","properties":{"cell_id":"892a84705d7ffff","h3_res":9,"building_count":1,"poi_count_sum":0,"conn_dist_median_ft":8813.805113127251,"total_crossings_mean":9.0,"clipped_area_frac":0.003345719945722633,"clon":-79.896447,"clat":40.419788},"geometry":{"type":"Polygon","coordinates":[[[-79.89870071433104,40.42049498286209],[-79.89854290650428,40.420578315329585],[-79.898575,40.420372],[-79.898615,40.420152],[-79.89863033710952,40.420068850050896],[-79.89870071433104,40.42049498286209]]]}},{"type":"Feature","id":"892a8470153ffff","properties":{"cell_id":"892a8470153ffff","h3_res":9,"building_count":42,"poi_count_sum":0,"conn_dist_median_ft":7224.970285381838,"total_crossings_mean":0.47619047619047616,"clipped_area_frac":0.9927495378878428,"clon":-79.918297,"clat":40.396866},"geometry":{"type":"Polygon","coordinates":[[[-79.91858570600375,40.398610008985585],[-79.91633263582172,40.39790401318244],[-79.91604399849024,40.396159968759335],[-79.91800827805285,40.395121940407776],[-79.92026123779857,40.39582788033169],[-79.9205158906439,40.39736574439975],[-79.91982720023454,40.39795390449769],[-79.91858570600375,40.398610008985585]]]}},{"type":"Feature","id":"892a84701cbffff","properties":{"cell_id":"892a84701cbffff","h3_res":9,"building_count":2,"poi_count_sum":0,"conn_dist_median_ft":8730.811561177172,"total_crossings_mean":4.0,"clipped_area_frac":0.17141109336354698,"clon":-79.916621,"clat":40.399648},"geometry":{"type":"Polygon","coordinates":[[[-79.91633263582172,40.39790401318244],[-79.91858570600375,40.398610008985585],[-79.91864432945698,40.398964107896646],[-79.918244,40.399306],[-79.918149,40.399266],[-79.917449,40.398971],[-79.916598,40.398607],[-79.9164,40.398784],[-79.916252,40.3987],[-79.91618,40.39866],[-79.915959,40.398532],[-79.91585,40.398468],[-79.915653,40.398352],[-79.91557358660451,40.398305107120756],[-79.91633263582172,40.39790401318244]]]}},{"type":"Feature","id":"892a847015bffff","properties":{"cell_id":"892a847015bffff","h3_res":9,"building_count":15,"poi_count_sum":0,"conn_dist_median_ft":6405.57397349629,"total_crossings_mean":0.0,"clipped_area_frac":0.2849313728626942,"clon":-79.922514,"clat":40.396534},"geometry":{"type":"Polygon","coordinates":[[[-79.92026123779857,40.39582788033169],[-79.92222540511591,40.3947897866828],[-79.92323452056296,40.39510593772122],[-79.922572,40.395648],[-79.922142,40.395997],[-79.921558,40.396482],[-79.920628,40.39727],[-79.9205158906439,40.39736574439975],[-79.92026123779857,40.39582788033169]]]}},{"type":"Feature","id":"892a847014bffff","properties":{"cell_id":"892a847014bffff","h3_res":9,"building_count":3,"poi_count_sum":0,"conn_dist_median_ft":4929.678982126962,"total_crossings_mean":0.0,"clipped_area_frac":0.6406865095323724,"clon":-79.924189,"clat":40.393752},"geometry":{"type":"Polygon","coordinates":[[[-79.92222540511591,40.3947897866828],[-79.92193656985535,40.39304582926089],[-79.92390058209813,40.39200774647651],[-79.92608828362457,40.39269312224434],[-79.925958,40.392803],[-79.925012,40.393606],[-79.92463,40.39393],[-79.924548,40.394001],[-79.923597,40.394808],[-79.923486,40.394902],[-79.923287,40.395063],[-79.92323452056296,40.39510593772122],[-79.92222540511591,40.3947897866828]]]}},{"type":"Feature","id":"892a8470143ffff","properties":{"cell_id":"892a8470143ffff","h3_res":9,"building_count":28,"poi_count_sum":0,"conn_dist_median_ft":6172.714968581018,"total_crossings_mean":0.0,"clipped_area_frac":0.9999999999999998,"clon":-79.919972,"clat":40.394084},"geometry":{"type":"Polygon","coordinates":[[[-79.91800827805285,40.395121940407776],[-79.91771959605701,40.39337796271089],[-79.91968372053951,40.39233994521034],[-79.92193656985535,40.39304582926089],[-79.92222540511591,40.3947897866828],[-79.92026123779857,40.39582788033169],[-79.91800827805285,40.395121940407776]]]}},{"type":"Feature","id":"892a8470157ffff","properties":{"cell_id":"892a8470157ffff","h3_res":9,"building_count":12,"poi_count_sum":1,"conn_dist_median_ft":7001.405056857822,"total_crossings_mean":0.0,"clipped_area_frac":0.5300611919751452,"clon":-79.915755,"clat":40.394416},"geometry":{"type":"Polygon","coordinates":[[[-79.91546678776896,40.39267199310042],[-79.91771959605701,40.39337796271089],[-79.91800827805285,40.395121940407776],[-79.91604399849024,40.396159968759335],[-79.9147515540684,40.395754939181785],[-79.915142,40.395426],[-79.916127,40.394596],[-79.91652,40.394262],[-79.916912,40.393921],[-79.916774,40.393885],[-79.9149,40.39339],[-79.915391,40.392731],[-79.915403,40.392715],[-79.91541415564527,40.39269980524179],[-79.91546678776896,40.39267199310042]]]}},{"type":"Feature","id":"892a84701cfffff","properties":{"cell_id":"892a84701cfffff","h3_res":9,"building_count":4,"poi_count_sum":0,"conn_dist_median_ft":7769.532869467802,"total_crossings_mean":0.0,"clipped_area_frac":0.4064391424798246,"clon":-79.91408,"clat":40.397198},"geometry":{"type":"Polygon","coordinates":[[[-79.91604399849024,40.396159968759335],[-79.91633263582172,40.39790401318244],[-79.91557358660451,40.398305107120756],[-79.915001,40.397967],[-79.913306,40.396972],[-79.913701,40.39664],[-79.9147515540684,40.395754939181785],[-79.91604399849024,40.396159968759335]]]}},{"type":"Feature","id":"892a847017bffff","properties":{"cell_id":"892a847017bffff","h3_res":9,"building_count":50,"poi_count_sum":0,"conn_dist_median_ft":5479.268172601187,"total_crossings_mean":0.0,"clipped_area_frac":0.8188037965693128,"clon":-79.919106,"clat":40.388852},"geometry":{"type":"Polygon","coordinates":[[[-79.91881760455182,40.3871083255176],[-79.92107019202952,40.3878141833801],[-79.92135896331452,40.38955802760742],[-79.9193949938925,40.39059603424538],[-79.91737878548321,40.38996422772634],[-79.917449,40.389868],[-79.917687,40.389543],[-79.918466,40.388475],[-79.917927,40.38807],[-79.917866,40.388033],[-79.91775116758615,40.38767193489772],[-79.91881760455182,40.3871083255176]]]}},{"type":"Feature","id":"892a847016bffff","properties":{"cell_id":"892a847016bffff","h3_res":9,"building_count":75,"poi_count_sum":0,"conn_dist_median_ft":5156.720707156609,"total_crossings_mean":0.0,"clipped_area_frac":1.0,"clon":-79.920781,"clat":40.38607},"geometry":{"type":"Polygon","coordinates":[[[-79.91881760455182,40.3871083255176],[-79.91852894185344,40.38536452775906],[-79.92049271341871,40.384326608135034],[-79.92274519050098,40.385032410132396],[-79.92303400641075,40.38677618761637],[-79.92107019202952,40.3878141833801],[-79.91881760455182,40.3871083255176]]]}},{"type":"Feature","id":"892a84703b7ffff","properties":{"cell_id":"892a84703b7ffff","h3_res":9,"building_count":43,"poi_count_sum":0,"conn_dist_median_ft":4909.449967501214,"total_crossings_mean":0.0,"clipped_area_frac":1.0,"clon":-79.923323,"clat":40.38852},"geometry":{"type":"Polygon","coordinates":[[[-79.92135896331452,40.38955802760742],[-79.92107019202952,40.3878141833801],[-79.92303400641075,40.38677618761637],[-79.92528663488628,40.38748195993796],[-79.92557555939486,40.38922578388225],[-79.92361170220697,40.39026385579055],[-79.92135896331452,40.38955802760742]]]}},{"type":"Feature","id":"892a847014fffff","properties":{"cell_id":"892a847014fffff","h3_res":9,"building_count":4,"poi_count_sum":0,"conn_dist_median_ft":5010.597432708149,"total_crossings_mean":0.0,"clipped_area_frac":1.0,"clon":-79.921648,"clat":40.391302},"geometry":{"type":"Polygon","coordinates":[[[-79.91968372053951,40.39233994521034],[-79.9193949938925,40.39059603424538],[-79.92135896331452,40.38955802760742],[-79.92361170220697,40.39026385579055],[-79.92390058209813,40.39200774647651],[-79.92193656985535,40.39304582926089],[-79.91968372053951,40.39233994521034]]]}},{"type":"Feature","id":"892a84703b3ffff","properties":{"cell_id":"892a84703b3ffff","h3_res":9,"building_count":11,"poi_count_sum":1,"conn_dist_median_ft":4372.185837584475,"total_crossings_mean":0.0,"clipped_area_frac":0.9371798633128138,"clon":-79.925865,"clat":40.39097},"geometry":{"type":"Polygon","coordinates":[[[-79.92390058209813,40.39200774647651],[-79.92361170220697,40.39026385579055],[-79.92557555939486,40.38922578388225],[-79.92782833927401,40.38993152651307],[-79.92801811396036,40.39107652487581],[-79.928008,40.391085],[-79.927855,40.391215],[-79.926734,40.392163],[-79.926557,40.392301],[-79.926313,40.392513],[-79.926124,40.392663],[-79.92608828362457,40.39269312224434],[-79.92390058209813,40.39200774647651]]]}},{"type":"Feature","id":"892a847038fffff","properties":{"cell_id":"892a847038fffff","h3_res":9,"building_count":5,"poi_count_sum":0,"conn_dist_median_ft":1488.8112955396005,"total_crossings_mean":0.0,"clipped_area_frac":0.5353742712403876,"clon":-79.932623,"clat":40.393087},"geometry":{"type":"Polygon","coordinates":[[[-79.93233409140416,40.39134289651213],[-79.9345870636467,40.39204852387155],[-79.9348763586513,40.39379242039374],[-79.93291252817635,40.39483070987142],[-79.93267243598594,40.39475551111154],[-79.932619,40.394213],[-79.932561,40.393628],[-79.932554,40.393552],[-79.932495,40.392941],[-79.932488,40.39287],[-79.93242,40.392132],[-79.932397,40.391878],[-79.932357,40.391499],[-79.93221787504586,40.39140433766008],[-79.93233409140416,40.39134289651213]]]}},{"type":"Feature","id":"892a84703bbffff","properties":{"cell_id":"892a84703bbffff","h3_res":9,"building_count":1,"poi_count_sum":1,"conn_dist_median_ft":2555.420649733155,"total_crossings_mean":2.0,"clipped_area_frac":0.45124401864754937,"clon":-79.930081,"clat":40.390637},"geometry":{"type":"Polygon","coordinates":[[[-79.92782833927401,40.38993152651307],[-79.92979208421,40.388893389344965],[-79.93204490504975,40.38959904642155],[-79.93233409140416,40.39134289651213],[-79.93221787504586,40.39140433766008],[-79.931872,40.391169],[-79.931656,40.39104],[-79.93148,40.390917],[-79.93123,40.390752],[-79.929701,40.389745],[-79.929619,40.389731],[-79.929539,40.389793],[-79.929336,40.389973],[-79.929304,40.389999],[-79.92801811396036,40.39107652487581],[-79.92782833927401,40.38993152651307]]]}},{"type":"Feature","id":"892a84703a3ffff","properties":{"cell_id":"892a84703a3ffff","h3_res":9,"building_count":21,"poi_count_sum":0,"conn_dist_median_ft":3858.748583544897,"total_crossings_mean":0.0,"clipped_area_frac":1.0,"clon":-79.927539,"clat":40.388188},"geometry":{"type":"Polygon","coordinates":[[[-79.92557555939486,40.38922578388225],[-79.92528663488628,40.38748195993796],[-79.92725033703893,40.386443898917356],[-79.92950300648617,40.38714958569613],[-79.92979208421,40.388893389344965],[-79.92782833927401,40.38993152651307],[-79.92557555939486,40.38922578388225]]]}},{"type":"Feature","id":"892a84703abffff","properties":{"cell_id":"892a84703abffff","h3_res":9,"building_count":26,"poi_count_sum":2,"conn_dist_median_ft":1286.1862957041571,"total_crossings_mean":1.0769230769230769,"clipped_area_frac":1.0,"clon":-79.931756,"clat":40.387855},"geometry":{"type":"Polygon","coordinates":[[[-79.92979208421,40.388893389344965],[-79.92950300648617,40.38714958569613],[-79.9314665963925,40.38611145942922],[-79.93371930678536,40.38681706066325],[-79.9340085377161,40.388560844004175],[-79.93204490504975,40.38959904642155],[-79.92979208421,40.388893389344965]]]}},{"type":"Feature","id":"892a84703afffff","properties":{"cell_id":"892a84703afffff","h3_res":9,"building_count":10,"poi_count_sum":1,"conn_dist_median_ft":2028.9222772881712,"total_crossings_mean":0.0,"clipped_area_frac":0.9999999999999998,"clon":-79.929214,"clat":40.385406},"geometry":{"type":"Polygon","coordinates":[[[-79.92725033703893,40.386443898917356],[-79.9269613679261,40.38470014172042],[-79.92892491506313,40.383662091599135],[-79.93117747408498,40.384367722531735],[-79.9314665963925,40.38611145942922],[-79.92950300648617,40.38714958569613],[-79.92725033703893,40.386443898917356]]]}},{"type":"Feature","id":"892a8470333ffff","properties":{"cell_id":"892a8470333ffff","h3_res":9,"building_count":15,"poi_count_sum":2,"conn_dist_median_ft":1391.8132523890508,"total_crossings_mean":1.7333333333333334,"clipped_area_frac":1.0,"clon":-79.93343,"clat":40.385073},"geometry":{"type":"Polygon","coordinates":[[[-79.9314665963925,40.38611145942922],[-79.93117747408498,40.384367722531735],[-79.93314090898127,40.38332960717765],[-79.93539350893374,40.38403515257502],[-79.93568278442763,40.385778869160575],[-79.93371930678536,40.38681706066325],[-79.9314665963925,40.38611145942922]]]}},{"type":"Feature","id":"892a8470163ffff","properties":{"cell_id":"892a8470163ffff","h3_res":9,"building_count":30,"poi_count_sum":0,"conn_dist_median_ft":4966.250840916324,"total_crossings_mean":0.0,"clipped_area_frac":0.2458809897600326,"clon":-79.916565,"clat":40.386402},"geometry":{"type":"Polygon","coordinates":[[[-79.91852894185344,40.38536452775906],[-79.91881760455182,40.3871083255176],[-79.91775116758615,40.38767193489772],[-79.917665,40.387401],[-79.917651,40.387341],[-79.91754,40.386729],[-79.917501,40.386529],[-79.917476,40.386399],[-79.917393,40.386007],[-79.917386,40.385969],[-79.917344,40.385722],[-79.917311,40.385516],[-79.917281,40.385326],[-79.91720789930267,40.38495052823644],[-79.91852894185344,40.38536452775906]]]}},{"type":"Feature","id":"892a8471503ffff","properties":{"cell_id":"892a8471503ffff","h3_res":9,"building_count":71,"poi_count_sum":5,"conn_dist_median_ft":1960.0884684107152,"total_crossings_mean":2.0,"clipped_area_frac":1.0,"clon":-79.974133,"clat":40.424264},"geometry":{"type":"Polygon","coordinates":[[[-79.97216887720748,40.4253036049055],[-79.97187801457832,40.42355912613197],[-79.97384213229677,40.42251979181919],[-79.97609715524442,40.42322486005646],[-79.97638817125492,40.42496931838282],[-79.97442401093913,40.42600872892166],[-79.97216887720748,40.4253036049055]]]}},{"type":"Feature","id":"892a8471557ffff","properties":{"cell_id":"892a8471557ffff","h3_res":9,"building_count":346,"poi_count_sum":22,"conn_dist_median_ft":878.0505154066642,"total_crossings_mean":2.054913294797688,"clipped_area_frac":0.9999999999999998,"clon":-79.980899,"clat":40.426379},"geometry":{"type":"Polygon","coordinates":[[[-79.97893447068677,40.427418861268606],[-79.97864334572733,40.42567435666994],[-79.98060739338756,40.42463488085878],[-79.98286260857454,40.425339833415016],[-79.98315388691908,40.42708431754558],[-79.98118979669422,40.428123869590586],[-79.97893447068677,40.427418861268606]]]}},{"type":"Feature","id":"892a84715cfffff","properties":{"cell_id":"892a84715cfffff","h3_res":9,"building_count":327,"poi_count_sum":134,"conn_dist_median_ft":453.51141567765035,"total_crossings_mean":0.13149847094801223,"clipped_area_frac":1.0,"clon":-79.979226,"clat":40.429163},"geometry":{"type":"Polygon","coordinates":[[[-79.97726134830513,40.430202919363296],[-79.97697026778292,40.42845834803838],[-79.97893447068677,40.427418861268606],[-79.98118979669422,40.428123869590586],[-79.98148103062216,40.4298684204514],[-79.97951678513961,40.43090798345692],[-79.97726134830513,40.430202919363296]]]}},{"type":"Feature","id":"892a847151bffff","properties":{"cell_id":"892a847151bffff","h3_res":9,"building_count":236,"poi_count_sum":55,"conn_dist_median_ft":602.8096144148919,"total_crossings_mean":0.0,"clipped_area_frac":1.0,"clon":-79.976679,"clat":40.426714},"geometry":{"type":"Polygon","coordinates":[[[-79.974714982505,40.42775325397598],[-79.97442401093913,40.42600872892166],[-79.97638817125492,40.42496931838282],[-79.97864334572733,40.42567435666994],[-79.97893447068677,40.427418861268606],[-79.97697026778292,40.42845834803838],[-79.974714982505,40.42775325397598]]]}},{"type":"Feature","id":"892a84715c7ffff","properties":{"cell_id":"892a84715c7ffff","h3_res":9,"building_count":126,"poi_count_sum":77,"conn_dist_median_ft":427.01447030145073,"total_crossings_mean":0.0,"clipped_area_frac":1.0,"clon":-79.975006,"clat":40.429498},"geometry":{"type":"Polygon","coordinates":[[[-79.97304159404797,40.430537267236495],[-79.97275066693993,40.42879267545992],[-79.974714982505,40.42775325397598],[-79.97697026778292,40.42845834803838],[-79.97726134830513,40.430202919363296],[-79.97529699013796,40.43124241708006],[-79.97304159404797,40.430537267236495]]]}},{"type":"Feature","id":"892a8471513ffff","properties":{"cell_id":"892a8471513ffff","h3_res":9,"building_count":326,"poi_count_sum":58,"conn_dist_median_ft":562.1406270902173,"total_crossings_mean":0.0,"clipped_area_frac":1.0,"clon":-79.97246,"clat":40.427048},"geometry":{"type":"Polygon","coordinates":[[[-79.97049542241774,40.42808749565897],[-79.97020460425384,40.426342950161455],[-79.97216887720748,40.4253036049055],[-79.97442401093913,40.42600872892166],[-79.974714982505,40.42775325397598],[-79.97275066693993,40.42879267545992],[-79.97049542241774,40.42808749565897]]]}},{"type":"Feature","id":"892a8471517ffff","properties":{"cell_id":"892a8471517ffff","h3_res":9,"building_count":133,"poi_count_sum":9,"conn_dist_median_ft":1486.5619786071657,"total_crossings_mean":1.3383458646616542,"clipped_area_frac":1.0,"clon":-79.969914,"clat":40.424598},"geometry":{"type":"Polygon","coordinates":[[[-79.9679495112891,40.42563774041815],[-79.96765880204974,40.42389324120988],[-79.96962303238263,40.42285397217708],[-79.97187801457832,40.42355912613197],[-79.97216887720748,40.4253036049055],[-79.97020460425384,40.426342950161455],[-79.9679495112891,40.42563774041815]]]}},{"type":"Feature","id":"892a847158fffff","properties":{"cell_id":"892a847158fffff","h3_res":9,"building_count":157,"poi_count_sum":88,"conn_dist_median_ft":487.2143583492533,"total_crossings_mean":0.0,"clipped_area_frac":1.0,"clon":-79.96824,"clat":40.427382},"geometry":{"type":"Polygon","coordinates":[[[-79.96627579046888,40.428421586308865],[-79.96598512571539,40.42667702038062],[-79.9679495112891,40.42563774041815],[-79.97020460425384,40.426342950161455],[-79.97049542241774,40.42808749565897],[-79.96853099420919,40.42912685184648],[-79.96627579046888,40.428421586308865]]]}},{"type":"Feature","id":"892a84715bbffff","properties":{"cell_id":"892a84715bbffff","h3_res":9,"building_count":152,"poi_count_sum":18,"conn_dist_median_ft":696.8324867683973,"total_crossings_mean":0.27631578947368424,"clipped_area_frac":1.0,"clon":-79.965694,"clat":40.424932},"geometry":{"type":"Polygon","coordinates":[[[-79.96373007354376,40.42597172491206],[-79.9634395177026,40.42422720528153],[-79.96540386063218,40.423188001539266],[-79.96765880204974,40.42389324120988],[-79.9679495112891,40.42563774041815],[-79.96598512571539,40.42667702038062],[-79.96373007354376,40.42597172491206]]]}},{"type":"Feature","id":"892a847158bffff","properties":{"cell_id":"892a847158bffff","h3_res":9,"building_count":116,"poi_count_sum":54,"conn_dist_median_ft":531.2944633298201,"total_crossings_mean":0.0,"clipped_area_frac":1.0,"clon":-79.970786,"clat":40.429832},"geometry":{"type":"Polygon","coordinates":[[[-79.96882176789464,40.43087146406224],[-79.96853099420919,40.42912685184648],[-79.97049542241774,40.42808749565897],[-79.97275066693993,40.42879267545992],[-79.97304159404797,40.430537267236495],[-79.97107712321393,40.43157669965389],[-79.96882176789464,40.43087146406224]]]}},{"type":"Feature","id":"892a8471587ffff","properties":{"cell_id":"892a8471587ffff","h3_res":9,"building_count":10,"poi_count_sum":52,"conn_dist_median_ft":870.2523795952552,"total_crossings_mean":0.7,"clipped_area_frac":1.0,"clon":-79.964021,"clat":40.427716},"geometry":{"type":"Polygon","coordinates":[[[-79.96205608670239,40.428755525917],[-79.9617655753677,40.427010939570486],[-79.96373007354376,40.42597172491206],[-79.96598512571539,40.42667702038062],[-79.96627579046888,40.428421586308865],[-79.96431124963462,40.42946087718939],[-79.96205608670239,40.428755525917]]]}},{"type":"Feature","id":"892a84715b3ffff","properties":{"cell_id":"892a84715b3ffff","h3_res":9,"building_count":10,"poi_count_sum":51,"conn_dist_median_ft":649.8443378775677,"total_crossings_mean":0.9,"clipped_area_frac":0.9999999999999998,"clon":-79.961475,"clat":40.425266},"geometry":{"type":"Polygon","coordinates":[[[-79.95951056401536,40.42630555837854],[-79.95922016158082,40.4245610183382],[-79.96118461708932,40.423521879897045],[-79.9634395177026,40.42422720528153],[-79.96373007354376,40.42597172491206],[-79.9617655753677,40.427010939570486],[-79.95951056401536,40.42630555837854]]]}},{"type":"Feature","id":"892a847067bffff","properties":{"cell_id":"892a847067bffff","h3_res":9,"building_count":4,"poi_count_sum":0,"conn_dist_median_ft":549.5651668105972,"total_crossings_mean":1.0,"clipped_area_frac":1.0,"clon":-79.954711,"clat":40.42315},"geometry":{"type":"Polygon","coordinates":[[[-79.95274591480216,40.42418918356467],[-79.95245577465096,40.42244466945182],[-79.95442030002042,40.421405672531804],[-79.95667500824399,40.422111113517765],[-79.95696530179801,40.423855607241734],[-79.95500073372833,40.42489468037121],[-79.95274591480216,40.42418918356467]]]}},{"type":"Feature","id":"892a8470673ffff","properties":{"cell_id":"892a8470673ffff","h3_res":9,"building_count":52,"poi_count_sum":1,"conn_dist_median_ft":2608.5553177330876,"total_crossings_mean":2.5384615384615383,"clipped_area_frac":1.0,"clon":-79.950491,"clat":40.423484},"geometry":{"type":"Polygon","coordinates":[[[-79.94852645614574,40.42452260885716],[-79.94823646940576,40.42277807436789],[-79.95020110729523,40.42173914276719],[-79.95245577465096,40.42244466945182],[-79.95274591480216,40.42418918356467],[-79.95078123418908,40.42522819137191],[-79.94852645614574,40.42452260885716]]]}},{"type":"Feature","id":"892a8470647ffff","properties":{"cell_id":"892a8470647ffff","h3_res":9,"building_count":8,"poi_count_sum":2,"conn_dist_median_ft":989.2861782236292,"total_crossings_mean":1.25,"clipped_area_frac":1.0,"clon":-79.953036,"clat":40.425934},"geometry":{"type":"Polygon","coordinates":[[[-79.95107132978518,40.42697277219445],[-79.95078123418908,40.42522819137191],[-79.95274591480216,40.42418918356467],[-79.95500073372833,40.42489468037121],[-79.95529098274785,40.4266392408089],[-79.95332625942045,40.4276783248275],[-79.95107132978518,40.42697277219445]]]}},{"type":"Feature","id":"892a847060bffff","properties":{"cell_id":"892a847060bffff","h3_res":9,"building_count":140,"poi_count_sum":7,"conn_dist_median_ft":1462.7599387437085,"total_crossings_mean":0.8357142857142857,"clipped_area_frac":1.0,"clon":-79.948816,"clat":40.426267},"geometry":{"type":"Polygon","coordinates":[[[-79.94685160517128,40.427306152526526],[-79.94656166300702,40.42556155133156],[-79.94852645614574,40.42452260885716],[-79.95078123418908,40.42522819137191],[-79.95107132978518,40.42697277219445],[-79.94910649390876,40.42801179087728],[-79.94685160517128,40.427306152526526]]]}},{"type":"Feature","id":"892a84706abffff","properties":{"cell_id":"892a84706abffff","h3_res":9,"building_count":148,"poi_count_sum":4,"conn_dist_median_ft":2880.2138776704755,"total_crossings_mean":4.621621621621622,"clipped_area_frac":1.0,"clon":-79.937833,"clat":40.424483},"geometry":{"type":"Polygon","coordinates":[[[-79.93586765065233,40.42552197846525],[-79.93557812419638,40.4237773829215],[-79.93754309953924,40.42273864734211],[-79.93979764413453,40.42344443111138],[-79.94008732402686,40.42518900631611],[-79.93812230589022,40.42622781809317],[-79.93586765065233,40.42552197846525]]]}},{"type":"Feature","id":"892a84706a3ffff","properties":{"cell_id":"892a84706a3ffff","h3_res":9,"building_count":245,"poi_count_sum":0,"conn_dist_median_ft":2266.049320694965,"total_crossings_mean":0.9102040816326531,"clipped_area_frac":1.0,"clon":-79.933613,"clat":40.424816},"geometry":{"type":"Polygon","coordinates":[[[-79.931647905793,40.42585479954927],[-79.93135853278183,40.424110183678955],[-79.93332362057359,40.42307151346114],[-79.93557812419638,40.4237773829215],[-79.93586765065233,40.42552197846525],[-79.93390252004342,40.426560724877774],[-79.931647905793,40.42585479954927]]]}},{"type":"Feature","id":"892a8470617ffff","properties":{"cell_id":"892a8470617ffff","h3_res":9,"building_count":210,"poi_count_sum":33,"conn_dist_median_ft":2195.2144776289983,"total_crossings_mean":5.0095238095238095,"clipped_area_frac":1.0,"clon":-79.940377,"clat":40.426934},"geometry":{"type":"Polygon","coordinates":[[[-79.93841194116567,40.42797245999557],[-79.93812230589022,40.42622781809317],[-79.94008732402686,40.42518900631611],[-79.94234202022609,40.42589476024154],[-79.94263180895013,40.42763938179647],[-79.940666748029,40.42867826977603],[-79.93841194116567,40.42797245999557]]]}},{"type":"Feature","id":"892a8470603ffff","properties":{"cell_id":"892a8470603ffff","h3_res":9,"building_count":49,"poi_count_sum":8,"conn_dist_median_ft":2662.4082978288698,"total_crossings_mean":3.510204081632653,"clipped_area_frac":1.0,"clon":-79.944597,"clat":40.4266},"geometry":{"type":"Polygon","coordinates":[[[-79.94263180895013,40.42763938179647],[-79.94234202022609,40.42589476024154],[-79.94430692587264,40.42485588311054],[-79.94656166300702,40.42556155133156],[-79.94685160517128,40.427306152526526],[-79.94488665676363,40.42834510586301],[-79.94263180895013,40.42763938179647]]]}},{"type":"Feature","id":"892a84706bbffff","properties":{"cell_id":"892a84706bbffff","h3_res":9,"building_count":122,"poi_count_sum":14,"conn_dist_median_ft":2680.4710049222535,"total_crossings_mean":1.0245901639344261,"clipped_area_frac":1.0,"clon":-79.936157,"clat":40.427267},"geometry":{"type":"Polygon","coordinates":[[[-79.93419200186183,40.428305387115195],[-79.93390252004342,40.426560724877774],[-79.93586765065233,40.42552197846525],[-79.93812230589022,40.42622781809317],[-79.93841194116567,40.42797245999557],[-79.93644676774886,40.42901128260765],[-79.93419200186183,40.428305387115195]]]}},{"type":"Feature","id":"892a847061bffff","properties":{"cell_id":"892a847061bffff","h3_res":9,"building_count":35,"poi_count_sum":2,"conn_dist_median_ft":2153.5726238281777,"total_crossings_mean":0.2857142857142857,"clipped_area_frac":1.0,"clon":-79.947142,"clat":40.429051},"geometry":{"type":"Polygon","coordinates":[[[-79.94517655433897,40.43008977375794],[-79.94488665676363,40.42834510586301],[-79.94685160517128,40.427306152526526],[-79.94910649390876,40.42801179087728],[-79.94939654493653,40.4297564384038],[-79.94743155377708,40.430795467950595],[-79.94517655433897,40.43008977375794]]]}},{"type":"Feature","id":"892a8470657ffff","properties":{"cell_id":"892a8470657ffff","h3_res":9,"building_count":91,"poi_count_sum":1,"conn_dist_median_ft":3113.602750050356,"total_crossings_mean":0.0,"clipped_area_frac":0.9999999999999998,"clon":-79.951361,"clat":40.428717},"geometry":{"type":"Polygon","coordinates":[[[-79.94939654493653,40.4297564384038],[-79.94910649390876,40.42801179087728],[-79.95107132978518,40.42697277219445],[-79.95332625942045,40.4276783248275],[-79.95361646389229,40.42942295197314],[-79.95165158528745,40.43046204686922],[-79.94939654493653,40.4297564384038]]]}},{"type":"Feature","id":"892a847064fffff","properties":{"cell_id":"892a847064fffff","h3_res":9,"building_count":1,"poi_count_sum":0,"conn_dist_median_ft":478.79721982594134,"total_crossings_mean":1.0,"clipped_area_frac":1.0,"clon":-79.957256,"clat":40.4256},"geometry":{"type":"Polygon","coordinates":[[[-79.95529098274785,40.4266392408089],[-79.95500073372833,40.42489468037121],[-79.95696530179801,40.423855607241734],[-79.95922016158082,40.4245610183382],[-79.95951056401536,40.42630555837854],[-79.95754595325475,40.427344707722334],[-79.95529098274785,40.4266392408089]]]}},{"type":"Feature","id":"892a8470643ffff","properties":{"cell_id":"892a8470643ffff","h3_res":9,"building_count":11,"poi_count_sum":0,"conn_dist_median_ft":3031.9704626081157,"total_crossings_mean":0.0,"clipped_area_frac":1.0,"clon":-79.955581,"clat":40.428384},"geometry":{"type":"Polygon","coordinates":[[[-79.95361646389229,40.42942295197314],[-79.95332625942045,40.4276783248275],[-79.95529098274785,40.4266392408089],[-79.95754595325475,40.427344707722334],[-79.95783631116221,40.42908931447465],[-79.95587154512982,40.43012847470945],[-79.95361646389229,40.42942295197314]]]}},{"type":"Feature","id":"892a8470653ffff","properties":{"cell_id":"892a8470653ffff","h3_res":9,"building_count":282,"poi_count_sum":6,"conn_dist_median_ft":2329.8892135154565,"total_crossings_mean":0.0,"clipped_area_frac":1.0,"clon":-79.953907,"clat":40.431168},"geometry":{"type":"Polygon","coordinates":[[[-79.95194174519838,40.43220674071714],[-79.95165158528745,40.43046204686922],[-79.95361646389229,40.42942295197314],[-79.95587154512982,40.43012847470945],[-79.95616185849698,40.431873148168016],[-79.95419693717307,40.43291231928221],[-79.95194174519838,40.43220674071714]]]}},{"type":"Feature","id":"892a847065bffff","properties":{"cell_id":"892a847065bffff","h3_res":9,"building_count":44,"poi_count_sum":11,"conn_dist_median_ft":1548.9918843785792,"total_crossings_mean":0.0,"clipped_area_frac":1.0,"clon":-79.958127,"clat":40.430834},"geometry":{"type":"Polygon","coordinates":[[[-79.95616185849698,40.431873148168016],[-79.95587154512982,40.43012847470945],[-79.95783631116221,40.42908931447465],[-79.96009143326019,40.429794751479946],[-79.9603819000752,40.431539404536714],[-79.9584170913471,40.432578640992574],[-79.95616185849698,40.431873148168016]]]}},{"type":"Feature","id":"892a8470613ffff","properties":{"cell_id":"892a8470613ffff","h3_res":9,"building_count":40,"poi_count_sum":0,"conn_dist_median_ft":3632.64299973172,"total_crossings_mean":2.05,"clipped_area_frac":1.0,"clon":-79.942922,"clat":40.429384},"geometry":{"type":"Polygon","coordinates":[[[-79.94095649214351,40.4304229580269],[-79.940666748029,40.42867826977603],[-79.94263180895013,40.42763938179647],[-79.94488665676363,40.42834510586301],[-79.94517655433897,40.43008977375794],[-79.94321145064266,40.43112873794487],[-79.94095649214351,40.4304229580269]]]}},{"type":"Feature","id":"892a8470687ffff","properties":{"cell_id":"892a8470687ffff","h3_res":9,"building_count":15,"poi_count_sum":0,"conn_dist_median_ft":3127.7261620004665,"total_crossings_mean":0.26666666666666666,"clipped_area_frac":1.0,"clon":-79.934482,"clat":40.43005},"geometry":{"type":"Polygon","coordinates":[[[-79.93251615313484,40.43108887327461],[-79.93222671596716,40.42934414434924],[-79.93419200186183,40.428305387115195],[-79.93644676774886,40.42901128260765],[-79.93673635839414,40.43075599120203],[-79.9347710296775,40.4317948246375],[-79.93251615313484,40.43108887327461]]]}},{"type":"Feature","id":"892a847068fffff","properties":{"cell_id":"892a847068fffff","h3_res":9,"building_count":13,"poi_count_sum":0,"conn_dist_median_ft":4183.340415226851,"total_crossings_mean":2.0,"clipped_area_frac":1.0,"clon":-79.938702,"clat":40.429717},"geometry":{"type":"Polygon","coordinates":[[[-79.93673635839414,40.43075599120203],[-79.93644676774886,40.42901128260765],[-79.93841194116567,40.42797245999557],[-79.940666748029,40.42867826977603],[-79.94095649214351,40.4304229580269],[-79.93899127592815,40.43146185684339],[-79.93673635839414,40.43075599120203]]]}},{"type":"Feature","id":"892a84706c7ffff","properties":{"cell_id":"892a84706c7ffff","h3_res":9,"building_count":6,"poi_count_sum":2,"conn_dist_median_ft":6442.1554046457895,"total_crossings_mean":3.8333333333333335,"clipped_area_frac":1.0,"clon":-79.945466,"clat":40.431834},"geometry":{"type":"Polygon","coordinates":[[[-79.94350130361589,40.432873472534055],[-79.94321145064266,40.43112873794487],[-79.94517655433897,40.43008977375794],[-79.94743155377708,40.430795467950595],[-79.94772156022337,40.432540182175366],[-79.94575641376117,40.433579222574494],[-79.94350130361589,40.432873472534055]]]}},{"type":"Feature","id":"892a847068bffff","properties":{"cell_id":"892a847068bffff","h3_res":9,"building_count":1,"poi_count_sum":0,"conn_dist_median_ft":4513.065346934311,"total_crossings_mean":2.0,"clipped_area_frac":1.0,"clon":-79.941246,"clat":40.432168},"geometry":{"type":"Polygon","coordinates":[[[-79.93928097541993,40.43320661178453],[-79.93899127592815,40.43146185684339],[-79.94095649214351,40.4304229580269],[-79.94321145064266,40.43112873794487],[-79.94350130361589,40.432873472534055],[-79.94153604461121,40.43391244755979],[-79.93928097541993,40.43320661178453]]]}},{"type":"Feature","id":"892a8470683ffff","properties":{"cell_id":"892a8470683ffff","h3_res":9,"building_count":1,"poi_count_sum":1,"conn_dist_median_ft":2939.102559752499,"total_crossings_mean":0.0,"clipped_area_frac":1.0,"clon":-79.937026,"clat":40.432501},"geometry":{"type":"Polygon","coordinates":[[[-79.93506057567947,40.43353959991809],[-79.9347710296775,40.4317948246375],[-79.93673635839414,40.43075599120203],[-79.93899127592815,40.43146185684339],[-79.93928097541993,40.43320661178453],[-79.9373156038906,40.4342455214263],[-79.93506057567947,40.43353959991809]]]}},{"type":"Feature","id":"892a84706d7ffff","properties":{"cell_id":"892a84706d7ffff","h3_res":9,"building_count":1,"poi_count_sum":0,"conn_dist_median_ft":5779.488619734432,"total_crossings_mean":5.0,"clipped_area_frac":0.9999999999999998,"clon":-79.943791,"clat":40.434618},"geometry":{"type":"Polygon","coordinates":[[[-79.94182585296912,40.43565724883749],[-79.94153604461121,40.43391244755979],[-79.94350130361589,40.432873472534055],[-79.94575641376117,40.433579222574494],[-79.94604637561274,40.4353240034918],[-79.94408107382804,40.436363054731636],[-79.94182585296912,40.43565724883749]]]}},{"type":"Feature","id":"892a84706cbffff","properties":{"cell_id":"892a84706cbffff","h3_res":9,"building_count":194,"poi_count_sum":10,"conn_dist_median_ft":1489.9051975276204,"total_crossings_mean":0.030927835051546393,"clipped_area_frac":1.0,"clon":-79.952232,"clat":40.433951},"geometry":{"type":"Polygon","coordinates":[[[-79.95026682663327,40.43499060702351],[-79.94997671129643,40.43324584647907],[-79.95194174519838,40.43220674071714],[-79.95419693717307,40.43291231928221],[-79.95448720598677,40.43465705944133],[-79.9525221293516,40.43569624142326],[-79.95026682663327,40.43499060702351]]]}},{"type":"Feature","id":"892a84706cfffff","properties":{"cell_id":"892a84706cfffff","h3_res":9,"building_count":2,"poi_count_sum":0,"conn_dist_median_ft":2500.9435286017588,"total_crossings_mean":0.0,"clipped_area_frac":1.0,"clon":-79.949687,"clat":40.431501},"geometry":{"type":"Polygon","coordinates":[[[-79.94772156022337,40.432540182175366],[-79.94743155377708,40.430795467950595],[-79.94939654493653,40.4297564384038],[-79.95165158528745,40.43046204686922],[-79.95194174519838,40.43220674071714],[-79.94997671129643,40.43324584647907],[-79.94772156022337,40.432540182175366]]]}},{"type":"Feature","id":"892a8473327ffff","properties":{"cell_id":"892a8473327ffff","h3_res":9,"building_count":212,"poi_count_sum":10,"conn_dist_median_ft":964.3384943987102,"total_crossings_mean":0.0,"clipped_area_frac":0.9999999999999998,"clon":-79.956452,"clat":40.433618},"geometry":{"type":"Polygon","coordinates":[[[-79.95448720598677,40.43465705944133],[-79.95419693717307,40.43291231928221],[-79.95616185849698,40.431873148168016],[-79.9584170913471,40.432578640992574],[-79.95870751362924,40.434323360753865],[-79.95674254959553,40.43536260809101],[-79.95448720598677,40.43465705944133]]]}},{"type":"Feature","id":"892a847332fffff","properties":{"cell_id":"892a847332fffff","h3_res":9,"building_count":82,"poi_count_sum":2,"conn_dist_median_ft":932.9074866081415,"total_crossings_mean":0.0,"clipped_area_frac":1.0,"clon":-79.960672,"clat":40.433284},"geometry":{"type":"Polygon","coordinates":[[[-79.95870751362924,40.434323360753865],[-79.9584170913471,40.432578640992574],[-79.9603819000752,40.431539404536714],[-79.96263717377455,40.432244811618844],[-79.96292774951674,40.43398951096988],[-79.96096289810225,40.43502882365164],[-79.95870751362924,40.434323360753865]]]}},{"type":"Feature","id":"892a8471593ffff","properties":{"cell_id":"892a8471593ffff","h3_res":9,"building_count":6,"poi_count_sum":10,"conn_dist_median_ft":2076.912339509256,"total_crossings_mean":1.0,"clipped_area_frac":1.0,"clon":-79.964893,"clat":40.43295},"geometry":{"type":"Polygon","coordinates":[[[-79.96292774951674,40.43398951096988],[-79.96263717377455,40.432244811618844],[-79.96460186988907,40.4312055098319],[-79.96685718441148,40.431910831169716],[-79.9671479136053,40.43365551009803],[-79.96518317482779,40.43469488811381],[-79.96292774951674,40.43398951096988]]]}},{"type":"Feature","id":"892a8471597ffff","properties":{"cell_id":"892a8471597ffff","h3_res":9,"building_count":6,"poi_count_sum":8,"conn_dist_median_ft":1482.9126586006935,"total_crossings_mean":0.0,"clipped_area_frac":1.0,"clon":-79.962347,"clat":40.4305},"geometry":{"type":"Polygon","coordinates":[[[-79.9603819000752,40.431539404536714],[-79.96009143326019,40.429794751479946],[-79.96205608670239,40.428755525917],[-79.96431124963462,40.42946087718939],[-79.96460186988907,40.4312055098319],[-79.96263717377455,40.432244811618844],[-79.9603819000752,40.431539404536714]]]}},{"type":"Feature","id":"892a8471583ffff","properties":{"cell_id":"892a8471583ffff","h3_res":9,"building_count":5,"poi_count_sum":4,"conn_dist_median_ft":1030.087786920159,"total_crossings_mean":0.2,"clipped_area_frac":0.9999999999999998,"clon":-79.966566,"clat":40.430166},"geometry":{"type":"Polygon","coordinates":[[[-79.96460186988907,40.4312055098319],[-79.96431124963462,40.42946087718939],[-79.96627579046888,40.428421586308865],[-79.96853099420919,40.42912685184648],[-79.96882176789464,40.43087146406224],[-79.96685718441148,40.431910831169716],[-79.96460186988907,40.4312055098319]]]}},{"type":"Feature","id":"892a84715c3ffff","properties":{"cell_id":"892a84715c3ffff","h3_res":9,"building_count":25,"poi_count_sum":30,"conn_dist_median_ft":914.7844632628402,"total_crossings_mean":0.0,"clipped_area_frac":1.0,"clon":-79.977552,"clat":40.431948},"geometry":{"type":"Polygon","coordinates":[[[-79.97558802620978,40.4329870551255],[-79.97529699013796,40.43124241708006],[-79.97726134830513,40.430202919363296],[-79.97951678513961,40.43090798345692],[-79.97980797463778,40.432652601042236],[-79.97784357387782,40.43369217499665],[-79.97558802620978,40.4329870551255]]]}},{"type":"Feature","id":"892a84715cbffff","properties":{"cell_id":"892a84715cbffff","h3_res":9,"building_count":172,"poi_count_sum":6,"conn_dist_median_ft":901.6564730568066,"total_crossings_mean":0.0,"clipped_area_frac":0.9999999999999998,"clon":-79.981772,"clat":40.431613},"geometry":{"type":"Polygon","coordinates":[[[-79.97980797463778,40.432652601042236],[-79.97951678513961,40.43090798345692],[-79.98148103062216,40.4298684204514],[-79.98373650817497,40.430573398793186],[-79.98402785109106,40.43231799590593],[-79.98206356303912,40.43335763515204],[-79.97980797463778,40.432652601042236]]]}},{"type":"Feature","id":"892a84714afffff","properties":{"cell_id":"892a84714afffff","h3_res":9,"building_count":74,"poi_count_sum":112,"conn_dist_median_ft":267.3431635367539,"total_crossings_mean":0.013513513513513514,"clipped_area_frac":1.0,"clon":-79.982646,"clat":40.436847},"geometry":{"type":"Polygon","coordinates":[[[-79.9806816722477,40.4378866797371],[-79.98039041818946,40.43614194918448],[-79.98235486153288,40.43510229898757],[-79.98461060151136,40.435807303098535],[-79.98490200902035,40.43755201317407],[-79.98293752310279,40.43859173961832],[-79.9806816722477,40.4378866797371]]]}},{"type":"Feature","id":"892a84714a7ffff","properties":{"cell_id":"892a84714a7ffff","h3_res":9,"building_count":61,"poi_count_sum":23,"conn_dist_median_ft":261.5177543235779,"total_crossings_mean":0.0,"clipped_area_frac":0.9999999999999998,"clon":-79.978426,"clat":40.437182},"geometry":{"type":"Polygon","coordinates":[[[-79.97646126347502,40.43822119520967],[-79.97617016287593,40.43647644419247],[-79.97813471893303,40.43543685930077],[-79.98039041818946,40.43614194918448],[-79.9806816722477,40.4378866797371],[-79.97871707359305,40.43892634087318],[-79.97646126347502,40.43822119520967]]]}},{"type":"Feature","id":"892a847336bffff","properties":{"cell_id":"892a847336bffff","h3_res":9,"building_count":64,"poi_count_sum":7,"conn_dist_median_ft":227.5472463821527,"total_crossings_mean":0.0,"clipped_area_frac":1.0,"clon":-79.974206,"clat":40.437516},"geometry":{"type":"Polygon","coordinates":[[[-79.97224078274623,40.438555559583094],[-79.97194983561475,40.43681078811375],[-79.97391450436777,40.43577126853788],[-79.97617016287593,40.43647644419247],[-79.97646126347502,40.43822119520967],[-79.97449655210103,40.43926079102701],[-79.97224078274623,40.438555559583094]]]}},{"type":"Feature","id":"892a84715d3ffff","properties":{"cell_id":"892a84715d3ffff","h3_res":9,"building_count":5,"poi_count_sum":0,"conn_dist_median_ft":2314.2338351575145,"total_crossings_mean":3.2,"clipped_area_frac":1.0,"clon":-79.975879,"clat":40.434732},"geometry":{"type":"Polygon","coordinates":[[[-79.97391450436777,40.43577126853788],[-79.97362351275953,40.43402656377762],[-79.97558802620978,40.4329870551255],[-79.97784357387782,40.43369217499665],[-79.97813471893303,40.43543685930077],[-79.97617016287593,40.43647644419247],[-79.97391450436777,40.43577126853788]]]}},{"type":"Feature","id":"892a847336fffff","properties":{"cell_id":"892a847336fffff","h3_res":9,"building_count":4,"poi_count_sum":6,"conn_dist_median_ft":978.909514751301,"total_crossings_mean":5.0,"clipped_area_frac":0.9999999999999998,"clon":-79.971659,"clat":40.435066},"geometry":{"type":"Polygon","coordinates":[[[-79.96969421788104,40.436105526690156],[-79.96940337972819,40.43436080148625],[-79.97136800585096,40.433321358147],[-79.97362351275953,40.43402656377762],[-79.97391450436777,40.43577126853788],[-79.97194983561475,40.43681078811375],[-79.96969421788104,40.436105526690156]]]}},{"type":"Feature","id":"892a8473367ffff","properties":{"cell_id":"892a8473367ffff","h3_res":9,"building_count":5,"poi_count_sum":2,"conn_dist_median_ft":3496.91576292372,"total_crossings_mean":2.6,"clipped_area_frac":1.0,"clon":-79.967439,"clat":40.4354},"geometry":{"type":"Polygon","coordinates":[[[-79.96547385951679,40.43643963374893],[-79.96518317482779,40.43469488811381],[-79.9671479136053,40.43365551009803],[-79.96940337972819,40.43436080148625],[-79.96969421788104,40.436105526690156],[-79.96772943644984,40.43714498093965],[-79.96547385951679,40.43643963374893]]]}},{"type":"Feature","id":"892a847332bffff","properties":{"cell_id":"892a847332bffff","h3_res":9,"building_count":78,"poi_count_sum":10,"conn_dist_median_ft":457.6380183374454,"total_crossings_mean":0.14102564102564102,"clipped_area_frac":1.0,"clon":-79.963218,"clat":40.435734},"geometry":{"type":"Polygon","coordinates":[[[-79.961253429319,40.43677358970548],[-79.96096289810225,40.43502882365164],[-79.96292774951674,40.43398951096988],[-79.96518317482779,40.43469488811381],[-79.96547385951679,40.43643963374893],[-79.9635089654252,40.437479022661435],[-79.961253429319,40.43677358970548]]]}},{"type":"Feature","id":"892a8473323ffff","properties":{"cell_id":"892a8473323ffff","h3_res":9,"building_count":103,"poi_count_sum":282,"conn_dist_median_ft":596.2852885680514,"total_crossings_mean":0.8446601941747572,"clipped_area_frac":1.0,"clon":-79.958998,"clat":40.436068},"geometry":{"type":"Polygon","coordinates":[[[-79.95703292733162,40.43710739455113],[-79.95674254959553,40.43536260809101],[-79.95870751362924,40.434323360753865],[-79.96096289810225,40.43502882365164],[-79.961253429319,40.43677358970548],[-79.9592884225848,40.43781291327042],[-79.95703292733162,40.43710739455113]]]}},{"type":"Feature","id":"892a8473363ffff","properties":{"cell_id":"892a8473363ffff","h3_res":9,"building_count":18,"poi_count_sum":2,"conn_dist_median_ft":1181.548885979375,"total_crossings_mean":0.0,"clipped_area_frac":1.0,"clon":-79.969985,"clat":40.43785},"geometry":{"type":"Polygon","coordinates":[[[-79.9680202301053,40.43888977284865],[-79.96772943644984,40.43714498093965],[-79.96969421788104,40.436105526690156],[-79.97194983561475,40.43681078811375],[-79.97224078274623,40.438555559583094],[-79.97027595867067,40.439595090071094],[-79.9680202301053,40.43888977284865]]]}},{"type":"Feature","id":"892a8473377ffff","properties":{"cell_id":"892a8473377ffff","h3_res":9,"building_count":47,"poi_count_sum":4,"conn_dist_median_ft":1691.626582399556,"total_crossings_mean":0.0,"clipped_area_frac":1.0,"clon":-79.965765,"clat":40.438184},"geometry":{"type":"Polygon","coordinates":[[[-79.96379960559622,40.439223834997634],[-79.9635089654252,40.437479022661435],[-79.96547385951679,40.43643963374893],[-79.96772943644984,40.43714498093965],[-79.9680202301053,40.43888977284865],[-79.96605529334596,40.43992923799673],[-79.96379960559622,40.439223834997634]]]}},{"type":"Feature","id":"892a847333bffff","properties":{"cell_id":"892a847333bffff","h3_res":9,"building_count":61,"poi_count_sum":82,"conn_dist_median_ft":1321.1485470385926,"total_crossings_mean":3.1475409836065573,"clipped_area_frac":1.0,"clon":-79.961544,"clat":40.438518},"geometry":{"type":"Polygon","coordinates":[[[-79.95957890926293,40.43955774602136],[-79.9592884225848,40.43781291327042],[-79.961253429319,40.43677358970548],[-79.9635089654252,40.437479022661435],[-79.96379960559622,40.439223834997634],[-79.96183455617083,40.44026323479522],[-79.95957890926293,40.43955774602136]]]}},{"type":"Feature","id":"892a8473307ffff","properties":{"cell_id":"892a8473307ffff","h3_res":9,"building_count":36,"poi_count_sum":718,"conn_dist_median_ft":2353.116011377784,"total_crossings_mean":7.166666666666667,"clipped_area_frac":1.0,"clon":-79.959869,"clat":40.441303},"geometry":{"type":"Polygon","coordinates":[[[-79.9579041893156,40.44234197990014],[-79.95761374718928,40.44059708045785],[-79.95957890926293,40.43955774602136],[-79.96183455617083,40.44026323479522],[-79.96212515181062,40.44200811382678],[-79.96015994703171,40.44304752449781],[-79.9579041893156,40.44234197990014]]]}},{"type":"Feature","id":"892a847330fffff","properties":{"cell_id":"892a847330fffff","h3_res":9,"building_count":116,"poi_count_sum":4,"conn_dist_median_ft":1612.7173306154411,"total_crossings_mean":0.21551724137931033,"clipped_area_frac":0.9999999999999998,"clon":-79.96409,"clat":40.440969},"geometry":{"type":"Polygon","coordinates":[[[-79.96212515181062,40.44200811382678],[-79.96183455617083,40.44026323479522],[-79.96379960559622,40.439223834997634],[-79.96605529334596,40.43992923799673],[-79.96634604249083,40.441674096605105],[-79.96438095038359,40.44271357264016],[-79.96212515181062,40.44200811382678]]]}},{"type":"Feature","id":"892a8473373ffff","properties":{"cell_id":"892a8473373ffff","h3_res":9,"building_count":95,"poi_count_sum":3,"conn_dist_median_ft":2141.697271134072,"total_crossings_mean":0.0,"clipped_area_frac":1.0,"clon":-79.968311,"clat":40.440635},"geometry":{"type":"Polygon","coordinates":[[[-79.96634604249083,40.441674096605105],[-79.96605529334596,40.43992923799673],[-79.9680202301053,40.43888977284865],[-79.97027595867067,40.439595090071094],[-79.97056686131221,40.4413399282438],[-79.96860188189441,40.4423794696323],[-79.96634604249083,40.441674096605105]]]}},{"type":"Feature","id":"892a847337bffff","properties":{"cell_id":"892a847337bffff","h3_res":9,"building_count":26,"poi_count_sum":2,"conn_dist_median_ft":1292.6528104691422,"total_crossings_mean":0.0,"clipped_area_frac":1.0,"clon":-79.972532,"clat":40.4403},"geometry":{"type":"Polygon","coordinates":[[[-79.97056686131221,40.4413399282438],[-79.97027595867067,40.439595090071094],[-79.97224078274623,40.438555559583094],[-79.97449655210103,40.43926079102701],[-79.97478760823078,40.44100560875158],[-79.97282274152022,40.44204521548295],[-79.97056686131221,40.4413399282438]]]}},{"type":"Feature","id":"892a84714b7ffff","properties":{"cell_id":"892a84714b7ffff","h3_res":9,"building_count":33,"poi_count_sum":3,"conn_dist_median_ft":2196.293479783074,"total_crossings_mean":0.0,"clipped_area_frac":1.0,"clon":-79.976752,"clat":40.439966},"geometry":{"type":"Polygon","coordinates":[[[-79.97478760823078,40.44100560875158],[-79.97449655210103,40.43926079102701],[-79.97646126347502,40.43822119520967],[-79.97871707359305,40.43892634087318],[-79.97900828320262,40.44067113813716],[-79.97704352921703,40.441710810200796],[-79.97478760823078,40.44100560875158]]]}},{"type":"Feature","id":"892a84714a3ffff","properties":{"cell_id":"892a84714a3ffff","h3_res":9,"building_count":56,"poi_count_sum":4,"conn_dist_median_ft":1044.8620947011889,"total_crossings_mean":0.0,"clipped_area_frac":1.0,"clon":-79.980973,"clat":40.439631},"geometry":{"type":"Polygon","coordinates":[[[-79.97900828320262,40.44067113813716],[-79.97871707359305,40.43892634087318],[-79.9806816722477,40.4378866797371],[-79.98293752310279,40.43859173961832],[-79.98322888618371,40.44033651640923],[-79.98126424494086,40.44137625379455],[-79.97900828320262,40.44067113813716]]]}},{"type":"Feature","id":"892a84714b3ffff","properties":{"cell_id":"892a84714b3ffff","h3_res":9,"building_count":57,"poi_count_sum":24,"conn_dist_median_ft":2369.039556808111,"total_crossings_mean":0.24561403508771928,"clipped_area_frac":1.0,"clon":-79.9793,"clat":40.442416},"geometry":{"type":"Polygon","coordinates":[[[-79.9773346943647,40.443455674170394],[-79.97704352921703,40.441710810200796],[-79.97900828320262,40.44067113813716],[-79.98126424494086,40.44137625379455],[-79.98155556358053,40.44312109729508],[-79.97959076699266,40.44416084560987],[-79.9773346943647,40.443455674170394]]]}},{"type":"Feature","id":"892a847334fffff","properties":{"cell_id":"892a847334fffff","h3_res":9,"building_count":43,"poi_count_sum":0,"conn_dist_median_ft":3088.188470731665,"total_crossings_mean":0.0,"clipped_area_frac":1.0,"clon":-79.975079,"clat":40.44275},"geometry":{"type":"Polygon","coordinates":[[[-79.97311375316747,40.44379009990916],[-79.97282274152022,40.44204521548295],[-79.97478760823078,40.44100560875158],[-79.97704352921703,40.441710810200796],[-79.9773346943647,40.443455674170394],[-79.97536978502842,40.444495357149975],[-79.97311375316747,40.44379009990916]]]}},{"type":"Feature","id":"892a8471487ffff","properties":{"cell_id":"892a8471487ffff","h3_res":9,"building_count":82,"poi_count_sum":29,"conn_dist_median_ft":2764.050560951332,"total_crossings_mean":1.5975609756097562,"clipped_area_frac":1.0,"clon":-79.981847,"clat":40.444866},"geometry":{"type":"Polygon","coordinates":[[[-79.97988204117787,40.44590575581431],[-79.97959076699266,40.44416084560987],[-79.98155556358053,40.44312109729508],[-79.98381167694927,40.44382618293133],[-79.98410310463868,40.445571072658225],[-79.98213826545785,40.446610897228986],[-79.97988204117787,40.44590575581431]]]}},{"type":"Feature","id":"892a847334bffff","properties":{"cell_id":"892a847334bffff","h3_res":9,"building_count":68,"poi_count_sum":28,"conn_dist_median_ft":3158.272179352837,"total_crossings_mean":1.8235294117647058,"clipped_area_frac":1.0,"clon":-79.977626,"clat":40.445201},"geometry":{"type":"Polygon","coordinates":[[[-79.975660905701,40.44624028781948],[-79.97536978502842,40.444495357149975],[-79.9773346943647,40.443455674170394],[-79.97959076699266,40.44416084560987],[-79.97988204117787,40.44590575581431],[-79.97791708922523,40.44694551504692],[-79.975660905701,40.44624028781948]]]}},{"type":"Feature","id":"892a8473343ffff","properties":{"cell_id":"892a8473343ffff","h3_res":9,"building_count":43,"poi_count_sum":14,"conn_dist_median_ft":3500.1980090890165,"total_crossings_mean":0.6744186046511628,"clipped_area_frac":1.0,"clon":-79.973405,"clat":40.445535},"geometry":{"type":"Polygon","coordinates":[[[-79.97143969825208,40.44657466866504],[-79.97114873110054,40.44482971754292],[-79.97311375316747,40.44379009990916],[-79.97536978502842,40.444495357149975],[-79.975660905701,40.44624028781948],[-79.97369584099431,40.44727998170336],[-79.97143969825208,40.44657466866504]]]}},{"type":"Feature","id":"892a8473347ffff","properties":{"cell_id":"892a8473347ffff","h3_res":9,"building_count":15,"poi_count_sum":7,"conn_dist_median_ft":3556.0297250913977,"total_crossings_mean":0.0,"clipped_area_frac":1.0,"clon":-79.970858,"clat":40.443085},"geometry":{"type":"Polygon","coordinates":[[[-79.9688927400328,40.44412437450266],[-79.96860188189441,40.4423794696323],[-79.97056686131221,40.4413399282438],[-79.97282274152022,40.44204521548295],[-79.97311375316747,40.44379009990916],[-79.97114873110054,40.44482971754292],[-79.9688927400328,40.44412437450266]]]}},{"type":"Feature","id":"892a847330bffff","properties":{"cell_id":"892a847330bffff","h3_res":9,"building_count":61,"poi_count_sum":10,"conn_dist_median_ft":2282.7349901277994,"total_crossings_mean":0.0,"clipped_area_frac":1.0,"clon":-79.966637,"clat":40.443419},"geometry":{"type":"Polygon","coordinates":[[[-79.96467165500468,40.444458497942165],[-79.96438095038359,40.44271357264016],[-79.96634604249083,40.441674096605105],[-79.96860188189441,40.4423794696323],[-79.9688927400328,40.44412437450266],[-79.96692760525302,40.445163926780026],[-79.96467165500468,40.444458497942165]]]}},{"type":"Feature","id":"892a8473357ffff","properties":{"cell_id":"892a8473357ffff","h3_res":9,"building_count":61,"poi_count_sum":6,"conn_dist_median_ft":4303.236585631794,"total_crossings_mean":1.360655737704918,"clipped_area_frac":1.0,"clon":-79.969184,"clat":40.445869},"geometry":{"type":"Polygon","coordinates":[[[-79.96721841887506,40.446908898342286],[-79.96692760525302,40.445163926780026],[-79.9688927400328,40.44412437450266],[-79.97114873110054,40.44482971754292],[-79.97143969825208,40.44657466866504],[-79.96947452080909,40.44761429718961],[-79.96721841887506,40.446908898342286]]]}},{"type":"Feature","id":"892a847331bffff","properties":{"cell_id":"892a847331bffff","h3_res":9,"building_count":12,"poi_count_sum":5,"conn_dist_median_ft":4625.439794327209,"total_crossings_mean":1.6666666666666667,"clipped_area_frac":1.0,"clon":-79.964962,"clat":40.446203},"geometry":{"type":"Polygon","coordinates":[[[-79.96299706761394,40.447242976842496],[-79.96270640752982,40.44549798485259],[-79.96467165500468,40.444458497942165],[-79.96692760525302,40.445163926780026],[-79.96721841887506,40.446908898342286],[-79.96525312871356,40.44794846149692],[-79.96299706761394,40.447242976842496]]]}},{"type":"Feature","id":"892a8473313ffff","properties":{"cell_id":"892a8473313ffff","h3_res":9,"building_count":36,"poi_count_sum":19,"conn_dist_median_ft":3880.6846694997193,"total_crossings_mean":4.611111111111111,"clipped_area_frac":1.0,"clon":-79.960741,"clat":40.446537},"geometry":{"type":"Polygon","coordinates":[[[-79.95877564451271,40.44757690415697],[-79.95848513797493,40.445831891751865],[-79.96045049812712,40.44479247021901],[-79.96270640752982,40.44549798485259],[-79.96299706761394,40.447242976842496],[-79.96103166475172,40.44828247461662],[-79.95877564451271,40.44757690415697]]]}},{"type":"Feature","id":"892a8473303ffff","properties":{"cell_id":"892a8473303ffff","h3_res":9,"building_count":6,"poi_count_sum":46,"conn_dist_median_ft":2586.1171967033456,"total_crossings_mean":0.0,"clipped_area_frac":0.9999999999999998,"clon":-79.962416,"clat":40.443753},"geometry":{"type":"Polygon","coordinates":[[[-79.96045049812712,40.44479247021901],[-79.96015994703171,40.44304752449781],[-79.96212515181062,40.44200811382678],[-79.96438095038359,40.44271357264016],[-79.96467165500468,40.444458497942165],[-79.96270640752982,40.44549798485259],[-79.96045049812712,40.44479247021901]]]}},{"type":"Feature","id":"892a8473333ffff","properties":{"cell_id":"892a8473333ffff","h3_res":9,"building_count":208,"poi_count_sum":41,"conn_dist_median_ft":1994.5287102136635,"total_crossings_mean":0.3269230769230769,"clipped_area_frac":1.0,"clon":-79.957323,"clat":40.438852},"geometry":{"type":"Polygon","coordinates":[[[-79.9553581411494,40.43989150591113],[-79.95506780797258,40.43814665275792],[-79.95703292733162,40.43710739455113],[-79.9592884225848,40.43781291327042],[-79.95957890926293,40.43955774602136],[-79.95761374718928,40.44059708045785],[-79.9553581411494,40.43989150591113]]]}},{"type":"Feature","id":"892a84733abffff","properties":{"cell_id":"892a84733abffff","h3_res":9,"building_count":55,"poi_count_sum":170,"conn_dist_median_ft":2253.6377553390566,"total_crossings_mean":3.3454545454545452,"clipped_area_frac":1.0,"clon":-79.955648,"clat":40.441636},"geometry":{"type":"Polygon","coordinates":[[[-79.9536831550497,40.442675694816515],[-79.95339286644531,40.440930774975946],[-79.9553581411494,40.43989150591113],[-79.95761374718928,40.44059708045785],[-79.9579041893156,40.44234197990014],[-79.9559388718828,40.44338132519656],[-79.9536831550497,40.442675694816515]]]}},{"type":"Feature","id":"892a84733afffff","properties":{"cell_id":"892a84733afffff","h3_res":9,"building_count":234,"poi_count_sum":28,"conn_dist_median_ft":2076.251001532013,"total_crossings_mean":0.02564102564102564,"clipped_area_frac":1.0,"clon":-79.953103,"clat":40.439186},"geometry":{"type":"Polygon","coordinates":[[[-79.95113730129967,40.440225114658254],[-79.95084712163252,40.43848024111524],[-79.95281235359863,40.437441048277165],[-79.95506780797258,40.43814665275792],[-79.9553581411494,40.43989150591113],[-79.95339286644531,40.440930774975946],[-79.95113730129967,40.440225114658254]]]}},{"type":"Feature","id":"892a84733a3ffff","properties":{"cell_id":"892a84733a3ffff","h3_res":9,"building_count":14,"poi_count_sum":19,"conn_dist_median_ft":1200.163738971978,"total_crossings_mean":1.4285714285714286,"clipped_area_frac":1.0,"clon":-79.951428,"clat":40.44197},"geometry":{"type":"Polygon","coordinates":[[[-79.94946204905692,40.443009258567166],[-79.94917191398288,40.44126431834083],[-79.95113730129967,40.440225114658254],[-79.95339286644531,40.440930774975946],[-79.9536831550497,40.442675694816515],[-79.9517177249808,40.443714974727726],[-79.94946204905692,40.443009258567166]]]}},{"type":"Feature","id":"892a84733a7ffff","properties":{"cell_id":"892a84733a7ffff","h3_res":9,"building_count":27,"poi_count_sum":2,"conn_dist_median_ft":3002.183015957012,"total_crossings_mean":3.0,"clipped_area_frac":1.0,"clon":-79.948882,"clat":40.439519},"geometry":{"type":"Polygon","coordinates":[[[-79.94691638975766,40.440558572254034],[-79.94662636360862,40.43881367833373],[-79.948591708164,40.43777455087494],[-79.95084712163252,40.43848024111524],[-79.95113730129967,40.440225114658254],[-79.94917191398288,40.44126431834083],[-79.94691638975766,40.440558572254034]]]}},{"type":"Feature","id":"892a84733b7ffff","properties":{"cell_id":"892a84733b7ffff","h3_res":9,"building_count":16,"poi_count_sum":22,"conn_dist_median_ft":2430.334320481289,"total_crossings_mean":2.0,"clipped_area_frac":1.0,"clon":-79.947206,"clat":40.442304},"geometry":{"type":"Polygon","coordinates":[[[-79.9452408713813,40.443342671143455],[-79.94495088984598,40.441597710543796],[-79.94691638975766,40.440558572254034],[-79.94917191398288,40.44126431834083],[-79.94946204905692,40.443009258567166],[-79.94749650636973,40.44404847308262],[-79.9452408713813,40.443342671143455]]]}},{"type":"Feature","id":"892a8473317ffff","properties":{"cell_id":"892a8473317ffff","h3_res":9,"building_count":20,"poi_count_sum":68,"conn_dist_median_ft":2754.786557298219,"total_crossings_mean":5.4,"clipped_area_frac":1.0,"clon":-79.958195,"clat":40.444087},"geometry":{"type":"Polygon","coordinates":[[[-79.95622926944405,40.44512629132449],[-79.9559388718828,40.44338132519656],[-79.9579041893156,40.44234197990014],[-79.96015994703171,40.44304752449781],[-79.96045049812712,40.44479247021901],[-79.95848513797493,40.445831891751865],[-79.95622926944405,40.44512629132449]]]}},{"type":"Feature","id":"892a84733bbffff","properties":{"cell_id":"892a84733bbffff","h3_res":9,"building_count":15,"poi_count_sum":78,"conn_dist_median_ft":1825.6152540000555,"total_crossings_mean":4.0,"clipped_area_frac":1.0,"clon":-79.953973,"clat":40.444421},"geometry":{"type":"Polygon","coordinates":[[[-79.95200796899952,40.44545996124992],[-79.9517177249808,40.443714974727726],[-79.9536831550497,40.442675694816515],[-79.9559388718828,40.44338132519656],[-79.95622926944405,40.44512629132449],[-79.95426379663236,40.44616564746919],[-79.95200796899952,40.44545996124992]]]}},{"type":"Feature","id":"892a84733b3ffff","properties":{"cell_id":"892a84733b3ffff","h3_res":9,"building_count":42,"poi_count_sum":87,"conn_dist_median_ft":158.04682250807863,"total_crossings_mean":0.09523809523809523,"clipped_area_frac":1.0,"clon":-79.949752,"clat":40.444754},"geometry":{"type":"Polygon","coordinates":[[[-79.9477865968375,40.445793479986584],[-79.94749650636973,40.44404847308262],[-79.94946204905692,40.443009258567166],[-79.9517177249808,40.443714974727726],[-79.95200796899952,40.44545996124992],[-79.9500423835461,40.44649925199588],[-79.9477865968375,40.445793479986584]]]}},{"type":"Feature","id":"892a847314fffff","properties":{"cell_id":"892a847314fffff","h3_res":9,"building_count":21,"poi_count_sum":15,"conn_dist_median_ft":763.4887326537787,"total_crossings_mean":1.5714285714285714,"clipped_area_frac":1.0,"clon":-79.945531,"clat":40.445088},"geometry":{"type":"Polygon","coordinates":[[[-79.943565153002,40.44612684752581],[-79.9432752160936,40.44438182025255],[-79.9452408713813,40.443342671143455],[-79.94749650636973,40.44404847308262],[-79.9477865968375,40.445793479986584],[-79.94582089876016,40.44683270532325],[-79.943565153002,40.44612684752581]]]}},{"type":"Feature","id":"892a847317bffff","properties":{"cell_id":"892a847317bffff","h3_res":9,"building_count":11,"poi_count_sum":70,"conn_dist_median_ft":1232.461800489677,"total_crossings_mean":0.0,"clipped_area_frac":1.0,"clon":-79.942985,"clat":40.442637},"geometry":{"type":"Polygon","coordinates":[[[-79.9410196220668,40.44367593253668],[-79.94072979407859,40.441930951576175],[-79.94269540656738,40.44089187868982],[-79.94495088984598,40.441597710543796],[-79.9452408713813,40.443342671143455],[-79.9432752160936,40.44438182025255],[-79.9410196220668,40.44367593253668]]]}},{"type":"Feature","id":"892a8473147ffff","properties":{"cell_id":"892a8473147ffff","h3_res":9,"building_count":42,"poi_count_sum":21,"conn_dist_median_ft":1296.9510640453564,"total_crossings_mean":0.2857142857142857,"clipped_area_frac":0.9999999999999998,"clon":-79.941309,"clat":40.445421},"geometry":{"type":"Polygon","coordinates":[[[-79.93934363753702,40.44646006385894],[-79.93905385419637,40.444715016228855],[-79.9410196220668,40.44367593253668],[-79.9432752160936,40.44438182025255],[-79.943565153002,40.44612684752581],[-79.94159934231854,40.44716600744261],[-79.93934363753702,40.44646006385894]]]}},{"type":"Feature","id":"892a8473173ffff","properties":{"cell_id":"892a8473173ffff","h3_res":9,"building_count":76,"poi_count_sum":11,"conn_dist_median_ft":392.085008507431,"total_crossings_mean":0.0,"clipped_area_frac":1.0,"clon":-79.938764,"clat":40.44297},"geometry":{"type":"Polygon","coordinates":[[[-79.93679830115742,40.44400904273819],[-79.93650862672474,40.44226404142933],[-79.93847435177283,40.441225033956925],[-79.94072979407859,40.441930951576175],[-79.9410196220668,40.44367593253668],[-79.93905385419637,40.444715016228855],[-79.93679830115742,40.44400904273819]]]}},{"type":"Feature","id":"892a847310bffff","properties":{"cell_id":"892a847310bffff","h3_res":9,"building_count":88,"poi_count_sum":1,"conn_dist_median_ft":1229.9695254386625,"total_crossings_mean":1.3636363636363635,"clipped_area_frac":0.9999999999999998,"clon":-79.937088,"clat":40.445754},"geometry":{"type":"Polygon","coordinates":[[[-79.9351220504866,40.446793128977305],[-79.9348324207221,40.44504806100287],[-79.93679830115742,40.44400904273819],[-79.93905385419637,40.444715016228855],[-79.93934363753702,40.44646006385894],[-79.93737771426524,40.44749915834529],[-79.9351220504866,40.446793128977305]]]}},{"type":"Feature","id":"892a8473103ffff","properties":{"cell_id":"892a8473103ffff","h3_res":9,"building_count":148,"poi_count_sum":0,"conn_dist_median_ft":2415.7853450757207,"total_crossings_mean":0.4594594594594595,"clipped_area_frac":1.0,"clon":-79.932866,"clat":40.446087},"geometry":{"type":"Polygon","coordinates":[[[-79.93090039189471,40.44712604287223],[-79.93061091571477,40.44538095456591],[-79.93257690869719,40.444342001739294],[-79.9348324207221,40.44504806100287],[-79.9351220504866,40.446793128977305],[-79.93315601464431,40.447832158022614],[-79.93090039189471,40.44712604287223]]]}},{"type":"Feature","id":"892a847310fffff","properties":{"cell_id":"892a847310fffff","h3_res":9,"building_count":136,"poi_count_sum":3,"conn_dist_median_ft":1669.515789049708,"total_crossings_mean":0.0,"clipped_area_frac":1.0,"clon":-79.934543,"clat":40.443303},"geometry":{"type":"Polygon","coordinates":[[[-79.93257690869719,40.444342001739294],[-79.93228738782842,40.44259698009455],[-79.93425322541799,40.44155803804668],[-79.93650862672474,40.44226404142933],[-79.93679830115742,40.44400904273819],[-79.9348324207221,40.44504806100287],[-79.93257690869719,40.444342001739294]]]}},{"type":"Feature","id":"892a8473177ffff","properties":{"cell_id":"892a8473177ffff","h3_res":9,"building_count":126,"poi_count_sum":0,"conn_dist_median_ft":415.897805889255,"total_crossings_mean":0.0,"clipped_area_frac":1.0,"clon":-79.936219,"clat":40.440519},"geometry":{"type":"Polygon","coordinates":[[[-79.93425322541799,40.44155803804668],[-79.93396365987365,40.43981308306924],[-79.93592934209009,40.438774151811764],[-79.93818463268519,40.4394800993194],[-79.93847435177283,40.441225033956925],[-79.93650862672474,40.44226404142933],[-79.93425322541799,40.44155803804668]]]}},{"type":"Feature","id":"892a847316bffff","properties":{"cell_id":"892a847316bffff","h3_res":9,"building_count":3,"poi_count_sum":10,"conn_dist_median_ft":3042.7320335726763,"total_crossings_mean":0.0,"clipped_area_frac":1.0,"clon":-79.944661,"clat":40.439853},"geometry":{"type":"Polygon","coordinates":[[[-79.94269540656738,40.44089187868982],[-79.94240553394485,40.43914696440465],[-79.94437099107172,40.43810790233574],[-79.94662636360862,40.43881367833373],[-79.94691638975766,40.440558572254034],[-79.94495088984598,40.441597710543796],[-79.94269540656738,40.44089187868982]]]}},{"type":"Feature","id":"892a8473163ffff","properties":{"cell_id":"892a8473163ffff","h3_res":9,"building_count":15,"poi_count_sum":2,"conn_dist_median_ft":1542.0499031499737,"total_crossings_mean":0.0,"clipped_area_frac":0.9999999999999998,"clon":-79.94044,"clat":40.440186},"geometry":{"type":"Polygon","coordinates":[[[-79.93847435177283,40.441225033956925],[-79.93818463268519,40.4394800993194],[-79.94015020236574,40.43844110265092],[-79.94240553394485,40.43914696440465],[-79.94269540656738,40.44089187868982],[-79.94072979407859,40.441930951576175],[-79.93847435177283,40.441225033956925]]]}},{"type":"Feature","id":"892a847312bffff","properties":{"cell_id":"892a847312bffff","h3_res":9,"building_count":81,"poi_count_sum":2,"conn_dist_median_ft":266.09678511637173,"total_crossings_mean":0.0,"clipped_area_frac":1.0,"clon":-79.933674,"clat":40.438068},"geometry":{"type":"Polygon","coordinates":[[[-79.93170841028875,40.43910704980967],[-79.93141895361312,40.43736214117383],[-79.93338459298865,40.436323286126424],[-79.93563973188338,40.43702926350737],[-79.93592934209009,40.438774151811764],[-79.93396365987365,40.43981308306924],[-79.93170841028875,40.43910704980967]]]}},{"type":"Feature","id":"892a8473167ffff","properties":{"cell_id":"892a8473167ffff","h3_res":9,"building_count":1,"poi_count_sum":1,"conn_dist_median_ft":2397.128497786479,"total_crossings_mean":0.0,"clipped_area_frac":1.0,"clon":-79.937895,"clat":40.437735},"geometry":{"type":"Polygon","coordinates":[[[-79.93592934209009,40.438774151811764],[-79.93563973188338,40.43702926350737],[-79.93760525874643,40.43599034305192],[-79.93986043863637,40.436696234690416],[-79.94015020236574,40.43844110265092],[-79.93818463268519,40.4394800993194],[-79.93592934209009,40.438774151811764]]]}},{"type":"Feature","id":"892a84706d3ffff","properties":{"cell_id":"892a84706d3ffff","h3_res":9,"building_count":5,"poi_count_sum":0,"conn_dist_median_ft":3471.0056549375972,"total_crossings_mean":10.4,"clipped_area_frac":1.0,"clon":-79.946336,"clat":40.437069},"geometry":{"type":"Polygon","coordinates":[[[-79.94437099107172,40.43810790233574],[-79.94408107382804,40.436363054731636],[-79.94604637561274,40.4353240034918],[-79.94830163741446,40.43602972363969],[-79.948591708164,40.43777455087494],[-79.94662636360862,40.43881367833373],[-79.94437099107172,40.43810790233574]]]}},{"type":"Feature","id":"892a8473337ffff","properties":{"cell_id":"892a8473337ffff","h3_res":9,"building_count":287,"poi_count_sum":42,"conn_dist_median_ft":981.346634322831,"total_crossings_mean":0.0,"clipped_area_frac":1.0,"clon":-79.954777,"clat":40.436402},"geometry":{"type":"Polygon","coordinates":[[[-79.95281235359863,40.437441048277165],[-79.9525221293516,40.43569624142326],[-79.95448720598677,40.43465705944133],[-79.95674254959553,40.43536260809101],[-79.95703292733162,40.43710739455113],[-79.95506780797258,40.43814665275792],[-79.95281235359863,40.437441048277165]]]}},{"type":"Feature","id":"892a84706dbffff","properties":{"cell_id":"892a84706dbffff","h3_res":9,"building_count":79,"poi_count_sum":3,"conn_dist_median_ft":1969.21648588383,"total_crossings_mean":0.0,"clipped_area_frac":1.0,"clon":-79.950557,"clat":40.436735},"geometry":{"type":"Polygon","coordinates":[[[-79.948591708164,40.43777455087494],[-79.94830163741446,40.43602972363969],[-79.95026682663327,40.43499060702351],[-79.9525221293516,40.43569624142326],[-79.95281235359863,40.437441048277165],[-79.95084712163252,40.43848024111524],[-79.948591708164,40.43777455087494]]]}},{"type":"Feature","id":"892a84706c3ffff","properties":{"cell_id":"892a84706c3ffff","h3_res":9,"building_count":1,"poi_count_sum":0,"conn_dist_median_ft":6315.183022289081,"total_crossings_mean":8.0,"clipped_area_frac":1.0,"clon":-79.948012,"clat":40.434285},"geometry":{"type":"Polygon","coordinates":[[[-79.94604637561274,40.4353240034918],[-79.94575641376117,40.433579222574494],[-79.94772156022337,40.432540182175366],[-79.94997671129643,40.43324584647907],[-79.95026682663327,40.43499060702351],[-79.94830163741446,40.43602972363969],[-79.94604637561274,40.4353240034918]]]}},{"type":"Feature","id":"892a8470693ffff","properties":{"cell_id":"892a8470693ffff","h3_res":9,"building_count":6,"poi_count_sum":0,"conn_dist_median_ft":1551.8671629010446,"total_crossings_mean":0.6666666666666666,"clipped_area_frac":1.0,"clon":-79.93535,"clat":40.435284},"geometry":{"type":"Polygon","coordinates":[[[-79.93338459298865,40.436323286126424],[-79.93309509164324,40.434578444165346],[-79.93506057567947,40.43353959991809],[-79.9373156038906,40.4342455214263],[-79.93760525874643,40.43599034305192],[-79.93563973188338,40.43702926350737],[-79.93338459298865,40.436323286126424]]]}},{"type":"Feature","id":"892a8470697ffff","properties":{"cell_id":"892a8470697ffff","h3_res":9,"building_count":109,"poi_count_sum":1,"conn_dist_median_ft":2728.3584282682305,"total_crossings_mean":0.01834862385321101,"clipped_area_frac":1.0,"clon":-79.932806,"clat":40.432834},"geometry":{"type":"Polygon","coordinates":[[[-79.93084010443846,40.433872436926116],[-79.93055071193471,40.43212764131853],[-79.93251615313484,40.43108887327461],[-79.9347710296775,40.4317948246375],[-79.93506057567947,40.43353959991809],[-79.93309509164324,40.434578444165346],[-79.93084010443846,40.433872436926116]]]}},{"type":"Feature","id":"892a847312fffff","properties":{"cell_id":"892a847312fffff","h3_res":9,"building_count":166,"poi_count_sum":1,"conn_dist_median_ft":1214.5297780180808,"total_crossings_mean":0.07228915662650602,"clipped_area_frac":1.0,"clon":-79.93113,"clat":40.435617},"geometry":{"type":"Polygon","coordinates":[[[-79.92916385573973,40.43665607805235],[-79.92887450791315,40.43491121576828],[-79.93084010443846,40.433872436926116],[-79.93309509164324,40.434578444165346],[-79.93338459298865,40.436323286126424],[-79.93141895361312,40.43736214117383],[-79.92916385573973,40.43665607805235]]]}},{"type":"Feature","id":"892a847045bffff","properties":{"cell_id":"892a847045bffff","h3_res":9,"building_count":166,"poi_count_sum":9,"conn_dist_median_ft":1920.2153228727593,"total_crossings_mean":2.2409638554216866,"clipped_area_frac":1.0,"clon":-79.928585,"clat":40.433166},"geometry":{"type":"Polygon","coordinates":[[[-79.92661956174089,40.43420512279993],[-79.92633032274375,40.432460306877836],[-79.92829587640958,40.43142160423603],[-79.93055071193471,40.43212764131853],[-79.93084010443846,40.433872436926116],[-79.92887450791315,40.43491121576828],[-79.92661956174089,40.43420512279993]]]}},{"type":"Feature","id":"892a8473127ffff","properties":{"cell_id":"892a8473127ffff","h3_res":9,"building_count":132,"poi_count_sum":1,"conn_dist_median_ft":983.1849248022714,"total_crossings_mean":0.36363636363636365,"clipped_area_frac":1.0,"clon":-79.926909,"clat":40.43595},"geometry":{"type":"Polygon","coordinates":[[[-79.9249430470437,40.43698871882102],[-79.92465385274431,40.43524383622647],[-79.92661956174089,40.43420512279993],[-79.92887450791315,40.43491121576828],[-79.92916385573973,40.43665607805235],[-79.92719810386954,40.43769486768114],[-79.9249430470437,40.43698871882102]]]}},{"type":"Feature","id":"892a8473123ffff","properties":{"cell_id":"892a8473123ffff","h3_res":9,"building_count":131,"poi_count_sum":3,"conn_dist_median_ft":560.26667571132,"total_crossings_mean":0.0,"clipped_area_frac":1.0,"clon":-79.929453,"clat":40.438401},"geometry":{"type":"Polygon","coordinates":[[[-79.92748740700573,40.439439796635945],[-79.92719810386954,40.43769486768114],[-79.92916385573973,40.43665607805235],[-79.93141895361312,40.43736214117383],[-79.93170841028875,40.43910704980967],[-79.92974261555423,40.440145915645566],[-79.92748740700573,40.439439796635945]]]}},{"type":"Feature","id":"892a84704cbffff","properties":{"cell_id":"892a84704cbffff","h3_res":9,"building_count":100,"poi_count_sum":136,"conn_dist_median_ft":423.2169202814723,"total_crossings_mean":0.09,"clipped_area_frac":0.9999999999999998,"clon":-79.922688,"clat":40.436283},"geometry":{"type":"Polygon","coordinates":[[[-79.92072216694454,40.43732120842381],[-79.92043312618073,40.43557630553122],[-79.9223989476308,40.434537657530896],[-79.92465385274431,40.43524383622647],[-79.9249430470437,40.43698871882102],[-79.92297718269663,40.43802744302063],[-79.92072216694454,40.43732120842381]]]}},{"type":"Feature","id":"892a8470453ffff","properties":{"cell_id":"892a8470453ffff","h3_res":9,"building_count":105,"poi_count_sum":96,"conn_dist_median_ft":390.01046348691324,"total_crossings_mean":1.4285714285714286,"clipped_area_frac":1.0,"clon":-79.924365,"clat":40.433499},"geometry":{"type":"Polygon","coordinates":[[[-79.9223989476308,40.434537657530896],[-79.9221098621486,40.432792821306755],[-79.92407552826232,40.43175418407763],[-79.92633032274375,40.432460306877836],[-79.92661956174089,40.43420512279993],[-79.92465385274431,40.43524383622647],[-79.9223989476308,40.434537657530896]]]}},{"type":"Feature","id":"892a84704cfffff","properties":{"cell_id":"892a84704cfffff","h3_res":9,"building_count":223,"poi_count_sum":6,"conn_dist_median_ft":377.93688152940973,"total_crossings_mean":0.0,"clipped_area_frac":1.0,"clon":-79.920144,"clat":40.433831},"geometry":{"type":"Polygon","coordinates":[[[-79.91817826215211,40.43487004111036],[-79.91788933019328,40.43312518459665],[-79.91985510873705,40.432086612790776],[-79.9221098621486,40.432792821306755],[-79.9223989476308,40.434537657530896],[-79.92043312618073,40.43557630553122],[-79.91817826215211,40.43487004111036]]]}},{"type":"Feature","id":"892a84704c3ffff","properties":{"cell_id":"892a84704c3ffff","h3_res":9,"building_count":149,"poi_count_sum":40,"conn_dist_median_ft":330.34956192515256,"total_crossings_mean":0.026845637583892617,"clipped_area_frac":0.9999999999999998,"clon":-79.918467,"clat":40.436615},"geometry":{"type":"Polygon","coordinates":[[[-79.91650121548625,40.43765354685207],[-79.91621232826643,40.435908623673924],[-79.91817826215211,40.43487004111036],[-79.92043312618073,40.43557630553122],[-79.92072216694454,40.43732120842381],[-79.91875619013842,40.43835986718369],[-79.91650121548625,40.43765354685207]]]}},{"type":"Feature","id":"892a84704c7ffff","properties":{"cell_id":"892a84704c7ffff","h3_res":9,"building_count":128,"poi_count_sum":4,"conn_dist_median_ft":1080.39105785557,"total_crossings_mean":1.0078125,"clipped_area_frac":0.9999999999999998,"clon":-79.915923,"clat":40.434164},"geometry":{"type":"Polygon","coordinates":[[[-79.91395750534888,40.4352022735297],[-79.91366872692174,40.43345739673887],[-79.91563461787776,40.43241889036679],[-79.91788933019328,40.43312518459665],[-79.91817826215211,40.43487004111036],[-79.91621232826643,40.435908623673924],[-79.91395750534888,40.4352022735297]]]}},{"type":"Feature","id":"892a847048bffff","properties":{"cell_id":"892a847048bffff","h3_res":9,"building_count":128,"poi_count_sum":0,"conn_dist_median_ft":1831.0734427167276,"total_crossings_mean":2.3203125,"clipped_area_frac":1.0,"clon":-79.911703,"clat":40.434496},"geometry":{"type":"Polygon","coordinates":[[[-79.90973667726506,40.43553435478025],[-79.90944805237801,40.4337894577248],[-79.91141405572847,40.43275101679708],[-79.91366872692174,40.43345739673887],[-79.91395750534888,40.4352022735297],[-79.91199145904534,40.436240790645925],[-79.90973667726506,40.43553435478025]]]}},{"type":"Feature","id":"892a84704d7ffff","properties":{"cell_id":"892a84704d7ffff","h3_res":9,"building_count":146,"poi_count_sum":1,"conn_dist_median_ft":1017.1014275426912,"total_crossings_mean":2.0136986301369864,"clipped_area_frac":1.0,"clon":-79.914246,"clat":40.436947},"geometry":{"type":"Polygon","coordinates":[[[-79.91228019271286,40.437985734097154],[-79.91199145904534,40.436240790645925],[-79.91395750534888,40.4352022735297],[-79.91621232826643,40.435908623673924],[-79.91650121548625,40.43765354685207],[-79.9145351262389,40.43869214016164],[-79.91228019271286,40.437985734097154]]]}},{"type":"Feature","id":"892a847049bffff","properties":{"cell_id":"892a847049bffff","h3_res":9,"building_count":67,"poi_count_sum":2,"conn_dist_median_ft":2223.2984127655054,"total_crossings_mean":2.91044776119403,"clipped_area_frac":1.0,"clon":-79.910025,"clat":40.437279},"geometry":{"type":"Polygon","coordinates":[[[-79.90805909866837,40.43831777015043],[-79.90777051856153,40.4365728064386],[-79.90973667726506,40.43553435478025],[-79.91199145904534,40.436240790645925],[-79.91228019271286,40.437985734097154],[-79.91031399104212,40.43902426194589],[-79.90805909866837,40.43831777015043]]]}},{"type":"Feature","id":"892a84704dbffff","properties":{"cell_id":"892a84704dbffff","h3_res":9,"building_count":141,"poi_count_sum":174,"conn_dist_median_ft":468.7619544681146,"total_crossings_mean":0.0,"clipped_area_frac":1.0,"clon":-79.921011,"clat":40.439066},"geometry":{"type":"Polygon","coordinates":[[[-79.91904518617059,40.440104836738996],[-79.91875619013842,40.43835986718369],[-79.92072216694454,40.43732120842381],[-79.92297718269663,40.43802744302063],[-79.92326633228501,40.43977239228193],[-79.92130031256775,40.440811127242995],[-79.91904518617059,40.440104836738996]]]}},{"type":"Feature","id":"892a84704d3ffff","properties":{"cell_id":"892a84704d3ffff","h3_res":9,"building_count":103,"poi_count_sum":18,"conn_dist_median_ft":548.341989879254,"total_crossings_mean":0.24271844660194175,"clipped_area_frac":0.9999999999999998,"clon":-79.91679,"clat":40.439399},"geometry":{"type":"Polygon","coordinates":[[[-79.91482396870651,40.4404371299985],[-79.9145351262389,40.43869214016164],[-79.91650121548625,40.43765354685207],[-79.91875619013842,40.43835986718369],[-79.91904518617059,40.440104836738996],[-79.91707905398872,40.441143506246796],[-79.91482396870651,40.4404371299985]]]}},{"type":"Feature","id":"892a8472267ffff","properties":{"cell_id":"892a8472267ffff","h3_res":9,"building_count":3,"poi_count_sum":0,"conn_dist_median_ft":3504.777390980342,"total_crossings_mean":2.0,"clipped_area_frac":0.9999999999999998,"clon":-79.908348,"clat":40.440063},"geometry":{"type":"Polygon","coordinates":[[[-79.90638131990542,40.441101262890214],[-79.90609278459205,40.43935623252775],[-79.90805909866837,40.43831777015043],[-79.91031399104212,40.43902426194589],[-79.91060267993679,40.44076927205178],[-79.90863632287912,40.44180781062138],[-79.90638131990542,40.441101262890214]]]}},{"type":"Feature","id":"892a8473137ffff","properties":{"cell_id":"892a8473137ffff","h3_res":9,"building_count":118,"poi_count_sum":14,"conn_dist_median_ft":1057.262018145263,"total_crossings_mean":0.0,"clipped_area_frac":1.0,"clon":-79.925232,"clat":40.438734},"geometry":{"type":"Polygon","coordinates":[[[-79.92326633228501,40.43977239228193],[-79.92297718269663,40.43802744302063],[-79.9249430470437,40.43698871882102],[-79.92719810386954,40.43769486768114],[-79.92748740700573,40.439439796635945],[-79.92552149977092,40.4404785970397],[-79.92326633228501,40.43977239228193]]]}},{"type":"Feature","id":"892a8473133ffff","properties":{"cell_id":"892a8473133ffff","h3_res":9,"building_count":165,"poi_count_sum":1,"conn_dist_median_ft":1602.4244336966392,"total_crossings_mean":0.0,"clipped_area_frac":0.9999999999999998,"clon":-79.927777,"clat":40.441185},"geometry":{"type":"Polygon","coordinates":[[[-79.92581075820353,40.44222359265951],[-79.92552149977092,40.4404785970397],[-79.92748740700573,40.439439796635945],[-79.92974261555423,40.440145915645566],[-79.93003202754689,40.44189089095044],[-79.92806607743364,40.4429297675632],[-79.92581075820353,40.44222359265951]]]}},{"type":"Feature","id":"892a847313bffff","properties":{"cell_id":"892a847313bffff","h3_res":9,"building_count":123,"poi_count_sum":1,"conn_dist_median_ft":961.1172890260001,"total_crossings_mean":0.0,"clipped_area_frac":1.0,"clon":-79.931998,"clat":40.440852},"geometry":{"type":"Polygon","coordinates":[[[-79.93003202754689,40.44189089095044],[-79.92974261555423,40.440145915645566],[-79.93170841028875,40.43910704980967],[-79.93396365987365,40.43981308306924],[-79.93425322541799,40.44155803804668],[-79.93228738782842,40.44259698009455],[-79.93003202754689,40.44189089095044]]]}},{"type":"Feature","id":"892a84731afffff","properties":{"cell_id":"892a84731afffff","h3_res":9,"building_count":220,"poi_count_sum":1,"conn_dist_median_ft":1267.451457522767,"total_crossings_mean":0.0,"clipped_area_frac":0.9999999999999998,"clon":-79.923556,"clat":40.441517},"geometry":{"type":"Polygon","coordinates":[[[-79.9215894174319,40.442556143165284],[-79.92130031256775,40.440811127242995],[-79.92326633228501,40.43977239228193],[-79.92552149977092,40.4404785970397],[-79.92581075820353,40.44222359265951],[-79.92384469558442,40.44326240382662],[-79.9215894174319,40.442556143165284]]]}},{"type":"Feature","id":"892a84731a7ffff","properties":{"cell_id":"892a84731a7ffff","h3_res":9,"building_count":138,"poi_count_sum":12,"conn_dist_median_ft":579.9522270316872,"total_crossings_mean":0.17391304347826086,"clipped_area_frac":1.0,"clon":-79.919334,"clat":40.44185},"geometry":{"type":"Polygon","coordinates":[[[-79.91736800527603,40.44288854245907],[-79.91707905398872,40.441143506246796],[-79.91904518617059,40.440104836738996],[-79.92130031256775,40.440811127242995],[-79.9215894174319,40.442556143165284],[-79.91962324232475,40.44359488887615],[-79.91736800527603,40.44288854245907]]]}},{"type":"Feature","id":"892a84731abffff","properties":{"cell_id":"892a84731abffff","h3_res":9,"building_count":149,"poi_count_sum":52,"conn_dist_median_ft":1743.3351426679496,"total_crossings_mean":1.7181208053691275,"clipped_area_frac":0.9999999999999998,"clon":-79.9261,"clat":40.443969},"geometry":{"type":"Polygon","coordinates":[[[-79.92413390930017,40.4450074661057],[-79.92384469558442,40.44326240382662],[-79.92581075820353,40.44222359265951],[-79.92806607743364,40.4429297675632],[-79.9283554447301,40.44467480953136],[-79.9263893392184,40.445713696909344],[-79.92413390930017,40.4450074661057]]]}},{"type":"Feature","id":"892a8473107ffff","properties":{"cell_id":"892a8473107ffff","h3_res":9,"building_count":156,"poi_count_sum":0,"conn_dist_median_ft":2273.190870767754,"total_crossings_mean":0.34615384615384615,"clipped_area_frac":0.9999999999999998,"clon":-79.930321,"clat":40.443636},"geometry":{"type":"Polygon","coordinates":[[[-79.9283554447301,40.44467480953136],[-79.92806607743364,40.4429297675632],[-79.93003202754689,40.44189089095044],[-79.93228738782842,40.44259698009455],[-79.93257690869719,40.444342001739294],[-79.93061091571477,40.44538095456591],[-79.9283554447301,40.44467480953136]]]}},{"type":"Feature","id":"892a8473117ffff","properties":{"cell_id":"892a8473117ffff","h3_res":9,"building_count":196,"poi_count_sum":2,"conn_dist_median_ft":2911.740248727633,"total_crossings_mean":1.586734693877551,"clipped_area_frac":1.0,"clon":-79.928645,"clat":40.44642},"geometry":{"type":"Polygon","coordinates":[[[-79.92667866180541,40.44745880553506],[-79.9263893392184,40.445713696909344],[-79.9283554447301,40.44467480953136],[-79.93061091571477,40.44538095456591],[-79.93090039189471,40.44712604287223],[-79.92893424349973,40.44816500646594],[-79.92667866180541,40.44745880553506]]]}},{"type":"Feature","id":"892a84731bbffff","properties":{"cell_id":"892a84731bbffff","h3_res":9,"building_count":51,"poi_count_sum":10,"conn_dist_median_ft":2372.2450128337746,"total_crossings_mean":2.392156862745098,"clipped_area_frac":1.0,"clon":-79.924423,"clat":40.446753},"geometry":{"type":"Polygon","coordinates":[[[-79.92245686026273,40.447791416957095],[-79.92216769127702,40.44604628802449],[-79.92413390930017,40.4450074661057],[-79.9263893392184,40.445713696909344],[-79.92667866180541,40.44745880553506],[-79.92471240087556,40.448497703666604],[-79.92245686026273,40.447791416957095]]]}},{"type":"Feature","id":"892a84731a3ffff","properties":{"cell_id":"892a84731a3ffff","h3_res":9,"building_count":95,"poi_count_sum":6,"conn_dist_median_ft":635.1100187784715,"total_crossings_mean":0.968421052631579,"clipped_area_frac":1.0,"clon":-79.921879,"clat":40.444301},"geometry":{"type":"Polygon","coordinates":[[[-79.91991230245144,40.44533997145368],[-79.91962324232475,40.44359488887615],[-79.9215894174319,40.442556143165284],[-79.92384469558442,40.44326240382662],[-79.92413390930017,40.4450074661057],[-79.92216769127702,40.44604628802449],[-79.91991230245144,40.44533997145368]]]}},{"type":"Feature","id":"892a84731b7ffff","properties":{"cell_id":"892a84731b7ffff","h3_res":9,"building_count":146,"poi_count_sum":10,"conn_dist_median_ft":1040.2486203122708,"total_crossings_mean":1.3082191780821917,"clipped_area_frac":1.0,"clon":-79.917657,"clat":40.444634},"geometry":{"type":"Polygon","coordinates":[[[-79.91569062422792,40.445672325566655],[-79.91540171769866,40.443927222703145],[-79.91736800527603,40.44288854245907],[-79.91962324232475,40.44359488887615],[-79.91991230245144,40.44533997145368],[-79.91794597193466,40.4463787279027],[-79.91569062422792,40.445672325566655]]]}},{"type":"Feature","id":"892a847226bffff","properties":{"cell_id":"892a847226bffff","h3_res":9,"building_count":209,"poi_count_sum":4,"conn_dist_median_ft":1702.7373278952384,"total_crossings_mean":1.0813397129186604,"clipped_area_frac":1.0,"clon":-79.915113,"clat":40.442182},"geometry":{"type":"Polygon","coordinates":[[[-79.91314652177996,40.44322079053225],[-79.91285772407782,40.44147573404247],[-79.91482396870651,40.4404371299985],[-79.91707905398872,40.441143506246796],[-79.91736800527603,40.44288854245907],[-79.91540171769866,40.443927222703145],[-79.91314652177996,40.44322079053225]]]}},{"type":"Feature","id":"892a847227bffff","properties":{"cell_id":"892a847227bffff","h3_res":9,"building_count":214,"poi_count_sum":1,"conn_dist_median_ft":2407.9454717139615,"total_crossings_mean":3.630841121495327,"clipped_area_frac":0.9999999999999998,"clon":-79.913435,"clat":40.444966},"geometry":{"type":"Polygon","coordinates":[[[-79.91146887467364,40.446004528435985],[-79.9111801217502,40.44425940529898],[-79.91314652177996,40.44322079053225],[-79.91540171769866,40.443927222703145],[-79.91569062422792,40.445672325566655],[-79.91372418123532,40.446711016535346],[-79.91146887467364,40.446004528435985]]]}},{"type":"Feature","id":"892a84731b3ffff","properties":{"cell_id":"892a84731b3ffff","h3_res":9,"building_count":129,"poi_count_sum":0,"conn_dist_median_ft":1204.5377485742194,"total_crossings_mean":0.10077519379844961,"clipped_area_frac":1.0,"clon":-79.920201,"clat":40.447085},"geometry":{"type":"Polygon","coordinates":[[[-79.91823498731067,40.448123877129746],[-79.91794597193466,40.4463787279027],[-79.91991230245144,40.44533997145368],[-79.92216769127702,40.44604628802449],[-79.92245686026273,40.447791416957095],[-79.92049048681581,40.448830249615916],[-79.91823498731067,40.448123877129746]]]}},{"type":"Feature","id":"892a8472273ffff","properties":{"cell_id":"892a8472273ffff","h3_res":9,"building_count":97,"poi_count_sum":0,"conn_dist_median_ft":4160.905248798824,"total_crossings_mean":8.917525773195877,"clipped_area_frac":0.9999999999999998,"clon":-79.909214,"clat":40.445298},"geometry":{"type":"Polygon","coordinates":[[[-79.90724705383263,40.446336580053014],[-79.90695845452338,40.44459143665502],[-79.90892496698768,40.4435528873762],[-79.9111801217502,40.44425940529898],[-79.91146887467364,40.446004528435985],[-79.90950231922308,40.447043153913775],[-79.90724705383263,40.446336580053014]]]}},{"type":"Feature","id":"892a8472263ffff","properties":{"cell_id":"892a8472263ffff","h3_res":9,"building_count":23,"poi_count_sum":2,"conn_dist_median_ft":1986.9455123876223,"total_crossings_mean":0.0,"clipped_area_frac":1.0,"clon":-79.910891,"clat":40.442514},"geometry":{"type":"Polygon","coordinates":[[[-79.90892496698768,40.4435528873762],[-79.90863632287912,40.44180781062138],[-79.91060267993679,40.44076927205178],[-79.91285772407782,40.44147573404247],[-79.91314652177996,40.44322079053225],[-79.9111801217502,40.44425940529898],[-79.90892496698768,40.4435528873762]]]}},{"type":"Feature","id":"892a847226fffff","properties":{"cell_id":"892a847226fffff","h3_res":9,"building_count":5,"poi_count_sum":0,"conn_dist_median_ft":1279.827093275539,"total_crossings_mean":0.0,"clipped_area_frac":1.0,"clon":-79.912569,"clat":40.439731},"geometry":{"type":"Polygon","coordinates":[[[-79.91060267993679,40.44076927205178],[-79.91031399104212,40.43902426194589],[-79.91228019271286,40.437985734097154],[-79.9145351262389,40.43869214016164],[-79.91482396870651,40.4404371299985],[-79.91285772407782,40.44147573404247],[-79.91060267993679,40.44076927205178]]]}},{"type":"Feature","id":"892a847222bffff","properties":{"cell_id":"892a847222bffff","h3_res":9,"building_count":2,"poi_count_sum":1,"conn_dist_median_ft":5910.978496367865,"total_crossings_mean":3.0,"clipped_area_frac":1.0,"clon":-79.904126,"clat":40.440395},"geometry":{"type":"Polygon","coordinates":[[[-79.90215988865644,40.4414331025052],[-79.90187150693272,40.439688051898635],[-79.9038379333968,40.43864965500326],[-79.90609278459205,40.43935623252775],[-79.90638131990542,40.441101262890214],[-79.9044148504366,40.44213973597488],[-79.90215988865644,40.4414331025052]]]}},{"type":"Feature","id":"892a8472223ffff","properties":{"cell_id":"892a8472223ffff","h3_res":9,"building_count":54,"poi_count_sum":3,"conn_dist_median_ft":392.46275793914117,"total_crossings_mean":0.0,"clipped_area_frac":1.0,"clon":-79.899905,"clat":40.440726},"geometry":{"type":"Polygon","coordinates":[[[-79.8979383862339,40.44176479088808],[-79.89765015810818,40.440019720049904],[-79.89961669694216,40.43898138864704],[-79.90187150693272,40.439688051898635],[-79.90215988865644,40.4414331025052],[-79.90019330679429,40.44247151009437],[-79.8979383862339,40.44176479088808]]]}},{"type":"Feature","id":"892a8472237ffff","properties":{"cell_id":"892a8472237ffff","h3_res":9,"building_count":260,"poi_count_sum":4,"conn_dist_median_ft":787.1944246556344,"total_crossings_mean":0.0,"clipped_area_frac":0.8429740949244936,"clon":-79.895684,"clat":40.441058},"geometry":{"type":"Polygon","coordinates":[[[-79.89539538934848,40.43931297107313],[-79.89765015810818,40.440019720049904],[-79.8979383862339,40.44176479088808],[-79.89597169199628,40.442803132971214],[-79.89410618878956,40.442218380219515],[-79.894169,40.441929],[-79.894172,40.441916],[-79.894231,40.441638],[-79.894242,40.44161],[-79.894257,40.441562],[-79.894279,40.441484],[-79.894336,40.44129],[-79.894344,40.441253],[-79.894363,40.441175],[-79.894394,40.441041],[-79.89449,40.440638],[-79.894522,40.440505],[-79.894554,40.44037],[-79.894649,40.439965],[-79.894682,40.439831],[-79.894706,40.439726],[-79.89471925721968,40.43966992554379],[-79.89539538934848,40.43931297107313]]]}},{"type":"Feature","id":"892a8472233ffff","properties":{"cell_id":"892a8472233ffff","h3_res":9,"building_count":117,"poi_count_sum":3,"conn_dist_median_ft":515.9314484368092,"total_crossings_mean":1.0512820512820513,"clipped_area_frac":1.0,"clon":-79.898227,"clat":40.44351},"geometry":{"type":"Polygon","coordinates":[[[-79.89625987527408,40.44454827044624],[-79.89597169199628,40.442803132971214],[-79.8979383862339,40.44176479088808],[-79.90019330679429,40.44247151009437],[-79.90048164369072,40.44421662734181],[-79.8985149064108,40.44525504561313],[-79.89625987527408,40.44454827044624]]]}},{"type":"Feature","id":"892a8472277ffff","properties":{"cell_id":"892a8472277ffff","h3_res":9,"building_count":6,"poi_count_sum":0,"conn_dist_median_ft":4941.245320022843,"total_crossings_mean":7.666666666666667,"clipped_area_frac":1.0,"clon":-79.90667,"clat":40.442846},"geometry":{"type":"Polygon","coordinates":[[[-79.90470334094326,40.443884832982256],[-79.9044148504366,40.44213973597488],[-79.90638131990542,40.441101262890214],[-79.90863632287912,40.44180781062138],[-79.90892496698768,40.4435528873762],[-79.90695845452338,40.44459143665502],[-79.90470334094326,40.443884832982256]]]}},{"type":"Feature","id":"892a847220fffff","properties":{"cell_id":"892a847220fffff","h3_res":9,"building_count":108,"poi_count_sum":5,"conn_dist_median_ft":4097.794355615491,"total_crossings_mean":3.4537037037037037,"clipped_area_frac":1.0,"clon":-79.904992,"clat":40.44563},"geometry":{"type":"Polygon","coordinates":[[[-79.90302516174896,40.44666848040913],[-79.90273671606222,40.44492331676261],[-79.90470334094326,40.443884832982256],[-79.90695845452338,40.44459143665502],[-79.90724705383263,40.446336580053014],[-79.90528038594195,40.44737514002937],[-79.90302516174896,40.44666848040913]]]}},{"type":"Feature","id":"892a8472207ffff","properties":{"cell_id":"892a8472207ffff","h3_res":9,"building_count":96,"poi_count_sum":4,"conn_dist_median_ft":2304.125687601669,"total_crossings_mean":3.625,"clipped_area_frac":0.9999999999999998,"clon":-79.90077,"clat":40.445962},"geometry":{"type":"Polygon","coordinates":[[[-79.89880319846665,40.44700022949569],[-79.8985149064108,40.44525504561313],[-79.90048164369072,40.44421662734181],[-79.90273671606222,40.44492331676261],[-79.90302516174896,40.44666848040913],[-79.90105838143599,40.44770697487349],[-79.89880319846665,40.44700022949569]]]}},{"type":"Feature","id":"892a84722abffff","properties":{"cell_id":"892a84722abffff","h3_res":9,"building_count":138,"poi_count_sum":18,"conn_dist_median_ft":566.8439056139766,"total_crossings_mean":0.6521739130434783,"clipped_area_frac":1.0,"clon":-79.896548,"clat":40.446293},"geometry":{"type":"Polygon","coordinates":[[[-79.89458116402974,40.4473318273041],[-79.89429302561312,40.44558662319797],[-79.89625987527408,40.44454827044624],[-79.8985149064108,40.44525504561313],[-79.89880319846665,40.44700022949569],[-79.89683630574923,40.448038658437504],[-79.89458116402974,40.4473318273041]]]}},{"type":"Feature","id":"892a84722afffff","properties":{"cell_id":"892a84722afffff","h3_res":9,"building_count":127,"poi_count_sum":1,"conn_dist_median_ft":622.6179744522237,"total_crossings_mean":0.0,"clipped_area_frac":0.5689607199968852,"clon":-79.894005,"clat":40.443841},"geometry":{"type":"Polygon","coordinates":[[[-79.89597169199628,40.442803132971214],[-79.89625987527408,40.44454827044624],[-79.89429302561312,40.44558662319797],[-79.89345795363494,40.445324857171585],[-79.893578,40.444659],[-79.893584,40.444589],[-79.893751,40.443837],[-79.893782,40.443723],[-79.893841,40.443445],[-79.893923,40.443066],[-79.893999,40.442718],[-79.894005,40.442689],[-79.894085,40.442316],[-79.89410618878956,40.442218380219515],[-79.89597169199628,40.442803132971214]]]}},{"type":"Feature","id":"892a84722a3ffff","properties":{"cell_id":"892a84722a3ffff","h3_res":9,"building_count":29,"poi_count_sum":15,"conn_dist_median_ft":530.7349820589696,"total_crossings_mean":0.0,"clipped_area_frac":0.259496029876086,"clon":-79.892326,"clat":40.446625},"geometry":{"type":"Polygon","coordinates":[[[-79.89429302561312,40.44558662319797],[-79.89458116402974,40.4473318273041],[-79.8928599634337,40.44824043283559],[-79.892996,40.447589],[-79.893015,40.447504],[-79.893021,40.447476],[-79.893148,40.446917],[-79.893163,40.44685],[-79.893225,40.446494],[-79.893242,40.446404],[-79.893338,40.445991],[-79.893428,40.445491],[-79.89345795363494,40.445324857171585],[-79.89429302561312,40.44558662319797]]]}},{"type":"Feature","id":"892a8472353ffff","properties":{"cell_id":"892a8472353ffff","h3_res":9,"building_count":75,"poi_count_sum":1,"conn_dist_median_ft":353.4946288895525,"total_crossings_mean":0.0,"clipped_area_frac":0.335954407342308,"clon":-79.894819,"clat":40.435823},"geometry":{"type":"Polygon","coordinates":[[[-79.89678560155363,40.43478473365854],[-79.89707376577037,40.43652969143298],[-79.89510726997379,40.4375679466544],[-79.89506458607516,40.437554566079264],[-79.895068,40.43754],[-79.895142,40.437192],[-79.895211,40.436875],[-79.895224,40.436803],[-79.895377,40.43598],[-79.895395,40.435888],[-79.895568,40.434962],[-79.89568360617344,40.43443928987835],[-79.89678560155363,40.43478473365854]]]}},{"type":"Feature","id":"892a8472227ffff","properties":{"cell_id":"892a8472227ffff","h3_res":9,"building_count":128,"poi_count_sum":11,"conn_dist_median_ft":459.25517523295525,"total_crossings_mean":0.0,"clipped_area_frac":1.0,"clon":-79.897362,"clat":40.438275},"geometry":{"type":"Polygon","coordinates":[[[-79.89539538934848,40.43931297107313],[-79.89510726997379,40.4375679466544],[-79.89707376577037,40.43652969143298],[-79.89932842398174,40.43723638445145],[-79.89961669694216,40.43898138864704],[-79.89765015810818,40.440019720049904],[-79.89539538934848,40.43931297107313]]]}},{"type":"Feature","id":"892a84723cbffff","properties":{"cell_id":"892a84723cbffff","h3_res":9,"building_count":30,"poi_count_sum":0,"conn_dist_median_ft":849.042581423917,"total_crossings_mean":0.0,"clipped_area_frac":0.06123842936222559,"clon":-79.893141,"clat":40.438606},"geometry":{"type":"Polygon","coordinates":[[[-79.89510726997379,40.4375679466544],[-79.89539538934848,40.43931297107313],[-79.89471925721968,40.43966992554379],[-79.89478,40.439413],[-79.894806,40.439309],[-79.894827,40.439215],[-79.894892,40.438935],[-79.894915,40.438842],[-79.894907,40.438817],[-79.894886,40.438743],[-79.894879,40.438719],[-79.894842,40.438647],[-79.894864,40.438534],[-79.895027,40.437746],[-79.895039,40.437685],[-79.895038,40.437668],[-79.89506458607516,40.437554566079264],[-79.89510726997379,40.4375679466544]]]}},{"type":"Feature","id":"892a8470493ffff","properties":{"cell_id":"892a8470493ffff","h3_res":9,"building_count":4,"poi_count_sum":1,"conn_dist_median_ft":2830.8618424461065,"total_crossings_mean":3.0,"clipped_area_frac":1.0,"clon":-79.905804,"clat":40.437611},"geometry":{"type":"Polygon","coordinates":[[[-79.9038379333968,40.43864965500326],[-79.903549506859,40.436904671043315],[-79.90551577794471,40.43586628485339],[-79.90777051856153,40.4365728064386],[-79.90805909866837,40.43831777015043],[-79.90609278459205,40.43935623252775],[-79.9038379333968,40.43864965500326]]]}},{"type":"Feature","id":"892a8470483ffff","properties":{"cell_id":"892a8470483ffff","h3_res":9,"building_count":1,"poi_count_sum":2,"conn_dist_median_ft":2633.0296896782415,"total_crossings_mean":3.0,"clipped_area_frac":1.0,"clon":-79.907482,"clat":40.434828},"geometry":{"type":"Polygon","coordinates":[[[-79.90551577794471,40.43586628485339],[-79.90522730660606,40.43412136754581],[-79.90719342233315,40.433082992072976],[-79.90944805237801,40.4337894577248],[-79.90973667726506,40.43553435478025],[-79.90777051856153,40.4365728064386],[-79.90551577794471,40.43586628485339]]]}},{"type":"Feature","id":"892a847235bffff","properties":{"cell_id":"892a847235bffff","h3_res":9,"building_count":35,"poi_count_sum":0,"conn_dist_median_ft":573.0092221968423,"total_crossings_mean":0.0,"clipped_area_frac":1.0,"clon":-79.89904,"clat":40.435491},"geometry":{"type":"Polygon","coordinates":[[[-79.89707376577037,40.43652969143298],[-79.89678560155363,40.43478473365854],[-79.89875194198044,40.43374648912717],[-79.90100648964994,40.434453126193254],[-79.90129480743181,40.436198063740505],[-79.89932842398174,40.43723638445145],[-79.89707376577037,40.43652969143298]]]}},{"type":"Feature","id":"892a8472343ffff","properties":{"cell_id":"892a8472343ffff","h3_res":9,"building_count":149,"poi_count_sum":0,"conn_dist_median_ft":1603.8765036755588,"total_crossings_mean":0.0,"clipped_area_frac":0.6388447039143568,"clon":-79.896497,"clat":40.43304},"geometry":{"type":"Polygon","coordinates":[[[-79.89846373293487,40.43200159800278],[-79.89875194198044,40.43374648912717],[-79.89678560155363,40.43478473365854],[-79.89568360617344,40.43443928987835],[-79.895731,40.434225],[-79.895808,40.433858],[-79.895879,40.433566],[-79.89603,40.432888],[-79.896178,40.432219],[-79.896244,40.431925],[-79.896328,40.431548],[-79.89637312705548,40.43134627309631],[-79.89846373293487,40.43200159800278]]]}},{"type":"Feature","id":"892a847234fffff","properties":{"cell_id":"892a847234fffff","h3_res":9,"building_count":172,"poi_count_sum":1,"conn_dist_median_ft":3342.688892425956,"total_crossings_mean":0.0,"clipped_area_frac":0.9015267809148496,"clon":-79.898176,"clat":40.430257},"geometry":{"type":"Polygon","coordinates":[[[-79.89788737874217,40.428511928840216],[-79.90014166415047,40.42921853970449],[-79.90042991801162,40.4309633641731],[-79.89846373293487,40.43200159800278],[-79.89637312705548,40.43134627309631],[-79.896479,40.430873],[-79.896597,40.430345],[-79.896628,40.430205],[-79.896643,40.430135],[-79.896737,40.429653],[-79.896762,40.429521],[-79.896796,40.429348],[-79.89685253517341,40.42905834448194],[-79.89788737874217,40.428511928840216]]]}},{"type":"Feature","id":"892a847237bffff","properties":{"cell_id":"892a847237bffff","h3_res":9,"building_count":19,"poi_count_sum":0,"conn_dist_median_ft":3844.9545031570806,"total_crossings_mean":0.0,"clipped_area_frac":0.4976089588734618,"clon":-79.895633,"clat":40.427805},"geometry":{"type":"Polygon","coordinates":[[[-79.89759923359033,40.42676715080635],[-79.89788737874217,40.428511928840216],[-79.89685253517341,40.42905834448194],[-79.896877,40.428933],[-79.896898,40.428823],[-79.896902,40.428799],[-79.896928,40.42867],[-79.897012,40.428239],[-79.897029,40.428132],[-79.897063,40.427913],[-79.897083,40.427785],[-79.897111,40.427609],[-79.896629,40.427511],[-79.895096,40.428166],[-79.894846,40.427826],[-79.894714,40.427645],[-79.894251,40.427015],[-79.893827,40.426931],[-79.893762,40.426922],[-79.89373,40.426979],[-79.89343311181233,40.4274264230434],[-79.89337900086667,40.427098591701295],[-79.8953401892031,40.426063103012076],[-79.89540077604121,40.42607796393463],[-79.89759923359033,40.42676715080635]]]}},{"type":"Feature","id":"892a84704b7ffff","properties":{"cell_id":"892a84704b7ffff","h3_res":9,"building_count":11,"poi_count_sum":0,"conn_dist_median_ft":3933.673812496071,"total_crossings_mean":0.0,"clipped_area_frac":1.0,"clon":-79.899853,"clat":40.427474},"geometry":{"type":"Polygon","coordinates":[[[-79.89788737874217,40.428511928840216],[-79.89759923359033,40.42676715080635],[-79.89956522033248,40.42572900386097],[-79.90181939523336,40.42643555878107],[-79.90210769389685,40.42818031658815],[-79.90014166415047,40.42921853970449],[-79.89788737874217,40.428511928840216]]]}},{"type":"Feature","id":"892a847234bffff","properties":{"cell_id":"892a847234bffff","h3_res":9,"building_count":3,"poi_count_sum":0,"conn_dist_median_ft":2298.293438459121,"total_crossings_mean":0.0,"clipped_area_frac":1.0,"clon":-79.900718,"clat":40.432708},"geometry":{"type":"Polygon","coordinates":[[[-79.89875194198044,40.43374648912717],[-79.89846373293487,40.43200159800278],[-79.90042991801162,40.4309633641731],[-79.90268435514571,40.43166994529271],[-79.9029727177358,40.433414816185895],[-79.90100648964994,40.434453126193254],[-79.89875194198044,40.43374648912717]]]}},{"type":"Feature","id":"892a8470413ffff","properties":{"cell_id":"892a8470413ffff","h3_res":9,"building_count":57,"poi_count_sum":3,"conn_dist_median_ft":1298.8660081651656,"total_crossings_mean":0.0,"clipped_area_frac":1.0,"clon":-79.91338,"clat":40.431713},"geometry":{"type":"Polygon","coordinates":[[[-79.91141405572847,40.43275101679708],[-79.9111253860744,40.43100618640376],[-79.9130912340915,40.429967756218296],[-79.91534579470425,40.43067408024211],[-79.91563461787776,40.43241889036679],[-79.91366872692174,40.43345739673887],[-79.91141405572847,40.43275101679708]]]}},{"type":"Feature","id":"892a847041bffff","properties":{"cell_id":"892a847041bffff","h3_res":9,"building_count":264,"poi_count_sum":4,"conn_dist_median_ft":535.6930739715248,"total_crossings_mean":0.0,"clipped_area_frac":1.0,"clon":-79.9176,"clat":40.43138},"geometry":{"type":"Polygon","coordinates":[[[-79.91563461787776,40.43241889036679],[-79.91534579470425,40.43067408024211],[-79.91731153033247,40.42963558462583],[-79.91956613205244,40.430341822947206],[-79.91985510873705,40.432086612790776],[-79.91788933019328,40.43312518459665],[-79.91563461787776,40.43241889036679]]]}},{"type":"Feature","id":"892a8470457ffff","properties":{"cell_id":"892a8470457ffff","h3_res":9,"building_count":205,"poi_count_sum":55,"conn_dist_median_ft":444.18068010701745,"total_crossings_mean":0.18048780487804877,"clipped_area_frac":1.0,"clon":-79.921821,"clat":40.431048},"geometry":{"type":"Polygon","coordinates":[[[-79.91985510873705,40.432086612790776],[-79.91956613205244,40.430341822947206],[-79.92153175527397,40.42930326191065],[-79.92378639807497,40.430009414527674],[-79.92407552826232,40.43175418407763],[-79.9221098621486,40.432792821306755],[-79.91985510873705,40.432086612790776]]]}},{"type":"Feature","id":"892a847044bffff","properties":{"cell_id":"892a847044bffff","h3_res":9,"building_count":135,"poi_count_sum":0,"conn_dist_median_ft":2268.3424730665847,"total_crossings_mean":0.1037037037037037,"clipped_area_frac":1.0,"clon":-79.930261,"clat":40.430383},"geometry":{"type":"Polygon","coordinates":[[[-79.92829587640958,40.43142160423603],[-79.92800659272787,40.429676854992124],[-79.92997199108264,40.42863816314669],[-79.93222671596716,40.42934414434924],[-79.93251615313484,40.43108887327461],[-79.93055071193471,40.43212764131853],[-79.92829587640958,40.43142160423603]]]}},{"type":"Feature","id":"892a8470443ffff","properties":{"cell_id":"892a8470443ffff","h3_res":9,"building_count":168,"poi_count_sum":5,"conn_dist_median_ft":1482.8015291958222,"total_crossings_mean":0.0,"clipped_area_frac":1.0,"clon":-79.926041,"clat":40.430716},"geometry":{"type":"Polygon","coordinates":[[[-79.92407552826232,40.43175418407763],[-79.92378639807497,40.430009414527674],[-79.92575190887202,40.428970788081386],[-79.92800659272787,40.429676854992124],[-79.92829587640958,40.43142160423603],[-79.92633032274375,40.432460306877836],[-79.92407552826232,40.43175418407763]]]}},{"type":"Feature","id":"892a847044fffff","properties":{"cell_id":"892a847044fffff","h3_res":9,"building_count":66,"poi_count_sum":4,"conn_dist_median_ft":1118.4424959474754,"total_crossings_mean":0.696969696969697,"clipped_area_frac":1.0,"clon":-79.927717,"clat":40.427932},"geometry":{"type":"Polygon","coordinates":[[[-79.92575190887202,40.428970788081386],[-79.92546273399272,40.42722608521134],[-79.92742808949285,40.42618746955952],[-79.92968266272959,40.42689348058671],[-79.92997199108264,40.42863816314669],[-79.92800659272787,40.429676854992124],[-79.92575190887202,40.428970788081386]]]}},{"type":"Feature","id":"892a84706b3ffff","properties":{"cell_id":"892a84706b3ffff","h3_res":9,"building_count":150,"poi_count_sum":2,"conn_dist_median_ft":1524.512005720247,"total_crossings_mean":0.8533333333333334,"clipped_area_frac":1.0,"clon":-79.931937,"clat":40.427599},"geometry":{"type":"Polygon","coordinates":[[[-79.92997199108264,40.42863816314669],[-79.92968266272959,40.42689348058671],[-79.931647905793,40.42585479954927],[-79.93390252004342,40.426560724877774],[-79.93419200186183,40.428305387115195],[-79.93222671596716,40.42934414434924],[-79.92997199108264,40.42863816314669]]]}},{"type":"Feature","id":"892a8470447ffff","properties":{"cell_id":"892a8470447ffff","h3_res":9,"building_count":107,"poi_count_sum":42,"conn_dist_median_ft":197.7720560591092,"total_crossings_mean":0.4672897196261682,"clipped_area_frac":1.0,"clon":-79.923497,"clat":40.428265},"geometry":{"type":"Polygon","coordinates":[[[-79.92153175527397,40.42930326191065],[-79.9212427338768,40.427558538742986],[-79.92320820179582,40.42651998848738],[-79.92546273399272,40.42722608521134],[-79.92575190887202,40.428970788081386],[-79.92378639807497,40.430009414527674],[-79.92153175527397,40.42930326191065]]]}},{"type":"Feature","id":"892a847040bffff","properties":{"cell_id":"892a847040bffff","h3_res":9,"building_count":122,"poi_count_sum":8,"conn_dist_median_ft":943.2693472475877,"total_crossings_mean":0.02459016393442623,"clipped_area_frac":1.0,"clon":-79.919277,"clat":40.428597},"geometry":{"type":"Polygon","coordinates":[[[-79.91731153033247,40.42963558462583],[-79.91702266242578,40.42789084117303],[-79.9189882427459,40.426852356324176],[-79.9212427338768,40.427558538742986],[-79.92153175527397,40.42930326191065],[-79.91956613205244,40.430341822947206],[-79.91731153033247,40.42963558462583]]]}},{"type":"Feature","id":"892a8470403ffff","properties":{"cell_id":"892a8470403ffff","h3_res":9,"building_count":90,"poi_count_sum":5,"conn_dist_median_ft":1794.0892108235726,"total_crossings_mean":1.0666666666666667,"clipped_area_frac":0.9999999999999998,"clon":-79.915057,"clat":40.428929},"geometry":{"type":"Polygon","coordinates":[[[-79.9130912340915,40.429967756218296],[-79.91280251968365,40.428222992492834],[-79.91476821238706,40.42718457306128],[-79.91702266242578,40.42789084117303],[-79.91731153033247,40.42963558462583],[-79.91534579470425,40.43067408024211],[-79.9130912340915,40.429967756218296]]]}},{"type":"Feature","id":"892a8470417ffff","properties":{"cell_id":"892a8470417ffff","h3_res":9,"building_count":10,"poi_count_sum":0,"conn_dist_median_ft":2576.386627379755,"total_crossings_mean":1.6,"clipped_area_frac":1.0,"clon":-79.910837,"clat":40.429261},"geometry":{"type":"Polygon","coordinates":[[[-79.90887086659501,40.43029977667942],[-79.90858230569441,40.42855499269377],[-79.91054811076329,40.42751663869006],[-79.91280251968365,40.428222992492834],[-79.9130912340915,40.429967756218296],[-79.9111253860744,40.43100618640376],[-79.90887086659501,40.43029977667942]]]}},{"type":"Feature","id":"892a8470407ffff","properties":{"cell_id":"892a8470407ffff","h3_res":9,"building_count":57,"poi_count_sum":0,"conn_dist_median_ft":2648.46115857532,"total_crossings_mean":3.6842105263157894,"clipped_area_frac":1.0,"clon":-79.912514,"clat":40.426478},"geometry":{"type":"Polygon","coordinates":[[[-79.91054811076329,40.42751663869006],[-79.91025950510154,40.425771921373986],[-79.91222515487085,40.42473357812231],[-79.91447945323868,40.42543987600941],[-79.91476821238706,40.42718457306128],[-79.91280251968365,40.428222992492834],[-79.91054811076329,40.42751663869006]]]}},{"type":"Feature","id":"892a84704abffff","properties":{"cell_id":"892a84704abffff","h3_res":9,"building_count":10,"poi_count_sum":1,"conn_dist_median_ft":3674.8949245015992,"total_crossings_mean":4.3,"clipped_area_frac":1.0,"clon":-79.908294,"clat":40.42681},"geometry":{"type":"Polygon","coordinates":[[[-79.90632793791855,40.42784855320189],[-79.90603948575176,40.42610381563407],[-79.90800524786317,40.425065537807285],[-79.91025950510154,40.425771921373986],[-79.91054811076329,40.42751663869006],[-79.90858230569441,40.42855499269377],[-79.90632793791855,40.42784855320189]]]}},{"type":"Feature","id":"892a847040fffff","properties":{"cell_id":"892a847040fffff","h3_res":9,"building_count":120,"poi_count_sum":1,"conn_dist_median_ft":2079.8442410626913,"total_crossings_mean":1.8833333333333333,"clipped_area_frac":1.0,"clon":-79.916734,"clat":40.426146},"geometry":{"type":"Polygon","coordinates":[[[-79.91476821238706,40.42718457306128],[-79.91447945323868,40.42543987600941],[-79.91644499064812,40.4244014673434],[-79.91869933011928,40.425107679548994],[-79.9189882427459,40.426852356324176],[-79.91702266242578,40.42789084117303],[-79.91476821238706,40.42718457306128]]]}},{"type":"Feature","id":"892a8470473ffff","properties":{"cell_id":"892a8470473ffff","h3_res":9,"building_count":219,"poi_count_sum":3,"conn_dist_median_ft":1318.6063313482882,"total_crossings_mean":0.2785388127853881,"clipped_area_frac":1.0,"clon":-79.920954,"clat":40.425814},"geometry":{"type":"Polygon","coordinates":[[[-79.9189882427459,40.426852356324176],[-79.91869933011928,40.425107679548994],[-79.92066475515101,40.42406920547919],[-79.92291913569932,40.42477533200134],[-79.92320820179582,40.42651998848738],[-79.9212427338768,40.427558538742986],[-79.9189882427459,40.426852356324176]]]}},{"type":"Feature","id":"892a847047bffff","properties":{"cell_id":"892a847047bffff","h3_res":9,"building_count":186,"poi_count_sum":1,"conn_dist_median_ft":199.0625303750719,"total_crossings_mean":0.06989247311827956,"clipped_area_frac":1.0,"clon":-79.925174,"clat":40.425481},"geometry":{"type":"Polygon","coordinates":[[[-79.92320820179582,40.42651998848738],[-79.92291913569932,40.42477533200134],[-79.9248844483355,40.42373679253832],[-79.92713886993482,40.42444283337512],[-79.92742808949285,40.42618746955952],[-79.92546273399272,40.42722608521134],[-79.92320820179582,40.42651998848738]]]}},{"type":"Feature","id":"892a84706b7ffff","properties":{"cell_id":"892a84706b7ffff","h3_res":9,"building_count":261,"poi_count_sum":4,"conn_dist_median_ft":1000.130517956425,"total_crossings_mean":1.049808429118774,"clipped_area_frac":1.0,"clon":-79.929393,"clat":40.425149},"geometry":{"type":"Polygon","coordinates":[[[-79.92742808949285,40.42618746955952],[-79.92713886993482,40.42444283337512],[-79.9291040701577,40.42340422852942],[-79.93135853278183,40.424110183678955],[-79.931647905793,40.42585479954927],[-79.92968266272959,40.42689348058671],[-79.92742808949285,40.42618746955952]]]}},{"type":"Feature","id":"892a8470433ffff","properties":{"cell_id":"892a8470433ffff","h3_res":9,"building_count":23,"poi_count_sum":1,"conn_dist_median_ft":3935.9453500284662,"total_crossings_mean":6.0,"clipped_area_frac":1.0,"clon":-79.909971,"clat":40.424027},"geometry":{"type":"Polygon","coordinates":[[[-79.90800524786317,40.425065537807285],[-79.90771675092786,40.42332086691077],[-79.90968235775387,40.4222825998341],[-79.91193650446118,40.42298892748155],[-79.91222515487085,40.42473357812231],[-79.91025950510154,40.425771921373986],[-79.90800524786317,40.425065537807285]]]}},{"type":"Feature","id":"892a84704a7ffff","properties":{"cell_id":"892a84704a7ffff","h3_res":9,"building_count":75,"poi_count_sum":4,"conn_dist_median_ft":9741.14233640002,"total_crossings_mean":9.0,"clipped_area_frac":1.0,"clon":-79.901531,"clat":40.424691},"geometry":{"type":"Polygon","coordinates":[[[-79.89956522033248,40.42572900386097],[-79.89927703037095,40.423984292490346],[-79.90124286181654,40.422946156268054],[-79.90349692621646,40.4236526552499],[-79.90378526966904,40.42539734638971],[-79.90181939523336,40.42643555878107],[-79.89956522033248,40.42572900386097]]]}},{"type":"Feature","id":"892a847236bffff","properties":{"cell_id":"892a847236bffff","h3_res":9,"building_count":72,"poi_count_sum":0,"conn_dist_median_ft":9978.172297669083,"total_crossings_mean":9.0,"clipped_area_frac":0.4314036070438802,"clon":-79.897311,"clat":40.425022},"geometry":{"type":"Polygon","coordinates":[[[-79.89927703037095,40.423984292490346],[-79.89956522033248,40.42572900386097],[-79.89759923359033,40.42676715080635],[-79.89540077604121,40.42607796393463],[-79.895458,40.426092],[-79.895709,40.426154],[-79.896121,40.426256],[-79.896293,40.426307],[-79.896481,40.426371],[-79.896712,40.42646],[-79.896749,40.426261],[-79.897203,40.42606],[-79.897336,40.425999],[-79.897338,40.425988],[-79.897491,40.425932],[-79.897698,40.424952],[-79.89774,40.424727],[-79.897818,40.424334],[-79.897889,40.423977],[-79.897928,40.423777],[-79.897953,40.423662],[-79.89797078506717,40.42357481450763],[-79.89927703037095,40.423984292490346]]]}},{"type":"Feature","id":"892a847a68fffff","properties":{"cell_id":"892a847a68fffff","h3_res":9,"building_count":2,"poi_count_sum":0,"conn_dist_median_ft":7726.437760767713,"total_crossings_mean":2.5,"clipped_area_frac":1.0,"clon":-80.09256,"clat":40.454601},"geometry":{"type":"Polygon","coordinates":[[[-80.09059731117006,40.45564244707702],[-80.0903018961674,40.45389766820546],[-80.09226450214909,40.452855950858776],[-80.0945225651477,40.453558936032614],[-80.09481813355232,40.45530369409315],[-80.09285548555914,40.45634548779347],[-80.09059731117006,40.45564244707702]]]}},{"type":"Feature","id":"892a847a683ffff","properties":{"cell_id":"892a847a683ffff","h3_res":9,"building_count":2,"poi_count_sum":0,"conn_dist_median_ft":8045.704571504422,"total_crossings_mean":1.5,"clipped_area_frac":1.0,"clon":-80.090893,"clat":40.457387},"geometry":{"type":"Polygon","coordinates":[[[-80.08892992089316,40.45842902129761],[-80.08863454985118,40.4566841756526],[-80.09059731117006,40.45564244707702],[-80.09285548555914,40.45634548779347],[-80.09315101002377,40.458090312631406],[-80.09118820667942,40.45913211756253],[-80.08892992089316,40.45842902129761]]]}},{"type":"Feature","id":"892a847a687ffff","properties":{"cell_id":"892a847a687ffff","h3_res":9,"building_count":1,"poi_count_sum":0,"conn_dist_median_ft":7073.5924807757165,"total_crossings_mean":0.0,"clipped_area_frac":1.0,"clon":-80.088339,"clat":40.454939},"geometry":{"type":"Polygon","coordinates":[[[-80.08637641556184,40.455981049003256],[-80.08608115396974,40.4542362493331],[-80.08804387325367,40.45319459710829],[-80.0903018961674,40.45389766820546],[-80.09059731117006,40.45564244707702],[-80.08863454985118,40.4566841756526],[-80.08637641556184,40.455981049003256]]]}},{"type":"Feature","id":"892a847a44bffff","properties":{"cell_id":"892a847a44bffff","h3_res":9,"building_count":2,"poi_count_sum":0,"conn_dist_median_ft":1350.8836376585734,"total_crossings_mean":0.0,"clipped_area_frac":1.0,"clon":-80.084118,"clat":40.455278},"geometry":{"type":"Polygon","coordinates":[[[-80.08215544677162,40.45631949986301],[-80.08186033859864,40.45457467940671],[-80.08382317116713,40.45353309231443],[-80.08608115396974,40.4542362493331],[-80.08637641556184,40.455981049003256],[-80.08441354093496,40.45702271244343],[-80.08215544677162,40.45631949986301]]]}},{"type":"Feature","id":"892a847a6b3ffff","properties":{"cell_id":"892a847a6b3ffff","h3_res":9,"building_count":6,"poi_count_sum":5,"conn_dist_median_ft":6753.233519937114,"total_crossings_mean":0.0,"clipped_area_frac":1.0,"clon":-80.085786,"clat":40.452491},"geometry":{"type":"Polygon","coordinates":[[[-80.08382317116713,40.45353309231443],[-80.08352801900526,40.451788338629385],[-80.08549069624478,40.450746762750526],[-80.08774856769334,40.45144986421333],[-80.08804387325367,40.45319459710829],[-80.08608115396974,40.4542362493331],[-80.08382317116713,40.45353309231443]]]}},{"type":"Feature","id":"892a847a6b7ffff","properties":{"cell_id":"892a847a6b7ffff","h3_res":9,"building_count":1,"poi_count_sum":1,"conn_dist_median_ft":2852.1789513856115,"total_crossings_mean":0.0,"clipped_area_frac":1.0,"clon":-80.083233,"clat":40.450044},"geometry":{"type":"Polygon","coordinates":[[[-80.08127018767915,40.45108515125644],[-80.08097514492785,40.44934044356674],[-80.08293778011353,40.44829894402901],[-80.08519550010712,40.44900207584242],[-80.08549069624478,40.450746762750526],[-80.08352801900526,40.451788338629385],[-80.08127018767915,40.45108515125644]]]}},{"type":"Feature","id":"892a847a6a3ffff","properties":{"cell_id":"892a847a6a3ffff","h3_res":9,"building_count":3,"poi_count_sum":2,"conn_dist_median_ft":4613.984582882829,"total_crossings_mean":0.0,"clipped_area_frac":0.9920681721611571,"clon":-80.087453,"clat":40.449705},"geometry":{"type":"Polygon","coordinates":[[[-80.08774856769334,40.45144986421333],[-80.08549069624478,40.450746762750526],[-80.08519550010712,40.44900207584242],[-80.08715802203749,40.447960511188576],[-80.08941578213864,40.4486635571014],[-80.08960464941995,40.449779219489564],[-80.089601,40.449782],[-80.089534,40.449836],[-80.089517,40.450427],[-80.08956064074643,40.450488097045],[-80.08774856769334,40.45144986421333]]]}},{"type":"Feature","id":"892a847a46bffff","properties":{"cell_id":"892a847a46bffff","h3_res":9,"building_count":80,"poi_count_sum":1,"conn_dist_median_ft":2944.790101837727,"total_crossings_mean":0.0,"clipped_area_frac":1.0,"clon":-80.08068,"clat":40.447596},"geometry":{"type":"Polygon","coordinates":[[[-80.07871746506805,40.44863722585457],[-80.07842253170766,40.44689256417045],[-80.08038512483007,40.445851140969054],[-80.08264269337889,40.446554303118],[-80.08293778011353,40.44829894402901],[-80.08097514492785,40.44934044356674],[-80.07871746506805,40.44863722585457]]]}},{"type":"Feature","id":"892a847a463ffff","properties":{"cell_id":"892a847a463ffff","h3_res":9,"building_count":25,"poi_count_sum":1,"conn_dist_median_ft":3586.8800965246783,"total_crossings_mean":0.0,"clipped_area_frac":0.6228501210036052,"clon":-80.07646,"clat":40.447934},"geometry":{"type":"Polygon","coordinates":[[[-80.07842253170766,40.44689256417045],[-80.07871746506805,40.44863722585457],[-80.0767547166447,40.44967866026554],[-80.07449707694495,40.44897535665638],[-80.07440218919832,40.44841375478941],[-80.075459,40.448212],[-80.07635,40.448042],[-80.07646,40.448024],[-80.076534,40.448007],[-80.076352,40.447246],[-80.076402,40.447239],[-80.076729,40.447173],[-80.07675,40.44717],[-80.076948,40.44714],[-80.077295,40.447008],[-80.077629,40.446905],[-80.07795,40.446759],[-80.07796856833131,40.44675114896058],[-80.07842253170766,40.44689256417045]]]}},{"type":"Feature","id":"892a847a43bffff","properties":{"cell_id":"892a847a43bffff","h3_res":9,"building_count":59,"poi_count_sum":2,"conn_dist_median_ft":5936.346834180311,"total_crossings_mean":0.0,"clipped_area_frac":0.5770189891445359,"clon":-80.068019,"clat":40.44861},"geometry":{"type":"Polygon","coordinates":[[[-80.07027661578813,40.44931333642564],[-80.06831364094246,40.45035464055116],[-80.06605608164146,40.44965116515349],[-80.06598757150448,40.44924524950177],[-80.066194,40.449381],[-80.066257,40.449309],[-80.066682,40.44882],[-80.066718,40.448828],[-80.066731,40.448831],[-80.067042,40.44889],[-80.067104,40.44889],[-80.06714,40.44889],[-80.067221,40.448832],[-80.067249,40.448784],[-80.067291,40.448742],[-80.067323,40.448711],[-80.067345,40.448691],[-80.067412,40.448631],[-80.067435,40.448612],[-80.067478,40.448574],[-80.067608,40.448459],[-80.067652,40.448422],[-80.067729,40.448353],[-80.06795,40.448159],[-80.067963,40.448147],[-80.068041,40.448079],[-80.068124,40.448006],[-80.068136,40.447996],[-80.068359,40.447778],[-80.068616,40.447845],[-80.070056,40.448221],[-80.07009381705825,40.44823084916013],[-80.07027661578813,40.44931333642564]]]}},{"type":"Feature","id":"892a847a477ffff","properties":{"cell_id":"892a847a477ffff","h3_res":9,"building_count":6,"poi_count_sum":0,"conn_dist_median_ft":5958.349590281434,"total_crossings_mean":0.0,"clipped_area_frac":0.422042949013883,"clon":-80.07224,"clat":40.448272},"geometry":{"type":"Polygon","coordinates":[[[-80.07449707694495,40.44897535665638],[-80.0725342153016,40.45001672592995],[-80.07027661578813,40.44931333642564],[-80.07009381705825,40.44823084916013],[-80.07087,40.448433],[-80.071587,40.448621],[-80.072717,40.448375],[-80.072945,40.448325],[-80.073149,40.448653],[-80.07440218919832,40.44841375478941],[-80.07449707694495,40.44897535665638]]]}},{"type":"Feature","id":"892a847a473ffff","properties":{"cell_id":"892a847a473ffff","h3_res":9,"building_count":32,"poi_count_sum":1,"conn_dist_median_ft":5421.244741018185,"total_crossings_mean":0.0,"clipped_area_frac":1.0,"clon":-80.074792,"clat":40.45072},"geometry":{"type":"Polygon","coordinates":[[[-80.07282895125455,40.45176147514546],[-80.0725342153016,40.45001672592995],[-80.07449707694495,40.44897535665638],[-80.0767547166447,40.44967866026554],[-80.0770496060011,40.451423388724365],[-80.07508670225704,40.4524648343333],[-80.07282895125455,40.45176147514546]]]}},{"type":"Feature","id":"892a847a47bffff","properties":{"cell_id":"892a847a47bffff","h3_res":9,"building_count":20,"poi_count_sum":4,"conn_dist_median_ft":1565.8823698470997,"total_crossings_mean":0.0,"clipped_area_frac":0.9999999999999998,"clon":-80.079012,"clat":40.450382},"geometry":{"type":"Polygon","coordinates":[[[-80.0770496060011,40.451423388724365],[-80.0767547166447,40.44967866026554],[-80.07871746506805,40.44863722585457],[-80.08097514492785,40.44934044356674],[-80.08127018767915,40.45108515125644],[-80.07930739717851,40.452126662005654],[-80.0770496060011,40.451423388724365]]]}},{"type":"Feature","id":"892a847a447ffff","properties":{"cell_id":"892a847a447ffff","h3_res":9,"building_count":2,"poi_count_sum":0,"conn_dist_median_ft":1567.5971834883808,"total_crossings_mean":0.0,"clipped_area_frac":1.0,"clon":-80.077345,"clat":40.453168},"geometry":{"type":"Polygon","coordinates":[[[-80.07538154759632,40.45420962956115],[-80.07508670225704,40.4524648343333],[-80.0770496060011,40.451423388724365],[-80.07930739717851,40.452126662005654],[-80.07960239593338,40.45387143646833],[-80.077639450098,40.45491295841745],[-80.07538154759632,40.45420962956115]]]}},{"type":"Feature","id":"892a847a40fffff","properties":{"cell_id":"892a847a40fffff","h3_res":9,"building_count":127,"poi_count_sum":0,"conn_dist_median_ft":4248.3900561324,"total_crossings_mean":0.0,"clipped_area_frac":1.0,"clon":-80.070571,"clat":40.451058},"geometry":{"type":"Polygon","coordinates":[[[-80.0686082234834,40.452099410510904],[-80.06831364094246,40.45035464055116],[-80.07027661578813,40.44931333642564],[-80.0725342153016,40.45001672592995],[-80.07282895125455,40.45176147514546],[-80.07086593428471,40.45280285560347],[-80.0686082234834,40.452099410510904]]]}},{"type":"Feature","id":"892a847a40bffff","properties":{"cell_id":"892a847a40bffff","h3_res":9,"building_count":86,"poi_count_sum":0,"conn_dist_median_ft":4744.9319292177715,"total_crossings_mean":0.0,"clipped_area_frac":0.9999999999999998,"clon":-80.073124,"clat":40.453506},"geometry":{"type":"Polygon","coordinates":[[[-80.07116062619988,40.45454767158406],[-80.07086593428471,40.45280285560347],[-80.07282895125455,40.45176147514546],[-80.07508670225704,40.4524648343333],[-80.07538154759632,40.45420962956115],[-80.07341848851175,40.455251086356476],[-80.07116062619988,40.45454767158406]]]}},{"type":"Feature","id":"892a847a403ffff","properties":{"cell_id":"892a847a403ffff","h3_res":9,"building_count":125,"poi_count_sum":1,"conn_dist_median_ft":4763.014598165074,"total_crossings_mean":0.0,"clipped_area_frac":1.0,"clon":-80.068903,"clat":40.453844},"geometry":{"type":"Polygon","coordinates":[[[-80.06693963178796,40.45488556252818],[-80.06664509330548,40.453140725807344],[-80.0686082234834,40.452099410510904],[-80.07086593428471,40.45280285560347],[-80.07116062619988,40.45454767158406],[-80.06919745388377,40.4555890632149],[-80.06693963178796,40.45488556252818]]]}},{"type":"Feature","id":"892a847a407ffff","properties":{"cell_id":"892a847a407ffff","h3_res":9,"building_count":147,"poi_count_sum":0,"conn_dist_median_ft":5401.494000395605,"total_crossings_mean":0.0,"clipped_area_frac":1.0,"clon":-80.066351,"clat":40.451396},"geometry":{"type":"Polygon","coordinates":[[[-80.06438742273156,40.45243719481184],[-80.06409299361118,40.45069240412032],[-80.06605608164146,40.44965116515349],[-80.06831364094246,40.45035464055116],[-80.0686082234834,40.452099410510904],[-80.06664509330548,40.453140725807344],[-80.06438742273156,40.45243719481184]]]}},{"type":"Feature","id":"892a847a433ffff","properties":{"cell_id":"892a847a433ffff","h3_res":9,"building_count":125,"poi_count_sum":1,"conn_dist_median_ft":6243.49166195429,"total_crossings_mean":0.0,"clipped_area_frac":0.8313626996731103,"clon":-80.063799,"clat":40.448948},"geometry":{"type":"Polygon","coordinates":[[[-80.06605608164146,40.44965116515349],[-80.06409299361118,40.45069240412032],[-80.06183547454891,40.44998884283111],[-80.06154115477102,40.448244098179146],[-80.06297204010697,40.447485183485824],[-80.063394,40.447766],[-80.063447,40.447804],[-80.063543,40.447875],[-80.06363,40.447923],[-80.064007,40.447625],[-80.064075,40.447639],[-80.064173,40.447659],[-80.064201,40.447662],[-80.064262,40.447683],[-80.064323,40.447705],[-80.064288,40.448174],[-80.065113,40.44847],[-80.065242,40.448517],[-80.06532,40.448539],[-80.065347,40.448544],[-80.065347,40.448824],[-80.06598757150448,40.44924524950177],[-80.06605608164146,40.44965116515349]]]}},{"type":"Feature","id":"892a847a4afffff","properties":{"cell_id":"892a847a4afffff","h3_res":9,"building_count":162,"poi_count_sum":1,"conn_dist_median_ft":7270.71486721551,"total_crossings_mean":1.037037037037037,"clipped_area_frac":1.0,"clon":-80.059578,"clat":40.449285},"geometry":{"type":"Polygon","coordinates":[[[-80.05761479455435,40.45032636944969],[-80.05732062819344,40.44858160408689],[-80.05928378721015,40.44754050661128],[-80.06154115477102,40.448244098179146],[-80.06183547454891,40.44998884283111],[-80.05987227335169,40.451030016628614],[-80.05761479455435,40.45032636944969]]]}},{"type":"Feature","id":"892a847a4abffff","properties":{"cell_id":"892a847a4abffff","h3_res":9,"building_count":128,"poi_count_sum":2,"conn_dist_median_ft":6771.498478431155,"total_crossings_mean":0.46875,"clipped_area_frac":1.0,"clon":-80.06213,"clat":40.451734},"geometry":{"type":"Polygon","coordinates":[[[-80.06016654904295,40.45277482803947],[-80.05987227335169,40.451030016628614],[-80.06183547454891,40.44998884283111],[-80.06409299361118,40.45069240412032],[-80.06438742273156,40.45243719481184],[-80.06242417936325,40.45347844493608],[-80.06016654904295,40.45277482803947]]]}},{"type":"Feature","id":"892a847a4a3ffff","properties":{"cell_id":"892a847a4a3ffff","h3_res":9,"building_count":116,"poi_count_sum":0,"conn_dist_median_ft":5968.126866853341,"total_crossings_mean":2.0,"clipped_area_frac":1.0,"clon":-80.057909,"clat":40.452071},"geometry":{"type":"Polygon","coordinates":[[[-80.05594560246149,40.45311231018494],[-80.05565148020789,40.45136747806722],[-80.05761479455435,40.45032636944969],[-80.05987227335169,40.451030016628614],[-80.06016654904295,40.45277482803947],[-80.05820319250195,40.45381601298084],[-80.05594560246149,40.45311231018494]]]}},{"type":"Feature","id":"892a847a4b7ffff","properties":{"cell_id":"892a847a4b7ffff","h3_res":9,"building_count":83,"poi_count_sum":10,"conn_dist_median_ft":4793.709649724158,"total_crossings_mean":2.0,"clipped_area_frac":1.0,"clon":-80.053688,"clat":40.452409},"geometry":{"type":"Polygon","coordinates":[[[-80.05172458303112,40.453449641239466],[-80.05143061422368,40.451704788427335],[-80.05339404170171,40.450663745000384],[-80.05565148020789,40.45136747806722],[-80.05594560246149,40.45311231018494],[-80.05398213276548,40.45415342993283],[-80.05172458303112,40.453449641239466]]]}},{"type":"Feature","id":"892a847a4a7ffff","properties":{"cell_id":"892a847a4a7ffff","h3_res":9,"building_count":118,"poi_count_sum":3,"conn_dist_median_ft":6401.670798878945,"total_crossings_mean":2.0,"clipped_area_frac":1.0,"clon":-80.055357,"clat":40.449623},"geometry":{"type":"Polygon","coordinates":[[[-80.05339404170171,40.450663745000384],[-80.05310002876632,40.4489189589392],[-80.05506330090884,40.44787792664067],[-80.05732062819344,40.44858160408689],[-80.05761479455435,40.45032636944969],[-80.05565148020789,40.45136747806722],[-80.05339404170171,40.450663745000384]]]}},{"type":"Feature","id":"892a847a5d3ffff","properties":{"cell_id":"892a847a5d3ffff","h3_res":9,"building_count":19,"poi_count_sum":2,"conn_dist_median_ft":8247.144069794584,"total_crossings_mean":2.0,"clipped_area_frac":1.0,"clon":-80.052806,"clat":40.447174},"geometry":{"type":"Polygon","coordinates":[[[-80.05084274178421,40.44821519561646],[-80.05054883814739,40.44647045562205],[-80.05251206807657,40.4454294996377],[-80.05476924385864,40.44613320733614],[-80.05506330090884,40.44787792664067],[-80.05310002876632,40.4489189589392],[-80.05084274178421,40.44821519561646]]]}},{"type":"Feature","id":"892a847a5dbffff","properties":{"cell_id":"892a847a5dbffff","h3_res":9,"building_count":33,"poi_count_sum":0,"conn_dist_median_ft":7777.480727720213,"total_crossings_mean":1.2727272727272727,"clipped_area_frac":1.0,"clon":-80.057026,"clat":40.446837},"geometry":{"type":"Polygon","coordinates":[[[-80.05506330090884,40.44787792664067],[-80.05476924385864,40.44613320733614],[-80.05673236068544,40.44509218617762],[-80.0589895767551,40.445795808009116],[-80.05928378721015,40.44754050661128],[-80.05732062819344,40.44858160408689],[-80.05506330090884,40.44787792664067]]]}},{"type":"Feature","id":"892a847a437ffff","properties":{"cell_id":"892a847a437ffff","h3_res":9,"building_count":84,"poi_count_sum":0,"conn_dist_median_ft":7575.456056717078,"total_crossings_mean":0.0,"clipped_area_frac":0.41099540906735677,"clon":-80.061247,"clat":40.446499},"geometry":{"type":"Polygon","coordinates":[[[-80.06154115477102,40.448244098179146],[-80.05928378721015,40.44754050661128],[-80.0589895767551,40.445795808009116],[-80.05968206080207,40.4454285465174],[-80.059757,40.445483],[-80.059792,40.445509],[-80.059898,40.44559],[-80.059957,40.445636],[-80.060121,40.445797],[-80.060179,40.445854],[-80.060732,40.446478],[-80.060935,40.446707],[-80.061122,40.446919],[-80.061487,40.447332],[-80.061683,40.447558],[-80.061869,40.447772],[-80.061889,40.447795],[-80.061901,40.447807],[-80.062417,40.447373],[-80.062462,40.44734],[-80.062611,40.447233],[-80.06282,40.447384],[-80.06297204010697,40.447485183485824],[-80.06154115477102,40.448244098179146]]]}},{"type":"Feature","id":"892a8444b6fffff","properties":{"cell_id":"892a8444b6fffff","h3_res":9,"building_count":43,"poi_count_sum":4,"conn_dist_median_ft":7653.837420373394,"total_crossings_mean":2.0,"clipped_area_frac":1.0,"clon":-80.048586,"clat":40.447511},"geometry":{"type":"Polygon","coordinates":[[[-80.04662210988019,40.44855231352984],[-80.04632835966527,40.446807552858],[-80.04829170267911,40.44576666205846],[-80.05054883814739,40.44647045562205],[-80.05084274178421,40.44821519561646],[-80.04887935653356,40.449256162727295],[-80.04662210988019,40.44855231352984]]]}},{"type":"Feature","id":"892a8444b67ffff","properties":{"cell_id":"892a8444b67ffff","h3_res":9,"building_count":42,"poi_count_sum":1,"conn_dist_median_ft":3209.963623780979,"total_crossings_mean":2.0,"clipped_area_frac":1.0,"clon":-80.044365,"clat":40.447848},"geometry":{"type":"Polygon","coordinates":[[[-80.04240140524067,40.448889280372036],[-80.04210780845618,40.447144499035204],[-80.044071264537,40.44610367343109],[-80.04632835966527,40.446807552858],[-80.04662210988019,40.44855231352984],[-80.04465861153912,40.44959321544235],[-80.04240140524067,40.448889280372036]]]}},{"type":"Feature","id":"892a8444b6bffff","properties":{"cell_id":"892a8444b6bffff","h3_res":9,"building_count":48,"poi_count_sum":7,"conn_dist_median_ft":4742.791736378452,"total_crossings_mean":2.0,"clipped_area_frac":0.9999999999999998,"clon":-80.051137,"clat":40.44996},"geometry":{"type":"Polygon","coordinates":[[[-80.04917321603492,40.45100096947439],[-80.04887935653356,40.449256162727295],[-80.05084274178421,40.44821519561646],[-80.05310002876632,40.4489189589392],[-80.05339404170171,40.450663745000384],[-80.05143061422368,40.451704788427335],[-80.04917321603492,40.45100096947439]]]}},{"type":"Feature","id":"892a8444b2bffff","properties":{"cell_id":"892a8444b2bffff","h3_res":9,"building_count":44,"poi_count_sum":0,"conn_dist_median_ft":3323.1063657542404,"total_crossings_mean":2.0,"clipped_area_frac":1.0,"clon":-80.040144,"clat":40.448185},"geometry":{"type":"Polygon","coordinates":[[[-80.0381806279096,40.449226096134204],[-80.03788718456407,40.447481294144836],[-80.03985075369415,40.446440533746795],[-80.04210780845618,40.447144499035204],[-80.04240140524067,40.448889280372036],[-80.0404377938269,40.44993011707557],[-80.0381806279096,40.449226096134204]]]}},{"type":"Feature","id":"892a8444b77ffff","properties":{"cell_id":"892a8444b77ffff","h3_res":9,"building_count":30,"poi_count_sum":7,"conn_dist_median_ft":1856.6238679484527,"total_crossings_mean":2.0,"clipped_area_frac":1.0,"clon":-80.042695,"clat":40.450634},"geometry":{"type":"Polygon","coordinates":[[[-80.0407313464346,40.45167496515716],[-80.0404377938269,40.44993011707557],[-80.04240140524067,40.448889280372036],[-80.04465861153912,40.44959321544235],[-80.0449523175979,40.45133804286293],[-80.04298866390988,40.45237895587679],[-80.0407313464346,40.45167496515716]]]}},{"type":"Feature","id":"892a8444b23ffff","properties":{"cell_id":"892a8444b23ffff","h3_res":9,"building_count":62,"poi_count_sum":0,"conn_dist_median_ft":5799.397982743476,"total_crossings_mean":2.0,"clipped_area_frac":1.0,"clon":-80.035924,"clat":40.448522},"geometry":{"type":"Polygon","coordinates":[[[-80.03395977793093,40.44956276080758],[-80.03366648803285,40.44781793817815],[-80.03563017019451,40.44677724299678],[-80.03788718456407,40.447481294144836],[-80.0381806279096,40.449226096134204],[-80.03621690344085,40.450266867618154],[-80.03395977793093,40.44956276080758]]]}},{"type":"Feature","id":"892a84716c3ffff","properties":{"cell_id":"892a84716c3ffff","h3_res":9,"building_count":2,"poi_count_sum":2,"conn_dist_median_ft":2958.0078820829035,"total_crossings_mean":4.5,"clipped_area_frac":1.0,"clon":-80.024932,"clat":40.446746},"geometry":{"type":"Polygon","coordinates":[[[-80.02296798419393,40.44778646426458],[-80.02267511042234,40.44604164652028],[-80.0246389762306,40.4450011580961],[-80.02689575817655,40.44570541112683],[-80.02718878540045,40.447450208264456],[-80.02522487722882,40.448490772980584],[-80.02296798419393,40.44778646426458]]]}},{"type":"Feature","id":"892a84716dbffff","properties":{"cell_id":"892a84716dbffff","h3_res":9,"building_count":2,"poi_count_sum":24,"conn_dist_median_ft":4332.243038679899,"total_crossings_mean":10.0,"clipped_area_frac":1.0,"clon":-80.027482,"clat":40.449195},"geometry":{"type":"Polygon","coordinates":[[[-80.02551786020649,40.45023563685279],[-80.02522487722882,40.448490772980584],[-80.02718878540045,40.447450208264456],[-80.02944571890644,40.44815443112633],[-80.02973885534858,40.44989927438336],[-80.02777490482296,40.450939915396276],[-80.02551786020649,40.45023563685279]]]}},{"type":"Feature","id":"892a8444ba7ffff","properties":{"cell_id":"892a8444ba7ffff","h3_res":9,"building_count":132,"poi_count_sum":9,"conn_dist_median_ft":3646.3199491248865,"total_crossings_mean":9.613636363636363,"clipped_area_frac":1.0,"clon":-80.025811,"clat":40.451981},"geometry":{"type":"Polygon","coordinates":[[[-80.0238467353973,40.4530211432153],[-80.02355379667904,40.451276212614246],[-80.02551786020649,40.45023563685279],[-80.02777490482296,40.450939915396276],[-80.02806799702635,40.452684825386164],[-80.02610389113086,40.45372547744631],[-80.0238467353973,40.4530211432153]]]}},{"type":"Feature","id":"892a8444bafffff","properties":{"cell_id":"892a8444bafffff","h3_res":9,"building_count":12,"poi_count_sum":11,"conn_dist_median_ft":4005.6652659927195,"total_crossings_mean":10.0,"clipped_area_frac":1.0,"clon":-80.030032,"clat":40.451644},"geometry":{"type":"Polygon","coordinates":[[[-80.02806799702635,40.452684825386164],[-80.02777490482296,40.450939915396276],[-80.02973885534858,40.44989927438336],[-80.03199594042488,40.45060346706132],[-80.03228918610488,40.45234835642757],[-80.03032519323467,40.45338907374208],[-80.02806799702635,40.452684825386164]]]}},{"type":"Feature","id":"892a8444b0fffff","properties":{"cell_id":"892a8444b0fffff","h3_res":9,"building_count":22,"poi_count_sum":0,"conn_dist_median_ft":1216.5218200173722,"total_crossings_mean":1.2727272727272727,"clipped_area_frac":1.0,"clon":-80.041025,"clat":40.45342},"geometry":{"type":"Polygon","coordinates":[[[-80.0390610880859,40.454460727769174],[-80.03876757966813,40.45271581294853],[-80.0407313464346,40.45167496515716],[-80.04298866390988,40.45237895587679],[-80.0432823257994,40.454123850040396],[-80.04131851674462,40.45516477414399],[-80.0390610880859,40.454460727769174]]]}},{"type":"Feature","id":"892a8444b73ffff","properties":{"cell_id":"892a8444b73ffff","h3_res":9,"building_count":23,"poi_count_sum":0,"conn_dist_median_ft":5814.111158542869,"total_crossings_mean":2.0,"clipped_area_frac":1.0,"clon":-80.045246,"clat":40.453083},"geometry":{"type":"Polygon","coordinates":[[[-80.0432823257994,40.454123850040396],[-80.04298866390988,40.45237895587679],[-80.0449523175979,40.45133804286293],[-80.04720967544304,40.45204194770012],[-80.04750349079579,40.45378682119422],[-80.0455397948429,40.4548278105232],[-80.0432823257994,40.454123850040396]]]}},{"type":"Feature","id":"892a8444b3bffff","properties":{"cell_id":"892a8444b3bffff","h3_res":9,"building_count":4,"poi_count_sum":0,"conn_dist_median_ft":1798.981835869622,"total_crossings_mean":2.0,"clipped_area_frac":1.0,"clon":-80.038474,"clat":40.450971},"geometry":{"type":"Polygon","coordinates":[[[-80.03651030258894,40.45201173634831],[-80.03621690344085,40.450266867618154],[-80.0381806279096,40.449226096134204],[-80.0404377938269,40.44993011707557],[-80.0407313464346,40.45167496515716],[-80.03876757966813,40.45271581294853],[-80.03651030258894,40.45201173634831]]]}},{"type":"Feature","id":"892a8444b63ffff","properties":{"cell_id":"892a8444b63ffff","h3_res":9,"building_count":6,"poi_count_sum":3,"conn_dist_median_ft":2096.460596309398,"total_crossings_mean":2.0,"clipped_area_frac":1.0,"clon":-80.046916,"clat":40.450297},"geometry":{"type":"Polygon","coordinates":[[[-80.0449523175979,40.45133804286293],[-80.04465861153912,40.44959321544235],[-80.04662210988019,40.44855231352984],[-80.04887935653356,40.449256162727295],[-80.04917321603492,40.45100096947439],[-80.04720967544304,40.45204194770012],[-80.0449523175979,40.45133804286293]]]}},{"type":"Feature","id":"892a8444b7bffff","properties":{"cell_id":"892a8444b7bffff","h3_res":9,"building_count":81,"poi_count_sum":0,"conn_dist_median_ft":3959.1808178168953,"total_crossings_mean":2.0,"clipped_area_frac":1.0,"clon":-80.049467,"clat":40.452746},"geometry":{"type":"Polygon","coordinates":[[[-80.04750349079579,40.45378682119422],[-80.04720967544304,40.45204194770012],[-80.04917321603492,40.45100096947439],[-80.05143061422368,40.451704788427335],[-80.05172458303112,40.453449641239466],[-80.04976100019782,40.45449069578322],[-80.04750349079579,40.45378682119422]]]}},{"type":"Feature","id":"892a8444b47ffff","properties":{"cell_id":"892a8444b47ffff","h3_res":9,"building_count":101,"poi_count_sum":0,"conn_dist_median_ft":4804.396381540308,"total_crossings_mean":2.0,"clipped_area_frac":0.9999999999999998,"clon":-80.047797,"clat":40.455532},"geometry":{"type":"Polygon","coordinates":[[[-80.04583356603388,40.45657275075859],[-80.0455397948429,40.4548278105232],[-80.04750349079579,40.45378682119422],[-80.04976100019782,40.45449069578322],[-80.05005492486417,40.45623561534061],[-80.04809118665582,40.45727668098956],[-80.04583356603388,40.45657275075859]]]}},{"type":"Feature","id":"892a8444b4fffff","properties":{"cell_id":"892a8444b4fffff","h3_res":9,"building_count":299,"poi_count_sum":5,"conn_dist_median_ft":4304.919289283629,"total_crossings_mean":2.0,"clipped_area_frac":0.9999999999999998,"clon":-80.052019,"clat":40.455195},"geometry":{"type":"Polygon","coordinates":[[[-80.05005492486417,40.45623561534061],[-80.04976100019782,40.45449069578322],[-80.05172458303112,40.453449641239466],[-80.05398213276548,40.45415342993283],[-80.05427621089866,40.455898328799776],[-80.05231258583338,40.45693945966636],[-80.05005492486417,40.45623561534061]]]}},{"type":"Feature","id":"892a8444b0bffff","properties":{"cell_id":"892a8444b0bffff","h3_res":9,"building_count":6,"poi_count_sum":0,"conn_dist_median_ft":5764.356406268595,"total_crossings_mean":1.3333333333333333,"clipped_area_frac":1.0,"clon":-80.043576,"clat":40.455869},"geometry":{"type":"Polygon","coordinates":[[[-80.04161213445171,40.4569097350449],[-80.04131851674462,40.45516477414399],[-80.0432823257994,40.454123850040396],[-80.0455397948429,40.4548278105232],[-80.04583356603388,40.45657275075859],[-80.04386971470018,40.457613751179245],[-80.04161213445171,40.4569097350449]]]}},{"type":"Feature","id":"892a8444babffff","properties":{"cell_id":"892a8444babffff","h3_res":9,"building_count":18,"poi_count_sum":23,"conn_dist_median_ft":3866.322786973279,"total_crossings_mean":10.11111111111111,"clipped_area_frac":1.0,"clon":-80.032582,"clat":40.454093},"geometry":{"type":"Polygon","coordinates":[[[-80.03061839468342,40.455134029839435],[-80.03032519323467,40.45338907374208],[-80.03228918610488,40.45234835642757],[-80.03454642276175,40.45305251890656],[-80.03483977769925,40.454797454371786],[-80.03287574249386,40.45583824799273],[-80.03061839468342,40.455134029839435]]]}},{"type":"Feature","id":"892a8444ba3ffff","properties":{"cell_id":"892a8444ba3ffff","h3_res":9,"building_count":80,"poi_count_sum":18,"conn_dist_median_ft":3867.021929324329,"total_crossings_mean":11.7,"clipped_area_frac":1.0,"clon":-80.028361,"clat":40.45443},"geometry":{"type":"Polygon","coordinates":[[[-80.02639693908233,40.45547045416332],[-80.02610389113086,40.45372547744631],[-80.02806799702635,40.452684825386164],[-80.03032519323467,40.45338907374208],[-80.03061839468342,40.455134029839435],[-80.02865424642928,40.45617475820309],[-80.02639693908233,40.45547045416332]]]}},{"type":"Feature","id":"892a8444bb7ffff","properties":{"cell_id":"892a8444bb7ffff","h3_res":9,"building_count":126,"poi_count_sum":18,"conn_dist_median_ft":4446.270433204276,"total_crossings_mean":11.341269841269842,"clipped_area_frac":1.0,"clon":-80.02414,"clat":40.454766},"geometry":{"type":"Polygon","coordinates":[[[-80.02217541093997,40.455806727334675],[-80.02188251649426,40.454061730010466],[-80.0238467353973,40.4530211432153],[-80.02610389113086,40.45372547744631],[-80.02639693908233,40.45547045416332],[-80.0244326777972,40.45651111725908],[-80.02217541093997,40.455806727334675]]]}},{"type":"Feature","id":"892a8444bb3ffff","properties":{"cell_id":"892a8444bb3ffff","h3_res":9,"building_count":102,"poi_count_sum":11,"conn_dist_median_ft":3298.0861586230794,"total_crossings_mean":10.549019607843137,"clipped_area_frac":1.0,"clon":-80.02669,"clat":40.457215},"geometry":{"type":"Polygon","coordinates":[[[-80.0247256814836,40.4582561606975],[-80.0244326777972,40.45651111725908],[-80.02639693908233,40.45547045416332],[-80.02865424642928,40.45617475820309],[-80.02894740363362,40.457919781025836],[-80.0269830999758,40.458960520427034],[-80.0247256814836,40.4582561606975]]]}},{"type":"Feature","id":"892a8444bbbffff","properties":{"cell_id":"892a8444bbbffff","h3_res":9,"building_count":14,"poi_count_sum":26,"conn_dist_median_ft":2700.092900823325,"total_crossings_mean":11.071428571428571,"clipped_area_frac":1.0,"clon":-80.030912,"clat":40.456879},"geometry":{"type":"Polygon","coordinates":[[[-80.02894740363362,40.457919781025836],[-80.02865424642928,40.45617475820309],[-80.03061839468342,40.455134029839435],[-80.03287574249386,40.45583824799273],[-80.03316905320762,40.45758325018731],[-80.03120486260424,40.45862405485933],[-80.02894740363362,40.457919781025836]]]}},{"type":"Feature","id":"892a8444b17ffff","properties":{"cell_id":"892a8444b17ffff","h3_res":9,"building_count":5,"poi_count_sum":2,"conn_dist_median_ft":2860.3028734722775,"total_crossings_mean":10.0,"clipped_area_frac":1.0,"clon":-80.035133,"clat":40.456542},"geometry":{"type":"Polygon","coordinates":[[[-80.03316905320762,40.45758325018731],[-80.03287574249386,40.45583824799273],[-80.03483977769925,40.454797454371786],[-80.03709716594695,40.45550158663676],[-80.03739063016164,40.457246568190726],[-80.03542655263044,40.45828743812292],[-80.03316905320762,40.45758325018731]]]}},{"type":"Feature","id":"892a8444b87ffff","properties":{"cell_id":"892a8444b87ffff","h3_res":9,"building_count":51,"poi_count_sum":4,"conn_dist_median_ft":3299.957972985271,"total_crossings_mean":8.07843137254902,"clipped_area_frac":1.0,"clon":-80.029241,"clat":40.459665},"geometry":{"type":"Polygon","coordinates":[[[-80.02727621292256,40.46070560996942],[-80.0269830999758,40.458960520427034],[-80.02894740363362,40.457919781025836],[-80.03120486260424,40.45862405485933],[-80.0314981290811,40.46036912377755],[-80.02953378305996,40.461409939489016],[-80.02727621292256,40.46070560996942]]]}},{"type":"Feature","id":"892a844494fffff","properties":{"cell_id":"892a844494fffff","h3_res":9,"building_count":67,"poi_count_sum":1,"conn_dist_median_ft":4286.798035779999,"total_crossings_mean":7.7611940298507465,"clipped_area_frac":0.9999999999999998,"clon":-80.022468,"clat":40.457552},"geometry":{"type":"Polygon","coordinates":[[[-80.02050388680154,40.45859238919355],[-80.02021103664156,40.45684732515194],[-80.02217541093997,40.455806727334675],[-80.0244326777972,40.45651111725908],[-80.0247256814836,40.4582561606975],[-80.02276126478905,40.45929683481729],[-80.02050388680154,40.45859238919355]]]}},{"type":"Feature","id":"892a844494bffff","properties":{"cell_id":"892a844494bffff","h3_res":9,"building_count":52,"poi_count_sum":1,"conn_dist_median_ft":2233.1522398005495,"total_crossings_mean":0.46153846153846156,"clipped_area_frac":1.0,"clon":-80.025019,"clat":40.460001},"geometry":{"type":"Polygon","coordinates":[[[-80.02305422419722,40.46104194497137],[-80.02276126478905,40.45929683481729],[-80.0247256814836,40.4582561606975],[-80.0269830999758,40.458960520427034],[-80.02727621292256,40.46070560996942],[-80.02531175384125,40.46174636039656],[-80.02305422419722,40.46104194497137]]]}},{"type":"Feature","id":"892a8444b8fffff","properties":{"cell_id":"892a8444b8fffff","h3_res":9,"building_count":17,"poi_count_sum":7,"conn_dist_median_ft":3360.879116375626,"total_crossings_mean":10.0,"clipped_area_frac":0.9999999999999998,"clon":-80.033462,"clat":40.459328},"geometry":{"type":"Polygon","coordinates":[[[-80.0314981290811,40.46036912377755],[-80.03120486260424,40.45862405485933],[-80.03316905320762,40.45758325018731],[-80.03542655263044,40.45828743812292],[-80.03571997262888,40.460032486404515],[-80.03375573968565,40.461073367389695],[-80.0314981290811,40.46036912377755]]]}},{"type":"Feature","id":"892a8444b57ffff","properties":{"cell_id":"892a8444b57ffff","h3_res":9,"building_count":18,"poi_count_sum":2,"conn_dist_median_ft":300.98066452755705,"total_crossings_mean":0.0,"clipped_area_frac":1.0,"clon":-80.046127,"clat":40.458318},"geometry":{"type":"Polygon","coordinates":[[[-80.04416344171624,40.45935875815018],[-80.04386971470018,40.457613751179245],[-80.04583356603388,40.45657275075859],[-80.04809118665582,40.45727668098956],[-80.04838506716793,40.45902166728648],[-80.04642117356475,40.46006274402902],[-80.04416344171624,40.45935875815018]]]}},{"type":"Feature","id":"892a8444b43ffff","properties":{"cell_id":"892a8444b43ffff","h3_res":9,"building_count":201,"poi_count_sum":0,"conn_dist_median_ft":3663.0893954615863,"total_crossings_mean":2.0,"clipped_area_frac":1.0,"clon":-80.050349,"clat":40.457981},"geometry":{"type":"Polygon","coordinates":[[[-80.04838506716793,40.45902166728648],[-80.04809118665582,40.45727668098956],[-80.05005492486417,40.45623561534061],[-80.05231258583338,40.45693945966636],[-80.05260661983299,40.458684425276815],[-80.0506428393786,40.459725567250544],[-80.04838506716793,40.45902166728648]]]}},{"type":"Feature","id":"892a8444b4bffff","properties":{"cell_id":"892a8444b4bffff","h3_res":9,"building_count":315,"poi_count_sum":2,"conn_dist_median_ft":3813.0783525036254,"total_crossings_mean":2.0,"clipped_area_frac":1.0,"clon":-80.05457,"clat":40.457643},"geometry":{"type":"Polygon","coordinates":[[[-80.05260661983299,40.458684425276815],[-80.05231258583338,40.45693945966636],[-80.05427621089866,40.455898328799776],[-80.05653391218888,40.45660208721849],[-80.05682809966746,40.45834703213],[-80.05486443237959,40.45938823932428],[-80.05260661983299,40.458684425276815]]]}},{"type":"Feature","id":"892a8444b5bffff","properties":{"cell_id":"892a8444b5bffff","h3_res":9,"building_count":100,"poi_count_sum":2,"conn_dist_median_ft":2483.1759166649663,"total_crossings_mean":1.48,"clipped_area_frac":1.0,"clon":-80.052901,"clat":40.460429},"geometry":{"type":"Polygon","coordinates":[[[-80.05093682923147,40.46147059959877],[-80.0506428393786,40.459725567250544],[-80.05260661983299,40.458684425276815],[-80.05486443237959,40.45938823932428],[-80.0551585757321,40.46113325097753],[-80.0531947530411,40.46217446928087],[-80.05093682923147,40.46147059959877]]]}},{"type":"Feature","id":"892a847a497ffff","properties":{"cell_id":"892a847a497ffff","h3_res":9,"building_count":76,"poi_count_sum":0,"conn_dist_median_ft":2644.3455581022877,"total_crossings_mean":2.0789473684210527,"clipped_area_frac":1.0,"clon":-80.057122,"clat":40.460092},"geometry":{"type":"Polygon","coordinates":[[[-80.0551585757321,40.46113325097753],[-80.05486443237959,40.45938823932428],[-80.05682809966746,40.45834703213],[-80.05908595252376,40.459050760259046],[-80.05938024936736,40.46079575120487],[-80.05741653986634,40.461837034731644],[-80.0551585757321,40.46113325097753]]]}},{"type":"Feature","id":"892a847a487ffff","properties":{"cell_id":"892a847a487ffff","h3_res":9,"building_count":58,"poi_count_sum":0,"conn_dist_median_ft":3981.7013560627656,"total_crossings_mean":1.8620689655172413,"clipped_area_frac":1.0,"clon":-80.058792,"clat":40.457306},"geometry":{"type":"Polygon","coordinates":[[[-80.05682809966746,40.45834703213],[-80.05653391218888,40.45660208721849],[-80.05849742409343,40.45556089114487],[-80.06075516567842,40.45626456365475],[-80.06104950662743,40.45800948785485],[-80.05908595252376,40.459050760259046],[-80.05682809966746,40.45834703213]]]}},{"type":"Feature","id":"892a847a483ffff","properties":{"cell_id":"892a847a483ffff","h3_res":9,"building_count":9,"poi_count_sum":1,"conn_dist_median_ft":7638.570410018871,"total_crossings_mean":0.0,"clipped_area_frac":1.0,"clon":-80.061344,"clat":40.459754},"geometry":{"type":"Polygon","coordinates":[[[-80.05938024936736,40.46079575120487],[-80.05908595252376,40.459050760259046],[-80.06104950662743,40.45800948785485],[-80.06330739976715,40.458713130063664],[-80.06360185009335,40.46045810028959],[-80.06163825379997,40.461499449029176],[-80.05938024936736,40.46079575120487]]]}},{"type":"Feature","id":"892a847a48fffff","properties":{"cell_id":"892a847a48fffff","h3_res":9,"building_count":216,"poi_count_sum":1,"conn_dist_median_ft":6671.670401998852,"total_crossings_mean":0.0,"clipped_area_frac":0.9999999999999998,"clon":-80.063013,"clat":40.456968},"geometry":{"type":"Polygon","coordinates":[[[-80.06104950662743,40.45800948785485],[-80.06075516567842,40.45626456365475],[-80.0627185644045,40.45522330238474],[-80.06497634625802,40.455926888983946],[-80.06527084066893,40.45767179246018],[-80.06330739976715,40.458713130063664],[-80.06104950662743,40.45800948785485]]]}},{"type":"Feature","id":"892a847a48bffff","properties":{"cell_id":"892a847a48bffff","h3_res":9,"building_count":76,"poi_count_sum":0,"conn_dist_median_ft":7261.430438876581,"total_crossings_mean":0.0,"clipped_area_frac":1.0,"clon":-80.065565,"clat":40.459417},"geometry":{"type":"Polygon","coordinates":[[[-80.06360185009335,40.46045810028959],[-80.06330739976715,40.458713130063664],[-80.06527084066893,40.45767179246018],[-80.06752877406586,40.45837534874694],[-80.06782337786608,40.46012029824053],[-80.06585989479807,40.46116171218228],[-80.06360185009335,40.46045810028959]]]}},{"type":"Feature","id":"892a847a4c7ffff","properties":{"cell_id":"892a847a4c7ffff","h3_res":9,"building_count":74,"poi_count_sum":3,"conn_dist_median_ft":2719.0633314608676,"total_crossings_mean":0.0,"clipped_area_frac":1.0,"clon":-80.069787,"clat":40.459079},"geometry":{"type":"Polygon","coordinates":[[[-80.06782337786608,40.46012029824053],[-80.06752877406586,40.45837534874694],[-80.06949210174803,40.45733394595484],[-80.07175007537592,40.458037416317715],[-80.07204483264161,40.459782345066515],[-80.07008146281667,40.46082382419978],[-80.06782337786608,40.46012029824053]]]}},{"type":"Feature","id":"892a847a413ffff","properties":{"cell_id":"892a847a413ffff","h3_res":9,"building_count":62,"poi_count_sum":0,"conn_dist_median_ft":3356.9730845637932,"total_crossings_mean":0.0,"clipped_area_frac":1.0,"clon":-80.067234,"clat":40.45663},"geometry":{"type":"Polygon","coordinates":[[[-80.06527084066893,40.45767179246018],[-80.06497634625802,40.455926888983946],[-80.06693963178796,40.45488556252818],[-80.06919745388377,40.4555890632149],[-80.06949210174803,40.45733394595484],[-80.06752877406586,40.45837534874694],[-80.06527084066893,40.45767179246018]]]}},{"type":"Feature","id":"892a847a4bbffff","properties":{"cell_id":"892a847a4bbffff","h3_res":9,"building_count":125,"poi_count_sum":16,"conn_dist_median_ft":6203.5420659599295,"total_crossings_mean":0.432,"clipped_area_frac":1.0,"clon":-80.060461,"clat":40.45452},"geometry":{"type":"Polygon","coordinates":[[[-80.05849742409343,40.45556089114487],[-80.05820319250195,40.45381601298084],[-80.06016654904295,40.45277482803947],[-80.06242417936325,40.45347844493608],[-80.0627185644045,40.45522330238474],[-80.06075516567842,40.45626456365475],[-80.05849742409343,40.45556089114487]]]}},{"type":"Feature","id":"892a847a4b3ffff","properties":{"cell_id":"892a847a4b3ffff","h3_res":9,"building_count":105,"poi_count_sum":15,"conn_dist_median_ft":4870.750272763799,"total_crossings_mean":2.0,"clipped_area_frac":1.0,"clon":-80.05624,"clat":40.454857},"geometry":{"type":"Polygon","coordinates":[[[-80.05427621089866,40.455898328799776],[-80.05398213276548,40.45415342993283],[-80.05594560246149,40.45311231018494],[-80.05820319250195,40.45381601298084],[-80.05849742409343,40.45556089114487],[-80.05653391218888,40.45660208721849],[-80.05427621089866,40.455898328799776]]]}},{"type":"Feature","id":"892a847a417ffff","properties":{"cell_id":"892a847a417ffff","h3_res":9,"building_count":151,"poi_count_sum":3,"conn_dist_median_ft":5496.039319273717,"total_crossings_mean":0.0,"clipped_area_frac":1.0,"clon":-80.064682,"clat":40.454182},"geometry":{"type":"Polygon","coordinates":[[[-80.0627185644045,40.45522330238474],[-80.06242417936325,40.45347844493608],[-80.06438742273156,40.45243719481184],[-80.06664509330548,40.453140725807344],[-80.06693963178796,40.45488556252818],[-80.06497634625802,40.455926888983946],[-80.0627185644045,40.45522330238474]]]}},{"type":"Feature","id":"892a847a41bffff","properties":{"cell_id":"892a847a41bffff","h3_res":9,"building_count":116,"poi_count_sum":1,"conn_dist_median_ft":2445.048285152617,"total_crossings_mean":0.0,"clipped_area_frac":1.0,"clon":-80.071455,"clat":40.456293},"geometry":{"type":"Polygon","coordinates":[[[-80.06949210174803,40.45733394595484],[-80.06919745388377,40.4555890632149],[-80.07116062619988,40.45454767158406],[-80.07341848851175,40.455251086356476],[-80.0737132898208,40.45699594834763],[-80.07175007537592,40.458037416317715],[-80.06949210174803,40.45733394595484]]]}},{"type":"Feature","id":"892a847a44fffff","properties":{"cell_id":"892a847a44fffff","h3_res":9,"building_count":1,"poi_count_sum":0,"conn_dist_median_ft":635.7822659045506,"total_crossings_mean":0.0,"clipped_area_frac":0.9999999999999998,"clon":-80.081565,"clat":40.45283},"geometry":{"type":"Polygon","coordinates":[[[-80.07960239593338,40.45387143646833],[-80.07930739717851,40.452126662005654],[-80.08127018767915,40.45108515125644],[-80.08352801900526,40.451788338629385],[-80.08382317116713,40.45353309231443],[-80.08186033859864,40.45457467940671],[-80.07960239593338,40.45387143646833]]]}},{"type":"Feature","id":"892a847a443ffff","properties":{"cell_id":"892a847a443ffff","h3_res":9,"building_count":28,"poi_count_sum":0,"conn_dist_median_ft":298.8516326798149,"total_crossings_mean":0.0,"clipped_area_frac":1.0,"clon":-80.079897,"clat":40.455616},"geometry":{"type":"Polygon","coordinates":[[[-80.0779344048433,40.45665779964741],[-80.077639450098,40.45491295841745],[-80.07960239593338,40.45387143646833],[-80.08186033859864,40.45457467940671],[-80.08215544677162,40.45631949986301],[-80.0801924588544,40.457361098157136],[-80.0779344048433,40.45665779964741]]]}},{"type":"Feature","id":"892a847a45bffff","properties":{"cell_id":"892a847a45bffff","h3_res":9,"building_count":36,"poi_count_sum":0,"conn_dist_median_ft":939.0466924031105,"total_crossings_mean":0.0,"clipped_area_frac":0.9997246737498648,"clon":-80.082451,"clat":40.458064},"geometry":{"type":"Polygon","coordinates":[[[-80.08048752302537,40.45910598537893],[-80.0801924588544,40.457361098157136],[-80.08215544677162,40.45631949986301],[-80.08441354093496,40.45702271244343],[-80.08470875854573,40.45876757888306],[-80.08299692877344,40.45967595505557],[-80.082778,40.459773],[-80.08271650651305,40.459800152968256],[-80.08048752302537,40.45910598537893]]]}},{"type":"Feature","id":"892a847a453ffff","properties":{"cell_id":"892a847a453ffff","h3_res":9,"building_count":165,"poi_count_sum":4,"conn_dist_median_ft":461.33727591975565,"total_crossings_mean":0.0,"clipped_area_frac":1.0,"clon":-80.078229,"clat":40.458403},"geometry":{"type":"Polygon","coordinates":[[[-80.07626621437602,40.45944424077637],[-80.07597130365342,40.45769933278485],[-80.0779344048433,40.45665779964741],[-80.0801924588544,40.457361098157136],[-80.08048752302537,40.45910598537893],[-80.07852437973962,40.4601475948633],[-80.07626621437602,40.45944424077637]]]}},{"type":"Feature","id":"892a847a457ffff","properties":{"cell_id":"892a847a457ffff","h3_res":9,"building_count":19,"poi_count_sum":3,"conn_dist_median_ft":1318.2202376873934,"total_crossings_mean":0.0,"clipped_area_frac":0.9999999999999998,"clon":-80.075676,"clat":40.455954},"geometry":{"type":"Polygon","coordinates":[[[-80.0737132898208,40.45699594834763],[-80.07341848851175,40.455251086356476],[-80.07538154759632,40.45420962956115],[-80.077639450098,40.45491295841745],[-80.0779344048433,40.45665779964741],[-80.07597130365342,40.45769933278485],[-80.0737132898208,40.45699594834763]]]}},{"type":"Feature","id":"892a847a4cfffff","properties":{"cell_id":"892a847a4cfffff","h3_res":9,"building_count":121,"poi_count_sum":2,"conn_dist_median_ft":1149.8741608159226,"total_crossings_mean":0.0,"clipped_area_frac":1.0,"clon":-80.074008,"clat":40.458741},"geometry":{"type":"Polygon","coordinates":[[[-80.07204483264161,40.459782345066515],[-80.07175007537592,40.458037416317715],[-80.0737132898208,40.45699594834763],[-80.07597130365342,40.45769933278485],[-80.07626621437602,40.45944424077637],[-80.07430295781182,40.460485785090505],[-80.07204483264161,40.459782345066515]]]}},{"type":"Feature","id":"892a8445927ffff","properties":{"cell_id":"892a8445927ffff","h3_res":9,"building_count":34,"poi_count_sum":1,"conn_dist_median_ft":817.3322274885413,"total_crossings_mean":0.0,"clipped_area_frac":0.6416258256875738,"clon":-80.080783,"clat":40.460851},"geometry":{"type":"Polygon","coordinates":[[[-80.07881939989542,40.46189254884492],[-80.07852437973962,40.4601475948633],[-80.08048752302537,40.45910598537893],[-80.08271650651305,40.459800152968256],[-80.082624,40.459841],[-80.082273,40.459999],[-80.082166,40.460082],[-80.081915,40.460281],[-80.081453,40.460619],[-80.081398,40.460677],[-80.081188,40.460884],[-80.080973,40.461138],[-80.08089,40.461237],[-80.080838,40.461334],[-80.080681,40.461624],[-80.080619,40.461742],[-80.080586,40.461805],[-80.080545,40.46189],[-80.080524,40.461925],[-80.080483,40.46201],[-80.080354,40.462279],[-80.08031475567435,40.46235825814787],[-80.07881939989542,40.46189254884492]]]}},{"type":"Feature","id":"892a847a4cbffff","properties":{"cell_id":"892a847a4cbffff","h3_res":9,"building_count":76,"poi_count_sum":1,"conn_dist_median_ft":438.64707570387884,"total_crossings_mean":0.0,"clipped_area_frac":1.0,"clon":-80.076561,"clat":40.461189},"geometry":{"type":"Polygon","coordinates":[[[-80.0745978244986,40.46223075983788],[-80.07430295781182,40.460485785090505],[-80.07626621437602,40.45944424077637],[-80.07852437973962,40.4601475948633],[-80.07881939989542,40.46189254884492],[-80.07685610122134,40.462934169507925],[-80.0745978244986,40.46223075983788]]]}},{"type":"Feature","id":"892a847a4c3ffff","properties":{"cell_id":"892a847a4c3ffff","h3_res":9,"building_count":15,"poi_count_sum":0,"conn_dist_median_ft":1518.0885347206133,"total_crossings_mean":0.13333333333333333,"clipped_area_frac":0.5541006061075657,"clon":-80.07234,"clat":40.461527},"geometry":{"type":"Polygon","coordinates":[[[-80.07008146281667,40.46082382419978],[-80.07204483264161,40.459782345066515],[-80.07430295781182,40.460485785090505],[-80.0745978244986,40.46223075983788],[-80.07375005253982,40.46268048793752],[-80.07245,40.461481],[-80.072334,40.461374],[-80.072221,40.461342],[-80.07189,40.461252],[-80.071075,40.461105],[-80.07009929983892,40.46092943712312],[-80.07008146281667,40.46082382419978]]]}},{"type":"Feature","id":"892a847a49bffff","properties":{"cell_id":"892a847a49bffff","h3_res":9,"building_count":5,"poi_count_sum":0,"conn_dist_median_ft":8110.0208743339645,"total_crossings_mean":0.0,"clipped_area_frac":0.6602406796235611,"clon":-80.063896,"clat":40.462203},"geometry":{"type":"Polygon","coordinates":[[[-80.06193266002832,40.463244485999084],[-80.06163825379997,40.461499449029176],[-80.06360185009335,40.46045810028959],[-80.06585989479807,40.46116171218228],[-80.06595961081946,40.46175244493791],[-80.065573,40.461939],[-80.065417,40.462014],[-80.065211,40.462113],[-80.064496,40.462454],[-80.064093,40.462628],[-80.064003,40.462667],[-80.063398,40.462816],[-80.062914,40.463046],[-80.06227538461766,40.46335128294069],[-80.06193266002832,40.463244485999084]]]}},{"type":"Feature","id":"892a8444a2fffff","properties":{"cell_id":"892a8444a2fffff","h3_res":9,"building_count":96,"poi_count_sum":7,"conn_dist_median_ft":895.9520124611138,"total_crossings_mean":0.0,"clipped_area_frac":0.9581474729999977,"clon":-80.055453,"clat":40.462878},"geometry":{"type":"Polygon","coordinates":[[[-80.05348885225442,40.46391954767015],[-80.0531947530411,40.46217446928087],[-80.0551585757321,40.46113325097753],[-80.05741653986634,40.461837034731644],[-80.05770355516992,40.46353917108849],[-80.057249,40.463714],[-80.057139,40.463753],[-80.05696,40.463826],[-80.056636,40.463951],[-80.056354,40.464043],[-80.056163,40.464105],[-80.055958,40.46419],[-80.055561,40.464356],[-80.05534,40.464437],[-80.05525248956039,40.464469271291684],[-80.05348885225442,40.46391954767015]]]}},{"type":"Feature","id":"892a847a493ffff","properties":{"cell_id":"892a847a493ffff","h3_res":9,"building_count":1,"poi_count_sum":0,"conn_dist_median_ft":670.0122824925935,"total_crossings_mean":0.0,"clipped_area_frac":0.946950583358577,"clon":-80.059675,"clat":40.462541},"geometry":{"type":"Polygon","coordinates":[[[-80.05741653986634,40.461837034731644],[-80.05938024936736,40.46079575120487],[-80.06163825379997,40.461499449029176],[-80.06193266002832,40.463244485999084],[-80.06021574498472,40.46415495060218],[-80.060108,40.464146],[-80.059829,40.464064],[-80.059433,40.463923],[-80.059182,40.463778],[-80.058971,40.463662],[-80.058485,40.463447],[-80.058246,40.463435],[-80.058134,40.463429],[-80.058034,40.463451],[-80.057795,40.463504],[-80.05770355516992,40.46353917108849],[-80.05741653986634,40.461837034731644]]]}},{"type":"Feature","id":"892a8444a27ffff","properties":{"cell_id":"892a8444a27ffff","h3_res":9,"building_count":25,"poi_count_sum":5,"conn_dist_median_ft":259.56950419015686,"total_crossings_mean":0.0,"clipped_area_frac":1.0,"clon":-80.051231,"clat":40.463216},"geometry":{"type":"Polygon","coordinates":[[[-80.04926683906122,40.46425685174831],[-80.04897289336822,40.46251175266802],[-80.05093682923147,40.46147059959877],[-80.0531947530411,40.46217446928087],[-80.05348885225442,40.46391954767015],[-80.05152487414051,40.46496077707092],[-80.04926683906122,40.46425685174831]]]}},{"type":"Feature","id":"892a847a4dbffff","properties":{"cell_id":"892a847a4dbffff","h3_res":9,"building_count":8,"poi_count_sum":4,"conn_dist_median_ft":1200.8719576899814,"total_crossings_mean":3.25,"clipped_area_frac":0.39451566486473344,"clon":-80.074893,"clat":40.463976},"geometry":{"type":"Polygon","coordinates":[[[-80.0745978244986,40.46223075983788],[-80.07685610122134,40.462934169507925],[-80.07715107734884,40.464679190243665],[-80.07705279963837,40.46473132754208],[-80.077031,40.46473],[-80.076707,40.464695],[-80.076498,40.464657],[-80.076265,40.464558],[-80.076075,40.464428],[-80.075364,40.463981],[-80.074891,40.463685],[-80.074759,40.463612],[-80.074344,40.463229],[-80.074234,40.463127],[-80.07375005253982,40.46268048793752],[-80.0745978244986,40.46223075983788]]]}},{"type":"Feature","id":"892a8445937ffff","properties":{"cell_id":"892a8445937ffff","h3_res":9,"building_count":7,"poi_count_sum":3,"conn_dist_median_ft":1778.3147640660795,"total_crossings_mean":4.0,"clipped_area_frac":0.5566517829526706,"clon":-80.079114,"clat":40.463638},"geometry":{"type":"Polygon","coordinates":[[[-80.07715107734884,40.464679190243665],[-80.07685610122134,40.462934169507925],[-80.07881939989542,40.46189254884492],[-80.08031475567435,40.46235825814787],[-80.080303,40.462382],[-80.08026,40.462466],[-80.080249,40.46249],[-80.080172,40.46272],[-80.080166,40.462737],[-80.080104,40.46293],[-80.079934,40.463366],[-80.079717,40.463574],[-80.079672,40.463613],[-80.079397,40.463854],[-80.078059,40.464684],[-80.077697,40.464736],[-80.077594,40.46474],[-80.07737189737203,40.46474796383925],[-80.07715107734884,40.464679190243665]]]}},{"type":"Feature","id":"892a84459afffff","properties":{"cell_id":"892a84459afffff","h3_res":9,"building_count":1,"poi_count_sum":0,"conn_dist_median_ft":1929.0708628301409,"total_crossings_mean":4.0,"clipped_area_frac":0.0008518651108325802,"clon":-80.077446,"clat":40.466424},"geometry":{"type":"Polygon","coordinates":[[[-80.07715107734884,40.464679190243665],[-80.07737189737203,40.46474796383925],[-80.077343,40.464749],[-80.07705279963837,40.46473132754208],[-80.07715107734884,40.464679190243665]]]}},{"type":"Feature","id":"892a8444bd3ffff","properties":{"cell_id":"892a8444bd3ffff","h3_res":9,"building_count":3,"poi_count_sum":0,"conn_dist_median_ft":6592.161573708609,"total_crossings_mean":11.333333333333334,"clipped_area_frac":1.0,"clon":-80.041116,"clat":40.466676},"geometry":{"type":"Polygon","coordinates":[[[-80.03915187109985,40.46771724711509],[-80.03885827668746,40.465972039971774],[-80.04082259428218,40.46493100634577],[-80.04308054860364,40.46563510353801],[-80.04337429657409,40.46738029001922],[-80.04140993666772,40.468421399972875],[-80.03915187109985,40.46771724711509]]]}},{"type":"Feature","id":"892a8444bdbffff","properties":{"cell_id":"892a8444bdbffff","h3_res":9,"building_count":5,"poi_count_sum":0,"conn_dist_median_ft":7759.605604180633,"total_crossings_mean":7.8,"clipped_area_frac":1.0,"clon":-80.045339,"clat":40.466339},"geometry":{"type":"Polygon","coordinates":[[[-80.04337429657409,40.46738029001922],[-80.04308054860364,40.46563510353801],[-80.04504475305583,40.46459400464311],[-80.04730274776932,40.46529801590146],[-80.04759664928928,40.46704318170812],[-80.04563240254895,40.468084356933566],[-80.04337429657409,40.46738029001922]]]}},{"type":"Feature","id":"892a844486bffff","properties":{"cell_id":"892a844486bffff","h3_res":9,"building_count":15,"poi_count_sum":5,"conn_dist_median_ft":6138.646769941166,"total_crossings_mean":9.0,"clipped_area_frac":1.0,"clon":-80.039445,"clat":40.469462},"geometry":{"type":"Polygon","coordinates":[[[-80.03748094823003,40.47050356564231],[-80.0371873980452,40.46875829178631],[-80.03915187109985,40.46771724711509],[-80.04140993666772,40.468421399972875],[-80.04170364043128,40.470166653170764],[-80.03973912505096,40.47120777417154],[-80.03748094823003,40.47050356564231]]]}},{"type":"Feature","id":"892a8444aafffff","properties":{"cell_id":"892a8444aafffff","h3_res":9,"building_count":1,"poi_count_sum":0,"conn_dist_median_ft":7507.8504756442135,"total_crossings_mean":9.0,"clipped_area_frac":0.9995634510135104,"clon":-80.047891,"clat":40.468788},"geometry":{"type":"Polygon","coordinates":[[[-80.04818451752121,40.470533626082194],[-80.04592625988269,40.469829589460836],[-80.04563240254895,40.468084356933566],[-80.04759664928928,40.46704318170812],[-80.04985479564486,40.46774716267715],[-80.05013747524063,40.469425113345956],[-80.05001536031612,40.46956311313868],[-80.04818451752121,40.470533626082194]]]}},{"type":"Feature","id":"892a8444ab7ffff","properties":{"cell_id":"892a8444ab7ffff","h3_res":9,"building_count":22,"poi_count_sum":1,"conn_dist_median_ft":6172.225454760294,"total_crossings_mean":8.0,"clipped_area_frac":1.0,"clon":-80.041997,"clat":40.471912},"geometry":{"type":"Polygon","coordinates":[[[-80.04003278459446,40.47295309408034],[-80.03973912505096,40.47120777417154],[-80.04170364043128,40.470166653170764],[-80.04396185767413,40.47087077574695],[-80.04425567080854,40.47261607498915],[-80.04229111311193,40.47365727232432],[-80.04003278459446,40.47295309408034]]]}},{"type":"Feature","id":"892a844487bffff","properties":{"cell_id":"892a844487bffff","h3_res":9,"building_count":52,"poi_count_sum":7,"conn_dist_median_ft":3700.8600965272217,"total_crossings_mean":0.46153846153846156,"clipped_area_frac":1.0,"clon":-80.037775,"clat":40.472249},"geometry":{"type":"Polygon","coordinates":[[[-80.03580982563977,40.473289961910076],[-80.03551631969567,40.47154462134713],[-80.03748094823003,40.47050356564231],[-80.03973912505096,40.47120777417154],[-80.04003278459446,40.47295309408034],[-80.03806811372039,40.473994226116645],[-80.03580982563977,40.473289961910076]]]}},{"type":"Feature","id":"892a8444863ffff","properties":{"cell_id":"892a8444863ffff","h3_res":9,"building_count":132,"poi_count_sum":3,"conn_dist_median_ft":1984.7696924954616,"total_crossings_mean":0.0,"clipped_area_frac":1.0,"clon":-80.035223,"clat":40.469799},"geometry":{"type":"Polygon","coordinates":[[[-80.03325818332293,40.470840326866686],[-80.03296478672536,40.469095032365054],[-80.03492937291054,40.46805405298689],[-80.0371873980452,40.46875829178631],[-80.03748094823003,40.47050356564231],[-80.03551631969567,40.47154462134713],[-80.03325818332293,40.470840326866686]]]}},{"type":"Feature","id":"892a8444877ffff","properties":{"cell_id":"892a8444877ffff","h3_res":9,"building_count":266,"poi_count_sum":9,"conn_dist_median_ft":2340.8445673041992,"total_crossings_mean":0.0,"clipped_area_frac":0.9999999999999998,"clon":-80.031,"clat":40.470136},"geometry":{"type":"Polygon","coordinates":[[[-80.02903534575397,40.47117693683515],[-80.02874210275216,40.46943162170031],[-80.03070680205018,40.46839070762585],[-80.03296478672536,40.469095032365054],[-80.03325818332293,40.470840326866686],[-80.0312934416523,40.47188131726491],[-80.02903534575397,40.47117693683515]]]}},{"type":"Feature","id":"892a8444873ffff","properties":{"cell_id":"892a8444873ffff","h3_res":9,"building_count":175,"poi_count_sum":2,"conn_dist_median_ft":3701.1871258050846,"total_crossings_mean":0.0,"clipped_area_frac":1.0,"clon":-80.033552,"clat":40.472586},"geometry":{"type":"Polygon","coordinates":[[[-80.03158679398847,40.473626678469536],[-80.0312934416523,40.47188131726491],[-80.03325818332293,40.470840326866686],[-80.03551631969567,40.47154462134713],[-80.03580982563977,40.473289961910076],[-80.03384504160593,40.47433102863686],[-80.03158679398847,40.473626678469536]]]}},{"type":"Feature","id":"892a844480fffff","properties":{"cell_id":"892a844480fffff","h3_res":9,"building_count":167,"poi_count_sum":11,"conn_dist_median_ft":2992.2190006925903,"total_crossings_mean":0.0,"clipped_area_frac":1.0,"clon":-80.029329,"clat":40.472922},"geometry":{"type":"Polygon","coordinates":[[[-80.02736368968452,40.47396324374995],[-80.02707049096482,40.472217861916114],[-80.02903534575397,40.47117693683515],[-80.0312934416523,40.47188131726491],[-80.03158679398847,40.473626678469536],[-80.0296218968126,40.474667679876184],[-80.02736368968452,40.47396324374995]]]}},{"type":"Feature","id":"892a844483bffff","properties":{"cell_id":"892a844483bffff","h3_res":9,"building_count":151,"poi_count_sum":5,"conn_dist_median_ft":1641.613063999643,"total_crossings_mean":0.0,"clipped_area_frac":1.0,"clon":-80.026777,"clat":40.470473},"geometry":{"type":"Polygon","coordinates":[[[-80.0248124355672,40.47151339553884],[-80.02451934616967,40.46976805978329],[-80.02648415856275,40.46872721102317],[-80.02874210275216,40.46943162170031],[-80.02903534575397,40.47117693683515],[-80.02707049096482,40.472217861916114],[-80.0248124355672,40.47151339553884]]]}},{"type":"Feature","id":"892a8444823ffff","properties":{"cell_id":"892a8444823ffff","h3_res":9,"building_count":54,"poi_count_sum":2,"conn_dist_median_ft":690.029355050608,"total_crossings_mean":0.0,"clipped_area_frac":0.9999999999999998,"clon":-80.024226,"clat":40.468023},"geometry":{"type":"Polygon","coordinates":[[[-80.02226144249225,40.46906356317003],[-80.02196846239724,40.46731827350299],[-80.0239332323848,40.46627750105887],[-80.02619102487563,40.46698194196835],[-80.02648415856275,40.46872721102317],[-80.02451934616967,40.46976805978329],[-80.02226144249225,40.46906356317003]]]}},{"type":"Feature","id":"892a844482bffff","properties":{"cell_id":"892a844482bffff","h3_res":9,"building_count":227,"poi_count_sum":11,"conn_dist_median_ft":1389.1781469018624,"total_crossings_mean":0.0,"clipped_area_frac":1.0,"clon":-80.028449,"clat":40.467686},"geometry":{"type":"Polygon","coordinates":[[[-80.02648415856275,40.46872721102317],[-80.02619102487563,40.46698194196835],[-80.0281556817916,40.46594110421281],[-80.03041351477947,40.466645459195746],[-80.03070680205018,40.46839070762585],[-80.02874210275216,40.46943162170031],[-80.02648415856275,40.46872721102317]]]}},{"type":"Feature","id":"892a8444867ffff","properties":{"cell_id":"892a8444867ffff","h3_res":9,"building_count":156,"poi_count_sum":7,"conn_dist_median_ft":1186.6275566806921,"total_crossings_mean":0.0,"clipped_area_frac":1.0,"clon":-80.032671,"clat":40.46735},"geometry":{"type":"Polygon","coordinates":[[[-80.03070680205018,40.46839070762585],[-80.03041351477947,40.466645459195746],[-80.0323780586061,40.465604556139425],[-80.03463593206473,40.46630882519395],[-80.03492937291054,40.46805405298689],[-80.03296478672536,40.469095032365054],[-80.03070680205018,40.46839070762585]]]}},{"type":"Feature","id":"892a844486fffff","properties":{"cell_id":"892a844486fffff","h3_res":9,"building_count":8,"poi_count_sum":3,"conn_dist_median_ft":5409.374872660726,"total_crossings_mean":7.625,"clipped_area_frac":1.0,"clon":-80.036894,"clat":40.467013},"geometry":{"type":"Polygon","coordinates":[[[-80.03492937291054,40.46805405298689],[-80.03463593206473,40.46630882519395],[-80.03660036278428,40.465267856847476],[-80.03885827668746,40.465972039971774],[-80.03915187109985,40.46771724711509],[-80.0371873980452,40.46875829178631],[-80.03492937291054,40.46805405298689]]]}},{"type":"Feature","id":"892a8444b93ffff","properties":{"cell_id":"892a8444b93ffff","h3_res":9,"building_count":129,"poi_count_sum":0,"conn_dist_median_ft":674.2618525982075,"total_crossings_mean":0.0,"clipped_area_frac":1.0,"clon":-80.03012,"clat":40.4649},"geometry":{"type":"Polygon","coordinates":[[[-80.0281556817916,40.46594110421281],[-80.02786250382808,40.46419590186447],[-80.02982700528675,40.463155075125165],[-80.03208472707962,40.463859374419755],[-80.0323780586061,40.465604556139425],[-80.03041351477947,40.466645459195746],[-80.0281556817916,40.46594110421281]]]}},{"type":"Feature","id":"892a844482fffff","properties":{"cell_id":"892a844482fffff","h3_res":9,"building_count":140,"poi_count_sum":4,"conn_dist_median_ft":191.83490449881768,"total_crossings_mean":0.0,"clipped_area_frac":1.0,"clon":-80.025898,"clat":40.465237},"geometry":{"type":"Polygon","coordinates":[[[-80.0239332323848,40.46627750105887],[-80.0236402079927,40.46453227809433],[-80.02560482251727,40.46349151665289],[-80.02786250382808,40.46419590186447],[-80.0281556817916,40.46594110421281],[-80.02619102487563,40.46698194196835],[-80.0239332323848,40.46627750105887]]]}},{"type":"Feature","id":"892a844495bffff","properties":{"cell_id":"892a844495bffff","h3_res":9,"building_count":53,"poi_count_sum":2,"conn_dist_median_ft":2398.0131212697393,"total_crossings_mean":0.0,"clipped_area_frac":1.0,"clon":-80.023347,"clat":40.462787},"geometry":{"type":"Polygon","coordinates":[[[-80.02138256719024,40.46382780696759],[-80.0210896520735,40.46208263010355],[-80.02305422419722,40.46104194497137],[-80.02531175384125,40.46174636039656],[-80.02560482251727,40.46349151665289],[-80.0236402079927,40.46453227809433],[-80.02138256719024,40.46382780696759]]]}},{"type":"Feature","id":"892a8444b97ffff","properties":{"cell_id":"892a8444b97ffff","h3_res":9,"building_count":72,"poi_count_sum":2,"conn_dist_median_ft":2758.531657451842,"total_crossings_mean":0.0,"clipped_area_frac":1.0,"clon":-80.027569,"clat":40.462451},"geometry":{"type":"Polygon","coordinates":[[[-80.02560482251727,40.46349151665289],[-80.02531175384125,40.46174636039656],[-80.02727621292256,40.46070560996942],[-80.02953378305996,40.461409939489016],[-80.02982700528675,40.463155075125165],[-80.02786250382808,40.46419590186447],[-80.02560482251727,40.46349151665289]]]}},{"type":"Feature","id":"892a8444b83ffff","properties":{"cell_id":"892a8444b83ffff","h3_res":9,"building_count":39,"poi_count_sum":2,"conn_dist_median_ft":189.79068229094514,"total_crossings_mean":0.6666666666666666,"clipped_area_frac":1.0,"clon":-80.031791,"clat":40.462114},"geometry":{"type":"Polygon","coordinates":[[[-80.02982700528675,40.463155075125165],[-80.02953378305996,40.461409939489016],[-80.0314981290811,40.46036912377755],[-80.03375573968565,40.461073367389695],[-80.03404911545466,40.46281848239319],[-80.03208472707962,40.463859374419755],[-80.02982700528675,40.463155075125165]]]}},{"type":"Feature","id":"892a8444b8bffff","properties":{"cell_id":"892a8444b8bffff","h3_res":9,"building_count":8,"poi_count_sum":4,"conn_dist_median_ft":4308.536009577558,"total_crossings_mean":10.0,"clipped_area_frac":0.9999999999999998,"clon":-80.036013,"clat":40.461778},"geometry":{"type":"Polygon","coordinates":[[[-80.03404911545466,40.46281848239319],[-80.03375573968565,40.461073367389695],[-80.03571997262888,40.460032486404515],[-80.03797762367432,40.460736644107406],[-80.03827115297709,40.46248173846577],[-80.03630687770341,40.46352269576896],[-80.03404911545466,40.46281848239319]]]}},{"type":"Feature","id":"892a8444bd7ffff","properties":{"cell_id":"892a8444bd7ffff","h3_res":9,"building_count":10,"poi_count_sum":3,"conn_dist_median_ft":5128.20089786764,"total_crossings_mean":10.0,"clipped_area_frac":1.0,"clon":-80.038565,"clat":40.464227},"geometry":{"type":"Polygon","coordinates":[[[-80.03660036278428,40.465267856847476],[-80.03630687770341,40.46352269576896],[-80.03827115297709,40.46248173846577],[-80.0405289556554,40.46318586592086],[-80.04082259428218,40.46493100634577],[-80.03885827668746,40.465972039971774],[-80.03660036278428,40.465267856847476]]]}},{"type":"Feature","id":"892a8444b9bffff","properties":{"cell_id":"892a8444b9bffff","h3_res":9,"building_count":5,"poi_count_sum":1,"conn_dist_median_ft":288.1446949352874,"total_crossings_mean":0.8,"clipped_area_frac":1.0,"clon":-80.034343,"clat":40.464564},"geometry":{"type":"Polygon","coordinates":[[[-80.0323780586061,40.465604556139425],[-80.03208472707962,40.463859374419755],[-80.03404911545466,40.46281848239319],[-80.03630687770341,40.46352269576896],[-80.03660036278428,40.465267856847476],[-80.03463593206473,40.46630882519395],[-80.0323780586061,40.465604556139425]]]}},{"type":"Feature","id":"892a8444bc3ffff","properties":{"cell_id":"892a8444bc3ffff","h3_res":9,"building_count":17,"poi_count_sum":0,"conn_dist_median_ft":8078.222174217317,"total_crossings_mean":9.235294117647058,"clipped_area_frac":1.0,"clon":-80.042787,"clat":40.46389},"geometry":{"type":"Polygon","coordinates":[[[-80.04082259428218,40.46493100634577],[-80.0405289556554,40.46318586592086],[-80.04249311781,40.462144843351695],[-80.04475096089168,40.46284888488428],[-80.04504475305583,40.46459400464311],[-80.04308054860364,40.46563510353801],[-80.04082259428218,40.46493100634577]]]}},{"type":"Feature","id":"892a8444bcbffff","properties":{"cell_id":"892a8444bcbffff","h3_res":9,"building_count":4,"poi_count_sum":0,"conn_dist_median_ft":1445.8639357337765,"total_crossings_mean":3.0,"clipped_area_frac":1.0,"clon":-80.047009,"clat":40.463553},"geometry":{"type":"Polygon","coordinates":[[[-80.04504475305583,40.46459400464311],[-80.04475096089168,40.46284888488428],[-80.04671500990945,40.46180779705976],[-80.04897289336822,40.46251175266802],[-80.04926683906122,40.46425685174831],[-80.04730274776932,40.46529801590146],[-80.04504475305583,40.46459400464311]]]}},{"type":"Feature","id":"892a8444bc7ffff","properties":{"cell_id":"892a8444bc7ffff","h3_res":9,"building_count":4,"poi_count_sum":0,"conn_dist_median_ft":1568.4067496127122,"total_crossings_mean":5.0,"clipped_area_frac":1.0,"clon":-80.040235,"clat":40.461441},"geometry":{"type":"Polygon","coordinates":[[[-80.03827115297709,40.46248173846577],[-80.03797762367432,40.460736644107406],[-80.03994174352191,40.45969569785914],[-80.04219943498201,40.46039976965091],[-80.04249311781,40.462144843351695],[-80.0405289556554,40.46318586592086],[-80.03827115297709,40.46248173846577]]]}},{"type":"Feature","id":"892a8444bcfffff","properties":{"cell_id":"892a8444bcfffff","h3_res":9,"building_count":2,"poi_count_sum":0,"conn_dist_median_ft":1305.773957752078,"total_crossings_mean":3.0,"clipped_area_frac":1.0,"clon":-80.044457,"clat":40.461104},"geometry":{"type":"Polygon","coordinates":[[[-80.04249311781,40.462144843351695],[-80.04219943498201,40.46039976965091],[-80.04416344171624,40.45935875815018],[-80.04642117356475,40.46006274402902],[-80.04671500990945,40.46180779705976],[-80.04475096089168,40.46284888488428],[-80.04249311781,40.462144843351695]]]}},{"type":"Feature","id":"892a8444b53ffff","properties":{"cell_id":"892a8444b53ffff","h3_res":9,"building_count":27,"poi_count_sum":3,"conn_dist_median_ft":341.17408291687207,"total_crossings_mean":0.0,"clipped_area_frac":1.0,"clon":-80.048679,"clat":40.460767},"geometry":{"type":"Polygon","coordinates":[[[-80.04671500990945,40.46180779705976],[-80.04642117356475,40.46006274402902],[-80.04838506716793,40.45902166728648],[-80.0506428393786,40.459725567250544],[-80.05093682923147,40.46147059959877],[-80.04897289336822,40.46251175266802],[-80.04671500990945,40.46180779705976]]]}},{"type":"Feature","id":"892a8444b1bffff","properties":{"cell_id":"892a8444b1bffff","h3_res":9,"building_count":2,"poi_count_sum":0,"conn_dist_median_ft":972.3170589359554,"total_crossings_mean":3.0,"clipped_area_frac":1.0,"clon":-80.041906,"clat":40.458655},"geometry":{"type":"Polygon","coordinates":[[[-80.03994174352191,40.45969569785914],[-80.03964817001041,40.45795067022664],[-80.04161213445171,40.4569097350449],[-80.04386971470018,40.457613751179245],[-80.04416344171624,40.45935875815018],[-80.04219943498201,40.46039976965091],[-80.03994174352191,40.45969569785914]]]}},{"type":"Feature","id":"892a8444943ffff","properties":{"cell_id":"892a8444943ffff","h3_res":9,"building_count":41,"poi_count_sum":1,"conn_dist_median_ft":3316.339204850628,"total_crossings_mean":0.0,"clipped_area_frac":1.0,"clon":-80.020797,"clat":40.460337},"geometry":{"type":"Polygon","coordinates":[[[-80.01883216294908,40.46137812877461],[-80.01853935708802,40.45963299802129],[-80.02050388680154,40.45859238919355],[-80.02276126478905,40.45929683481729],[-80.02305422419722,40.46104194497137],[-80.0210896520735,40.46208263010355],[-80.01883216294908,40.46137812877461]]]}},{"type":"Feature","id":"892a8444947ffff","properties":{"cell_id":"892a8444947ffff","h3_res":9,"building_count":50,"poi_count_sum":18,"conn_dist_median_ft":4302.648734456476,"total_crossings_mean":0.0,"clipped_area_frac":1.0,"clon":-80.018247,"clat":40.457888},"geometry":{"type":"Polygon","coordinates":[[[-80.01628201963139,40.458928466505206],[-80.01598932300635,40.45718338187283],[-80.01795381030027,40.45614284934471],[-80.02021103664156,40.45684732515194],[-80.02050388680154,40.45859238919355],[-80.01853935708802,40.45963299802129],[-80.01628201963139,40.458928466505206]]]}},{"type":"Feature","id":"892a8444957ffff","properties":{"cell_id":"892a8444957ffff","h3_res":9,"building_count":51,"poi_count_sum":10,"conn_dist_median_ft":3967.754544395593,"total_crossings_mean":0.0,"clipped_area_frac":1.0,"clon":-80.016575,"clat":40.460674},"geometry":{"type":"Polygon","coordinates":[[[-80.0146100292221,40.46171416137037],[-80.01431737691662,40.45996901003028],[-80.01628201963139,40.458928466505206],[-80.01853935708802,40.45963299802129],[-80.01883216294908,40.46137812877461],[-80.01686747780066,40.462418748601195],[-80.0146100292221,40.46171416137037]]]}},{"type":"Feature","id":"892a8444953ffff","properties":{"cell_id":"892a8444953ffff","h3_res":9,"building_count":35,"poi_count_sum":7,"conn_dist_median_ft":3667.1942964235004,"total_crossings_mean":0.0,"clipped_area_frac":1.0,"clon":-80.019125,"clat":40.463123},"geometry":{"type":"Polygon","coordinates":[[[-80.01716023934964,40.4641639460605],[-80.01686747780066,40.462418748601195],[-80.01883216294908,40.46137812877461],[-80.0210896520735,40.46208263010355],[-80.02138256719024,40.46382780696759],[-80.01941783961755,40.46486850310053],[-80.01716023934964,40.4641639460605]]]}},{"type":"Feature","id":"892a844491bffff","properties":{"cell_id":"892a844491bffff","h3_res":9,"building_count":61,"poi_count_sum":3,"conn_dist_median_ft":5018.345385226647,"total_crossings_mean":0.7213114754098361,"clipped_area_frac":1.0,"clon":-80.012353,"clat":40.46101},"geometry":{"type":"Polygon","coordinates":[[[-80.01038782306028,40.46205004274985],[-80.01009532431891,40.46030487083546],[-80.01206008001716,40.45926439262369],[-80.01431737691662,40.45996901003028],[-80.0146100292221,40.46171416137037],[-80.01264523106674,40.46275471588074],[-80.01038782306028,40.46205004274985]]]}},{"type":"Feature","id":"892a84449cfffff","properties":{"cell_id":"892a84449cfffff","h3_res":9,"building_count":86,"poi_count_sum":3,"conn_dist_median_ft":4105.126480050885,"total_crossings_mean":0.0,"clipped_area_frac":1.0,"clon":-80.014903,"clat":40.463459},"geometry":{"type":"Polygon","coordinates":[[[-80.01293783903947,40.46449993392282],[-80.01264523106674,40.46275471588074],[-80.0146100292221,40.46171416137037],[-80.01686747780066,40.462418748601195],[-80.01716023934964,40.4641639460605],[-80.01519539874654,40.46520457687432],[-80.01293783903947,40.46449993392282]]]}},{"type":"Feature","id":"892a84449c7ffff","properties":{"cell_id":"892a84449c7ffff","h3_res":9,"building_count":132,"poi_count_sum":9,"conn_dist_median_ft":4302.297212654994,"total_crossings_mean":1.371212121212121,"clipped_area_frac":1.0,"clon":-80.01068,"clat":40.463795},"geometry":{"type":"Polygon","coordinates":[[[-80.00871536630372,40.4648357705458],[-80.00842291191576,40.463090531933425],[-80.01038782306028,40.46205004274985],[-80.01264523106674,40.46275471588074],[-80.01293783903947,40.46449993392282],[-80.01097288542373,40.465540499406906],[-80.00871536630372,40.4648357705458]]]}},{"type":"Feature","id":"892a8444913ffff","properties":{"cell_id":"892a8444913ffff","h3_res":9,"building_count":53,"poi_count_sum":4,"conn_dist_median_ft":5508.468780495418,"total_crossings_mean":4.3584905660377355,"clipped_area_frac":1.0,"clon":-80.00813,"clat":40.461345},"geometry":{"type":"Polygon","coordinates":[[[-80.00616554450765,40.46238577290433],[-80.00587319933882,40.46064058042811],[-80.00783806800281,40.459600167540245],[-80.01009532431891,40.46030487083546],[-80.01038782306028,40.46205004274985],[-80.00842291191576,40.463090531933425],[-80.00616554450765,40.46238577290433]]]}},{"type":"Feature","id":"892a844490bffff","properties":{"cell_id":"892a844490bffff","h3_res":9,"building_count":167,"poi_count_sum":14,"conn_dist_median_ft":5035.811527579147,"total_crossings_mean":1.4910179640718564,"clipped_area_frac":0.9999999999999996,"clon":-80.014025,"clat":40.458224},"geometry":{"type":"Polygon","coordinates":[[[-80.01206008001716,40.45926439262369],[-80.01176753693552,40.457519287413035],[-80.01373213720726,40.45647882018467],[-80.01598932300635,40.45718338187283],[-80.01628201963139,40.458928466505206],[-80.01431737691662,40.45996901003028],[-80.01206008001716,40.45926439262369]]]}},{"type":"Feature","id":"892a8444903ffff","properties":{"cell_id":"892a8444903ffff","h3_res":9,"building_count":171,"poi_count_sum":4,"conn_dist_median_ft":4005.8474675174334,"total_crossings_mean":3.690058479532164,"clipped_area_frac":1.0,"clon":-80.009803,"clat":40.45856},"geometry":{"type":"Polygon","coordinates":[[[-80.00783806800281,40.459600167540245],[-80.00754567847308,40.45785504176377],[-80.00951039170485,40.45681463984577],[-80.01176753693552,40.457519287413035],[-80.01206008001716,40.45926439262369],[-80.01009532431891,40.46030487083546],[-80.00783806800281,40.459600167540245]]]}},{"type":"Feature","id":"892a8444917ffff","properties":{"cell_id":"892a8444917ffff","h3_res":9,"building_count":128,"poi_count_sum":4,"conn_dist_median_ft":2867.5921642736084,"total_crossings_mean":2.3203125,"clipped_area_frac":0.9999999999999998,"clon":-80.005581,"clat":40.458895},"geometry":{"type":"Polygon","coordinates":[[[-80.00361598363234,40.45993579124609],[-80.003323747663,40.45819064491628],[-80.00528857383705,40.45715030831925],[-80.00754567847308,40.45785504176377],[-80.00783806800281,40.459600167540245],[-80.00587319933882,40.46064058042811],[-80.00361598363234,40.45993579124609]]]}},{"type":"Feature","id":"892a844498fffff","properties":{"cell_id":"892a844498fffff","h3_res":9,"building_count":161,"poi_count_sum":2,"conn_dist_median_ft":5788.034934994585,"total_crossings_mean":2.3850931677018634,"clipped_area_frac":1.0,"clon":-80.003908,"clat":40.461681},"geometry":{"type":"Polygon","coordinates":[[[-80.00194319360814,40.46272135182502],[-80.00165100202038,40.46097613879945],[-80.00361598363234,40.45993579124609],[-80.00587319933882,40.46064058042811],[-80.00616554450765,40.46238577290433],[-80.00420052039168,40.46342619675045],[-80.00194319360814,40.46272135182502]]]}},{"type":"Feature","id":"892a84449bbffff","properties":{"cell_id":"892a84449bbffff","h3_res":9,"building_count":104,"poi_count_sum":2,"conn_dist_median_ft":2320.6303218646935,"total_crossings_mean":2.0,"clipped_area_frac":1.0,"clon":-80.001359,"clat":40.459231},"geometry":{"type":"Polygon","coordinates":[[[-79.99939382694976,40.46027126373249],[-79.99910174454926,40.458526096861796],[-80.00106668364785,40.45748582559637],[-80.003323747663,40.45819064491628],[-80.00361598363234,40.45993579124609],[-80.00165100202038,40.46097613879945],[-79.99939382694976,40.46027126373249]]]}},{"type":"Feature","id":"892a84449b3ffff","properties":{"cell_id":"892a84449b3ffff","h3_res":9,"building_count":75,"poi_count_sum":1,"conn_dist_median_ft":1635.608437436563,"total_crossings_mean":1.6933333333333334,"clipped_area_frac":1.0,"clon":-79.997137,"clat":40.459566},"geometry":{"type":"Polygon","coordinates":[[[-79.99517159799902,40.46060658499069],[-79.99487966917589,40.458861397591605],[-79.99684472118123,40.45782119166838],[-79.99910174454926,40.458526096861796],[-79.99939382694976,40.46027126373249],[-79.99742873240757,40.46131154594073],[-79.99517159799902,40.46060658499069]]]}},{"type":"Feature","id":"892a847324bffff","properties":{"cell_id":"892a847324bffff","h3_res":9,"building_count":139,"poi_count_sum":2,"conn_dist_median_ft":4007.0674685247645,"total_crossings_mean":2.8920863309352516,"clipped_area_frac":1.0,"clon":-79.995464,"clat":40.462352},"geometry":{"type":"Polygon","coordinates":[[[-79.99349827494464,40.46339205593005],[-79.99320639054439,40.4616468018432],[-79.99517159799902,40.46060658499069],[-79.99742873240757,40.46131154594073],[-79.99772077040582,40.46305677950318],[-79.99575552040027,40.46409707264258],[-79.99349827494464,40.46339205593005]]]}},{"type":"Feature","id":"892a8444987ffff","properties":{"cell_id":"892a8444987ffff","h3_res":9,"building_count":36,"poi_count_sum":0,"conn_dist_median_ft":2031.3654997313279,"total_crossings_mean":2.638888888888889,"clipped_area_frac":1.0,"clon":-79.999686,"clat":40.462016},"geometry":{"type":"Polygon","coordinates":[[[-79.99772077040582,40.46305677950318],[-79.99742873240757,40.46131154594073],[-79.99939382694976,40.46027126373249],[-80.00165100202038,40.46097613879945],[-80.00194319360814,40.46272135182502],[-79.99997805653851,40.46376171032309],[-79.99772077040582,40.46305677950318]]]}},{"type":"Feature","id":"892a844498bffff","properties":{"cell_id":"892a844498bffff","h3_res":9,"building_count":137,"poi_count_sum":1,"conn_dist_median_ft":5264.579356027722,"total_crossings_mean":3.240875912408759,"clipped_area_frac":1.0,"clon":-80.006458,"clat":40.464131},"geometry":{"type":"Polygon","coordinates":[[[-80.00449282118642,40.46517145592068],[-80.00420052039168,40.46342619675045],[-80.00616554450765,40.46238577290433],[-80.00842291191576,40.463090531933425],[-80.00871536630372,40.4648357705458],[-80.00675029969311,40.465876270689535],[-80.00449282118642,40.46517145592068]]]}},{"type":"Feature","id":"892a8444983ffff","properties":{"cell_id":"892a8444983ffff","h3_res":9,"building_count":34,"poi_count_sum":1,"conn_dist_median_ft":4600.276282895781,"total_crossings_mean":1.1176470588235294,"clipped_area_frac":0.9999999999999998,"clon":-80.002235,"clat":40.464467},"geometry":{"type":"Polygon","coordinates":[[[-80.00027020373153,40.465506990038676],[-79.99997805653851,40.46376171032309],[-80.00194319360814,40.46272135182502],[-80.00420052039168,40.46342619675045],[-80.00449282118642,40.46517145592068],[-80.00252764159866,40.46621189071341],[-80.00027020373153,40.465506990038676]]]}},{"type":"Feature","id":"892a8444997ffff","properties":{"cell_id":"892a8444997ffff","h3_res":9,"building_count":39,"poi_count_sum":0,"conn_dist_median_ft":2736.893758269596,"total_crossings_mean":3.0,"clipped_area_frac":1.0,"clon":-79.998013,"clat":40.464802},"geometry":{"type":"Polygon","coordinates":[[[-79.9960475139831,40.465842372891075],[-79.99575552040027,40.46409707264258],[-79.99772077040582,40.46305677950318],[-79.99997805653851,40.46376171032309],[-80.00027020373153,40.465506990038676],[-79.9983049111844,40.46654735946982],[-79.9960475139831,40.465842372891075]]]}},{"type":"Feature","id":"892a844499bffff","properties":{"cell_id":"892a844499bffff","h3_res":9,"building_count":62,"poi_count_sum":0,"conn_dist_median_ft":4672.614332473619,"total_crossings_mean":0.6774193548387096,"clipped_area_frac":0.9999999999999998,"clon":-80.004785,"clat":40.466917},"geometry":{"type":"Polygon","coordinates":[[[-80.00281989800614,40.46795721657193],[-80.00252764159866,40.46621189071341],[-80.00449282118642,40.46517145592068],[-80.00675029969311,40.465876270689535],[-80.00704270971447,40.46762157599419],[-80.005077487618,40.468662087086436],[-80.00281989800614,40.46795721657193]]]}},{"type":"Feature","id":"892a84449d7ffff","properties":{"cell_id":"892a84449d7ffff","h3_res":9,"building_count":152,"poi_count_sum":9,"conn_dist_median_ft":3896.621624612816,"total_crossings_mean":2.276315789473684,"clipped_area_frac":0.9999999999999998,"clon":-80.009008,"clat":40.466581},"geometry":{"type":"Polygon","coordinates":[[[-80.00704270971447,40.46762157599419],[-80.00675029969311,40.465876270689535],[-80.00871536630372,40.4648357705458],[-80.01097288542373,40.465540499406906],[-80.01126544905053,40.467285784145254],[-80.00930033995462,40.4683263605914],[-80.00704270971447,40.46762157599419]]]}},{"type":"Feature","id":"892a84449c3ffff","properties":{"cell_id":"892a84449c3ffff","h3_res":9,"building_count":159,"poi_count_sum":5,"conn_dist_median_ft":2782.357968903295,"total_crossings_mean":0.018867924528301886,"clipped_area_frac":1.0,"clon":-80.01323,"clat":40.466245},"geometry":{"type":"Polygon","coordinates":[[[-80.01126544905053,40.467285784145254],[-80.01097288542373,40.465540499406906],[-80.01293783903947,40.46449993392282],[-80.01519539874654,40.46520457687432],[-80.01548811597027,40.466949841033866],[-80.01352311989272,40.4679904828233],[-80.01126544905053,40.467285784145254]]]}},{"type":"Feature","id":"892a84449cbffff","properties":{"cell_id":"892a84449cbffff","h3_res":9,"building_count":68,"poi_count_sum":0,"conn_dist_median_ft":3432.3896950416633,"total_crossings_mean":0.0,"clipped_area_frac":1.0,"clon":-80.017453,"clat":40.465909},"geometry":{"type":"Polygon","coordinates":[[[-80.01548811597027,40.466949841033866],[-80.01519539874654,40.46520457687432],[-80.01716023934964,40.4641639460605],[-80.01941783961755,40.46486850310053],[-80.0197107104297,40.46661374666882],[-80.01774582738825,40.4676544537909],[-80.01548811597027,40.466949841033866]]]}},{"type":"Feature","id":"892a8444827ffff","properties":{"cell_id":"892a8444827ffff","h3_res":9,"building_count":19,"poi_count_sum":0,"conn_dist_median_ft":3612.6602090881966,"total_crossings_mean":0.0,"clipped_area_frac":0.9999999999999998,"clon":-80.021676,"clat":40.465573},"geometry":{"type":"Polygon","coordinates":[[[-80.0197107104297,40.46661374666882],[-80.01941783961755,40.46486850310053],[-80.02138256719024,40.46382780696759],[-80.0236402079927,40.46453227809433],[-80.0239332323848,40.46627750105887],[-80.02196846239724,40.46731827350299],[-80.0197107104297,40.46661374666882]]]}},{"type":"Feature","id":"892a8444837ffff","properties":{"cell_id":"892a8444837ffff","h3_res":9,"building_count":91,"poi_count_sum":0,"conn_dist_median_ft":384.70231075089896,"total_crossings_mean":0.0,"clipped_area_frac":1.0,"clon":-80.020004,"clat":40.468359},"geometry":{"type":"Polygon","coordinates":[[[-80.01803865388267,40.4693997640577],[-80.01774582738825,40.4676544537909],[-80.0197107104297,40.46661374666882],[-80.02196846239724,40.46731827350299],[-80.02226144249225,40.46906356317003],[-80.02029651702183,40.470104346605225],[-80.01803865388267,40.4693997640577]]]}},{"type":"Feature","id":"892a84449d3ffff","properties":{"cell_id":"892a84449d3ffff","h3_res":9,"building_count":101,"poi_count_sum":0,"conn_dist_median_ft":3176.4818978745607,"total_crossings_mean":1.4356435643564356,"clipped_area_frac":1.0,"clon":-80.011558,"clat":40.469031},"geometry":{"type":"Polygon","coordinates":[[[-80.00959285922232,40.470071712020264],[-80.00930033995462,40.4683263605914],[-80.01126544905053,40.467285784145254],[-80.01352311989272,40.4679904828233],[-80.013815792778,40.46973581367735],[-80.01185064120624,40.47077646643076],[-80.00959285922232,40.470071712020264]]]}},{"type":"Feature","id":"892a84449dbffff","properties":{"cell_id":"892a84449dbffff","h3_res":9,"building_count":51,"poi_count_sum":2,"conn_dist_median_ft":1630.5721922728555,"total_crossings_mean":0.0,"clipped_area_frac":1.0,"clon":-80.015781,"clat":40.468695},"geometry":{"type":"Polygon","coordinates":[[[-80.013815792778,40.46973581367735],[-80.01352311989272,40.4679904828233],[-80.01548811597027,40.466949841033866],[-80.01774582738825,40.4676544537909],[-80.01803865388267,40.4693997640577],[-80.01607361535268,40.4704404821573],[-80.013815792778,40.46973581367735]]]}},{"type":"Feature","id":"892a84448afffff","properties":{"cell_id":"892a84448afffff","h3_res":9,"building_count":31,"poi_count_sum":1,"conn_dist_median_ft":1007.5616786267567,"total_crossings_mean":0.0,"clipped_area_frac":1.0,"clon":-80.018332,"clat":40.471145},"geometry":{"type":"Polygon","coordinates":[[[-80.01636639751615,40.472185859116856],[-80.01607361535268,40.4704404821573],[-80.01803865388267,40.4693997640577],[-80.02029651702183,40.470104346605225],[-80.02058945280658,40.471849702969],[-80.01862437183357,40.472890497383624],[-80.01636639751615,40.472185859116856]]]}},{"type":"Feature","id":"892a8444833ffff","properties":{"cell_id":"892a8444833ffff","h3_res":9,"building_count":1,"poi_count_sum":0,"conn_dist_median_ft":1039.4358868791442,"total_crossings_mean":0.0,"clipped_area_frac":1.0,"clon":-80.022554,"clat":40.470809},"geometry":{"type":"Polygon","coordinates":[[[-80.02058945280658,40.471849702969],[-80.02029651702183,40.470104346605225],[-80.02226144249225,40.46906356317003],[-80.02451934616967,40.46976805978329],[-80.0248124355672,40.47151339553884],[-80.02284746767722,40.47255425529195],[-80.02058945280658,40.471849702969]]]}},{"type":"Feature","id":"892a84448a7ffff","properties":{"cell_id":"892a84448a7ffff","h3_res":9,"building_count":147,"poi_count_sum":6,"conn_dist_median_ft":728.9988951829582,"total_crossings_mean":0.0,"clipped_area_frac":1.0,"clon":-80.014108,"clat":40.471481},"geometry":{"type":"Polygon","coordinates":[[[-80.0121432697399,40.47252186397362],[-80.01185064120624,40.47077646643076],[-80.013815792778,40.46973581367735],[-80.01607361535268,40.4704404821573],[-80.01636639751615,40.472185859116856],[-80.01440120347785,40.47322658818236],[-80.0121432697399,40.47252186397362]]]}},{"type":"Feature","id":"892a84448a3ffff","properties":{"cell_id":"892a84448a3ffff","h3_res":9,"building_count":71,"poi_count_sum":0,"conn_dist_median_ft":176.86978710178678,"total_crossings_mean":0.0,"clipped_area_frac":1.0,"clon":-80.016659,"clat":40.473931},"geometry":{"type":"Polygon","coordinates":[[[-80.01469394129715,40.474972031828955],[-80.01440120347785,40.47322658818236],[-80.01636639751615,40.472185859116856],[-80.01862437183357,40.472890497383624],[-80.01891726329485,40.47463592043845],[-80.01695202679946,40.47567672582086],[-80.01469394129715,40.474972031828955]]]}},{"type":"Feature","id":"892a8444d6bffff","properties":{"cell_id":"892a8444d6bffff","h3_res":9,"building_count":113,"poi_count_sum":9,"conn_dist_median_ft":1738.5985549464585,"total_crossings_mean":3.3008849557522124,"clipped_area_frac":1.0,"clon":-80.009885,"clat":40.471817},"geometry":{"type":"Polygon","coordinates":[[[-80.00792006952187,40.47285771753052],[-80.00762759462648,40.47111229941685],[-80.00959285922232,40.470071712020264],[-80.01185064120624,40.47077646643076],[-80.0121432697399,40.47252186397362],[-80.0101779626541,40.47356252767937],[-80.00792006952187,40.47285771753052]]]}},{"type":"Feature","id":"892a84448b7ffff","properties":{"cell_id":"892a84448b7ffff","h3_res":9,"building_count":187,"poi_count_sum":3,"conn_dist_median_ft":489.30481067625846,"total_crossings_mean":0.26737967914438504,"clipped_area_frac":0.9999999999999998,"clon":-80.012436,"clat":40.474267},"geometry":{"type":"Polygon","coordinates":[[[-80.01047054682294,40.475307991905275],[-80.0101779626541,40.47356252767937],[-80.0121432697399,40.47252186397362],[-80.01440120347785,40.47322658818236],[-80.01469394129715,40.474972031828955],[-80.01272859173078,40.47601277184871],[-80.01047054682294,40.475307991905275]]]}},{"type":"Feature","id":"892a8444d6fffff","properties":{"cell_id":"892a8444d6fffff","h3_res":9,"building_count":111,"poi_count_sum":1,"conn_dist_median_ft":3323.7733569411744,"total_crossings_mean":2.3513513513513513,"clipped_area_frac":1.0,"clon":-80.007335,"clat":40.469367},"geometry":{"type":"Polygon","coordinates":[[[-80.00536985325958,40.470407459077634],[-80.005077487618,40.468662087086436],[-80.00704270971447,40.46762157599419],[-80.00930033995462,40.4683263605914],[-80.00959285922232,40.470071712020264],[-80.00762759462648,40.47111229941685],[-80.00536985325958,40.470407459077634]]]}},{"type":"Feature","id":"892a8444d63ffff","properties":{"cell_id":"892a8444d63ffff","h3_res":9,"building_count":11,"poi_count_sum":0,"conn_dist_median_ft":2420.430632401503,"total_crossings_mean":0.2727272727272727,"clipped_area_frac":1.0,"clon":-80.005662,"clat":40.472153},"geometry":{"type":"Polygon","coordinates":[[[-80.00369679690608,40.473193419778795],[-80.00340447565748,40.47144798110678],[-80.00536985325958,40.470407459077634],[-80.00762759462648,40.47111229941685],[-80.00792006952187,40.47285771753052],[-80.0059546494063,40.4738983158659],[-80.00369679690608,40.473193419778795]]]}},{"type":"Feature","id":"892a8444d77ffff","properties":{"cell_id":"892a8444d77ffff","h3_res":9,"building_count":36,"poi_count_sum":0,"conn_dist_median_ft":4470.990104680746,"total_crossings_mean":3.0,"clipped_area_frac":1.0,"clon":-80.001439,"clat":40.472488},"geometry":{"type":"Polygon","coordinates":[[[-79.99947345193657,40.47352897070968],[-79.99918128434321,40.47178351149181],[-80.00114677493386,40.47074305484072],[-80.00340447565748,40.47144798110678],[-80.00369679690608,40.473193419778795],[-80.00173126377854,40.4742339527332],[-79.99947345193657,40.47352897070968]]]}},{"type":"Feature","id":"892a8444d3bffff","properties":{"cell_id":"892a8444d3bffff","h3_res":9,"building_count":13,"poi_count_sum":0,"conn_dist_median_ft":6546.1856050979995,"total_crossings_mean":3.0,"clipped_area_frac":0.7411041770470848,"clon":-79.997216,"clat":40.472824},"geometry":{"type":"Polygon","coordinates":[[[-79.99495802072775,40.47211889056316],[-79.99692362428911,40.471078499300745],[-79.99918128434321,40.47178351149181],[-79.99947345193657,40.47352897070968],[-79.9976079376722,40.47451643587878],[-79.997568,40.473544],[-79.997545,40.472982],[-79.995133,40.473031],[-79.99511072991069,40.47303169217845],[-79.99495802072775,40.47211889056316]]]}},{"type":"Feature","id":"892a8444d2bffff","properties":{"cell_id":"892a8444d2bffff","h3_res":9,"building_count":91,"poi_count_sum":3,"conn_dist_median_ft":5256.927139681421,"total_crossings_mean":3.0,"clipped_area_frac":1.0,"clon":-79.998889,"clat":40.470038},"geometry":{"type":"Polygon","coordinates":[[[-79.99692362428911,40.471078499300745],[-79.99663156592516,40.46933308622231],[-79.99859701396952,40.468292705869715],[-80.00085456292682,40.468997662299664],[-80.00114677493386,40.47074305484072],[-79.99918128434321,40.47178351149181],[-79.99692362428911,40.471078499300745]]]}},{"type":"Feature","id":"892a8444d23ffff","properties":{"cell_id":"892a8444d23ffff","h3_res":9,"building_count":66,"poi_count_sum":3,"conn_dist_median_ft":6068.817525506828,"total_crossings_mean":2.9545454545454546,"clipped_area_frac":1.0,"clon":-79.994666,"clat":40.470373},"geometry":{"type":"Polygon","coordinates":[[[-79.99270040136943,40.471413792448985],[-79.992408496657,40.469668358845645],[-79.99437405764864,40.4686280438788],[-79.99663156592516,40.46933308622231],[-79.99692362428911,40.471078499300745],[-79.99495802072775,40.47211889056316],[-79.99270040136943,40.471413792448985]]]}},{"type":"Feature","id":"892a8444d2fffff","properties":{"cell_id":"892a8444d2fffff","h3_res":9,"building_count":59,"poi_count_sum":1,"conn_dist_median_ft":4259.091975460298,"total_crossings_mean":3.0,"clipped_area_frac":1.0,"clon":-79.99634,"clat":40.467588},"geometry":{"type":"Polygon","coordinates":[[[-79.99437405764864,40.4686280438788],[-79.9940821084944,40.466882676950014],[-79.9960475139831,40.465842372891075],[-79.9983049111844,40.46654735946982],[-79.99859701396952,40.468292705869715],[-79.99663156592516,40.46933308622231],[-79.99437405764864,40.4686280438788]]]}},{"type":"Feature","id":"892a8444993ffff","properties":{"cell_id":"892a8444993ffff","h3_res":9,"building_count":11,"poi_count_sum":4,"conn_dist_median_ft":3868.611536808675,"total_crossings_mean":2.727272727272727,"clipped_area_frac":1.0,"clon":-80.000562,"clat":40.467252},"geometry":{"type":"Polygon","coordinates":[[[-79.99859701396952,40.468292705869715],[-79.9983049111844,40.46654735946982],[-80.00027020373153,40.465506990038676],[-80.00252764159866,40.46621189071341],[-80.00281989800614,40.46795721657193],[-80.00085456292682,40.468997662299664],[-79.99859701396952,40.468292705869715]]]}},{"type":"Feature","id":"892a8444d67ffff","properties":{"cell_id":"892a8444d67ffff","h3_res":9,"building_count":10,"poi_count_sum":1,"conn_dist_median_ft":3728.520907477169,"total_crossings_mean":0.0,"clipped_area_frac":1.0,"clon":-80.003112,"clat":40.469703},"geometry":{"type":"Polygon","coordinates":[[[-80.00114677493386,40.47074305484072],[-80.00085456292682,40.468997662299664],[-80.00281989800614,40.46795721657193],[-80.005077487618,40.468662087086436],[-80.00536985325958,40.470407459077634],[-80.00340447565748,40.47144798110678],[-80.00114677493386,40.47074305484072]]]}},{"type":"Feature","id":"892a847325bffff","properties":{"cell_id":"892a847325bffff","h3_res":9,"building_count":113,"poi_count_sum":2,"conn_dist_median_ft":4755.593308615548,"total_crossings_mean":1.247787610619469,"clipped_area_frac":1.0,"clon":-79.99379,"clat":40.465137},"geometry":{"type":"Polygon","coordinates":[[[-79.99182475198515,40.46617760446908],[-79.99153291202096,40.464432283700184],[-79.99349827494464,40.46339205593005],[-79.99575552040027,40.46409707264258],[-79.9960475139831,40.465842372891075],[-79.9940821084944,40.466882676950014],[-79.99182475198515,40.46617760446908]]]}},{"type":"Feature","id":"892a8444d27ffff","properties":{"cell_id":"892a8444d27ffff","h3_res":9,"building_count":113,"poi_count_sum":2,"conn_dist_median_ft":5442.168923082299,"total_crossings_mean":0.23893805309734514,"clipped_area_frac":1.0,"clon":-79.992117,"clat":40.467923},"geometry":{"type":"Polygon","coordinates":[[[-79.99015102908753,40.46896323059041],[-79.9898592335726,40.467217843145214],[-79.99182475198515,40.46617760446908],[-79.9940821084944,40.466882676950014],[-79.99437405764864,40.4686280438788],[-79.992408496657,40.469668358845645],[-79.99015102908753,40.46896323059041]]]}},{"type":"Feature","id":"892a8473253ffff","properties":{"cell_id":"892a8473253ffff","h3_res":9,"building_count":182,"poi_count_sum":6,"conn_dist_median_ft":5064.094164608438,"total_crossings_mean":0.0,"clipped_area_frac":1.0,"clon":-79.989567,"clat":40.465472},"geometry":{"type":"Polygon","coordinates":[[[-79.98760191778166,40.46651268476398],[-79.9873102314446,40.46476734348713],[-79.98927570726866,40.46372718109689],[-79.99153291202096,40.464432283700184],[-79.99182475198515,40.46617760446908],[-79.9898592335726,40.467217843145214],[-79.98760191778166,40.46651268476398]]]}},{"type":"Feature","id":"892a84732cbffff","properties":{"cell_id":"892a84732cbffff","h3_res":9,"building_count":83,"poi_count_sum":7,"conn_dist_median_ft":6116.098569489898,"total_crossings_mean":0.0,"clipped_area_frac":1.0,"clon":-79.987894,"clat":40.468258},"geometry":{"type":"Polygon","coordinates":[[[-79.98592792833021,40.469298265995825],[-79.9856362864631,40.46755285804669],[-79.98760191778166,40.46651268476398],[-79.9898592335726,40.467217843145214],[-79.99015102908753,40.46896323059041],[-79.98818535516641,40.47000348016091],[-79.98592792833021,40.469298265995825]]]}},{"type":"Feature","id":"892a84732cfffff","properties":{"cell_id":"892a84732cfffff","h3_res":9,"building_count":78,"poi_count_sum":13,"conn_dist_median_ft":5406.514682017619,"total_crossings_mean":3.8076923076923075,"clipped_area_frac":0.9759112564689171,"clon":-79.985345,"clat":40.465807},"geometry":{"type":"Polygon","coordinates":[[[-79.98308747871522,40.46510225199473],[-79.98505306742186,40.46406215499497],[-79.9873102314446,40.46476734348713],[-79.98760191778166,40.46651268476398],[-79.9856362864631,40.46755285804669],[-79.98415154784044,40.467088978635054],[-79.984062,40.466841],[-79.983868,40.466322],[-79.983849,40.466338],[-79.983813,40.466374],[-79.983542,40.466655],[-79.983425,40.466776],[-79.98337566748772,40.46682759417474],[-79.98308747871522,40.46510225199473]]]}},{"type":"Feature","id":"892a84732c7ffff","properties":{"cell_id":"892a84732c7ffff","h3_res":9,"building_count":209,"poi_count_sum":6,"conn_dist_median_ft":4684.450568840934,"total_crossings_mean":11.0,"clipped_area_frac":0.9999556811559926,"clon":-79.981122,"clat":40.466142},"geometry":{"type":"Polygon","coordinates":[[[-79.98141326720989,40.46788772164571],[-79.97915603293427,40.4671823914695],[-79.97886465387685,40.46543700921421],[-79.98083035544828,40.46439697761555],[-79.98308747871522,40.46510225199473],[-79.98337566748772,40.46682759417474],[-79.98333350044433,40.4668716943777],[-79.98141326720989,40.46788772164571]]]}},{"type":"Feature","id":"892a84732c3ffff","properties":{"cell_id":"892a84732c3ffff","h3_res":9,"building_count":33,"poi_count_sum":0,"conn_dist_median_ft":5245.982768319866,"total_crossings_mean":6.333333333333333,"clipped_area_frac":0.37336515517026825,"clon":-79.983671,"clat":40.468593},"geometry":{"type":"MultiPolygon","coordinates":[[[[-79.9856362864631,40.46755285804669],[-79.98592792833021,40.469298265995825],[-79.98509625541001,40.469738340670446],[-79.984993,40.46946],[-79.984682,40.468504],[-79.984585,40.468252],[-79.984483,40.46801],[-79.984326,40.467561],[-79.984153,40.467093],[-79.98415154784044,40.467088978635054],[-79.9856362864631,40.46755285804669]]],[[[-79.98141326720989,40.46788772164571],[-79.98333350044433,40.4668716943777],[-79.983076,40.467141],[-79.98296,40.467263],[-79.982978,40.467276],[-79.983019,40.467312],[-79.982372,40.468432],[-79.982342,40.46848],[-79.981829,40.469316],[-79.981813,40.469343],[-79.98167598843557,40.46946089367173],[-79.98141326720989,40.46788772164571]]]]}},{"type":"Feature","id":"892a84732d7ffff","properties":{"cell_id":"892a84732d7ffff","h3_res":9,"building_count":342,"poi_count_sum":6,"conn_dist_median_ft":5717.175241732497,"total_crossings_mean":11.0,"clipped_area_frac":0.9939719608110777,"clon":-79.979447,"clat":40.468928},"geometry":{"type":"Polygon","coordinates":[[[-79.979738855694,40.470673268832265],[-79.97748151040317,40.46996788285312],[-79.97719017585702,40.46822243393354],[-79.97915603293427,40.4671823914695],[-79.98141326720989,40.46788772164571],[-79.98167598843557,40.46946089367173],[-79.981555,40.469565],[-79.981146,40.469894],[-79.981052,40.469953],[-79.98087,40.470064],[-79.980809,40.470099],[-79.98065881276861,40.47018653770058],[-79.979738855694,40.470673268832265]]]}},{"type":"Feature","id":"892a8444d37ffff","properties":{"cell_id":"892a8444d37ffff","h3_res":9,"building_count":46,"poi_count_sum":0,"conn_dist_median_ft":6572.797172278728,"total_crossings_mean":0.2608695652173913,"clipped_area_frac":1.0,"clon":-79.990443,"clat":40.470709},"geometry":{"type":"Polygon","coordinates":[[[-79.98847710621884,40.471748934276675],[-79.98818535516641,40.47000348016091],[-79.99015102908753,40.46896323059041],[-79.992408496657,40.469668358845645],[-79.99270040136943,40.471413792448985],[-79.99073468485511,40.47245411831211],[-79.98847710621884,40.471748934276675]]]}},{"type":"Feature","id":"892a8444d33ffff","properties":{"cell_id":"892a8444d33ffff","h3_res":9,"building_count":2,"poi_count_sum":0,"conn_dist_median_ft":8203.830276133196,"total_crossings_mean":1.5,"clipped_area_frac":0.6773519076375435,"clon":-79.992992,"clat":40.473159},"geometry":{"type":"Polygon","coordinates":[[[-79.9932842755592,40.474904772475],[-79.99102654511253,40.47419961858427],[-79.99073468485511,40.47245411831211],[-79.99270040136943,40.471413792448985],[-79.99495802072775,40.47211889056316],[-79.99511072991069,40.47303169217845],[-79.993653,40.473077],[-79.99186,40.473134],[-79.992274,40.473556],[-79.993081,40.474382],[-79.993286,40.474592],[-79.99329949847436,40.47489671556008],[-79.9932842755592,40.474904772475]]]}},{"type":"Feature","id":"892a8444dafffff","properties":{"cell_id":"892a8444dafffff","h3_res":9,"building_count":54,"poi_count_sum":1,"conn_dist_median_ft":8486.625186224446,"total_crossings_mean":0.05555555555555555,"clipped_area_frac":0.9904113586733503,"clon":-79.988769,"clat":40.473494},"geometry":{"type":"Polygon","coordinates":[[[-79.98651127676933,40.47278919472989],[-79.98847710621884,40.471748934276675],[-79.99073468485511,40.47245411831211],[-79.99102654511253,40.47419961858427],[-79.98906067305572,40.47523995533202],[-79.9870669153175,40.474617160558466],[-79.987013,40.474492],[-79.986945,40.474333],[-79.986778,40.473952],[-79.98665943077141,40.47367572218581],[-79.98651127676933,40.47278919472989]]]}},{"type":"Feature","id":"892a84732dbffff","properties":{"cell_id":"892a84732dbffff","h3_res":9,"building_count":42,"poi_count_sum":4,"conn_dist_median_ft":7665.281770040369,"total_crossings_mean":0.0,"clipped_area_frac":0.6770736453609664,"clon":-79.98622,"clat":40.471044},"geometry":{"type":"Polygon","coordinates":[[[-79.98592792833021,40.469298265995825],[-79.98818535516641,40.47000348016091],[-79.98847710621884,40.471748934276675],[-79.98651127676933,40.47278919472989],[-79.98624299267097,40.47270538098088],[-79.985954,40.472032],[-79.985881,40.471901],[-79.985799,40.471635],[-79.985551,40.470965],[-79.985541,40.470936],[-79.985453,40.4707],[-79.98509625541001,40.469738340670446],[-79.98592792833021,40.469298265995825]]]}},{"type":"Feature","id":"892a847366fffff","properties":{"cell_id":"892a847366fffff","h3_res":9,"building_count":63,"poi_count_sum":0,"conn_dist_median_ft":6308.288671969434,"total_crossings_mean":11.0,"clipped_area_frac":0.2276327482839708,"clon":-79.977773,"clat":40.471713},"geometry":{"type":"Polygon","coordinates":[[[-79.97748151040317,40.46996788285312],[-79.979738855694,40.470673268832265],[-79.97974896020105,40.47073378606824],[-79.979695,40.470771],[-79.979603,40.470845],[-79.979367,40.471053],[-79.979045,40.471326],[-79.978857,40.471487],[-79.978815,40.471527],[-79.978807,40.471554],[-79.978792,40.47161],[-79.978771,40.471599],[-79.97872,40.471594],[-79.978463,40.471461],[-79.978288,40.47137],[-79.978153,40.4713],[-79.978122,40.471286],[-79.977716,40.471098],[-79.977441,40.470971],[-79.977408,40.470931],[-79.977388,40.470945],[-79.977261,40.470884],[-79.977193,40.470848],[-79.977139,40.470819],[-79.977119,40.470806],[-79.977015,40.470744],[-79.976799,40.470619],[-79.976717,40.470572],[-79.97653321173321,40.47046954859854],[-79.97748151040317,40.46996788285312]]]}},{"type":"Feature","id":"892a847329bffff","properties":{"cell_id":"892a847329bffff","h3_res":9,"building_count":9,"poi_count_sum":0,"conn_dist_median_ft":6197.531448109918,"total_crossings_mean":11.0,"clipped_area_frac":0.7585096177710716,"clon":-79.975224,"clat":40.469262},"geometry":{"type":"Polygon","coordinates":[[[-79.9729670124485,40.468556994901455],[-79.97493298237845,40.46751701786265],[-79.97719017585702,40.46822243393354],[-79.97748151040317,40.46996788285312],[-79.97653321173321,40.47046954859854],[-79.975716,40.470014],[-79.975682,40.469995],[-79.975612,40.469956],[-79.975294,40.469779],[-79.975267,40.469764],[-79.975093,40.469667],[-79.974978,40.469603],[-79.974678,40.469436],[-79.974575,40.469458],[-79.974109,40.469563],[-79.973745,40.469853],[-79.973398,40.470087],[-79.97323490630662,40.470162871425124],[-79.9729670124485,40.468556994901455]]]}},{"type":"Feature","id":"892a847362fffff","properties":{"cell_id":"892a847362fffff","h3_res":9,"building_count":10,"poi_count_sum":3,"conn_dist_median_ft":1927.3849450996024,"total_crossings_mean":3.5,"clipped_area_frac":1.0,"clon":-79.966778,"clat":40.469931},"geometry":{"type":"Polygon","coordinates":[[[-79.96481134314212,40.47097117312428],[-79.9645204696408,40.469225662842646],[-79.96648666522267,40.468185816686116],[-79.96874377702842,40.46889140454072],[-79.96903480421979,40.47063689438083],[-79.96706856591807,40.471676816810444],[-79.96481134314212,40.47097117312428]]]}},{"type":"Feature","id":"892a8473297ffff","properties":{"cell_id":"892a8473297ffff","h3_res":9,"building_count":12,"poi_count_sum":3,"conn_dist_median_ft":2287.869384729489,"total_crossings_mean":5.75,"clipped_area_frac":1.0,"clon":-79.968453,"clat":40.467146},"geometry":{"type":"Polygon","coordinates":[[[-79.96648666522267,40.468185816686116],[-79.96619574714808,40.46644037305677],[-79.96816178720715,40.465400537724996],[-79.97041878804924,40.466106069753955],[-79.97070985979323,40.46785149293776],[-79.96874377702842,40.46889140454072],[-79.96648666522267,40.468185816686116]]]}},{"type":"Feature","id":"892a8473283ffff","properties":{"cell_id":"892a8473283ffff","h3_res":9,"building_count":2,"poi_count_sum":5,"conn_dist_median_ft":4386.42474004535,"total_crossings_mean":7.5,"clipped_area_frac":1.0,"clon":-79.972676,"clat":40.466812},"geometry":{"type":"Polygon","coordinates":[[[-79.97070985979323,40.46785149293776],[-79.97041878804924,40.466106069753955],[-79.97238471529688,40.46506616898928],[-79.97464175697353,40.46577161513686],[-79.97493298237845,40.46751701786265],[-79.9729670124485,40.468556994901455],[-79.97070985979323,40.46785149293776]]]}},{"type":"Feature","id":"892a847328bffff","properties":{"cell_id":"892a847328bffff","h3_res":9,"building_count":5,"poi_count_sum":15,"conn_dist_median_ft":4873.920470041273,"total_crossings_mean":11.2,"clipped_area_frac":1.0,"clon":-79.976899,"clat":40.466477},"geometry":{"type":"Polygon","coordinates":[[[-79.97493298237845,40.46751701786265],[-79.97464175697353,40.46577161513686],[-79.97660757139197,40.46473164894989],[-79.97886465387685,40.46543700921421],[-79.97915603293427,40.4671823914695],[-79.97719017585702,40.46822243393354],[-79.97493298237845,40.46751701786265]]]}},{"type":"Feature","id":"892a847304bffff","properties":{"cell_id":"892a847304bffff","h3_res":9,"building_count":118,"poi_count_sum":69,"conn_dist_median_ft":1382.7728630401443,"total_crossings_mean":2.2966101694915255,"clipped_area_frac":0.9999999999999998,"clon":-79.965905,"clat":40.464695},"geometry":{"type":"Polygon","coordinates":[[[-79.96393878716675,40.46573475514832],[-79.96364797818926,40.46398935773995],[-79.96561397553324,40.462949598674506],[-79.96787082457249,40.463655160753696],[-79.96816178720715,40.465400537724996],[-79.96619574714808,40.46644037305677],[-79.96393878716675,40.46573475514832]]]}},{"type":"Feature","id":"892a8473287ffff","properties":{"cell_id":"892a8473287ffff","h3_res":9,"building_count":13,"poi_count_sum":9,"conn_dist_median_ft":1318.3380678710305,"total_crossings_mean":1.0769230769230769,"clipped_area_frac":1.0,"clon":-79.970128,"clat":40.464361},"geometry":{"type":"Polygon","coordinates":[[[-79.96816178720715,40.465400537724996],[-79.96787082457249,40.463655160753696],[-79.96983670912851,40.4626153362583],[-79.97209359901352,40.46332081246752],[-79.97238471529688,40.46506616898928],[-79.97041878804924,40.466106069753955],[-79.96816178720715,40.465400537724996]]]}},{"type":"Feature","id":"892a84732b3ffff","properties":{"cell_id":"892a84732b3ffff","h3_res":9,"building_count":69,"poi_count_sum":52,"conn_dist_median_ft":567.8796755794444,"total_crossings_mean":0.18840579710144928,"clipped_area_frac":1.0,"clon":-79.96758,"clat":40.46191},"geometry":{"type":"Polygon","coordinates":[[[-79.96561397553324,40.462949598674506],[-79.96532312198826,40.46120426792591],[-79.96728896384332,40.46016451969496],[-79.96954570194701,40.46087002595077],[-79.96983670912851,40.4626153362583],[-79.96787082457249,40.463655160753696],[-79.96561397553324,40.462949598674506]]]}},{"type":"Feature","id":"892a84732bbffff","properties":{"cell_id":"892a84732bbffff","h3_res":9,"building_count":26,"poi_count_sum":25,"conn_dist_median_ft":847.2013005986342,"total_crossings_mean":2.6538461538461537,"clipped_area_frac":1.0,"clon":-79.971803,"clat":40.461575},"geometry":{"type":"Polygon","coordinates":[[[-79.96983670912851,40.4626153362583],[-79.96954570194701,40.46087002595077],[-79.97151143101976,40.45983021230342],[-79.97376820995422,40.4605356326988],[-79.97405937076378,40.46228092255278],[-79.97209359901352,40.46332081246752],[-79.96983670912851,40.4626153362583]]]}},{"type":"Feature","id":"892a847328fffff","properties":{"cell_id":"892a847328fffff","h3_res":9,"building_count":3,"poi_count_sum":1,"conn_dist_median_ft":1875.167825874318,"total_crossings_mean":1.0,"clipped_area_frac":1.0,"clon":-79.974351,"clat":40.464026},"geometry":{"type":"Polygon","coordinates":[[[-79.97238471529688,40.46506616898928],[-79.97209359901352,40.46332081246752],[-79.97405937076378,40.46228092255278],[-79.97631630146829,40.46298631289015],[-79.97660757139197,40.46473164894989],[-79.97464175697353,40.46577161513686],[-79.97238471529688,40.46506616898928]]]}},{"type":"Feature","id":"892a8473213ffff","properties":{"cell_id":"892a8473213ffff","h3_res":9,"building_count":13,"poi_count_sum":11,"conn_dist_median_ft":4200.043055954506,"total_crossings_mean":8.153846153846153,"clipped_area_frac":0.9999999999999998,"clon":-79.978573,"clat":40.463692},"geometry":{"type":"Polygon","coordinates":[[[-79.97660757139197,40.46473164894989],[-79.97631630146829,40.46298631289015],[-79.978281960395,40.46194635756667],[-79.9805389318928,40.46265166203032],[-79.98083035544828,40.46439697761555],[-79.97886465387685,40.46543700921421],[-79.97660757139197,40.46473164894989]]]}},{"type":"Feature","id":"892a847321bffff","properties":{"cell_id":"892a847321bffff","h3_res":9,"building_count":124,"poi_count_sum":20,"conn_dist_median_ft":4860.906404484724,"total_crossings_mean":5.056451612903226,"clipped_area_frac":1.0,"clon":-79.982796,"clat":40.463357},"geometry":{"type":"Polygon","coordinates":[[[-79.98083035544828,40.46439697761555],[-79.9805389318928,40.46265166203032],[-79.98250447797815,40.46161164130867],[-79.98476149024299,40.462316859896724],[-79.98505306742186,40.46406215499497],[-79.98308747871522,40.46510225199473],[-79.98083035544828,40.46439697761555]]]}},{"type":"Feature","id":"892a8473243ffff","properties":{"cell_id":"892a8473243ffff","h3_res":9,"building_count":156,"poi_count_sum":1,"conn_dist_median_ft":3492.927798548651,"total_crossings_mean":0.019230769230769232,"clipped_area_frac":1.0,"clon":-79.991241,"clat":40.462687},"geometry":{"type":"Polygon","coordinates":[[[-79.98927570726866,40.46372718109689],[-79.98898397647487,40.46198190649811],[-79.99094929682418,40.46094175501195],[-79.99320639054439,40.4616468018432],[-79.99349827494464,40.46339205593005],[-79.99153291202096,40.464432283700184],[-79.98927570726866,40.46372718109689]]]}},{"type":"Feature","id":"892a8473257ffff","properties":{"cell_id":"892a8473257ffff","h3_res":9,"building_count":72,"poi_count_sum":10,"conn_dist_median_ft":4129.254687710995,"total_crossings_mean":0.0,"clipped_area_frac":1.0,"clon":-79.987019,"clat":40.463022},"geometry":{"type":"Polygon","coordinates":[[[-79.98505306742186,40.46406215499497],[-79.98476149024299,40.462316859896724],[-79.98672692346922,40.46127677378752],[-79.98898397647487,40.46198190649811],[-79.98927570726866,40.46372718109689],[-79.9873102314446,40.46476734348713],[-79.98505306742186,40.46406215499497]]]}},{"type":"Feature","id":"892a847320bffff","properties":{"cell_id":"892a847320bffff","h3_res":9,"building_count":87,"poi_count_sum":6,"conn_dist_median_ft":4302.028688942601,"total_crossings_mean":0.0,"clipped_area_frac":1.0,"clon":-79.98447,"clat":40.460572},"geometry":{"type":"Polygon","coordinates":[[[-79.98250447797815,40.46161164130867],[-79.9822130099378,40.45986639239921],[-79.98417840055684,40.45882638256622],[-79.98643530182613,40.45953154536905],[-79.98672692346922,40.46127677378752],[-79.98476149024299,40.462316859896724],[-79.98250447797815,40.46161164130867]]]}},{"type":"Feature","id":"892a8473247ffff","properties":{"cell_id":"892a8473247ffff","h3_res":9,"building_count":167,"poi_count_sum":5,"conn_dist_median_ft":3583.5112040894614,"total_crossings_mean":0.0,"clipped_area_frac":0.9999999999999998,"clon":-79.988692,"clat":40.460237},"geometry":{"type":"Polygon","coordinates":[[[-79.98672692346922,40.46127677378752],[-79.98643530182613,40.45953154536905],[-79.98840057959173,40.45849147016204],[-79.99065752158684,40.45919654709694],[-79.99094929682418,40.46094175501195],[-79.98898397647487,40.46198190649811],[-79.98672692346922,40.46127677378752]]]}},{"type":"Feature","id":"892a847324fffff","properties":{"cell_id":"892a847324fffff","h3_res":9,"building_count":154,"poi_count_sum":5,"conn_dist_median_ft":2086.1347701044997,"total_crossings_mean":0.2922077922077922,"clipped_area_frac":0.9999999999999998,"clon":-79.992915,"clat":40.459902},"geometry":{"type":"Polygon","coordinates":[[[-79.99094929682418,40.46094175501195],[-79.99065752158684,40.45919654709694],[-79.9926226864812,40.45815640652651],[-79.99487966917589,40.458861397591605],[-79.99517159799902,40.46060658499069],[-79.99320639054439,40.4616468018432],[-79.99094929682418,40.46094175501195]]]}},{"type":"Feature","id":"892a8473273ffff","properties":{"cell_id":"892a8473273ffff","h3_res":9,"building_count":24,"poi_count_sum":1,"conn_dist_median_ft":3637.011324406415,"total_crossings_mean":0.16666666666666666,"clipped_area_frac":1.0,"clon":-79.986144,"clat":40.457786},"geometry":{"type":"Polygon","coordinates":[[[-79.98417840055684,40.45882638256622],[-79.98388688804484,40.457081200338294],[-79.98585212321733,40.456041201405576],[-79.98810891349764,40.45674630842907],[-79.98840057959173,40.45849147016204],[-79.98643530182613,40.45953154536905],[-79.98417840055684,40.45882638256622]]]}},{"type":"Feature","id":"892a8473207ffff","properties":{"cell_id":"892a8473207ffff","h3_res":9,"building_count":18,"poi_count_sum":30,"conn_dist_median_ft":860.9931218643658,"total_crossings_mean":0.5555555555555556,"clipped_area_frac":1.0,"clon":-79.977699,"clat":40.458456},"geometry":{"type":"Polygon","coordinates":[[[-79.97573382622684,40.459495753645626],[-79.97544262090432,40.45775053046516],[-79.97740808171908,40.45671066228522],[-79.97966479049904,40.457415941019896],[-79.97995614942054,40.45916114373033],[-79.97799064596582,40.4602010881787],[-79.97573382622684,40.459495753645626]]]}},{"type":"Feature","id":"892a84732abffff","properties":{"cell_id":"892a84732abffff","h3_res":9,"building_count":60,"poi_count_sum":32,"conn_dist_median_ft":493.3040859990627,"total_crossings_mean":1.0333333333333334,"clipped_area_frac":1.0,"clon":-79.973477,"clat":40.45879},"geometry":{"type":"Polygon","coordinates":[[[-79.97151143101976,40.45983021230342],[-79.97122037930464,40.45808496866542],[-79.97318595291387,40.45704516587774],[-79.97544262090432,40.45775053046516],[-79.97573382622684,40.459495753645626],[-79.97376820995422,40.4605356326988],[-79.97151143101976,40.45983021230342]]]}},{"type":"Feature","id":"892a8473217ffff","properties":{"cell_id":"892a8473217ffff","h3_res":9,"building_count":6,"poi_count_sum":3,"conn_dist_median_ft":1425.0548585624683,"total_crossings_mean":1.0,"clipped_area_frac":1.0,"clon":-79.976025,"clat":40.461241},"geometry":{"type":"Polygon","coordinates":[[[-79.97405937076378,40.46228092255278],[-79.97376820995422,40.4605356326988],[-79.97573382622684,40.459495753645626],[-79.97799064596582,40.4602010881787],[-79.978281960395,40.46194635756667],[-79.97631630146829,40.46298631289015],[-79.97405937076378,40.46228092255278]]]}},{"type":"Feature","id":"892a8473203ffff","properties":{"cell_id":"892a8473203ffff","h3_res":9,"building_count":11,"poi_count_sum":5,"conn_dist_median_ft":4895.828620942413,"total_crossings_mean":8.0,"clipped_area_frac":1.0,"clon":-79.980248,"clat":40.460906},"geometry":{"type":"Polygon","coordinates":[[[-79.978281960395,40.46194635756667],[-79.97799064596582,40.4602010881787],[-79.97995614942054,40.45916114373033],[-79.9822130099378,40.45986639239921],[-79.98250447797815,40.46161164130867],[-79.9805389318928,40.46265166203032],[-79.978281960395,40.46194635756667]]]}},{"type":"Feature","id":"892a84732a3ffff","properties":{"cell_id":"892a84732a3ffff","h3_res":9,"building_count":31,"poi_count_sum":8,"conn_dist_median_ft":1662.6271174987726,"total_crossings_mean":0.3225806451612903,"clipped_area_frac":1.0,"clon":-79.969255,"clat":40.459125},"geometry":{"type":"Polygon","coordinates":[[[-79.96728896384332,40.46016451969496],[-79.96699806574404,40.458419255611894],[-79.96896375212994,40.45737951822707],[-79.97122037930464,40.45808496866542],[-79.97151143101976,40.45983021230342],[-79.96954570194701,40.46087002595077],[-79.96728896384332,40.46016451969496]]]}},{"type":"Feature","id":"892a84732b7ffff","properties":{"cell_id":"892a84732b7ffff","h3_res":9,"building_count":66,"poi_count_sum":2,"conn_dist_median_ft":1213.5143632469972,"total_crossings_mean":1.3484848484848484,"clipped_area_frac":1.0,"clon":-79.965032,"clat":40.459459},"geometry":{"type":"Polygon","coordinates":[[[-79.96306642474154,40.46049867581157],[-79.96277568026655,40.45875339129588],[-79.96474147941132,40.45771371932456],[-79.96699806574404,40.458419255611894],[-79.96728896384332,40.46016451969496],[-79.96532312198826,40.46120426792591],[-79.96306642474154,40.46049867581157]]]}},{"type":"Feature","id":"892a84732a7ffff","properties":{"cell_id":"892a84732a7ffff","h3_res":9,"building_count":206,"poi_count_sum":18,"conn_dist_median_ft":1203.9770883748301,"total_crossings_mean":0.0,"clipped_area_frac":1.0,"clon":-79.966707,"clat":40.456674},"geometry":{"type":"Polygon","coordinates":[[[-79.96474147941132,40.45771371932456],[-79.96445069037459,40.455968501476114],[-79.96641633406428,40.45492884034901],[-79.96867280948958,40.455634320815236],[-79.96896375212994,40.45737951822707],[-79.96699806574404,40.458419255611894],[-79.96474147941132,40.45771371932456]]]}},{"type":"Feature","id":"892a8473233ffff","properties":{"cell_id":"892a8473233ffff","h3_res":9,"building_count":36,"poi_count_sum":56,"conn_dist_median_ft":398.02750355952327,"total_crossings_mean":0.0,"clipped_area_frac":1.0,"clon":-79.975151,"clat":40.456005},"geometry":{"type":"Polygon","coordinates":[[[-79.97318595291387,40.45704516587774],[-79.97289485667831,40.45529998891497],[-79.97486027484376,40.45426019699861],[-79.97711683189677,40.45496550578401],[-79.97740808171908,40.45671066228522],[-79.97544262090432,40.45775053046516],[-79.97318595291387,40.45704516587774]]]}},{"type":"Feature","id":"892a847323bffff","properties":{"cell_id":"892a847323bffff","h3_res":9,"building_count":57,"poi_count_sum":68,"conn_dist_median_ft":496.9157868532432,"total_crossings_mean":0.10526315789473684,"clipped_area_frac":1.0,"clon":-79.979373,"clat":40.455671},"geometry":{"type":"Polygon","coordinates":[[[-79.97740808171908,40.45671066228522],[-79.97711683189677,40.45496550578401],[-79.97908213727342,40.453925648488905],[-79.98133873510095,40.45463087143107],[-79.98163013850157,40.45637600745827],[-79.97966479049904,40.457415941019896],[-79.97740808171908,40.45671066228522]]]}},{"type":"Feature","id":"892a84732afffff","properties":{"cell_id":"892a84732afffff","h3_res":9,"building_count":43,"poi_count_sum":4,"conn_dist_median_ft":2029.2134101689383,"total_crossings_mean":0.0,"clipped_area_frac":1.0,"clon":-79.970929,"clat":40.45634},"geometry":{"type":"Polygon","coordinates":[[[-79.96896375212994,40.45737951822707],[-79.96867280948958,40.455634320815236],[-79.97063834042605,40.45459459428822],[-79.97289485667831,40.45529998891497],[-79.97318595291387,40.45704516587774],[-79.97122037930464,40.45808496866542],[-79.96896375212994,40.45737951822707]]]}},{"type":"Feature","id":"892a84733dbffff","properties":{"cell_id":"892a84733dbffff","h3_res":9,"building_count":34,"poi_count_sum":6,"conn_dist_median_ft":2335.3250777526478,"total_crossings_mean":0.0,"clipped_area_frac":1.0,"clon":-79.968382,"clat":40.453889},"geometry":{"type":"Polygon","coordinates":[[[-79.96641633406428,40.45492884034901],[-79.96612550047905,40.45318368917355],[-79.96809098873344,40.45214403890234],[-79.97034735325784,40.45284946355336],[-79.97063834042605,40.45459459428822],[-79.96867280948958,40.455634320815236],[-79.96641633406428,40.45492884034901]]]}},{"type":"Feature","id":"892a8473237ffff","properties":{"cell_id":"892a8473237ffff","h3_res":9,"building_count":10,"poi_count_sum":0,"conn_dist_median_ft":1966.2592985432611,"total_crossings_mean":2.0,"clipped_area_frac":1.0,"clon":-79.972604,"clat":40.453555},"geometry":{"type":"Polygon","coordinates":[[[-79.97063834042605,40.45459459428822],[-79.97034735325784,40.45284946355336],[-79.97231272876463,40.451809747895744],[-79.97456913410099,40.452515086716836],[-79.97486027484376,40.45426019699861],[-79.97289485667831,40.45529998891497],[-79.97063834042605,40.45459459428822]]]}},{"type":"Feature","id":"892a8473223ffff","properties":{"cell_id":"892a8473223ffff","h3_res":9,"building_count":8,"poi_count_sum":4,"conn_dist_median_ft":1985.3596603705905,"total_crossings_mean":1.25,"clipped_area_frac":1.0,"clon":-79.976826,"clat":40.45322},"geometry":{"type":"Polygon","coordinates":[[[-79.97486027484376,40.45426019699861],[-79.97456913410099,40.452515086716836],[-79.97653439684244,40.45147530568342],[-79.97879084296454,40.452180558672694],[-79.97908213727342,40.453925648488905],[-79.97711683189677,40.45496550578401],[-79.97486027484376,40.45426019699861]]]}},{"type":"Feature","id":"892a847322bffff","properties":{"cell_id":"892a847322bffff","h3_res":9,"building_count":43,"poi_count_sum":96,"conn_dist_median_ft":398.8711130519338,"total_crossings_mean":0.0,"clipped_area_frac":1.0,"clon":-79.981047,"clat":40.452886},"geometry":{"type":"Polygon","coordinates":[[[-79.97908213727342,40.453925648488905],[-79.97879084296454,40.452180558672694],[-79.98075599292284,40.45114071227406],[-79.98301247980449,40.451845879429634],[-79.98330392767102,40.453590948767825],[-79.98133873510095,40.45463087143107],[-79.97908213727342,40.453925648488905]]]}},{"type":"Feature","id":"892a8473277ffff","properties":{"cell_id":"892a8473277ffff","h3_res":9,"building_count":4,"poi_count_sum":9,"conn_dist_median_ft":1187.0184341238105,"total_crossings_mean":1.25,"clipped_area_frac":1.0,"clon":-79.983595,"clat":40.455336},"geometry":{"type":"Polygon","coordinates":[[[-79.98163013850157,40.45637600745827],[-79.98133873510095,40.45463087143107],[-79.98330392767102,40.453590948767825],[-79.98556056624686,40.45429608586489],[-79.98585212321733,40.456041201405576],[-79.98388688804484,40.457081200338294],[-79.98163013850157,40.45637600745827]]]}},{"type":"Feature","id":"892a8473267ffff","properties":{"cell_id":"892a8473267ffff","h3_res":9,"building_count":27,"poi_count_sum":90,"conn_dist_median_ft":768.1043304259388,"total_crossings_mean":0.0,"clipped_area_frac":0.9999999999999998,"clon":-79.985269,"clat":40.452551},"geometry":{"type":"Polygon","coordinates":[[[-79.98330392767102,40.453590948767825],[-79.98301247980449,40.451845879429634],[-79.98497751696186,40.45080596767641],[-79.98723404457681,40.451511048996394],[-79.98752564599258,40.4532560978441],[-79.98556056624686,40.45429608586489],[-79.98330392767102,40.453590948767825]]]}},{"type":"Feature","id":"892a847326bffff","properties":{"cell_id":"892a847326bffff","h3_res":9,"building_count":12,"poi_count_sum":10,"conn_dist_median_ft":1313.2749871432388,"total_crossings_mean":3.75,"clipped_area_frac":1.0,"clon":-79.992039,"clat":40.454666},"geometry":{"type":"Polygon","coordinates":[[[-79.99007403582237,40.4557062441359],[-79.98978232529046,40.45396114909417],[-79.99174729219406,40.45292109572644],[-79.99400401218782,40.453626061127665],[-79.99429587627264,40.45537113565793],[-79.9923308668135,40.45641126530101],[-79.99007403582237,40.4557062441359]]]}},{"type":"Feature","id":"892a84714d3ffff","properties":{"cell_id":"892a84714d3ffff","h3_res":9,"building_count":9,"poi_count_sum":3,"conn_dist_median_ft":1183.6085430888413,"total_crossings_mean":4.0,"clipped_area_frac":1.0,"clon":-79.993712,"clat":40.451881},"geometry":{"type":"Polygon","coordinates":[[[-79.99174729219406,40.45292109572644],[-79.99145553723756,40.4511760673817],[-79.99342034873979,40.450136024951036],[-79.9956769577427,40.45084093459428],[-79.99596886623152,40.45258594242358],[-79.99400401218782,40.453626061127665],[-79.99174729219406,40.45292109572644]]]}},{"type":"Feature","id":"892a8473263ffff","properties":{"cell_id":"892a8473263ffff","h3_res":9,"building_count":4,"poi_count_sum":2,"conn_dist_median_ft":1805.7007945524429,"total_crossings_mean":3.5,"clipped_area_frac":1.0,"clon":-79.987817,"clat":40.455001},"geometry":{"type":"Polygon","coordinates":[[[-79.98585212321733,40.456041201405576],[-79.98556056624686,40.45429608586489],[-79.98752564599258,40.4532560978441],[-79.98978232529046,40.45396114909417],[-79.99007403582237,40.4557062441359],[-79.98810891349764,40.45674630842907],[-79.98585212321733,40.456041201405576]]]}},{"type":"Feature","id":"892a84449b7ffff","properties":{"cell_id":"892a84449b7ffff","h3_res":9,"building_count":209,"poi_count_sum":9,"conn_dist_median_ft":937.4735772566534,"total_crossings_mean":0.0,"clipped_area_frac":1.0,"clon":-79.994588,"clat":40.457116},"geometry":{"type":"Polygon","coordinates":[[[-79.9926226864812,40.45815640652651],[-79.9923308668135,40.45641126530101],[-79.99429587627264,40.45537113565793],[-79.99655274794841,40.45607607096279],[-79.99684472118123,40.45782119166838],[-79.99487966917589,40.458861397591605],[-79.9926226864812,40.45815640652651]]]}},{"type":"Feature","id":"892a84449a7ffff","properties":{"cell_id":"892a84449a7ffff","h3_res":9,"building_count":62,"poi_count_sum":19,"conn_dist_median_ft":250.661334853144,"total_crossings_mean":0.11290322580645161,"clipped_area_frac":1.0,"clon":-79.996261,"clat":40.454331},"geometry":{"type":"Polygon","coordinates":[[[-79.99429587627264,40.45537113565793],[-79.99400401218782,40.453626061127665],[-79.99596886623152,40.45258594242358],[-79.9982256268949,40.45329082197408],[-79.99851764452423,40.45503587598044],[-79.99655274794841,40.45607607096279],[-79.99429587627264,40.45537113565793]]]}},{"type":"Feature","id":"892a847327bffff","properties":{"cell_id":"892a847327bffff","h3_res":9,"building_count":124,"poi_count_sum":33,"conn_dist_median_ft":3075.2771919719075,"total_crossings_mean":0.0,"clipped_area_frac":1.0,"clon":-79.990366,"clat":40.457451},"geometry":{"type":"Polygon","coordinates":[[[-79.98840057959173,40.45849147016204],[-79.98810891349764,40.45674630842907],[-79.99007403582237,40.4557062441359],[-79.9923308668135,40.45641126530101],[-79.9926226864812,40.45815640652651],[-79.99065752158684,40.45919654709694],[-79.98840057959173,40.45849147016204]]]}},{"type":"Feature","id":"892a84449abffff","properties":{"cell_id":"892a84449abffff","h3_res":9,"building_count":108,"poi_count_sum":388,"conn_dist_median_ft":1089.6307198580425,"total_crossings_mean":0.8240740740740741,"clipped_area_frac":1.0,"clon":-80.003032,"clat":40.456446},"geometry":{"type":"Polygon","coordinates":[[[-80.00106668364785,40.45748582559637],[-80.00077455685835,40.455740725423176],[-80.00273934053307,40.454700465112175],[-80.00499629349935,40.45540522869092],[-80.00528857383705,40.45715030831925],[-80.003323747663,40.45819064491628],[-80.00106668364785,40.45748582559637]]]}},{"type":"Feature","id":"892a84449a3ffff","properties":{"cell_id":"892a84449a3ffff","h3_res":9,"building_count":143,"poi_count_sum":19,"conn_dist_median_ft":490.38684396071477,"total_crossings_mean":0.8391608391608392,"clipped_area_frac":1.0,"clon":-79.99881,"clat":40.456781},"geometry":{"type":"Polygon","coordinates":[[[-79.99684472118123,40.45782119166838],[-79.99655274794841,40.45607607096279],[-79.99851764452423,40.45503587598044],[-80.00077455685835,40.455740725423176],[-80.00106668364785,40.45748582559637],[-79.99910174454926,40.458526096861796],[-79.99684472118123,40.45782119166838]]]}},{"type":"Feature","id":"892a8444907ffff","properties":{"cell_id":"892a8444907ffff","h3_res":9,"building_count":164,"poi_count_sum":225,"conn_dist_median_ft":2789.6753874540345,"total_crossings_mean":3.8048780487804876,"clipped_area_frac":0.9999999999999998,"clon":-80.007253,"clat":40.45611},"geometry":{"type":"Polygon","coordinates":[[[-80.00528857383705,40.45715030831925],[-80.00499629349935,40.45540522869092],[-80.00696096425524,40.45436490306186],[-80.0092179578274,40.455069580774754],[-80.00951039170485,40.45681463984577],[-80.00754567847308,40.45785504176377],[-80.00528857383705,40.45715030831925]]]}},{"type":"Feature","id":"892a844490fffff","properties":{"cell_id":"892a844490fffff","h3_res":9,"building_count":239,"poi_count_sum":14,"conn_dist_median_ft":4226.034114609401,"total_crossings_mean":5.384937238493724,"clipped_area_frac":0.9999999999999998,"clon":-80.011475,"clat":40.455774},"geometry":{"type":"Polygon","coordinates":[[[-80.00951039170485,40.45681463984577],[-80.0092179578274,40.455069580774754],[-80.01118251564671,40.45402918983825],[-80.01343954979856,40.454733781683466],[-80.01373213720726,40.45647882018467],[-80.01176753693552,40.457519287413035],[-80.00951039170485,40.45681463984577]]]}},{"type":"Feature","id":"892a844497bffff","properties":{"cell_id":"892a844497bffff","h3_res":9,"building_count":56,"poi_count_sum":14,"conn_dist_median_ft":5237.214919336886,"total_crossings_mean":11.0,"clipped_area_frac":1.0,"clon":-80.019918,"clat":40.455102},"geometry":{"type":"Polygon","coordinates":[[[-80.01795381030027,40.45614284934471],[-80.01766106936886,40.454397831425766],[-80.0196254012617,40.45335730990622],[-80.02188251649426,40.454061730010466],[-80.02217541093997,40.455806727334675],[-80.02021103664156,40.45684732515194],[-80.01795381030027,40.45614284934471]]]}},{"type":"Feature","id":"892a8444973ffff","properties":{"cell_id":"892a8444973ffff","h3_res":9,"building_count":87,"poi_count_sum":33,"conn_dist_median_ft":5105.200503707188,"total_crossings_mean":6.689655172413793,"clipped_area_frac":1.0,"clon":-80.015697,"clat":40.455438},"geometry":{"type":"Polygon","coordinates":[[[-80.01373213720726,40.45647882018467],[-80.01343954979856,40.454733781683466],[-80.01540399466352,40.453693325450125],[-80.01766106936886,40.454397831425766],[-80.01795381030027,40.45614284934471],[-80.01598932300635,40.45718338187283],[-80.01373213720726,40.45647882018467]]]}},{"type":"Feature","id":"892a8444977ffff","properties":{"cell_id":"892a8444977ffff","h3_res":9,"building_count":16,"poi_count_sum":12,"conn_dist_median_ft":5309.831641354488,"total_crossings_mean":14.9375,"clipped_area_frac":1.0,"clon":-80.013147,"clat":40.452989},"geometry":{"type":"Polygon","coordinates":[[[-80.01118251564671,40.45402918983825],[-80.01089003743473,40.452284197478455],[-80.01285443986133,40.45124381753506],[-80.01511136294096,40.4519483536641],[-80.01540399466352,40.453693325450125],[-80.01343954979856,40.454733781683466],[-80.01118251564671,40.45402918983825]]]}},{"type":"Feature","id":"892a8444963ffff","properties":{"cell_id":"892a8444963ffff","h3_res":9,"building_count":215,"poi_count_sum":88,"conn_dist_median_ft":5157.947150276056,"total_crossings_mean":16.627906976744185,"clipped_area_frac":1.0,"clon":-80.017368,"clat":40.452653},"geometry":{"type":"Polygon","coordinates":[[[-80.01540399466352,40.453693325450125],[-80.01511136294096,40.4519483536641],[-80.01707565241891,40.4509079084374],[-80.01933261603705,40.45161235870644],[-80.0196254012617,40.45335730990622],[-80.01766106936886,40.454397831425766],[-80.01540399466352,40.453693325450125]]]}},{"type":"Feature","id":"892a844496bffff","properties":{"cell_id":"892a844496bffff","h3_res":9,"building_count":62,"poi_count_sum":9,"conn_dist_median_ft":4281.9352398403935,"total_crossings_mean":13.0,"clipped_area_frac":1.0,"clon":-80.02159,"clat":40.452317},"geometry":{"type":"Polygon","coordinates":[[[-80.0196254012617,40.45335730990622],[-80.01933261603705,40.45161235870644],[-80.02129679254861,40.45057184820706],[-80.02355379667904,40.451276212614246],[-80.0238467353973,40.4530211432153],[-80.02188251649426,40.454061730010466],[-80.0196254012617,40.45335730990622]]]}},{"type":"Feature","id":"892a844493bffff","properties":{"cell_id":"892a844493bffff","h3_res":9,"building_count":22,"poi_count_sum":16,"conn_dist_median_ft":3803.3313387437065,"total_crossings_mean":6.181818181818182,"clipped_area_frac":1.0,"clon":-80.008926,"clat":40.453325},"geometry":{"type":"Polygon","coordinates":[[[-80.00696096425524,40.45436490306186],[-80.00666863956233,40.45261989014074],[-80.00863315491983,40.45157957549126],[-80.01089003743473,40.452284197478455],[-80.01118251564671,40.45402918983825],[-80.0092179578274,40.455069580774754],[-80.00696096425524,40.45436490306186]]]}},{"type":"Feature","id":"892a8444933ffff","properties":{"cell_id":"892a8444933ffff","h3_res":9,"building_count":16,"poi_count_sum":41,"conn_dist_median_ft":2986.652442336701,"total_crossings_mean":3.25,"clipped_area_frac":1.0,"clon":-80.004704,"clat":40.45366},"geometry":{"type":"Polygon","coordinates":[[[-80.00273934053307,40.454700465112175],[-80.00244716936773,40.4529554316422],[-80.00441179763838,40.45191518229725],[-80.00666863956233,40.45261989014074],[-80.00696096425524,40.45436490306186],[-80.00499629349935,40.45540522869092],[-80.00273934053307,40.454700465112175]]]}},{"type":"Feature","id":"892a8444937ffff","properties":{"cell_id":"892a8444937ffff","h3_res":9,"building_count":34,"poi_count_sum":25,"conn_dist_median_ft":1848.6452480100324,"total_crossings_mean":1.9411764705882353,"clipped_area_frac":0.9999999999999998,"clon":-80.002155,"clat":40.45121},"geometry":{"type":"Polygon","coordinates":[[[-80.00019036806096,40.45225063794428],[-79.99989830604831,40.45050565064288],[-80.00186289182436,40.4494654775772],[-80.00411958211038,40.45017021553622],[-80.00441179763838,40.45191518229725],[-80.00244716936773,40.4529554316422],[-80.00019036806096,40.45225063794428]]]}},{"type":"Feature","id":"892a84449afffff","properties":{"cell_id":"892a84449afffff","h3_res":9,"building_count":271,"poi_count_sum":105,"conn_dist_median_ft":909.6853957026317,"total_crossings_mean":0.28044280442804426,"clipped_area_frac":1.0,"clon":-80.000482,"clat":40.453996},"geometry":{"type":"Polygon","coordinates":[[[-79.99851764452423,40.45503587598044],[-79.9982256268949,40.45329082197408],[-80.00019036806096,40.45225063794428],[-80.00244716936773,40.4529554316422],[-80.00273934053307,40.454700465112175],[-80.00077455685835,40.455740725423176],[-79.99851764452423,40.45503587598044]]]}},{"type":"Feature","id":"892a84714dbffff","properties":{"cell_id":"892a84714dbffff","h3_res":9,"building_count":56,"poi_count_sum":27,"conn_dist_median_ft":840.9506618114618,"total_crossings_mean":0.6428571428571429,"clipped_area_frac":1.0,"clon":-79.997934,"clat":40.451546},"geometry":{"type":"Polygon","coordinates":[[[-79.99596886623152,40.45258594242358],[-79.9956769577427,40.45084093459428],[-79.99764165639074,40.44980082684082],[-79.99989830604831,40.45050565064288],[-80.00019036806096,40.45225063794428],[-79.9982256268949,40.45329082197408],[-79.99596886623152,40.45258594242358]]]}},{"type":"Feature","id":"892a84714c3ffff","properties":{"cell_id":"892a84714c3ffff","h3_res":9,"building_count":4,"poi_count_sum":50,"conn_dist_median_ft":2623.5042956878915,"total_crossings_mean":5.75,"clipped_area_frac":1.0,"clon":-79.995385,"clat":40.449096},"geometry":{"type":"Polygon","coordinates":[[[-79.99342034873979,40.450136024951036],[-79.99312854937185,40.448391063309],[-79.99509320549247,40.447351031827054],[-79.99734970351112,40.4480558857182],[-79.99764165639074,40.44980082684082],[-79.9956769577427,40.45084093459428],[-79.99342034873979,40.450136024951036]]]}},{"type":"Feature","id":"892a84714cbffff","properties":{"cell_id":"892a84714cbffff","h3_res":9,"building_count":10,"poi_count_sum":21,"conn_dist_median_ft":1629.7673132429704,"total_crossings_mean":1.0,"clipped_area_frac":0.9999999999999998,"clon":-79.999606,"clat":40.448761},"geometry":{"type":"Polygon","coordinates":[[[-79.99764165639074,40.44980082684082],[-79.99734970351112,40.4480558857182],[-79.99931424678321,40.44701578892696],[-80.00157078544157,40.44772055698648],[-80.00186289182436,40.4494654775772],[-79.99989830604831,40.45050565064288],[-79.99764165639074,40.44980082684082]]]}},{"type":"Feature","id":"892a8444923ffff","properties":{"cell_id":"892a8444923ffff","h3_res":9,"building_count":23,"poi_count_sum":52,"conn_dist_median_ft":3598.902618578209,"total_crossings_mean":11.565217391304348,"clipped_area_frac":1.0,"clon":-80.006376,"clat":40.450875},"geometry":{"type":"Polygon","coordinates":[[[-80.00441179763838,40.45191518229725],[-80.00411958211038,40.45017021553622],[-80.00608405499669,40.449129977168944],[-80.00834078588493,40.44983462928307],[-80.00863315491983,40.45157957549126],[-80.00666863956233,40.45261989014074],[-80.00441179763838,40.45191518229725]]]}},{"type":"Feature","id":"892a844492bffff","properties":{"cell_id":"892a844492bffff","h3_res":9,"building_count":8,"poi_count_sum":4,"conn_dist_median_ft":5517.0388307551675,"total_crossings_mean":19.0,"clipped_area_frac":1.0,"clon":-80.010598,"clat":40.450539},"geometry":{"type":"Polygon","coordinates":[[[-80.00863315491983,40.45157957549126],[-80.00834078588493,40.44983462928307],[-80.01030514586378,40.448794325624796],[-80.01256191732801,40.44949889189217],[-80.01285443986133,40.45124381753506],[-80.01089003743473,40.452284197478455],[-80.00863315491983,40.45157957549126]]]}},{"type":"Feature","id":"892a8444967ffff","properties":{"cell_id":"892a8444967ffff","h3_res":9,"building_count":45,"poi_count_sum":22,"conn_dist_median_ft":5532.768684166973,"total_crossings_mean":13.511111111111111,"clipped_area_frac":1.0,"clon":-80.014819,"clat":40.450203},"geometry":{"type":"Polygon","coordinates":[[[-80.01285443986133,40.45124381753506],[-80.01256191732801,40.44949889189217],[-80.01452616438166,40.44845852295351],[-80.01678297639565,40.44916300337228],[-80.01707565241891,40.4509079084374],[-80.01511136294096,40.4519483536641],[-80.01285443986133,40.45124381753506]]]}},{"type":"Feature","id":"892a84716d3ffff","properties":{"cell_id":"892a84716d3ffff","h3_res":9,"building_count":7,"poi_count_sum":8,"conn_dist_median_ft":3076.67240328113,"total_crossings_mean":12.285714285714286,"clipped_area_frac":1.0,"clon":-80.023261,"clat":40.449531},"geometry":{"type":"Polygon","coordinates":[[[-80.02129679254861,40.45057184820706],[-80.02100396304391,40.44882696373217],[-80.02296798419393,40.44778646426458],[-80.02522487722882,40.448490772980584],[-80.02551786020649,40.45023563685279],[-80.02355379667904,40.451276212614246],[-80.02129679254861,40.45057184820706]]]}},{"type":"Feature","id":"892a844496fffff","properties":{"cell_id":"892a844496fffff","h3_res":9,"building_count":18,"poi_count_sum":18,"conn_dist_median_ft":4593.850840746983,"total_crossings_mean":14.777777777777779,"clipped_area_frac":0.9999999999999998,"clon":-80.01904,"clat":40.449867},"geometry":{"type":"Polygon","coordinates":[[[-80.01707565241891,40.4509079084374],[-80.01678297639565,40.44916300337228],[-80.01874711050637,40.44812256916386],[-80.02100396304391,40.44882696373217],[-80.02129679254861,40.45057184820706],[-80.01933261603705,40.45161235870644],[-80.01707565241891,40.4509079084374]]]}},{"type":"Feature","id":"892a8471693ffff","properties":{"cell_id":"892a8471693ffff","h3_res":9,"building_count":8,"poi_count_sum":8,"conn_dist_median_ft":4504.24865063735,"total_crossings_mean":11.125,"clipped_area_frac":1.0,"clon":-80.012269,"clat":40.447754},"geometry":{"type":"Polygon","coordinates":[[[-80.01030514586378,40.448794325624796],[-80.01001273250004,40.44704944613526],[-80.01197693712001,40.44600915347982],[-80.01423359754016,40.44671366403327],[-80.01452616438166,40.44845852295351],[-80.01256191732801,40.44949889189217],[-80.01030514586378,40.448794325624796]]]}},{"type":"Feature","id":"892a847169bffff","properties":{"cell_id":"892a847169bffff","h3_res":9,"building_count":12,"poi_count_sum":26,"conn_dist_median_ft":4667.735693794597,"total_crossings_mean":8.75,"clipped_area_frac":1.0,"clon":-80.01649,"clat":40.447418},"geometry":{"type":"Polygon","coordinates":[[[-80.01452616438166,40.44845852295351],[-80.01423359754016,40.44671366403327],[-80.01619768924061,40.445673306110955],[-80.01845439019556,40.44637773082536],[-80.01874711050637,40.44812256916386],[-80.01678297639565,40.44916300337228],[-80.01452616438166,40.44845852295351]]]}},{"type":"Feature","id":"892a84716d7ffff","properties":{"cell_id":"892a84716d7ffff","h3_res":9,"building_count":8,"poi_count_sum":27,"conn_dist_median_ft":3768.66771354762,"total_crossings_mean":6.25,"clipped_area_frac":1.0,"clon":-80.020711,"clat":40.447082},"geometry":{"type":"Polygon","coordinates":[[[-80.01874711050637,40.44812256916386],[-80.01845439019556,40.44637773082536],[-80.02041836895879,40.44533730764679],[-80.02267511042234,40.44604164652028],[-80.02296798419393,40.44778646426458],[-80.02100396304391,40.44882696373217],[-80.01874711050637,40.44812256916386]]]}},{"type":"Feature","id":"892a847145bffff","properties":{"cell_id":"892a847145bffff","h3_res":9,"building_count":17,"poi_count_sum":23,"conn_dist_median_ft":1817.8775140401938,"total_crossings_mean":6.294117647058823,"clipped_area_frac":0.9999999999999998,"clon":-80.0055,"clat":40.44564},"geometry":{"type":"Polygon","coordinates":[[[-80.00353521584736,40.44668039489657],[-80.00324306510764,40.444935541022254],[-80.00520734016294,40.44389538991972],[-80.00746380842715,40.44460001641863],[-80.00775611264096,40.446344849744605],[-80.00579179511921,40.44738507712258],[-80.00353521584736,40.44668039489657]]]}},{"type":"Feature","id":"892a8444927ffff","properties":{"cell_id":"892a8444927ffff","h3_res":9,"building_count":22,"poi_count_sum":63,"conn_dist_median_ft":1604.8664844298946,"total_crossings_mean":3.3636363636363638,"clipped_area_frac":0.9999999999999998,"clon":-80.003827,"clat":40.448425},"geometry":{"type":"Polygon","coordinates":[[[-80.00186289182436,40.4494654775772],[-80.00157078544157,40.44772055698648],[-80.00353521584736,40.44668039489657],[-80.00579179511921,40.44738507712258],[-80.00608405499669,40.449129977168944],[-80.00411958211038,40.45017021553622],[-80.00186289182436,40.4494654775772]]]}},{"type":"Feature","id":"892a844492fffff","properties":{"cell_id":"892a844492fffff","h3_res":9,"building_count":14,"poi_count_sum":23,"conn_dist_median_ft":3063.773824323238,"total_crossings_mean":7.857142857142857,"clipped_area_frac":0.9999999999999998,"clon":-80.008048,"clat":40.44809},"geometry":{"type":"Polygon","coordinates":[[[-80.00608405499669,40.449129977168944],[-80.00579179511921,40.44738507712258],[-80.00775611264096,40.446344849744605],[-80.01001273250004,40.44704944613526],[-80.01030514586378,40.448794325624796],[-80.00834078588493,40.44983462928307],[-80.00608405499669,40.449129977168944]]]}},{"type":"Feature","id":"892a847148bffff","properties":{"cell_id":"892a847148bffff","h3_res":9,"building_count":13,"poi_count_sum":20,"conn_dist_median_ft":481.7201899079475,"total_crossings_mean":0.5384615384615384,"clipped_area_frac":1.0,"clon":-79.988616,"clat":40.446981},"geometry":{"type":"Polygon","coordinates":[[[-79.98665090640702,40.44802106420132],[-79.98635936964823,40.44627612825828],[-79.98832409603946,40.44523623835997],[-79.99058040175237,40.44594120814352],[-79.99087209201909,40.447686123588085],[-79.98890732306766,40.44872608975016],[-79.98665090640702,40.44802106420132]]]}},{"type":"Feature","id":"892a8471483ffff","properties":{"cell_id":"892a8471483ffff","h3_res":9,"building_count":34,"poi_count_sum":2,"conn_dist_median_ft":2793.0595573582104,"total_crossings_mean":0.0,"clipped_area_frac":1.0,"clon":-79.984395,"clat":40.447316},"geometry":{"type":"Polygon","coordinates":[[[-79.98242964870029,40.44835585365804],[-79.98213826545785,40.446610897228986],[-79.98410310463868,40.445571072658225],[-79.98635936964823,40.44627612825828],[-79.98665090640702,40.44802106420132],[-79.9846860246426,40.44906096503291],[-79.98242964870029,40.44835585365804]]]}},{"type":"Feature","id":"892a8471497ffff","properties":{"cell_id":"892a8471497ffff","h3_res":9,"building_count":51,"poi_count_sum":7,"conn_dist_median_ft":3827.5038882747276,"total_crossings_mean":1.411764705882353,"clipped_area_frac":0.9999999999999998,"clon":-79.980173,"clat":40.447651},"geometry":{"type":"Polygon","coordinates":[[[-79.97820831894282,40.44869049194953],[-79.97791708922523,40.44694551504692],[-79.97988204117787,40.44590575581431],[-79.98213826545785,40.446610897228986],[-79.98242964870029,40.44835585365804],[-79.9804646541406,40.44939568914856],[-79.97820831894282,40.44869049194953]]]}},{"type":"Feature","id":"892a847149bffff","properties":{"cell_id":"892a847149bffff","h3_res":9,"building_count":44,"poi_count_sum":99,"conn_dist_median_ft":724.1689796229472,"total_crossings_mean":0.0,"clipped_area_frac":1.0,"clon":-79.986942,"clat":40.449766},"geometry":{"type":"Polygon","coordinates":[[[-79.98497751696186,40.45080596767641],[-79.9846860246426,40.44906096503291],[-79.98665090640702,40.44802106420132],[-79.98890732306766,40.44872608975016],[-79.9891989689155,40.45047107189915],[-79.98723404457681,40.451511048996394],[-79.98497751696186,40.45080596767641]]]}},{"type":"Feature","id":"892a84714d7ffff","properties":{"cell_id":"892a84714d7ffff","h3_res":9,"building_count":6,"poi_count_sum":3,"conn_dist_median_ft":1407.0286399460872,"total_crossings_mean":1.0,"clipped_area_frac":1.0,"clon":-79.991164,"clat":40.449431},"geometry":{"type":"Polygon","coordinates":[[[-79.9891989689155,40.45047107189915],[-79.98890732306766,40.44872608975016],[-79.99087209201909,40.447686123588085],[-79.99312854937185,40.448391063309],[-79.99342034873979,40.450136024951036],[-79.99145553723756,40.4511760673817],[-79.9891989689155,40.45047107189915]]]}},{"type":"Feature","id":"892a847326fffff","properties":{"cell_id":"892a847326fffff","h3_res":9,"building_count":2,"poi_count_sum":2,"conn_dist_median_ft":1575.8973492635996,"total_crossings_mean":0.0,"clipped_area_frac":1.0,"clon":-79.989491,"clat":40.452216},"geometry":{"type":"Polygon","coordinates":[[[-79.98752564599258,40.4532560978441],[-79.98723404457681,40.451511048996394],[-79.9891989689155,40.45047107189915],[-79.99145553723756,40.4511760673817],[-79.99174729219406,40.45292109572644],[-79.98978232529046,40.45396114909417],[-79.98752564599258,40.4532560978441]]]}},{"type":"Feature","id":"892a8471493ffff","properties":{"cell_id":"892a8471493ffff","h3_res":9,"building_count":24,"poi_count_sum":35,"conn_dist_median_ft":566.7066007700802,"total_crossings_mean":0.0,"clipped_area_frac":1.0,"clon":-79.982721,"clat":40.450101},"geometry":{"type":"Polygon","coordinates":[[[-79.98075599292284,40.45114071227406],[-79.9804646541406,40.44939568914856],[-79.98242964870029,40.44835585365804],[-79.9846860246426,40.44906096503291],[-79.98497751696186,40.45080596767641],[-79.98301247980449,40.451845879429634],[-79.98075599292284,40.45114071227406]]]}},{"type":"Feature","id":"892a847322fffff","properties":{"cell_id":"892a847322fffff","h3_res":9,"building_count":7,"poi_count_sum":0,"conn_dist_median_ft":4661.569653936187,"total_crossings_mean":0.0,"clipped_area_frac":0.9999999999999998,"clon":-79.9785,"clat":40.450436},"geometry":{"type":"Polygon","coordinates":[[[-79.97653439684244,40.45147530568342],[-79.97624321160565,40.449730262088366],[-79.97820831894282,40.44869049194953],[-79.9804646541406,40.44939568914856],[-79.98075599292284,40.45114071227406],[-79.97879084296454,40.452180558672694],[-79.97653439684244,40.45147530568342]]]}},{"type":"Feature","id":"892a847335bffff","properties":{"cell_id":"892a847335bffff","h3_res":9,"building_count":76,"poi_count_sum":16,"conn_dist_median_ft":4378.4701117067525,"total_crossings_mean":0.07894736842105263,"clipped_area_frac":1.0,"clon":-79.975952,"clat":40.447985},"geometry":{"type":"Polygon","coordinates":[[[-79.97398691717864,40.44902497906705],[-79.97369584099431,40.44727998170336],[-79.975660905701,40.44624028781948],[-79.97791708922523,40.44694551504692],[-79.97820831894282,40.44869049194953],[-79.97624321160565,40.449730262088366],[-79.97398691717864,40.44902497906705]]]}},{"type":"Feature","id":"892a8473227ffff","properties":{"cell_id":"892a8473227ffff","h3_res":9,"building_count":37,"poi_count_sum":4,"conn_dist_median_ft":4020.322438330435,"total_crossings_mean":0.0,"clipped_area_frac":1.0,"clon":-79.974278,"clat":40.45077},"geometry":{"type":"Polygon","coordinates":[[[-79.97231272876463,40.451809747895744],[-79.97202169708176,40.450064683843614],[-79.97398691717864,40.44902497906705],[-79.97624321160565,40.449730262088366],[-79.97653439684244,40.45147530568342],[-79.97456913410099,40.452515086716836],[-79.97231272876463,40.451809747895744]]]}},{"type":"Feature","id":"892a84733cbffff","properties":{"cell_id":"892a84733cbffff","h3_res":9,"building_count":82,"poi_count_sum":3,"conn_dist_median_ft":3012.7891309212387,"total_crossings_mean":0.34146341463414637,"clipped_area_frac":1.0,"clon":-79.970056,"clat":40.451104},"geometry":{"type":"Polygon","coordinates":[[[-79.96809098873344,40.45214403890234],[-79.96780011061291,40.450398954405586],[-79.96976544345172,40.44935931500191],[-79.97202169708176,40.450064683843614],[-79.97231272876463,40.451809747895744],[-79.97034735325784,40.45284946355336],[-79.96809098873344,40.45214403890234]]]}},{"type":"Feature","id":"892a84733c3ffff","properties":{"cell_id":"892a84733c3ffff","h3_res":9,"building_count":66,"poi_count_sum":7,"conn_dist_median_ft":2098.7380235736837,"total_crossings_mean":0.48484848484848486,"clipped_area_frac":1.0,"clon":-79.965835,"clat":40.451439},"geometry":{"type":"Polygon","coordinates":[[[-79.96386917679285,40.452478178694484],[-79.9635784522431,40.45073307376559],[-79.96554389780607,40.44969349974535],[-79.96780011061291,40.450398954405586],[-79.96809098873344,40.45214403890234],[-79.96612550047905,40.45318368917355],[-79.96386917679285,40.452478178694484]]]}},{"type":"Feature","id":"892a84733cfffff","properties":{"cell_id":"892a84733cfffff","h3_res":9,"building_count":90,"poi_count_sum":11,"conn_dist_median_ft":3503.0222070870905,"total_crossings_mean":2.8777777777777778,"clipped_area_frac":1.0,"clon":-79.967509,"clat":40.448654},"geometry":{"type":"Polygon","coordinates":[[[-79.96554389780607,40.44969349974535],[-79.96525312871356,40.44794846149692],[-79.96721841887506,40.446908898342286],[-79.96947452080909,40.44761429718961],[-79.96976544345172,40.44935931500191],[-79.96780011061291,40.450398954405586],[-79.96554389780607,40.44969349974535]]]}},{"type":"Feature","id":"892a8473353ffff","properties":{"cell_id":"892a8473353ffff","h3_res":9,"building_count":79,"poi_count_sum":14,"conn_dist_median_ft":4304.486017613245,"total_crossings_mean":1.3544303797468353,"clipped_area_frac":1.0,"clon":-79.971731,"clat":40.44832},"geometry":{"type":"Polygon","coordinates":[[[-79.96976544345172,40.44935931500191],[-79.96947452080909,40.44761429718961],[-79.97143969825208,40.44657466866504],[-79.97369584099431,40.44727998170336],[-79.97398691717864,40.44902497906705],[-79.97202169708176,40.450064683843614],[-79.96976544345172,40.44935931500191]]]}},{"type":"Feature","id":"892a8444ab3ffff","properties":{"cell_id":"892a8444ab3ffff","h3_res":9,"building_count":29,"poi_count_sum":2,"conn_dist_median_ft":6628.7510855571,"total_crossings_mean":7.862068965517241,"clipped_area_frac":0.9999999999999998,"clon":-80.04455,"clat":40.474361},"geometry":{"type":"Polygon","coordinates":[[[-80.04258488203381,40.47540263827569],[-80.04229111311193,40.47365727232432],[-80.04425567080854,40.47261607498915],[-80.0465140397366,40.4733201672687],[-80.04680796226152,40.475065512544965],[-80.04484336225806,40.476106786219354],[-80.04258488203381,40.47540263827569]]]}},{"type":"Feature","id":"892a8444a87ffff","properties":{"cell_id":"892a8444a87ffff","h3_res":9,"building_count":6,"poi_count_sum":0,"conn_dist_median_ft":1043.2506582354936,"total_crossings_mean":6.0,"clipped_area_frac":0.8107154337942339,"clon":-80.047102,"clat":40.476811},"geometry":{"type":"Polygon","coordinates":[[[-80.04739587251932,40.478556315831334],[-80.045137240578,40.477852198203045],[-80.04484336225806,40.476106786219354],[-80.04680796226152,40.475065512544965],[-80.04770803222259,40.47534609666777],[-80.047769,40.475529],[-80.047853,40.47578],[-80.047862,40.475814],[-80.047876,40.475868],[-80.047908,40.475936],[-80.048073,40.476332],[-80.048394,40.477106],[-80.048476,40.4773],[-80.04882464658064,40.477799000418536],[-80.04739587251932,40.478556315831334]]]}},{"type":"Feature","id":"892a844484bffff","properties":{"cell_id":"892a844484bffff","h3_res":9,"building_count":16,"poi_count_sum":1,"conn_dist_median_ft":1552.5908583658834,"total_crossings_mean":5.0,"clipped_area_frac":0.9999999999999998,"clon":-80.042879,"clat":40.477148},"geometry":{"type":"Polygon","coordinates":[[[-80.04091389352557,40.47818927930313],[-80.04062016882938,40.476443846648294],[-80.04258488203381,40.47540263827569],[-80.04484336225806,40.476106786219354],[-80.045137240578,40.477852198203045],[-80.04317248505266,40.47889348291679],[-80.04091389352557,40.47818927930313]]]}},{"type":"Feature","id":"892a844484fffff","properties":{"cell_id":"892a844484fffff","h3_res":9,"building_count":29,"poi_count_sum":2,"conn_dist_median_ft":3027.379159458912,"total_crossings_mean":2.206896551724138,"clipped_area_frac":1.0,"clon":-80.040326,"clat":40.474698},"geometry":{"type":"Polygon","coordinates":[[[-80.03836172903068,40.47573961273065],[-80.03806811372039,40.473994226116645],[-80.04003278459446,40.47295309408034],[-80.04229111311193,40.47365727232432],[-80.04258488203381,40.47540263827569],[-80.04062016882938,40.476443846648294],[-80.03836172903068,40.47573961273065]]]}},{"type":"Feature","id":"892a8444843ffff","properties":{"cell_id":"892a8444843ffff","h3_res":9,"building_count":169,"poi_count_sum":1,"conn_dist_median_ft":2217.393782111687,"total_crossings_mean":0.0,"clipped_area_frac":0.9999999999999998,"clon":-80.038655,"clat":40.477485},"geometry":{"type":"Polygon","coordinates":[[[-80.03669047370693,40.47852620910433],[-80.03639690264302,40.476780755790834],[-80.03836172903068,40.47573961273065],[-80.04062016882938,40.476443846648294],[-80.04091389352557,40.47818927930313],[-80.03894902479352,40.47923049870155],[-80.03669047370693,40.47852620910433]]]}},{"type":"Feature","id":"892a8444847ffff","properties":{"cell_id":"892a8444847ffff","h3_res":9,"building_count":127,"poi_count_sum":7,"conn_dist_median_ft":3522.7836295943803,"total_crossings_mean":0.0,"clipped_area_frac":0.9999999999999998,"clon":-80.036103,"clat":40.475035},"geometry":{"type":"Polygon","coordinates":[[[-80.03413850329612,40.47607643590104],[-80.03384504160593,40.47433102863686],[-80.03580982563977,40.473289961910076],[-80.03806811372039,40.473994226116645],[-80.03836172903068,40.47573961273065],[-80.03639690264302,40.476780755790834],[-80.03413850329612,40.47607643590104]]]}},{"type":"Feature","id":"892a844480bffff","properties":{"cell_id":"892a844480bffff","h3_res":9,"building_count":155,"poi_count_sum":34,"conn_dist_median_ft":3834.271014265421,"total_crossings_mean":0.0,"clipped_area_frac":1.0,"clon":-80.03188,"clat":40.475372},"geometry":{"type":"Polygon","coordinates":[[[-80.02991520487417,40.47641310777806],[-80.0296218968126,40.474667679876184],[-80.03158679398847,40.473626678469536],[-80.03384504160593,40.47433102863686],[-80.03413850329612,40.47607643590104],[-80.03217356374296,40.477117513638184],[-80.02991520487417,40.47641310777806]]]}},{"type":"Feature","id":"892a8444807ffff","properties":{"cell_id":"892a8444807ffff","h3_res":9,"building_count":31,"poi_count_sum":0,"conn_dist_median_ft":4359.808732590865,"total_crossings_mean":0.0,"clipped_area_frac":1.0,"clon":-80.025106,"clat":40.473259},"geometry":{"type":"Polygon","coordinates":[[[-80.02314051277199,40.47429965774251],[-80.02284746767722,40.47255425529195],[-80.0248124355672,40.47151339553884],[-80.02707049096482,40.472217861916114],[-80.02736368968452,40.47396324374995],[-80.02539867938438,40.47500417982582],[-80.02314051277199,40.47429965774251]]]}},{"type":"Feature","id":"892a8444803ffff","properties":{"cell_id":"892a8444803ffff","h3_res":9,"building_count":188,"poi_count_sum":4,"conn_dist_median_ft":4152.36212007065,"total_crossings_mean":0.0,"clipped_area_frac":1.0,"clon":-80.027657,"clat":40.475709},"geometry":{"type":"Polygon","coordinates":[[[-80.02569183380884,40.476749628352906],[-80.02539867938438,40.47500417982582],[-80.02736368968452,40.47396324374995],[-80.0296218968126,40.474667679876184],[-80.02991520487417,40.47641310777806],[-80.02795015217328,40.4774541201815],[-80.02569183380884,40.476749628352906]]]}},{"type":"Feature","id":"892a8444817ffff","properties":{"cell_id":"892a8444817ffff","h3_res":9,"building_count":80,"poi_count_sum":3,"conn_dist_median_ft":5120.613424537954,"total_crossings_mean":0.0,"clipped_area_frac":0.9999999999999998,"clon":-80.023434,"clat":40.476045},"geometry":{"type":"Polygon","coordinates":[[[-80.02146839014414,40.477085997616804],[-80.02117538936534,40.47534052847696],[-80.02314051277199,40.47429965774251],[-80.02539867938438,40.47500417982582],[-80.02569183380884,40.476749628352906],[-80.02372666797795,40.47779057541204],[-80.02146839014414,40.477085997616804]]]}},{"type":"Feature","id":"892a8444857ffff","properties":{"cell_id":"892a8444857ffff","h3_res":9,"building_count":175,"poi_count_sum":2,"conn_dist_median_ft":2740.1027124638435,"total_crossings_mean":0.0,"clipped_area_frac":1.0,"clon":-80.034432,"clat":40.477822},"geometry":{"type":"Polygon","coordinates":[[[-80.03246698116611,40.47886298759785],[-80.03217356374296,40.477117513638184],[-80.03413850329612,40.47607643590104],[-80.03639690264302,40.476780755790834],[-80.03669047370693,40.47852620910433],[-80.0347254917859,40.47956736317679],[-80.03246698116611,40.47886298759785]]]}},{"type":"Feature","id":"892a844481bffff","properties":{"cell_id":"892a844481bffff","h3_res":9,"building_count":121,"poi_count_sum":2,"conn_dist_median_ft":3364.701759645701,"total_crossings_mean":0.0,"clipped_area_frac":0.9999999999999996,"clon":-80.030209,"clat":40.478159},"geometry":{"type":"Polygon","coordinates":[[[-80.0282434159471,40.47919961477489],[-80.02795015217328,40.4774541201815],[-80.02991520487417,40.47641310777806],[-80.03217356374296,40.477117513638184],[-80.03246698116611,40.47886298759785],[-80.03050188607385,40.47990407633371],[-80.0282434159471,40.47919961477489]]]}},{"type":"Feature","id":"892a8444813ffff","properties":{"cell_id":"892a8444813ffff","h3_res":9,"building_count":56,"poi_count_sum":0,"conn_dist_median_ft":4801.13591778948,"total_crossings_mean":0.0,"clipped_area_frac":0.9999999999999998,"clon":-80.025985,"clat":40.478495},"geometry":{"type":"Polygon","coordinates":[[[-80.02401977809394,40.47953609062667],[-80.02372666797795,40.47779057541204],[-80.02569183380884,40.476749628352906],[-80.02795015217328,40.4774541201815],[-80.0282434159471,40.47919961477489],[-80.02627820770137,40.480240638163515],[-80.02401977809394,40.47953609062667]]]}},{"type":"Feature","id":"892a84448c7ffff","properties":{"cell_id":"892a84448c7ffff","h3_res":9,"building_count":161,"poi_count_sum":0,"conn_dist_median_ft":2963.487059401874,"total_crossings_mean":0.0,"clipped_area_frac":1.0,"clon":-80.028537,"clat":40.480945},"geometry":{"type":"Polygon","coordinates":[[[-80.02657142717425,40.48198619944269],[-80.02627820770137,40.480240638163515],[-80.0282434159471,40.47919961477489],[-80.03050188607385,40.47990407633371],[-80.03079525921672,40.48164961698315],[-80.02883000856556,40.482690716706095],[-80.02657142717425,40.48198619944269]]]}},{"type":"Feature","id":"892a84448cfffff","properties":{"cell_id":"892a84448cfffff","h3_res":9,"building_count":194,"poi_count_sum":5,"conn_dist_median_ft":1913.0241589449092,"total_crossings_mean":0.0,"clipped_area_frac":1.0,"clon":-80.03276,"clat":40.480608},"geometry":{"type":"Polygon","coordinates":[[[-80.03079525921672,40.48164961698315],[-80.03050188607385,40.47990407633371],[-80.03246698116611,40.47886298759785],[-80.0347254917859,40.47956736317679],[-80.03501901859026,40.481312883184025],[-80.03305388111606,40.48235404825711],[-80.03079525921672,40.48164961698315]]]}},{"type":"Feature","id":"892a8444853ffff","properties":{"cell_id":"892a8444853ffff","h3_res":9,"building_count":129,"poi_count_sum":8,"conn_dist_median_ft":1681.0666575912583,"total_crossings_mean":0.0,"clipped_area_frac":0.9999999999999998,"clon":-80.036984,"clat":40.480272},"geometry":{"type":"Polygon","coordinates":[[[-80.03501901859026,40.481312883184025],[-80.0347254917859,40.47956736317679],[-80.03669047370693,40.47852620910433],[-80.03894902479352,40.47923049870155],[-80.03924270525084,40.4809759980541],[-80.03727768097134,40.4820172284667],[-80.03501901859026,40.481312883184025]]]}},{"type":"Feature","id":"892a844485bffff","properties":{"cell_id":"892a844485bffff","h3_res":9,"building_count":152,"poi_count_sum":20,"conn_dist_median_ft":1080.4191745695766,"total_crossings_mean":0.0,"clipped_area_frac":1.0,"clon":-80.041208,"clat":40.479935},"geometry":{"type":"Polygon","coordinates":[[[-80.03924270525084,40.4809759980541],[-80.03894902479352,40.47923049870155],[-80.04091389352557,40.47818927930313],[-80.04317248505266,40.47889348291679],[-80.04346631915442,40.480638961602196],[-80.04150140808737,40.48168025734367],[-80.03924270525084,40.4809759980541]]]}},{"type":"Feature","id":"892a8444a97ffff","properties":{"cell_id":"892a8444a97ffff","h3_res":9,"building_count":13,"poi_count_sum":0,"conn_dist_median_ft":1355.9627560639276,"total_crossings_mean":3.4615384615384617,"clipped_area_frac":0.9999999999999998,"clon":-80.045431,"clat":40.479598},"geometry":{"type":"Polygon","coordinates":[[[-80.04346631915442,40.480638961602196],[-80.04317248505266,40.47889348291679],[-80.045137240578,40.477852198203045],[-80.04739587251932,40.478556315831334],[-80.04768986025697,40.480301773837105],[-80.04572506242013,40.481343134896804],[-80.04346631915442,40.480638961602196]]]}},{"type":"Feature","id":"892a8444a93ffff","properties":{"cell_id":"892a8444a93ffff","h3_res":9,"building_count":24,"poi_count_sum":0,"conn_dist_median_ft":1919.238978743274,"total_crossings_mean":0.2916666666666667,"clipped_area_frac":1.0,"clon":-80.047984,"clat":40.482047},"geometry":{"type":"Polygon","coordinates":[[[-80.04601900594713,40.48308865960252],[-80.04572506242013,40.481343134896804],[-80.04768986025697,40.480301773837105],[-80.0499486439256,40.48100586113492],[-80.05024274110066,40.48275136515251],[-80.04827790096175,40.483792802563],[-80.04601900594713,40.48308865960252]]]}},{"type":"Feature","id":"892a8444e2bffff","properties":{"cell_id":"892a8444e2bffff","h3_res":9,"building_count":132,"poi_count_sum":0,"conn_dist_median_ft":1908.2441936704988,"total_crossings_mean":0.0,"clipped_area_frac":1.0,"clon":-80.046313,"clat":40.484834},"geometry":{"type":"Polygon","coordinates":[[[-80.04434795185773,40.48587562309182],[-80.04405405255454,40.48413003169187],[-80.04601900594713,40.48308865960252],[-80.04827790096175,40.483792802563],[-80.0485719539337,40.48553837327879],[-80.04660695822498,40.48657982172084],[-80.04434795185773,40.48587562309182]]]}},{"type":"Feature","id":"892a8444e2fffff","properties":{"cell_id":"892a8444e2fffff","h3_res":9,"building_count":228,"poi_count_sum":2,"conn_dist_median_ft":944.3435609085,"total_crossings_mean":0.0,"clipped_area_frac":1.0,"clon":-80.04376,"clat":40.482384},"geometry":{"type":"Polygon","coordinates":[[[-80.04179519795777,40.48342580272504],[-80.04150140808737,40.48168025734367],[-80.04346631915442,40.480638961602196],[-80.04572506242013,40.481343134896804],[-80.04601900594713,40.48308865960252],[-80.04405405255454,40.48413003169187],[-80.04179519795777,40.48342580272504]]]}},{"type":"Feature","id":"892a8444e27ffff","properties":{"cell_id":"892a8444e27ffff","h3_res":9,"building_count":160,"poi_count_sum":4,"conn_dist_median_ft":519.03118088906,"total_crossings_mean":0.0,"clipped_area_frac":1.0,"clon":-80.039536,"clat":40.482722},"geometry":{"type":"Polygon","coordinates":[[[-80.03757131717661,40.48376279451126],[-80.03727768097134,40.4820172284667],[-80.03924270525084,40.4809759980541],[-80.04150140808737,40.48168025734367],[-80.04179519795777,40.48342580272504],[-80.03983013132925,40.484467109482615],[-80.03757131717661,40.48376279451126]]]}},{"type":"Feature","id":"892a84448cbffff","properties":{"cell_id":"892a84448cbffff","h3_res":9,"building_count":203,"poi_count_sum":14,"conn_dist_median_ft":787.3131828020258,"total_crossings_mean":0.0,"clipped_area_frac":1.0,"clon":-80.035313,"clat":40.483058},"geometry":{"type":"Polygon","coordinates":[[[-80.03334736364769,40.48409963495237],[-80.03305388111606,40.48235404825711],[-80.03501901859026,40.481312883184025],[-80.03727768097134,40.4820172284667],[-80.03757131717661,40.48376279451126],[-80.03560613732989,40.48480403592641],[-80.03334736364769,40.48409963495237]]]}},{"type":"Feature","id":"892a844488bffff","properties":{"cell_id":"892a844488bffff","h3_res":9,"building_count":23,"poi_count_sum":0,"conn_dist_median_ft":3687.8784281538515,"total_crossings_mean":0.0,"clipped_area_frac":1.0,"clon":-80.024313,"clat":40.481282},"geometry":{"type":"Polygon","coordinates":[[[-80.02234752250686,40.482322630553845],[-80.02205445671251,40.480577048657416],[-80.02401977809394,40.47953609062667],[-80.02627820770137,40.480240638163515],[-80.02657142717425,40.48198619944269],[-80.0246060633639,40.48302723380486],[-80.02234752250686,40.482322630553845]]]}},{"type":"Feature","id":"892a84448c3ffff","properties":{"cell_id":"892a84448c3ffff","h3_res":9,"building_count":198,"poi_count_sum":2,"conn_dist_median_ft":1757.6040898040978,"total_crossings_mean":0.0,"clipped_area_frac":0.9999999999999998,"clon":-80.031089,"clat":40.483395},"geometry":{"type":"Polygon","coordinates":[[[-80.02912333741502,40.484436324039585],[-80.02883000856556,40.482690716706095],[-80.03079525921672,40.48164961698315],[-80.03305388111606,40.48235404825711],[-80.03334736364769,40.48409963495237],[-80.0313820706005,40.485140811014475],[-80.02912333741502,40.484436324039585]]]}},{"type":"Feature","id":"892a84448d7ffff","properties":{"cell_id":"892a84448d7ffff","h3_res":9,"building_count":63,"poi_count_sum":1,"conn_dist_median_ft":3742.8672088913036,"total_crossings_mean":0.0,"clipped_area_frac":1.0,"clon":-80.026865,"clat":40.483732},"geometry":{"type":"Polygon","coordinates":[[[-80.02489923852264,40.48477286176407],[-80.0246060633639,40.48302723380486],[-80.02657142717425,40.48198619944269],[-80.02883000856556,40.482690716706095],[-80.02912333741502,40.484436324039585],[-80.02715793118514,40.48547743473798],[-80.02489923852264,40.48477286176407]]]}},{"type":"Feature","id":"892a8444e37ffff","properties":{"cell_id":"892a8444e37ffff","h3_res":9,"building_count":212,"poi_count_sum":11,"conn_dist_median_ft":669.4247931062692,"total_crossings_mean":0.0,"clipped_area_frac":1.0,"clon":-80.037865,"clat":40.485508},"geometry":{"type":"Polygon","coordinates":[[[-80.03589972926993,40.48654966865723],[-80.03560613732989,40.48480403592641],[-80.03757131717661,40.48376279451126],[-80.03983013132925,40.484467109482615],[-80.04012387695512,40.48621272155424],[-80.03815865474527,40.48725403931629],[-80.03589972926993,40.48654966865723]]]}},{"type":"Feature","id":"892a84448dbffff","properties":{"cell_id":"892a84448dbffff","h3_res":9,"building_count":158,"poi_count_sum":2,"conn_dist_median_ft":502.22876326230414,"total_crossings_mean":0.0,"clipped_area_frac":1.0,"clon":-80.033641,"clat":40.485845},"geometry":{"type":"Polygon","coordinates":[[[-80.03167550884619,40.486886464392015],[-80.0313820706005,40.485140811014475],[-80.03334736364769,40.48409963495237],[-80.03560613732989,40.48480403592641],[-80.03589972926993,40.48654966865723],[-80.03393439383616,40.487590921063315],[-80.03167550884619,40.486886464392015]]]}},{"type":"Feature","id":"892a8444c6fffff","properties":{"cell_id":"892a8444c6fffff","h3_res":9,"building_count":18,"poi_count_sum":0,"conn_dist_median_ft":3433.643778358135,"total_crossings_mean":0.0,"clipped_area_frac":1.0,"clon":-80.025192,"clat":40.486519},"geometry":{"type":"Polygon","coordinates":[[[-80.02322684995927,40.4875596017217],[-80.02293371912786,40.48581390708816],[-80.02489923852264,40.48477286176407],[-80.02715793118514,40.48547743473798],[-80.02745121572796,40.48722310874977],[-80.0254856538996,40.488264230411986],[-80.02322684995927,40.4875596017217]]]}},{"type":"Feature","id":"892a84448d3ffff","properties":{"cell_id":"892a84448d3ffff","h3_res":9,"building_count":21,"poi_count_sum":1,"conn_dist_median_ft":1478.8721707417167,"total_crossings_mean":0.0,"clipped_area_frac":1.0,"clon":-80.029417,"clat":40.486182},"geometry":{"type":"Polygon","coordinates":[[[-80.02745121572796,40.48722310874977],[-80.02715793118514,40.48547743473798],[-80.02912333741502,40.484436324039585],[-80.0313820706005,40.485140811014475],[-80.03167550884619,40.486886464392015],[-80.02971006020624,40.48792765143147],[-80.02745121572796,40.48722310874977]]]}},{"type":"Feature","id":"892a8444eafffff","properties":{"cell_id":"892a8444eafffff","h3_res":9,"building_count":127,"poi_count_sum":2,"conn_dist_median_ft":1579.108750967242,"total_crossings_mean":0.0,"clipped_area_frac":1.0,"clon":-80.036193,"clat":40.488295},"geometry":{"type":"Polygon","coordinates":[[[-80.03422794149779,40.48933662047466],[-80.03393439383616,40.487590921063315],[-80.03589972926993,40.48654966865723],[-80.03815865474527,40.48725403931629],[-80.03845235611345,40.48899971807241],[-80.03648697830248,40.49004104682729],[-80.03422794149779,40.48933662047466]]]}},{"type":"Feature","id":"892a8444e33ffff","properties":{"cell_id":"892a8444e33ffff","h3_res":9,"building_count":217,"poi_count_sum":1,"conn_dist_median_ft":1817.516757828648,"total_crossings_mean":0.0,"clipped_area_frac":1.0,"clon":-80.040418,"clat":40.487958},"geometry":{"type":"Polygon","coordinates":[[[-80.03845235611345,40.48899971807241],[-80.03815865474527,40.48725403931629],[-80.04012387695512,40.48621272155424],[-80.04238284288957,40.486917006199185],[-80.04267669795574,40.488662664287624],[-80.0407114333922,40.48970405840137],[-80.03845235611345,40.48899971807241]]]}},{"type":"Feature","id":"892a8444e23ffff","properties":{"cell_id":"892a8444e23ffff","h3_res":9,"building_count":172,"poi_count_sum":10,"conn_dist_median_ft":944.8738466444486,"total_crossings_mean":0.0,"clipped_area_frac":0.9999999999999998,"clon":-80.042089,"clat":40.485171},"geometry":{"type":"Polygon","coordinates":[[[-80.04012387695512,40.48621272155424],[-80.03983013132925,40.484467109482615],[-80.04179519795777,40.48342580272504],[-80.04405405255454,40.48413003169187],[-80.04434795185773,40.48587562309182],[-80.04238284288957,40.486917006199185],[-80.04012387695512,40.48621272155424]]]}},{"type":"Feature","id":"892a8444e3bffff","properties":{"cell_id":"892a8444e3bffff","h3_res":9,"building_count":105,"poi_count_sum":2,"conn_dist_median_ft":1637.4587370743352,"total_crossings_mean":0.0,"clipped_area_frac":0.7424358595320883,"clon":-80.044642,"clat":40.487621},"geometry":{"type":"Polygon","coordinates":[[[-80.04267669795574,40.488662664287624],[-80.04238284288957,40.486917006199185],[-80.04434795185773,40.48587562309182],[-80.04660695822498,40.48657982172084],[-80.04668273849961,40.48702975690023],[-80.046669,40.487038],[-80.046547,40.487104],[-80.046444,40.487163],[-80.046103,40.487422],[-80.045594,40.487804],[-80.045097,40.488179],[-80.0439339690861,40.4890546042887],[-80.04267669795574,40.488662664287624]]]}},{"type":"Feature","id":"892a8444e67ffff","properties":{"cell_id":"892a8444e67ffff","h3_res":9,"building_count":2,"poi_count_sum":1,"conn_dist_median_ft":2736.1458551187716,"total_crossings_mean":0.0,"clipped_area_frac":0.4921027648297323,"clon":-80.050537,"clat":40.484497},"geometry":{"type":"Polygon","coordinates":[[[-80.0485719539337,40.48553837327879],[-80.04827790096175,40.483792802563],[-80.05024274110066,40.48275136515251],[-80.05179985202933,40.483236679948064],[-80.051638,40.483362],[-80.051456,40.483504],[-80.051341,40.483595],[-80.051228,40.483683],[-80.051111,40.483775],[-80.0511,40.483782],[-80.050828,40.483997],[-80.050715,40.484085],[-80.050658,40.484132],[-80.050727,40.484176],[-80.050595,40.484267],[-80.050304,40.484485],[-80.050098,40.484678],[-80.050003,40.484783],[-80.049977,40.484843],[-80.049971,40.484879],[-80.049974,40.484925],[-80.049979,40.485125],[-80.049932,40.485387],[-80.049903,40.485523],[-80.049871,40.485581],[-80.049828,40.485624],[-80.049777,40.485659],[-80.04951441233031,40.485832124098984],[-80.0485719539337,40.48553837327879]]]}},{"type":"Feature","id":"892a8444e77ffff","properties":{"cell_id":"892a8444e77ffff","h3_res":9,"building_count":1,"poi_count_sum":0,"conn_dist_median_ft":2234.1893529584067,"total_crossings_mean":0.0,"clipped_area_frac":0.14070077121439106,"clon":-80.048866,"clat":40.487284},"geometry":{"type":"Polygon","coordinates":[[[-80.04660695822498,40.48657982172084],[-80.0485719539337,40.48553837327879],[-80.04951441233031,40.485832124098984],[-80.049234,40.486017],[-80.048819,40.486283],[-80.048693,40.486364],[-80.048592,40.48642],[-80.048168,40.486375],[-80.047927,40.486299],[-80.047872,40.486337],[-80.047626,40.486537],[-80.047384,40.48673],[-80.04702,40.487015],[-80.046831,40.487165],[-80.046777,40.487115],[-80.046684,40.487029],[-80.04668273849961,40.48702975690023],[-80.04660695822498,40.48657982172084]]]}},{"type":"Feature","id":"892a8444c43ffff","properties":{"cell_id":"892a8444c43ffff","h3_res":9,"building_count":15,"poi_count_sum":0,"conn_dist_median_ft":278.2268804531451,"total_crossings_mean":0.0,"clipped_area_frac":0.22101503837596956,"clon":-80.026952,"clat":40.496993},"geometry":{"type":"Polygon","coordinates":[[[-80.02665874495835,40.49524741856491],[-80.0278044776125,40.495604759093474],[-80.027808,40.4958],[-80.027796,40.495838],[-80.027795,40.496124],[-80.027794,40.496492],[-80.026682,40.496669],[-80.026562,40.496688],[-80.025898,40.4968],[-80.025681,40.496124],[-80.02558232566281,40.49581752911743],[-80.02665874495835,40.49524741856491]]]}},{"type":"Feature","id":"892a8444c4fffff","properties":{"cell_id":"892a8444c4fffff","h3_res":9,"building_count":11,"poi_count_sum":0,"conn_dist_median_ft":3886.653610867448,"total_crossings_mean":0.0,"clipped_area_frac":0.2665237573907641,"clon":-80.028625,"clat":40.494206},"geometry":{"type":"Polygon","coordinates":[[[-80.02665874495835,40.49524741856491],[-80.02636543964958,40.49350156517496],[-80.02778078641632,40.49275189490988],[-80.027771,40.493022],[-80.027763,40.493104],[-80.027802,40.493333],[-80.027802,40.493495],[-80.027803,40.494891],[-80.0278,40.495323],[-80.027801,40.495412],[-80.0278044776125,40.495604759093474],[-80.02665874495835,40.49524741856491]]]}},{"type":"Feature","id":"892a8444c47ffff","properties":{"cell_id":"892a8444c47ffff","h3_res":9,"building_count":117,"poi_count_sum":0,"conn_dist_median_ft":472.22258773872875,"total_crossings_mean":0.0,"clipped_area_frac":0.7802266548280659,"clon":-80.0244,"clat":40.494543},"geometry":{"type":"Polygon","coordinates":[[[-80.02214049948104,40.49383805461683],[-80.02410637256587,40.49279691106189],[-80.02636543964958,40.49350156517496],[-80.02665874495835,40.49524741856491],[-80.02558232566281,40.49581752911743],[-80.025426,40.495332],[-80.024994,40.4954],[-80.024595,40.495484],[-80.024164,40.495045],[-80.023308,40.495212],[-80.022906,40.495292],[-80.022797,40.495119],[-80.022446,40.494564],[-80.02219666357949,40.49417254181981],[-80.02214049948104,40.49383805461683]]]}},{"type":"Feature","id":"892a8444c7bffff","properties":{"cell_id":"892a8444c7bffff","h3_res":9,"building_count":76,"poi_count_sum":1,"conn_dist_median_ft":2093.8866738859806,"total_crossings_mean":0.0,"clipped_area_frac":0.9373097807579298,"clon":-80.026072,"clat":40.491756},"geometry":{"type":"Polygon","coordinates":[[[-80.02636543964958,40.49350156517496],[-80.02410637256587,40.49279691106189],[-80.02381317667587,40.491051103710724],[-80.02577889412258,40.49000997109631],[-80.02803784990026,40.49071456949076],[-80.02810001331513,40.49108451733376],[-80.027952,40.491088],[-80.027912,40.491089],[-80.027864,40.49109],[-80.027784,40.4911],[-80.027788,40.491119],[-80.027788,40.49115],[-80.027784,40.491259],[-80.027763,40.491859],[-80.027755,40.49197],[-80.027738,40.492207],[-80.027741,40.492365],[-80.027757,40.492486],[-80.027781,40.492617],[-80.027781,40.492667],[-80.027781,40.492746],[-80.02778078641632,40.49275189490988],[-80.02636543964958,40.49350156517496]]]}},{"type":"Feature","id":"892a8444c6bffff","properties":{"cell_id":"892a8444c6bffff","h3_res":9,"building_count":37,"poi_count_sum":0,"conn_dist_median_ft":2002.833388949642,"total_crossings_mean":0.0,"clipped_area_frac":1.0,"clon":-80.027745,"clat":40.488969},"geometry":{"type":"Polygon","coordinates":[[[-80.02577889412258,40.49000997109631],[-80.0254856538996,40.488264230411986],[-80.02745121572796,40.48722310874977],[-80.02971006020624,40.48792765143147],[-80.03000345415282,40.48967337148556],[-80.02803784990026,40.49071456949076],[-80.02577889412258,40.49000997109631]]]}},{"type":"Feature","id":"892a8444eb7ffff","properties":{"cell_id":"892a8444eb7ffff","h3_res":9,"building_count":19,"poi_count_sum":0,"conn_dist_median_ft":1607.321960544006,"total_crossings_mean":0.0,"clipped_area_frac":0.351202691019508,"clon":-80.030297,"clat":40.491419},"geometry":{"type":"Polygon","coordinates":[[[-80.02803784990026,40.49071456949076],[-80.03000345415282,40.48967337148556],[-80.03226245045715,40.49037788386001],[-80.03236424654192,40.49098336976111],[-80.030896,40.491009],[-80.028207,40.491082],[-80.02810001331513,40.49108451733376],[-80.02803784990026,40.49071456949076]]]}},{"type":"Feature","id":"892a8444ea3ffff","properties":{"cell_id":"892a8444ea3ffff","h3_res":9,"building_count":49,"poi_count_sum":0,"conn_dist_median_ft":524.146191434712,"total_crossings_mean":0.0,"clipped_area_frac":0.4336596397517781,"clon":-80.034522,"clat":40.491082},"geometry":{"type":"Polygon","coordinates":[[[-80.03226245045715,40.49037788386001],[-80.03422794149779,40.48933662047466],[-80.03648697830248,40.49004104682729],[-80.03656944057218,40.49053127210097],[-80.036008,40.490806],[-80.035859,40.490879],[-80.035759,40.490929],[-80.035668,40.49093],[-80.035548,40.490931],[-80.035475,40.490931],[-80.035447,40.490931],[-80.03451,40.490947],[-80.034357,40.49095],[-80.033619,40.490962],[-80.0325,40.490981],[-80.03236424654192,40.49098336976111],[-80.03226245045715,40.49037788386001]]]}},{"type":"Feature","id":"892a8444e07ffff","properties":{"cell_id":"892a8444e07ffff","h3_res":9,"building_count":22,"poi_count_sum":0,"conn_dist_median_ft":2534.456531932285,"total_crossings_mean":0.0,"clipped_area_frac":0.3250136923407848,"clon":-80.042971,"clat":40.490408},"geometry":{"type":"Polygon","coordinates":[[[-80.0407114333922,40.48970405840137],[-80.04267669795574,40.488662664287624],[-80.0439339690861,40.4890546042887],[-80.043264,40.489559],[-80.043251,40.489569],[-80.04275,40.489951],[-80.042578,40.490068],[-80.04097341876508,40.491260687123706],[-80.0407114333922,40.48970405840137]]]}},{"type":"Feature","id":"892a8444eabffff","properties":{"cell_id":"892a8444eabffff","h3_res":9,"building_count":38,"poi_count_sum":0,"conn_dist_median_ft":1578.2189759588423,"total_crossings_mean":0.0,"clipped_area_frac":0.4853242379632635,"clon":-80.038746,"clat":40.490745},"geometry":{"type":"Polygon","coordinates":[[[-80.03648697830248,40.49004104682729],[-80.03845235611345,40.48899971807241],[-80.0407114333922,40.48970405840137],[-80.04097341876508,40.491260687123706],[-80.040712,40.491455],[-80.039659,40.491035],[-80.038773,40.490638],[-80.038706,40.490609],[-80.038121,40.490347],[-80.03749,40.490065],[-80.037045,40.490299],[-80.036617,40.490508],[-80.03656944057218,40.49053127210097],[-80.03648697830248,40.49004104682729]]]}},{"type":"Feature","id":"892a8444ea7ffff","properties":{"cell_id":"892a8444ea7ffff","h3_res":9,"building_count":103,"poi_count_sum":1,"conn_dist_median_ft":1336.534134603789,"total_crossings_mean":0.0,"clipped_area_frac":1.0,"clon":-80.031969,"clat":40.488632},"geometry":{"type":"Polygon","coordinates":[[[-80.03000345415282,40.48967337148556],[-80.02971006020624,40.48792765143147],[-80.03167550884619,40.486886464392015],[-80.03393439383616,40.487590921063315],[-80.03422794149779,40.48933662047466],[-80.03226245045715,40.49037788386001],[-80.03000345415282,40.48967337148556]]]}},{"type":"Feature","id":"892a8444c63ffff","properties":{"cell_id":"892a8444c63ffff","h3_res":9,"building_count":64,"poi_count_sum":0,"conn_dist_median_ft":1302.0391676576387,"total_crossings_mean":0.0,"clipped_area_frac":1.0,"clon":-80.02352,"clat":40.489305},"geometry":{"type":"Polygon","coordinates":[[[-80.02155426145114,40.490346419298135],[-80.02126117496024,40.488600657996024],[-80.02322684995927,40.4875596017217],[-80.0254856538996,40.488264230411986],[-80.02577889412258,40.49000997109631],[-80.02381317667587,40.491051103710724],[-80.02155426145114,40.490346419298135]]]}},{"type":"Feature","id":"892a8444c67ffff","properties":{"cell_id":"892a8444c67ffff","h3_res":9,"building_count":10,"poi_count_sum":0,"conn_dist_median_ft":707.6101637505708,"total_crossings_mean":0.0,"clipped_area_frac":1.0,"clon":-80.020968,"clat":40.486855},"geometry":{"type":"Polygon","coordinates":[[[-80.01900241158418,40.48789594329901],[-80.01870943447268,40.48615022805619],[-80.02067506701461,40.485109248117084],[-80.02293371912786,40.48581390708816],[-80.02322684995927,40.4875596017217],[-80.02126117496024,40.488600657996024],[-80.01900241158418,40.48789594329901]]]}},{"type":"Feature","id":"892a8444c2bffff","properties":{"cell_id":"892a8444c2bffff","h3_res":9,"building_count":143,"poi_count_sum":4,"conn_dist_median_ft":311.14385179311284,"total_crossings_mean":0.0,"clipped_area_frac":1.0,"clon":-80.016744,"clat":40.487191},"geometry":{"type":"Polygon","coordinates":[[[-80.01477790064675,40.48823213347293],[-80.01448507726366,40.486486397633314],[-80.01645082293498,40.48544548308981],[-80.01870943447268,40.48615022805619],[-80.01900241158418,40.48789594329901],[-80.01703662343229,40.48893693417482],[-80.01477790064675,40.48823213347293]]]}},{"type":"Feature","id":"892a8444c77ffff","properties":{"cell_id":"892a8444c77ffff","h3_res":9,"building_count":82,"poi_count_sum":28,"conn_dist_median_ft":229.37202994267446,"total_crossings_mean":0.0,"clipped_area_frac":1.0,"clon":-80.019295,"clat":40.489642},"geometry":{"type":"Polygon","coordinates":[[[-80.01732955618256,40.490682716082226],[-80.01703662343229,40.48893693417482],[-80.01900241158418,40.48789594329901],[-80.02126117496024,40.488600657996024],[-80.02155426145114,40.490346419298135],[-80.01958843082808,40.49138748651111],[-80.01732955618256,40.490682716082226]]]}},{"type":"Feature","id":"892a8444c73ffff","properties":{"cell_id":"892a8444c73ffff","h3_res":9,"building_count":140,"poi_count_sum":5,"conn_dist_median_ft":422.092315233557,"total_crossings_mean":0.0,"clipped_area_frac":1.0,"clon":-80.021847,"clat":40.492092},"geometry":{"type":"Polygon","coordinates":[[[-80.01988147296525,40.49313331447605],[-80.01958843082808,40.49138748651111],[-80.02155426145114,40.490346419298135],[-80.02381317667587,40.491051103710724],[-80.02410637256587,40.49279691106189],[-80.02214049948104,40.49383805461683],[-80.01988147296525,40.49313331447605]]]}},{"type":"Feature","id":"892a8444c3bffff","properties":{"cell_id":"892a8444c3bffff","h3_res":9,"building_count":157,"poi_count_sum":7,"conn_dist_median_ft":1165.5184360202065,"total_crossings_mean":0.0,"clipped_area_frac":1.0,"clon":-80.015071,"clat":40.489978},"geometry":{"type":"Polygon","coordinates":[[[-80.01310477836091,40.4910188614398],[-80.01281199935976,40.48927305893959],[-80.01477790064675,40.48823213347293],[-80.01703662343229,40.48893693417482],[-80.01732955618256,40.490682716082226],[-80.0153636124009,40.49172371788313],[-80.01310477836091,40.4910188614398]]]}},{"type":"Feature","id":"892a8444c33ffff","properties":{"cell_id":"892a8444c33ffff","h3_res":9,"building_count":49,"poi_count_sum":0,"conn_dist_median_ft":2869.7134313416777,"total_crossings_mean":0.8979591836734694,"clipped_area_frac":1.0,"clon":-80.010846,"clat":40.490314},"geometry":{"type":"Polygon","coordinates":[[[-80.00887992803025,40.49135485536209],[-80.00858730278672,40.48960903228156],[-80.01055331719103,40.48856817223468],[-80.01281199935976,40.48927305893959],[-80.01310477836091,40.4910188614398],[-80.01113872143844,40.49205979781799],[-80.00887992803025,40.49135485536209]]]}},{"type":"Feature","id":"892a8444c23ffff","properties":{"cell_id":"892a8444c23ffff","h3_res":9,"building_count":167,"poi_count_sum":0,"conn_dist_median_ft":1534.1617554297127,"total_crossings_mean":0.0,"clipped_area_frac":1.0,"clon":-80.012519,"clat":40.487527},"geometry":{"type":"Polygon","coordinates":[[[-80.01055331719103,40.48856817223468],[-80.01026064754488,40.48682241581072],[-80.0122265063278,40.48578156667346],[-80.01448507726366,40.486486397633314],[-80.01477790064675,40.48823213347293],[-80.01281199935976,40.48927305893959],[-80.01055331719103,40.48856817223468]]]}},{"type":"Feature","id":"892a8444c37ffff","properties":{"cell_id":"892a8444c37ffff","h3_res":9,"building_count":28,"poi_count_sum":0,"conn_dist_median_ft":3803.5976712550773,"total_crossings_mean":0.0,"clipped_area_frac":0.9999999999999998,"clon":-80.008295,"clat":40.487863},"geometry":{"type":"Polygon","coordinates":[[[-80.00632866126112,40.48890405957545],[-80.0060361453604,40.487158282579685],[-80.00800211723714,40.48611749885927],[-80.01026064754488,40.48682241581072],[-80.01055331719103,40.48856817223468],[-80.00858730278672,40.48960903228156],[-80.00632866126112,40.48890405957545]]]}},{"type":"Feature","id":"892a8444ddbffff","properties":{"cell_id":"892a8444ddbffff","h3_res":9,"building_count":34,"poi_count_sum":0,"conn_dist_median_ft":4801.894481576101,"total_crossings_mean":0.0,"clipped_area_frac":0.6488316072968335,"clon":-80.00407,"clat":40.488199},"geometry":{"type":"Polygon","coordinates":[[[-80.00377765570703,40.48645327963848],[-80.0060361453604,40.487158282579685],[-80.00632866126112,40.48890405957545],[-80.00436253375729,40.48994485419192],[-80.00365137492474,40.489722854486025],[-80.003642,40.489563],[-80.003617,40.489091],[-80.003598,40.488733],[-80.003582,40.488451],[-80.00358,40.488419],[-80.003546,40.487762],[-80.003512,40.487361],[-80.003462,40.486777],[-80.003455,40.486698],[-80.003452,40.486663],[-80.00344939982979,40.48662703708254],[-80.00377765570703,40.48645327963848]]]}},{"type":"Feature","id":"892a8444ca7ffff","properties":{"cell_id":"892a8444ca7ffff","h3_res":9,"building_count":4,"poi_count_sum":0,"conn_dist_median_ft":4056.706864686084,"total_crossings_mean":0.0,"clipped_area_frac":0.1494033802564072,"clon":-80.002396,"clat":40.490986},"geometry":{"type":"Polygon","coordinates":[[[-80.00436253375729,40.48994485419192],[-80.00465500523468,40.49169069784029],[-80.0037838947587,40.49215179957681],[-80.003719,40.490941],[-80.003703,40.490625],[-80.003682,40.490326],[-80.003681,40.490228],[-80.00365137492474,40.489722854486025],[-80.00436253375729,40.48994485419192]]]}},{"type":"Feature","id":"892a8444cafffff","properties":{"cell_id":"892a8444cafffff","h3_res":9,"building_count":22,"poi_count_sum":0,"conn_dist_median_ft":3438.9966895130674,"total_crossings_mean":0.18181818181818182,"clipped_area_frac":1.0,"clon":-80.006621,"clat":40.49065},"geometry":{"type":"Polygon","coordinates":[[[-80.00465500523468,40.49169069784029],[-80.00436253375729,40.48994485419192],[-80.00632866126112,40.48890405957545],[-80.00858730278672,40.48960903228156],[-80.00887992803025,40.49135485536209],[-80.00691375798475,40.49239572630694],[-80.00465500523468,40.49169069784029]]]}},{"type":"Feature","id":"892a8444ca3ffff","properties":{"cell_id":"892a8444ca3ffff","h3_res":9,"building_count":18,"poi_count_sum":0,"conn_dist_median_ft":1591.0816963869875,"total_crossings_mean":0.7222222222222222,"clipped_area_frac":0.7996314363662285,"clon":-80.004947,"clat":40.493437},"geometry":{"type":"Polygon","coordinates":[[[-80.00465500523468,40.49169069784029],[-80.00691375798475,40.49239572630694],[-80.00720633881245,40.49414161603832],[-80.00524001310595,40.49518249786949],[-80.00391626138858,40.49476930058439],[-80.003857,40.493581],[-80.003851,40.493468],[-80.003849,40.493425],[-80.003802,40.492501],[-80.003795,40.492359],[-80.0037838947587,40.49215179957681],[-80.00465500523468,40.49169069784029]]]}},{"type":"Feature","id":"892a8444cabffff","properties":{"cell_id":"892a8444cabffff","h3_res":9,"building_count":10,"poi_count_sum":0,"conn_dist_median_ft":1038.1691572651712,"total_crossings_mean":4.0,"clipped_area_frac":1.0,"clon":-80.009173,"clat":40.493101},"geometry":{"type":"Polygon","coordinates":[[[-80.00720633881245,40.49414161603832],[-80.00691375798475,40.49239572630694],[-80.00887992803025,40.49135485536209],[-80.01113872143844,40.49205979781799],[-80.01143145604446,40.49380566697306],[-80.00946524346669,40.49484661425112],[-80.00720633881245,40.49414161603832]]]}},{"type":"Feature","id":"892a8444c07ffff","properties":{"cell_id":"892a8444c07ffff","h3_res":9,"building_count":29,"poi_count_sum":1,"conn_dist_median_ft":2554.4788977222347,"total_crossings_mean":3.310344827586207,"clipped_area_frac":1.0,"clon":-80.013398,"clat":40.492765},"geometry":{"type":"Polygon","coordinates":[[[-80.01143145604446,40.49380566697306],[-80.01113872143844,40.49205979781799],[-80.01310477836091,40.4910188614398],[-80.0153636124009,40.49172371788313],[-80.01565650077676,40.49346956644936],[-80.0136904013455,40.4945105791637],[-80.01143145604446,40.49380566697306]]]}},{"type":"Feature","id":"892a8444c03ffff","properties":{"cell_id":"892a8444c03ffff","h3_res":9,"building_count":25,"poi_count_sum":0,"conn_dist_median_ft":2416.644628062703,"total_crossings_mean":0.0,"clipped_area_frac":0.9999999999999998,"clon":-80.015949,"clat":40.495215},"geometry":{"type":"Polygon","coordinates":[[[-80.01398324533373,40.49625649438304],[-80.0136904013455,40.4945105791637],[-80.01565650077676,40.49346956644936],[-80.01791548669833,40.49417439261601],[-80.01820848446857,40.495920287238036],[-80.01624234253796,40.496961376293335],[-80.01398324533373,40.49625649438304]]]}},{"type":"Feature","id":"892a8444c0fffff","properties":{"cell_id":"892a8444c0fffff","h3_res":9,"building_count":114,"poi_count_sum":0,"conn_dist_median_ft":1425.2773201572381,"total_crossings_mean":0.0,"clipped_area_frac":1.0,"clon":-80.017623,"clat":40.492429},"geometry":{"type":"Polygon","coordinates":[[[-80.01565650077676,40.49346956644936],[-80.0153636124009,40.49172371788313],[-80.01732955618256,40.490682716082226],[-80.01958843082808,40.49138748651111],[-80.01988147296525,40.49313331447605],[-80.01791548669833,40.49417439261601],[-80.01565650077676,40.49346956644936]]]}},{"type":"Feature","id":"892a8444c0bffff","properties":{"cell_id":"892a8444c0bffff","h3_res":9,"building_count":46,"poi_count_sum":1,"conn_dist_median_ft":512.9438254003804,"total_crossings_mean":0.0,"clipped_area_frac":0.678445691472202,"clon":-80.020175,"clat":40.494879},"geometry":{"type":"Polygon","coordinates":[[[-80.01820848446857,40.495920287238036],[-80.01791548669833,40.49417439261601],[-80.01988147296525,40.49313331447605],[-80.02214049948104,40.49383805461683],[-80.02219666357949,40.49417254181981],[-80.022046,40.493936],[-80.021983,40.493839],[-80.021851,40.493931],[-80.021776,40.493984],[-80.021649,40.494072],[-80.021308,40.494312],[-80.021273,40.494339],[-80.021153,40.494436],[-80.020977,40.494615],[-80.020827,40.494808],[-80.020718,40.49495],[-80.020595,40.495113],[-80.020362,40.495501],[-80.02025,40.495702],[-80.02014,40.49594],[-80.020091,40.49609],[-80.020047,40.496227],[-80.020018,40.496331],[-80.01998051819196,40.49647311852214],[-80.01820848446857,40.495920287238036]]]}},{"type":"Feature","id":"892a8444c17ffff","properties":{"cell_id":"892a8444c17ffff","h3_res":9,"building_count":11,"poi_count_sum":4,"conn_dist_median_ft":126.5764051038184,"total_crossings_mean":0.36363636363636365,"clipped_area_frac":1.0,"clon":-80.011724,"clat":40.495552},"geometry":{"type":"Polygon","coordinates":[[[-80.00975793366437,40.49659255005528],[-80.00946524346669,40.49484661425112],[-80.01143145604446,40.49380566697306],[-80.0136904013455,40.4945105791637],[-80.01398324533373,40.49625649438304],[-80.0120169902331,40.497297517999144],[-80.00975793366437,40.49659255005528]]]}},{"type":"Feature","id":"892a8444c13ffff","properties":{"cell_id":"892a8444c13ffff","h3_res":9,"building_count":110,"poi_count_sum":1,"conn_dist_median_ft":949.0137563718804,"total_crossings_mean":0.10909090909090909,"clipped_area_frac":0.890440209364407,"clon":-80.014276,"clat":40.498002},"geometry":{"type":"Polygon","coordinates":[[[-80.0120169902331,40.497297517999144],[-80.01398324533373,40.49625649438304],[-80.01624234253796,40.496961376293335],[-80.01653529592811,40.4987073375667],[-80.01498829889644,40.4995264295163],[-80.013336,40.498719],[-80.013232,40.498723],[-80.013033,40.498731],[-80.012911,40.498735],[-80.012839,40.498738],[-80.012373,40.498756],[-80.01227852234763,40.49885705001079],[-80.0120169902331,40.497297517999144]]]}},{"type":"Feature","id":"892a8444c8fffff","properties":{"cell_id":"892a8444c8fffff","h3_res":9,"building_count":89,"poi_count_sum":0,"conn_dist_median_ft":975.386013321478,"total_crossings_mean":0.02247191011235955,"clipped_area_frac":0.6726040117868589,"clon":-80.010051,"clat":40.498339},"geometry":{"type":"Polygon","coordinates":[[[-80.01073530485806,40.4998770455237],[-80.010681,40.499096],[-80.010125,40.499111],[-80.009765,40.49912],[-80.009153,40.499136],[-80.008913,40.499142],[-80.009018,40.498939],[-80.009117,40.49875],[-80.009228,40.498475],[-80.009226,40.498452],[-80.009217,40.498275],[-80.009211,40.498224],[-80.009202,40.498165],[-80.009158,40.497836],[-80.009144,40.497727],[-80.009142,40.49771],[-80.009124,40.497541],[-80.009089,40.497531],[-80.008605,40.497526],[-80.00800438107906,40.497520847631804],[-80.00975793366437,40.49659255005528],[-80.0120169902331,40.497297517999144],[-80.01227852234763,40.49885705001079],[-80.012258,40.498879],[-80.012241,40.499059],[-80.01223374281979,40.499083759791304],[-80.01073530485806,40.4998770455237]]]}},{"type":"Feature","id":"892a8444c1bffff","properties":{"cell_id":"892a8444c1bffff","h3_res":9,"building_count":25,"poi_count_sum":0,"conn_dist_median_ft":1631.4645639462924,"total_crossings_mean":0.0,"clipped_area_frac":0.5206473549138104,"clon":-80.018502,"clat":40.497666},"geometry":{"type":"Polygon","coordinates":[[[-80.01653529592811,40.4987073375667],[-80.01624234253796,40.496961376293335],[-80.01820848446857,40.495920287238036],[-80.01998051819196,40.49647311852214],[-80.01997,40.496513],[-80.019965,40.496568],[-80.019951,40.4967],[-80.019944,40.496781],[-80.019943,40.496945],[-80.019955,40.497097],[-80.019966,40.49723],[-80.019987,40.497353],[-80.020001,40.497434],[-80.020006,40.497462],[-80.020025,40.497536],[-80.020074,40.497693],[-80.020079,40.497709],[-80.019619,40.497627],[-80.019258,40.497563],[-80.019003,40.497525],[-80.018419,40.497434],[-80.01783,40.497353],[-80.017718,40.497677],[-80.017681,40.497786],[-80.017653,40.497864],[-80.017568,40.498098],[-80.017541,40.498177],[-80.017515,40.498242],[-80.017481,40.498328],[-80.017303,40.498784],[-80.01724747060413,40.4989295253133],[-80.01653529592811,40.4987073375667]]]}},{"type":"Feature","id":"892a8444cc7ffff","properties":{"cell_id":"892a8444cc7ffff","h3_res":9,"building_count":15,"poi_count_sum":0,"conn_dist_median_ft":1933.0102529851536,"total_crossings_mean":0.0,"clipped_area_frac":0.14372872168475928,"clon":-80.016828,"clat":40.500453},"geometry":{"type":"Polygon","coordinates":[[[-80.01653529592811,40.4987073375667],[-80.01724747060413,40.4989295253133],[-80.017245,40.498936],[-80.017181,40.499143],[-80.017162,40.499207],[-80.017002,40.49977],[-80.016998,40.499785],[-80.016984,40.499834],[-80.016551,40.499773],[-80.015759,40.499909],[-80.015675,40.499862],[-80.01498829889644,40.4995264295163],[-80.01653529592811,40.4987073375667]]]}},{"type":"Feature","id":"892a8444c8bffff","properties":{"cell_id":"892a8444c8bffff","h3_res":9,"building_count":9,"poi_count_sum":0,"conn_dist_median_ft":1602.8137200486194,"total_crossings_mean":0.0,"clipped_area_frac":0.10842825111836446,"clon":-80.012603,"clat":40.50079},"geometry":{"type":"Polygon","coordinates":[[[-80.01223374281979,40.499083759791304],[-80.012224,40.499117],[-80.012209,40.499171],[-80.011933,40.499778],[-80.011828,40.499964],[-80.011726,40.500127],[-80.011673,40.500214],[-80.011402,40.50052],[-80.011166,40.500754],[-80.01102,40.50089],[-80.010915,40.500974],[-80.01088,40.500996],[-80.010817,40.501037],[-80.010811,40.500952],[-80.010796,40.50075],[-80.01073530485806,40.4998770455237],[-80.01223374281979,40.499083759791304]]]}},{"type":"Feature","id":"892a8444c87ffff","properties":{"cell_id":"892a8444c87ffff","h3_res":9,"building_count":9,"poi_count_sum":0,"conn_dist_median_ft":901.95236377691,"total_crossings_mean":0.0,"clipped_area_frac":0.06852683909085351,"clon":-80.005825,"clat":40.498674},"geometry":{"type":"MultiPolygon","coordinates":[[[[-80.0055325495046,40.49692845424599],[-80.0077845077805,40.49763130548771],[-80.007779,40.497769],[-80.007768,40.497884],[-80.00776,40.497978],[-80.007715,40.497977],[-80.00746,40.497957],[-80.006985,40.497715],[-80.006497,40.497468],[-80.006444,40.497442],[-80.006336,40.49739],[-80.00556,40.49724],[-80.005445,40.497217],[-80.005367,40.497203],[-80.00509105077403,40.497162147181626],[-80.0055325495046,40.49692845424599]]],[[[-80.00453365340287,40.49745718727794],[-80.004034,40.49778],[-80.004022,40.497788],[-80.004021,40.497767],[-80.00401183495453,40.4977333948333],[-80.00453365340287,40.49745718727794]]]]}},{"type":"Feature","id":"892a8444cb3ffff","properties":{"cell_id":"892a8444cb3ffff","h3_res":9,"building_count":13,"poi_count_sum":1,"conn_dist_median_ft":928.2622535129589,"total_crossings_mean":0.0,"clipped_area_frac":0.3041861379352307,"clon":-80.003274,"clat":40.496223},"geometry":{"type":"Polygon","coordinates":[[[-80.00401183495453,40.4977333948333],[-80.003955,40.497525],[-80.003951,40.497455],[-80.003933,40.496435],[-80.003932,40.496285],[-80.003992,40.496288],[-80.00391626138858,40.49476930058439],[-80.00524001310595,40.49518249786949],[-80.0055325495046,40.49692845424599],[-80.00509105077403,40.497162147181626],[-80.005009,40.49715],[-80.004989,40.497163],[-80.00453365340287,40.49745718727794],[-80.00401183495453,40.4977333948333]]]}},{"type":"Feature","id":"892a8444cbbffff","properties":{"cell_id":"892a8444cbbffff","h3_res":9,"building_count":72,"poi_count_sum":4,"conn_dist_median_ft":570.6860157592862,"total_crossings_mean":0.2222222222222222,"clipped_area_frac":0.9988644374626541,"clon":-80.007499,"clat":40.495888},"geometry":{"type":"Polygon","coordinates":[[[-80.0055325495046,40.49692845424599],[-80.00524001310595,40.49518249786949],[-80.00720633881245,40.49414161603832],[-80.00946524346669,40.49484661425112],[-80.00975793366437,40.49659255005528],[-80.00800438107906,40.497520847631804],[-80.007789,40.497519],[-80.0077845077805,40.49763130548771],[-80.0055325495046,40.49692845424599]]]}},{"type":"Feature","id":"892a8444dcbffff","properties":{"cell_id":"892a8444dcbffff","h3_res":9,"building_count":55,"poi_count_sum":0,"conn_dist_median_ft":5125.917130559185,"total_crossings_mean":0.07272727272727272,"clipped_area_frac":1.0,"clon":-80.005744,"clat":40.485413},"geometry":{"type":"Polygon","coordinates":[[[-80.00377765570703,40.48645327963848],[-80.00348524912941,40.48470754873771],[-80.0054511784692,40.48366684133895],[-80.00770955692629,40.484371788521855],[-80.00800211723714,40.48611749885927],[-80.0060361453604,40.487158282579685],[-80.00377765570703,40.48645327963848]]]}},{"type":"Feature","id":"892a8444dcfffff","properties":{"cell_id":"892a8444dcfffff","h3_res":9,"building_count":34,"poi_count_sum":0,"conn_dist_median_ft":4910.501873034869,"total_crossings_mean":3.5294117647058822,"clipped_area_frac":0.6075641619207048,"clon":-80.003193,"clat":40.482962},"geometry":{"type":"Polygon","coordinates":[[[-80.00290050085727,40.48121619969899],[-80.00515872747398,40.481921177098286],[-80.0054511784692,40.48366684133895],[-80.00348524912941,40.48470754873771],[-80.003318337508,40.48465544040009],[-80.003254,40.483543],[-80.003237,40.483247],[-80.00322,40.482939],[-80.003207,40.482721],[-80.003206,40.482659],[-80.003206,40.482548],[-80.003192,40.482439],[-80.003188,40.482376],[-80.002979,40.482379],[-80.001767,40.482428],[-80.001753,40.482056],[-80.00174519035392,40.48182775679532],[-80.00290050085727,40.48121619969899]]]}},{"type":"Feature","id":"892a8444d53ffff","properties":{"cell_id":"892a8444d53ffff","h3_res":9,"building_count":4,"poi_count_sum":0,"conn_dist_median_ft":2181.8551518292516,"total_crossings_mean":1.0,"clipped_area_frac":1.0,"clon":-80.007417,"clat":40.482626},"geometry":{"type":"Polygon","coordinates":[[[-80.0054511784692,40.48366684133895],[-80.00515872747398,40.481921177098286],[-80.00712450122059,40.480880480605315],[-80.00938276848798,40.48158537203584],[-80.00967537319573,40.48333101570916],[-80.00770955692629,40.484371788521855],[-80.0054511784692,40.48366684133895]]]}},{"type":"Feature","id":"892a8444dc3ffff","properties":{"cell_id":"892a8444dc3ffff","h3_res":9,"building_count":1,"poi_count_sum":0,"conn_dist_median_ft":4902.91897573686,"total_crossings_mean":0.0,"clipped_area_frac":0.042857334616364234,"clon":-80.001519,"clat":40.485748},"geometry":{"type":"Polygon","coordinates":[[[-80.00348524912941,40.48470754873771],[-80.00377765570703,40.48645327963848],[-80.00344939982979,40.48662703708254],[-80.003381,40.485681],[-80.00334,40.485093],[-80.00334,40.485081],[-80.00334,40.48503],[-80.003318337508,40.48465544040009],[-80.00348524912941,40.48470754873771]]]}},{"type":"Feature","id":"892a8444c27ffff","properties":{"cell_id":"892a8444c27ffff","h3_res":9,"building_count":37,"poi_count_sum":1,"conn_dist_median_ft":1554.012448462371,"total_crossings_mean":0.0,"clipped_area_frac":1.0,"clon":-80.009968,"clat":40.485077},"geometry":{"type":"Polygon","coordinates":[[[-80.00800211723714,40.48611749885927],[-80.00770955692629,40.484371788521855],[-80.00967537319573,40.48333101570916],[-80.01193379229224,40.484035876911875],[-80.0122265063278,40.48578156667346],[-80.01026064754488,40.48682241581072],[-80.00800211723714,40.48611749885927]]]}},{"type":"Feature","id":"892a8444c2fffff","properties":{"cell_id":"892a8444c2fffff","h3_res":9,"building_count":113,"poi_count_sum":4,"conn_dist_median_ft":435.02152876111313,"total_crossings_mean":0.0,"clipped_area_frac":1.0,"clon":-80.014192,"clat":40.484741},"geometry":{"type":"Polygon","coordinates":[[[-80.0122265063278,40.48578156667346],[-80.01193379229224,40.484035876911875],[-80.01389949547355,40.48299503869586],[-80.01615795518317,40.48369981391653],[-80.01645082293498,40.48544548308981],[-80.01448507726366,40.486486397633314],[-80.0122265063278,40.48578156667346]]]}},{"type":"Feature","id":"892a844489bffff","properties":{"cell_id":"892a844489bffff","h3_res":9,"building_count":3,"poi_count_sum":0,"conn_dist_median_ft":3010.942382194845,"total_crossings_mean":0.0,"clipped_area_frac":1.0,"clon":-80.022641,"clat":40.484068},"geometry":{"type":"Polygon","coordinates":[[[-80.02067506701461,40.485109248117084],[-80.0203820455551,40.483363599544596],[-80.02234752250686,40.482322630553845],[-80.0246060633639,40.48302723380486],[-80.02489923852264,40.48477286176407],[-80.02293371912786,40.48581390708816],[-80.02067506701461,40.485109248117084]]]}},{"type":"Feature","id":"892a8444893ffff","properties":{"cell_id":"892a8444893ffff","h3_res":9,"building_count":9,"poi_count_sum":1,"conn_dist_median_ft":690.160629409014,"total_crossings_mean":0.0,"clipped_area_frac":1.0,"clon":-80.018416,"clat":40.484405},"geometry":{"type":"Polygon","coordinates":[[[-80.01645082293498,40.48544548308981],[-80.01615795518317,40.48369981391653],[-80.01812354525863,40.48265891030783],[-80.0203820455551,40.483363599544596],[-80.02067506701461,40.485109248117084],[-80.01870943447268,40.48615022805619],[-80.01645082293498,40.48544548308981]]]}},{"type":"Feature","id":"892a8444897ffff","properties":{"cell_id":"892a8444897ffff","h3_res":9,"building_count":15,"poi_count_sum":0,"conn_dist_median_ft":1297.7100207627946,"total_crossings_mean":0.0,"clipped_area_frac":1.0,"clon":-80.015865,"clat":40.481954},"geometry":{"type":"Polygon","coordinates":[[[-80.01389949547355,40.48299503869586],[-80.01360673706178,40.48124941560235],[-80.01557228466135,40.48020858831924],[-80.0178306331513,40.480913307806624],[-80.01812354525863,40.48265891030783],[-80.01615795518317,40.48369981391653],[-80.01389949547355,40.48299503869586]]]}},{"type":"Feature","id":"892a8444d5bffff","properties":{"cell_id":"892a8444d5bffff","h3_res":9,"building_count":167,"poi_count_sum":3,"conn_dist_median_ft":835.1905202513791,"total_crossings_mean":0.0,"clipped_area_frac":1.0,"clon":-80.011641,"clat":40.48229},"geometry":{"type":"Polygon","coordinates":[[[-80.00967537319573,40.48333101570916],[-80.00938276848798,40.48158537203584],[-80.01134842916996,40.48054461014248],[-80.01360673706178,40.48124941560235],[-80.01389949547355,40.48299503869586],[-80.01193379229224,40.484035876911875],[-80.00967537319573,40.48333101570916]]]}},{"type":"Feature","id":"892a8444883ffff","properties":{"cell_id":"892a8444883ffff","h3_res":9,"building_count":2,"poi_count_sum":0,"conn_dist_median_ft":2919.514320352955,"total_crossings_mean":0.0,"clipped_area_frac":1.0,"clon":-80.020089,"clat":40.481618},"geometry":{"type":"Polygon","coordinates":[[[-80.01812354525863,40.48265891030783],[-80.0178306331513,40.480913307806624],[-80.01979606765069,40.47987241514437],[-80.02205445671251,40.480577048657416],[-80.02234752250686,40.482322630553845],[-80.0203820455551,40.483363599544596],[-80.01812354525863,40.48265891030783]]]}},{"type":"Feature","id":"892a8444887ffff","properties":{"cell_id":"892a8444887ffff","h3_res":9,"building_count":5,"poi_count_sum":0,"conn_dist_median_ft":6731.084484899655,"total_crossings_mean":0.0,"clipped_area_frac":0.9999999999999998,"clon":-80.017538,"clat":40.479168},"geometry":{"type":"Polygon","coordinates":[[[-80.01557228466135,40.48020858831924],[-80.01527948188652,40.47846303189956],[-80.0172448739241,40.47742221556098],[-80.01950311120102,40.47812687932098],[-80.01979606765069,40.47987241514437],[-80.0178306331513,40.480913307806624],[-80.01557228466135,40.48020858831924]]]}},{"type":"Feature","id":"892a8444d4bffff","properties":{"cell_id":"892a8444d4bffff","h3_res":9,"building_count":38,"poi_count_sum":0,"conn_dist_median_ft":390.5819308516325,"total_crossings_mean":0.0,"clipped_area_frac":1.0,"clon":-80.013314,"clat":40.479504},"geometry":{"type":"Polygon","coordinates":[[[-80.01134842916996,40.48054461014248],[-80.01105578007848,40.47879903313899],[-80.01302128519276,40.47775828217661],[-80.01527948188652,40.47846303189956],[-80.01557228466135,40.48020858831924],[-80.01360673706178,40.48124941560235],[-80.01134842916996,40.48054461014248]]]}},{"type":"Feature","id":"892a8444d43ffff","properties":{"cell_id":"892a8444d43ffff","h3_res":9,"building_count":73,"poi_count_sum":0,"conn_dist_median_ft":794.8951604754714,"total_crossings_mean":0.0,"clipped_area_frac":1.0,"clon":-80.00909,"clat":40.47984},"geometry":{"type":"Polygon","coordinates":[[[-80.00712450122059,40.480880480605315],[-80.00683200582095,40.479134883030504],[-80.00879762399417,40.47809419745497],[-80.01105578007848,40.47879903313899],[-80.01134842916996,40.48054461014248],[-80.00938276848798,40.48158537203584],[-80.00712450122059,40.480880480605315]]]}},{"type":"Feature","id":"892a8444d57ffff","properties":{"cell_id":"892a8444d57ffff","h3_res":9,"building_count":1,"poi_count_sum":1,"conn_dist_median_ft":4376.8563122471505,"total_crossings_mean":4.0,"clipped_area_frac":1.0,"clon":-80.004866,"clat":40.480176},"geometry":{"type":"Polygon","coordinates":[[[-80.00290050085727,40.48121619969899],[-80.00260815915796,40.479470581565344],[-80.00457389037231,40.47842996138726],[-80.00683200582095,40.479134883030504],[-80.00712450122059,40.480880480605315],[-80.00515872747398,40.481921177098286],[-80.00290050085727,40.48121619969899]]]}},{"type":"Feature","id":"892a8444d1bffff","properties":{"cell_id":"892a8444d1bffff","h3_res":9,"building_count":19,"poi_count_sum":1,"conn_dist_median_ft":6233.135996887897,"total_crossings_mean":3.4210526315789473,"clipped_area_frac":0.43087345416928136,"clon":-80.000642,"clat":40.480511},"geometry":{"type":"Polygon","coordinates":[[[-80.00035008437129,40.47876557396472],[-80.00260815915796,40.479470581565344],[-80.00290050085727,40.48121619969899],[-80.00174519035392,40.48182775679532],[-80.001722,40.48115],[-80.001717,40.480973],[-80.001707,40.480666],[-80.001683,40.480082],[-80.000963,40.480016],[-79.998901,40.479808],[-79.998778,40.479814],[-79.99872796607283,40.47962418875249],[-80.00035008437129,40.47876557396472]]]}},{"type":"Feature","id":"892a8444d03ffff","properties":{"cell_id":"892a8444d03ffff","h3_res":9,"building_count":8,"poi_count_sum":2,"conn_dist_median_ft":6001.796521922136,"total_crossings_mean":3.0,"clipped_area_frac":0.8917510472342853,"clon":-79.998092,"clat":40.478061},"geometry":{"type":"Polygon","coordinates":[[[-79.99779992898134,40.47631496416143],[-80.00005785194824,40.477020001948304],[-80.00035008437129,40.47876557396472],[-79.99872796607283,40.47962418875249],[-79.998652,40.479336],[-79.998607,40.479165],[-79.998539,40.478906],[-79.99851,40.478914],[-79.996666,40.479165],[-79.996517,40.479186],[-79.9965,40.479149],[-79.996473,40.479095],[-79.99600461291668,40.47837434054795],[-79.9958341273087,40.47735544262431],[-79.99586663921937,40.47733823440676],[-79.995872,40.477338],[-79.995987,40.477332],[-79.99598401901322,40.47727610649774],[-79.99779992898134,40.47631496416143]]]}},{"type":"Feature","id":"892a8444d0bffff","properties":{"cell_id":"892a8444d0bffff","h3_res":9,"building_count":16,"poi_count_sum":2,"conn_dist_median_ft":6153.605628829517,"total_crossings_mean":3.0625,"clipped_area_frac":1.0,"clon":-80.002316,"clat":40.477725},"geometry":{"type":"Polygon","coordinates":[[[-80.00035008437129,40.47876557396472],[-80.00005785194824,40.477020001948304],[-80.00202354062098,40.475979458080275],[-80.00428150426113,40.4766844099212],[-80.00457389037231,40.47842996138726],[-80.00260815915796,40.479470581565344],[-80.00035008437129,40.47876557396472]]]}},{"type":"Feature","id":"892a8444d07ffff","properties":{"cell_id":"892a8444d07ffff","h3_res":9,"building_count":2,"poi_count_sum":0,"conn_dist_median_ft":6181.319929700136,"total_crossings_mean":3.0,"clipped_area_frac":0.3672266732702469,"clon":-79.995542,"clat":40.47561},"geometry":{"type":"MultiPolygon","coordinates":[[[[-79.9958341273087,40.47735544262431],[-79.99578978549944,40.477341594930635],[-79.99586663921937,40.47733823440676],[-79.9958341273087,40.47735544262431]]],[[[-79.99779992898134,40.47631496416143],[-79.99598401901322,40.47727610649774],[-79.995979,40.477182],[-79.995838,40.474586],[-79.995833,40.474536],[-79.995977,40.474484],[-79.99607,40.47446],[-79.996084,40.474456],[-79.996306,40.474427],[-79.996374,40.474428],[-79.996431,40.474429],[-79.99656,40.474439],[-79.996683,40.474456],[-79.996809,40.474483],[-79.997282,40.474573],[-79.997349,40.47458],[-79.99751069155676,40.47458668146929],[-79.99779992898134,40.47631496416143]]],[[[-79.9932842755592,40.474904772475],[-79.99329949847436,40.47489671556008],[-79.99330546799439,40.475031471947354],[-79.9932842755592,40.474904772475]]]]}},{"type":"Feature","id":"892a8444d0fffff","properties":{"cell_id":"892a8444d0fffff","h3_res":9,"building_count":34,"poi_count_sum":2,"conn_dist_median_ft":7043.14668997588,"total_crossings_mean":3.0,"clipped_area_frac":0.9995837327299731,"clon":-79.999766,"clat":40.475274},"geometry":{"type":"Polygon","coordinates":[[[-79.99947345193657,40.47352897070968],[-80.00173126377854,40.4742339527332],[-80.00202354062098,40.475979458080275],[-80.00005785194824,40.477020001948304],[-79.99779992898134,40.47631496416143],[-79.99751069155676,40.47458668146929],[-79.997591,40.47459],[-79.997611,40.474591],[-79.9976079376722,40.47451643587878],[-79.99947345193657,40.47352897070968]]]}},{"type":"Feature","id":"892a8444d47ffff","properties":{"cell_id":"892a8444d47ffff","h3_res":9,"building_count":8,"poi_count_sum":1,"conn_dist_median_ft":7984.395687603309,"total_crossings_mean":3.125,"clipped_area_frac":1.0,"clon":-80.00654,"clat":40.477389},"geometry":{"type":"Polygon","coordinates":[[[-80.00457389037231,40.47842996138726],[-80.00428150426113,40.4766844099212],[-80.00624707991619,40.47564380065864],[-80.00850508420332,40.47634866655174],[-80.00879762399417,40.47809419745497],[-80.00683200582095,40.479134883030504],[-80.00457389037231,40.47842996138726]]]}},{"type":"Feature","id":"892a8444d4fffff","properties":{"cell_id":"892a8444d4fffff","h3_res":9,"building_count":109,"poi_count_sum":1,"conn_dist_median_ft":709.8524772897229,"total_crossings_mean":0.0,"clipped_area_frac":1.0,"clon":-80.010763,"clat":40.477053},"geometry":{"type":"Polygon","coordinates":[[[-80.00879762399417,40.47809419745497],[-80.00850508420332,40.47634866655174],[-80.01047054682294,40.475307991905275],[-80.01272859173078,40.47601277184871],[-80.01302128519276,40.47775828217661],[-80.01105578007848,40.47879903313899],[-80.00879762399417,40.47809419745497]]]}},{"type":"Feature","id":"892a844488fffff","properties":{"cell_id":"892a844488fffff","h3_res":9,"building_count":1,"poi_count_sum":1,"conn_dist_median_ft":7195.673245418004,"total_crossings_mean":0.0,"clipped_area_frac":1.0,"clon":-80.021761,"clat":40.478832},"geometry":{"type":"Polygon","coordinates":[[[-80.01979606765069,40.47987241514437],[-80.01950311120102,40.47812687932098],[-80.02146839014414,40.477085997616804],[-80.02372666797795,40.47779057541204],[-80.02401977809394,40.47953609062667],[-80.02205445671251,40.480577048657416],[-80.01979606765069,40.47987241514437]]]}},{"type":"Feature","id":"892a84448b3ffff","properties":{"cell_id":"892a84448b3ffff","h3_res":9,"building_count":88,"poi_count_sum":2,"conn_dist_median_ft":896.4319536265295,"total_crossings_mean":0.0,"clipped_area_frac":1.0,"clon":-80.014987,"clat":40.476718},"geometry":{"type":"Polygon","coordinates":[[[-80.01302128519276,40.47775828217661],[-80.01272859173078,40.47601277184871],[-80.01469394129715,40.474972031828955],[-80.01695202679946,40.47567672582086],[-80.0172448739241,40.47742221556098],[-80.01527948188652,40.47846303189956],[-80.01302128519276,40.47775828217661]]]}},{"type":"Feature","id":"892a8444d7bffff","properties":{"cell_id":"892a8444d7bffff","h3_res":9,"building_count":78,"poi_count_sum":0,"conn_dist_median_ft":912.3593161770948,"total_crossings_mean":2.4615384615384617,"clipped_area_frac":1.0,"clon":-80.008213,"clat":40.474603},"geometry":{"type":"Polygon","coordinates":[[[-80.00624707991619,40.47564380065864],[-80.0059546494063,40.4738983158659],[-80.00792006952187,40.47285771753052],[-80.0101779626541,40.47356252767937],[-80.01047054682294,40.475307991905275],[-80.00850508420332,40.47634866655174],[-80.00624707991619,40.47564380065864]]]}},{"type":"Feature","id":"892a8444d73ffff","properties":{"cell_id":"892a8444d73ffff","h3_res":9,"building_count":10,"poi_count_sum":1,"conn_dist_median_ft":3816.925673130259,"total_crossings_mean":3.5,"clipped_area_frac":1.0,"clon":-80.003989,"clat":40.474939},"geometry":{"type":"Polygon","coordinates":[[[-80.00202354062098,40.475979458080275],[-80.00173126377854,40.4742339527332],[-80.00369679690608,40.473193419778795],[-80.0059546494063,40.4738983158659],[-80.00624707991619,40.47564380065864],[-80.00428150426113,40.4766844099212],[-80.00202354062098,40.475979458080275]]]}},{"type":"Feature","id":"892a8444da7ffff","properties":{"cell_id":"892a8444da7ffff","h3_res":9,"building_count":1,"poi_count_sum":0,"conn_dist_median_ft":8882.250121626868,"total_crossings_mean":0.0,"clipped_area_frac":0.010059216603799579,"clon":-79.984545,"clat":40.473829},"geometry":{"type":"Polygon","coordinates":[[[-79.98651127676933,40.47278919472989],[-79.98665943077141,40.47367572218581],[-79.98624299267097,40.47270538098088],[-79.98651127676933,40.47278919472989]]]}},{"type":"Feature","id":"892a8444da3ffff","properties":{"cell_id":"892a8444da3ffff","h3_res":9,"building_count":4,"poi_count_sum":0,"conn_dist_median_ft":8586.13055291225,"total_crossings_mean":3.0,"clipped_area_frac":0.26596198473079685,"clon":-79.987095,"clat":40.47628},"geometry":{"type":"Polygon","coordinates":[[[-79.98906067305572,40.47523995533202],[-79.98935248884493,40.47698552226727],[-79.98920553423225,40.477063285102425],[-79.988931,40.47704],[-79.988455,40.476913],[-79.988092,40.476763],[-79.987879,40.476303],[-79.987701,40.475918],[-79.987519,40.475543],[-79.987496,40.47549],[-79.987097,40.474687],[-79.9870669153175,40.474617160558466],[-79.98906067305572,40.47523995533202]]]}},{"type":"Feature","id":"892a8444dabffff","properties":{"cell_id":"892a8444dabffff","h3_res":9,"building_count":29,"poi_count_sum":0,"conn_dist_median_ft":8758.152695313636,"total_crossings_mean":3.0,"clipped_area_frac":0.9402062821993198,"clon":-79.991318,"clat":40.475945},"geometry":{"type":"Polygon","coordinates":[[[-79.99226130715908,40.477346218140795],[-79.991422,40.477266],[-79.99007,40.477136],[-79.989886,40.477121],[-79.9897490542499,40.47710938470601],[-79.98935248884493,40.47698552226727],[-79.98906067305572,40.47523995533202],[-79.99102654511253,40.47419961858427],[-79.9932842755592,40.474904772475],[-79.99330546799439,40.475031471947354],[-79.99334,40.475811],[-79.993356,40.476162],[-79.993381,40.476358],[-79.993393,40.476483],[-79.993414,40.476661],[-79.99349186591674,40.47669497451555],[-79.99226130715908,40.477346218140795]]]}},{"type":"Feature","id":"892a8444d17ffff","properties":{"cell_id":"892a8444d17ffff","h3_res":9,"building_count":9,"poi_count_sum":0,"conn_dist_median_ft":7324.863999256481,"total_crossings_mean":3.0,"clipped_area_frac":0.11246603517251741,"clon":-79.993868,"clat":40.478396},"geometry":{"type":"MultiPolygon","coordinates":[[[[-79.9958341273087,40.47735544262431],[-79.99600461291668,40.47837434054795],[-79.995346,40.477361],[-79.99578978549944,40.477341594930635],[-79.9958341273087,40.47735544262431]]],[[[-79.99349186591674,40.47669497451555],[-79.993838,40.476846],[-79.995023,40.477361],[-79.994218,40.47739],[-79.993903,40.477401],[-79.993858,40.477399],[-79.993609,40.477408],[-79.993328,40.47742],[-79.993127,40.477409],[-79.992797,40.477393],[-79.992688,40.477387],[-79.99226130715908,40.477346218140795],[-79.99349186591674,40.47669497451555]]]]}},{"type":"Feature","id":"892a847338fffff","properties":{"cell_id":"892a847338fffff","h3_res":9,"building_count":108,"poi_count_sum":63,"conn_dist_median_ft":2702.3821127858955,"total_crossings_mean":5.064814814814815,"clipped_area_frac":1.0,"clon":-79.95652,"clat":40.446871},"geometry":{"type":"Polygon","coordinates":[[[-79.95455414961539,40.447910680277026],[-79.95426379663236,40.44616564746919],[-79.95622926944405,40.44512629132449],[-79.95848513797493,40.445831891751865],[-79.95877564451271,40.44757690415697],[-79.95681012896755,40.448616336540006],[-79.95455414961539,40.447910680277026]]]}},{"type":"Feature","id":"892a847338bffff","properties":{"cell_id":"892a847338bffff","h3_res":9,"building_count":76,"poi_count_sum":1,"conn_dist_median_ft":3821.768742210972,"total_crossings_mean":2.3552631578947367,"clipped_area_frac":1.0,"clon":-79.959066,"clat":40.449322},"geometry":{"type":"Polygon","coordinates":[[[-79.95710059093452,40.450361415623284],[-79.95681012896755,40.448616336540006],[-79.95877564451271,40.44757690415697],[-79.96103166475172,40.44828247461662],[-79.96132228028566,40.45002753328871],[-79.95935672201632,40.45106704191493],[-79.95710059093452,40.450361415623284]]]}},{"type":"Feature","id":"892a8473383ffff","properties":{"cell_id":"892a8473383ffff","h3_res":9,"building_count":84,"poi_count_sum":5,"conn_dist_median_ft":2547.427137231177,"total_crossings_mean":3.6666666666666665,"clipped_area_frac":1.0,"clon":-79.954845,"clat":40.449656},"geometry":{"type":"Polygon","coordinates":[[[-79.95287882979663,40.45069514674038],[-79.95258852140506,40.448950047258386],[-79.95455414961539,40.447910680277026],[-79.95681012896755,40.448616336540006],[-79.95710059093452,40.450361415623284],[-79.95513491997662,40.45140085884487],[-79.95287882979663,40.45069514674038]]]}},{"type":"Feature","id":"892a84733c7ffff","properties":{"cell_id":"892a84733c7ffff","h3_res":9,"building_count":53,"poi_count_sum":8,"conn_dist_median_ft":3757.2154857877476,"total_crossings_mean":4.188679245283019,"clipped_area_frac":1.0,"clon":-79.963288,"clat":40.448988},"geometry":{"type":"Polygon","coordinates":[[[-79.96132228028566,40.45002753328871],[-79.96103166475172,40.44828247461662],[-79.96299706761394,40.447242976842496],[-79.96525312871356,40.44794846149692],[-79.96554389780607,40.44969349974535],[-79.9635784522431,40.45073307376559],[-79.96132228028566,40.45002753328871]]]}},{"type":"Feature","id":"892a84733d7ffff","properties":{"cell_id":"892a84733d7ffff","h3_res":9,"building_count":159,"poi_count_sum":0,"conn_dist_median_ft":2951.629814725306,"total_crossings_mean":0.1509433962264151,"clipped_area_frac":0.9999999999999998,"clon":-79.961613,"clat":40.451773},"geometry":{"type":"Polygon","coordinates":[[[-79.95964729298689,40.45281216726346],[-79.95935672201632,40.45106704191493],[-79.96132228028566,40.45002753328871],[-79.9635784522431,40.45073307376559],[-79.96386917679285,40.452478178694484],[-79.96190357580868,40.453517763568705],[-79.95964729298689,40.45281216726346]]]}},{"type":"Feature","id":"892a847339bffff","properties":{"cell_id":"892a847339bffff","h3_res":9,"building_count":185,"poi_count_sum":3,"conn_dist_median_ft":3827.533181104676,"total_crossings_mean":0.22702702702702704,"clipped_area_frac":1.0,"clon":-79.957391,"clat":40.452107},"geometry":{"type":"Polygon","coordinates":[[[-79.95542533735956,40.45314600460058],[-79.95513491997662,40.45140085884487],[-79.95710059093452,40.450361415623284],[-79.95935672201632,40.45106704191493],[-79.95964729298689,40.45281216726346],[-79.9576815792907,40.45385168673012],[-79.95542533735956,40.45314600460058]]]}},{"type":"Feature","id":"892a8473397ffff","properties":{"cell_id":"892a8473397ffff","h3_res":9,"building_count":56,"poi_count_sum":63,"conn_dist_median_ft":1498.5987335705931,"total_crossings_mean":1.3214285714285714,"clipped_area_frac":1.0,"clon":-79.950623,"clat":40.449989},"geometry":{"type":"Polygon","coordinates":[[[-79.94865699691603,40.451028726631286],[-79.94836684210829,40.449283606763075],[-79.95033258296594,40.44824430519396],[-79.95258852140506,40.448950047258386],[-79.95287882979663,40.45069514674038],[-79.95091304616797,40.45173452454676],[-79.94865699691603,40.451028726631286]]]}},{"type":"Feature","id":"892a8473393ffff","properties":{"cell_id":"892a8473393ffff","h3_res":9,"building_count":89,"poi_count_sum":46,"conn_dist_median_ft":1170.7412891390995,"total_crossings_mean":1.2247191011235956,"clipped_area_frac":1.0,"clon":-79.953169,"clat":40.45244},"geometry":{"type":"Polygon","coordinates":[[[-79.95120330995485,40.45347969069717],[-79.95091304616797,40.45173452454676],[-79.95287882979663,40.45069514674038],[-79.95513491997662,40.45140085884487],[-79.95542533735956,40.45314600460058],[-79.95345951096918,40.454185458649086],[-79.95120330995485,40.45347969069717]]]}},{"type":"Feature","id":"892a847315bffff","properties":{"cell_id":"892a847315bffff","h3_res":9,"building_count":114,"poi_count_sum":6,"conn_dist_median_ft":2132.334659543469,"total_crossings_mean":1.8070175438596492,"clipped_area_frac":1.0,"clon":-79.946401,"clat":40.450323},"geometry":{"type":"Polygon","coordinates":[[[-79.94443509233673,40.45136215528735],[-79.9441450911212,40.44961701504537],[-79.9461109446084,40.44857777889909],[-79.94836684210829,40.449283606763075],[-79.94865699691603,40.451028726631286],[-79.94669110063438,40.45206803901189],[-79.94443509233673,40.45136215528735]]]}},{"type":"Feature","id":"892a847302fffff","properties":{"cell_id":"892a847302fffff","h3_res":9,"building_count":74,"poi_count_sum":43,"conn_dist_median_ft":893.1404035485981,"total_crossings_mean":1.3918918918918919,"clipped_area_frac":1.0,"clon":-79.948947,"clat":40.452774},"geometry":{"type":"Polygon","coordinates":[[[-79.94698121081683,40.45381322554453],[-79.94669110063438,40.45206803901189],[-79.94865699691603,40.451028726631286],[-79.95091304616797,40.45173452454676],[-79.95120330995485,40.45347969069717],[-79.94923737088808,40.45451907931693],[-79.94698121081683,40.45381322554453]]]}},{"type":"Feature","id":"892a8473027ffff","properties":{"cell_id":"892a8473027ffff","h3_res":9,"building_count":94,"poi_count_sum":33,"conn_dist_median_ft":1081.0656631485383,"total_crossings_mean":0.9574468085106383,"clipped_area_frac":1.0,"clon":-79.944725,"clat":40.453107},"geometry":{"type":"Polygon","coordinates":[[[-79.9427590399895,40.454146609133964],[-79.94246908341991,40.45240140223157],[-79.94443509233673,40.45136215528735],[-79.94669110063438,40.45206803901189],[-79.94698121081683,40.45381322554453],[-79.94501515909145,40.454852548724965],[-79.9427590399895,40.454146609133964]]]}},{"type":"Feature","id":"892a847314bffff","properties":{"cell_id":"892a847314bffff","h3_res":9,"building_count":46,"poi_count_sum":46,"conn_dist_median_ft":700.4011561906518,"total_crossings_mean":1.1956521739130435,"clipped_area_frac":1.0,"clon":-79.948077,"clat":40.447539},"geometry":{"type":"Polygon","coordinates":[[[-79.9461109446084,40.44857777889909],[-79.94582089876016,40.44683270532325],[-79.9477865968375,40.445793479986584],[-79.9500423835461,40.44649925199588],[-79.95033258296594,40.44824430519396],[-79.94836684210829,40.449283606763075],[-79.9461109446084,40.44857777889909]]]}},{"type":"Feature","id":"892a8473143ffff","properties":{"cell_id":"892a8473143ffff","h3_res":9,"building_count":51,"poi_count_sum":13,"conn_dist_median_ft":1752.747875405099,"total_crossings_mean":3.176470588235294,"clipped_area_frac":1.0,"clon":-79.943855,"clat":40.447872},"geometry":{"type":"Polygon","coordinates":[[[-79.9418892345868,40.44891110138375],[-79.94159934231854,40.44716600744261],[-79.943565153002,40.44612684752581],[-79.94582089876016,40.44683270532325],[-79.9461109446084,40.44857777889909],[-79.9441450911212,40.44961701504537],[-79.9418892345868,40.44891110138375]]]}},{"type":"Feature","id":"892a8473387ffff","properties":{"cell_id":"892a8473387ffff","h3_res":9,"building_count":33,"poi_count_sum":42,"conn_dist_median_ft":1754.3800759618607,"total_crossings_mean":3.0,"clipped_area_frac":1.0,"clon":-79.952298,"clat":40.447205},"geometry":{"type":"Polygon","coordinates":[[[-79.95033258296594,40.44824430519396],[-79.9500423835461,40.44649925199588],[-79.95200796899952,40.44545996124992],[-79.95426379663236,40.44616564746919],[-79.95455414961539,40.447910680277026],[-79.95258852140506,40.448950047258386],[-79.95033258296594,40.44824430519396]]]}},{"type":"Feature","id":"892a8473157ffff","properties":{"cell_id":"892a8473157ffff","h3_res":9,"building_count":63,"poi_count_sum":7,"conn_dist_median_ft":2591.563226378524,"total_crossings_mean":5.761904761904762,"clipped_area_frac":1.0,"clon":-79.939633,"clat":40.448205},"geometry":{"type":"Polygon","coordinates":[[[-79.9376674529451,40.44924427263924],[-79.93737771426524,40.44749915834529],[-79.93934363753702,40.44646006385894],[-79.94159934231854,40.44716600744261],[-79.9418892345868,40.44891110138375],[-79.93992326848786,40.4499502720966],[-79.9376674529451,40.44924427263924]]]}},{"type":"Feature","id":"892a847311bffff","properties":{"cell_id":"892a847311bffff","h3_res":9,"building_count":124,"poi_count_sum":15,"conn_dist_median_ft":3262.989650268932,"total_crossings_mean":9.943548387096774,"clipped_area_frac":1.0,"clon":-79.935412,"clat":40.448538},"geometry":{"type":"Polygon","coordinates":[[[-79.93344559972739,40.44957729265691],[-79.93315601464431,40.447832158022614],[-79.9351220504866,40.446793128977305],[-79.93737771426524,40.44749915834529],[-79.9376674529451,40.44924427263924],[-79.93570137425225,40.45028337790811],[-79.93344559972739,40.44957729265691]]]}},{"type":"Feature","id":"892a8473113ffff","properties":{"cell_id":"892a8473113ffff","h3_res":9,"building_count":92,"poi_count_sum":6,"conn_dist_median_ft":3688.463074217988,"total_crossings_mean":5.923913043478261,"clipped_area_frac":1.0,"clon":-79.93119,"clat":40.448871},"geometry":{"type":"Polygon","coordinates":[[[-79.92922367497764,40.449910161428086],[-79.92893424349973,40.44816500646594],[-79.93090039189471,40.44712604287223],[-79.93315601464431,40.447832158022614],[-79.93344559972739,40.44957729265691],[-79.9314794084584,40.45061633247123],[-79.92922367497764,40.449910161428086]]]}},{"type":"Feature","id":"892a847318fffff","properties":{"cell_id":"892a847318fffff","h3_res":9,"building_count":75,"poi_count_sum":13,"conn_dist_median_ft":3166.3784270361966,"total_crossings_mean":2.4,"clipped_area_frac":0.9999999999999998,"clon":-79.926968,"clat":40.449204},"geometry":{"type":"Polygon","coordinates":[[[-79.92500167873989,40.45024287894411],[-79.92471240087556,40.448497703666604],[-79.92667866180541,40.44745880553506],[-79.92893424349973,40.44816500646594],[-79.92922367497764,40.449910161428086],[-79.92725737115036,40.450949135777265],[-79.92500167873989,40.45024287894411]]]}},{"type":"Feature","id":"892a84731c7ffff","properties":{"cell_id":"892a84731c7ffff","h3_res":9,"building_count":243,"poi_count_sum":208,"conn_dist_median_ft":2884.693334081505,"total_crossings_mean":6.954732510288066,"clipped_area_frac":1.0,"clon":-79.933735,"clat":40.451322},"geometry":{"type":"Polygon","coordinates":[[[-79.93176894884685,40.452361533759614],[-79.9314794084584,40.45061633247123],[-79.93344559972739,40.44957729265691],[-79.93570137425225,40.45028337790811],[-79.93599106825812,40.45202855886017],[-79.9340248341244,40.453067674899934],[-79.93176894884685,40.452361533759614]]]}},{"type":"Feature","id":"892a847318bffff","properties":{"cell_id":"892a847318bffff","h3_res":9,"building_count":209,"poi_count_sum":11,"conn_dist_median_ft":2846.759313665707,"total_crossings_mean":2.875598086124402,"clipped_area_frac":1.0,"clon":-79.929513,"clat":40.451655},"geometry":{"type":"Polygon","coordinates":[[[-79.92754675791299,40.4526943573895],[-79.92725737115036,40.450949135777265],[-79.92922367497764,40.449910161428086],[-79.9314794084584,40.45061633247123],[-79.93176894884685,40.452361533759614],[-79.92980260213143,40.45340058433128],[-79.92754675791299,40.4526943573895]]]}},{"type":"Feature","id":"892a8473183ffff","properties":{"cell_id":"892a8473183ffff","h3_res":9,"building_count":88,"poi_count_sum":6,"conn_dist_median_ft":1894.8572748741906,"total_crossings_mean":3.340909090909091,"clipped_area_frac":1.0,"clon":-79.925291,"clat":40.451988},"geometry":{"type":"Polygon","coordinates":[[[-79.9233244955006,40.45302702974117],[-79.92303526237215,40.451281787817585],[-79.92500167873989,40.45024287894411],[-79.92725737115036,40.450949135777265],[-79.92754675791299,40.4526943573895],[-79.92558029863368,40.45373334248249],[-79.9233244955006,40.45302702974117]]]}},{"type":"Feature","id":"892a84731c3ffff","properties":{"cell_id":"892a84731c3ffff","h3_res":9,"building_count":166,"poi_count_sum":57,"conn_dist_median_ft":2048.4407673951546,"total_crossings_mean":6.801204819277109,"clipped_area_frac":1.0,"clon":-79.936281,"clat":40.453774},"geometry":{"type":"Polygon","coordinates":[[[-79.93431448344306,40.45481292250438],[-79.9340248341244,40.453067674899934],[-79.93599106825812,40.45202855886017],[-79.93824699456859,40.45273461419715],[-79.9385367975169,40.4544798414568],[-79.93657052052778,40.45551903372686],[-79.93431448344306,40.45481292250438]]]}},{"type":"Feature","id":"892a84731cfffff","properties":{"cell_id":"892a84731cfffff","h3_res":9,"building_count":133,"poi_count_sum":17,"conn_dist_median_ft":2777.8163959149338,"total_crossings_mean":7.87218045112782,"clipped_area_frac":1.0,"clon":-79.937957,"clat":40.450989},"geometry":{"type":"Polygon","coordinates":[[[-79.93599106825812,40.45202855886017],[-79.93570137425225,40.45028337790811],[-79.9376674529451,40.44924427263924],[-79.93992326848786,40.4499502720966],[-79.94021311610275,40.45169543269987],[-79.93824699456859,40.45273461419715],[-79.93599106825812,40.45202855886017]]]}},{"type":"Feature","id":"892a84731cbffff","properties":{"cell_id":"892a84731cbffff","h3_res":9,"building_count":73,"poi_count_sum":160,"conn_dist_median_ft":2374.0494691849512,"total_crossings_mean":3.0273972602739727,"clipped_area_frac":1.0,"clon":-79.940503,"clat":40.453441},"geometry":{"type":"Polygon","coordinates":[[[-79.9385367975169,40.4544798414568],[-79.93824699456859,40.45273461419715],[-79.94021311610275,40.45169543269987],[-79.94246908341991,40.45240140223157],[-79.9427590399895,40.454146609133964],[-79.94079287562334,40.4551858668645],[-79.9385367975169,40.4544798414568]]]}},{"type":"Feature","id":"892a8473153ffff","properties":{"cell_id":"892a8473153ffff","h3_res":9,"building_count":90,"poi_count_sum":5,"conn_dist_median_ft":2286.5441696667785,"total_crossings_mean":0.7555555555555555,"clipped_area_frac":1.0,"clon":-79.942179,"clat":40.450656},"geometry":{"type":"Polygon","coordinates":[[[-79.94021311610275,40.45169543269987],[-79.93992326848786,40.4499502720966],[-79.9418892345868,40.44891110138375],[-79.9441450911212,40.44961701504537],[-79.94443509233673,40.45136215528735],[-79.94246908341991,40.45240140223157],[-79.94021311610275,40.45169543269987]]]}},{"type":"Feature","id":"892a8473037ffff","properties":{"cell_id":"892a8473037ffff","h3_res":9,"building_count":57,"poi_count_sum":163,"conn_dist_median_ft":432.97168007145444,"total_crossings_mean":0.0,"clipped_area_frac":1.0,"clon":-79.943049,"clat":40.455892},"geometry":{"type":"Polygon","coordinates":[[[-79.94108278753377,40.45693114042156],[-79.94079287562334,40.4551858668645],[-79.9427590399895,40.454146609133964],[-79.94501515909145,40.454852548724965],[-79.94530522463538,40.45659780191629],[-79.94333901744653,40.45763713588493],[-79.94108278753377,40.45693114042156]]]}},{"type":"Feature","id":"892a84731dbffff","properties":{"cell_id":"892a84731dbffff","h3_res":9,"building_count":39,"poi_count_sum":70,"conn_dist_median_ft":668.5315427840095,"total_crossings_mean":0.6923076923076923,"clipped_area_frac":1.0,"clon":-79.938827,"clat":40.456225},"geometry":{"type":"Polygon","coordinates":[[[-79.93686027879629,40.45726432763717],[-79.93657052052778,40.45551903372686],[-79.9385367975169,40.4544798414568],[-79.94079287562334,40.4551858668645],[-79.94108278753377,40.45693114042156],[-79.93911646769853,40.457970408926734],[-79.93686027879629,40.45726432763717]]]}},{"type":"Feature","id":"892a84731d3ffff","properties":{"cell_id":"892a84731d3ffff","h3_res":9,"building_count":63,"poi_count_sum":48,"conn_dist_median_ft":876.3499057590462,"total_crossings_mean":0.4444444444444444,"clipped_area_frac":0.9999999999999998,"clon":-79.934604,"clat":40.456558},"geometry":{"type":"Polygon","coordinates":[[[-79.93263769846698,40.45759736355445],[-79.93234809384877,40.45585204930336],[-79.93431448344306,40.45481292250438],[-79.93657052052778,40.45551903372686],[-79.93686027879629,40.45726432763717],[-79.93489384633246,40.45830353066834],[-79.93263769846698,40.45759736355445]]]}},{"type":"Feature","id":"892a84731d7ffff","properties":{"cell_id":"892a84731d7ffff","h3_res":9,"building_count":158,"poi_count_sum":20,"conn_dist_median_ft":2254.0693511608297,"total_crossings_mean":2.0,"clipped_area_frac":1.0,"clon":-79.932059,"clat":40.454107},"geometry":{"type":"Polygon","coordinates":[[[-79.93009209781202,40.455145852268004],[-79.92980260213143,40.45340058433128],[-79.93176894884685,40.452361533759614],[-79.9340248341244,40.453067674899934],[-79.93431448344306,40.45481292250438],[-79.93234809384877,40.45585204930336],[-79.93009209781202,40.455145852268004]]]}},{"type":"Feature","id":"892a847319bffff","properties":{"cell_id":"892a847319bffff","h3_res":9,"building_count":203,"poi_count_sum":3,"conn_dist_median_ft":2633.384163597501,"total_crossings_mean":4.876847290640394,"clipped_area_frac":1.0,"clon":-79.927836,"clat":40.45444},"geometry":{"type":"Polygon","coordinates":[[[-79.92586964066783,40.45547863073904],[-79.92558029863368,40.45373334248249],[-79.92754675791299,40.4526943573895],[-79.92980260213143,40.45340058433128],[-79.93009209781202,40.455145852268004],[-79.92812559563042,40.45618491358538],[-79.92586964066783,40.45547863073904]]]}},{"type":"Feature","id":"892a8473193ffff","properties":{"cell_id":"892a8473193ffff","h3_res":9,"building_count":134,"poi_count_sum":5,"conn_dist_median_ft":1401.5541943710414,"total_crossings_mean":3.082089552238806,"clipped_area_frac":1.0,"clon":-79.923614,"clat":40.454772},"geometry":{"type":"Polygon","coordinates":[[[-79.9216471120545,40.45581125790882],[-79.9213579236752,40.45406594934493],[-79.9233244955006,40.45302702974117],[-79.92558029863368,40.45373334248249],[-79.92586964066783,40.45547863073904],[-79.92390302591673,40.45651762656421],[-79.9216471120545,40.45581125790882]]]}},{"type":"Feature","id":"892a8473567ffff","properties":{"cell_id":"892a8473567ffff","h3_res":9,"building_count":181,"poi_count_sum":77,"conn_dist_median_ft":1769.0848155485082,"total_crossings_mean":4.613259668508287,"clipped_area_frac":0.9999999999999998,"clon":-79.926159,"clat":40.457224},"geometry":{"type":"Polygon","coordinates":[[[-79.92419232320913,40.45826298145937],[-79.92390302591673,40.45651762656421],[-79.92586964066783,40.45547863073904],[-79.92812559563042,40.45618491358538],[-79.92841504658992,40.457930248164736],[-79.92644838892241,40.458969320216134],[-79.92419232320913,40.45826298145937]]]}},{"type":"Feature","id":"892a847356fffff","properties":{"cell_id":"892a847356fffff","h3_res":9,"building_count":118,"poi_count_sum":119,"conn_dist_median_ft":2429.0481198149328,"total_crossings_mean":3.542372881355932,"clipped_area_frac":1.0,"clon":-79.930382,"clat":40.456891},"geometry":{"type":"Polygon","coordinates":[[[-79.92841504658992,40.457930248164736],[-79.92812559563042,40.45618491358538],[-79.93009209781202,40.455145852268004],[-79.93234809384877,40.45585204930336],[-79.93263769846698,40.45759736355445],[-79.93067115339241,40.45863650110101],[-79.92841504658992,40.457930248164736]]]}},{"type":"Feature","id":"892a8473563ffff","properties":{"cell_id":"892a8473563ffff","h3_res":9,"building_count":59,"poi_count_sum":79,"conn_dist_median_ft":465.66123526426304,"total_crossings_mean":0.0,"clipped_area_frac":0.9999999999999998,"clon":-79.928705,"clat":40.459676},"geometry":{"type":"Polygon","coordinates":[[[-79.92673779514757,40.460714721432375],[-79.92644838892241,40.458969320216134],[-79.92841504658992,40.457930248164736],[-79.93067115339241,40.45863650110101],[-79.93096071329691,40.46038188199298],[-79.92899401272227,40.461421030275496],[-79.92673779514757,40.460714721432375]]]}},{"type":"Feature","id":"892a847356bffff","properties":{"cell_id":"892a847356bffff","h3_res":9,"building_count":153,"poi_count_sum":36,"conn_dist_median_ft":681.1753896472685,"total_crossings_mean":0.0,"clipped_area_frac":1.0,"clon":-79.932927,"clat":40.459343},"geometry":{"type":"Polygon","coordinates":[[[-79.93096071329691,40.46038188199298],[-79.93067115339241,40.45863650110101],[-79.93263769846698,40.45759736355445],[-79.93489384633246,40.45830353066834],[-79.93518355990791,40.46004889122356],[-79.93321697194965,40.4610881050042],[-79.93096071329691,40.46038188199298]]]}},{"type":"Feature","id":"892a84730a7ffff","properties":{"cell_id":"892a84730a7ffff","h3_res":9,"building_count":166,"poi_count_sum":21,"conn_dist_median_ft":955.6358242283852,"total_crossings_mean":0.0,"clipped_area_frac":1.0,"clon":-79.93715,"clat":40.45901},"geometry":{"type":"Polygon","coordinates":[[[-79.93518355990791,40.46004889122356],[-79.93489384633246,40.45830353066834],[-79.93686027879629,40.45726432763717],[-79.93911646769853,40.457970408926734],[-79.93940633493654,40.45971574913272],[-79.93743985961245,40.46075502840094],[-79.93518355990791,40.46004889122356]]]}},{"type":"Feature","id":"892a84730afffff","properties":{"cell_id":"892a84730afffff","h3_res":9,"building_count":196,"poi_count_sum":88,"conn_dist_median_ft":597.757146865179,"total_crossings_mean":0.0,"clipped_area_frac":1.0,"clon":-79.941373,"clat":40.458676},"geometry":{"type":"Polygon","coordinates":[[[-79.93940633493654,40.45971574913272],[-79.93911646769853,40.457970408926734],[-79.94108278753377,40.45693114042156],[-79.94333901744653,40.45763713588493],[-79.9436290383387,40.45938245572919],[-79.94166267566663,40.460421800474364],[-79.93940633493654,40.45971574913272]]]}},{"type":"Feature","id":"892a8473023ffff","properties":{"cell_id":"892a8473023ffff","h3_res":9,"building_count":109,"poi_count_sum":27,"conn_dist_median_ft":522.9579192152027,"total_crossings_mean":0.0,"clipped_area_frac":1.0,"clon":-79.947271,"clat":40.455558},"geometry":{"type":"Polygon","coordinates":[[[-79.94530522463538,40.45659780191629],[-79.94501515909145,40.454852548724965],[-79.94698121081683,40.45381322554453],[-79.94923737088808,40.45451907931693],[-79.94952759005709,40.456264312130045],[-79.94756149553245,40.457303711551546],[-79.94530522463538,40.45659780191629]]]}},{"type":"Feature","id":"892a8473033ffff","properties":{"cell_id":"892a8473033ffff","h3_res":9,"building_count":198,"poi_count_sum":27,"conn_dist_median_ft":667.3698445738243,"total_crossings_mean":0.0,"clipped_area_frac":1.0,"clon":-79.945595,"clat":40.458343},"geometry":{"type":"Polygon","coordinates":[[[-79.9436290383387,40.45938245572919],[-79.94333901744653,40.45763713588493],[-79.94530522463538,40.45659780191629],[-79.94756149553245,40.457303711551546],[-79.94785167007036,40.4590490110216],[-79.94588542006815,40.46008842123318],[-79.9436290383387,40.45938245572919]]]}},{"type":"Feature","id":"892a847303bffff","properties":{"cell_id":"892a847303bffff","h3_res":9,"building_count":178,"poi_count_sum":2,"conn_dist_median_ft":1115.5406231714771,"total_crossings_mean":0.15730337078651685,"clipped_area_frac":1.0,"clon":-79.949818,"clat":40.45801},"geometry":{"type":"Polygon","coordinates":[[[-79.94785167007036,40.4590490110216],[-79.94756149553245,40.457303711551546],[-79.94952759005709,40.456264312130045],[-79.95178390191228,40.45697013593528],[-79.95207423008752,40.45871541501866],[-79.95010809277294,40.459754890686064],[-79.94785167007036,40.4590490110216]]]}},{"type":"Feature","id":"892a847300fffff","properties":{"cell_id":"892a847300fffff","h3_res":9,"building_count":284,"poi_count_sum":4,"conn_dist_median_ft":1074.5815638078407,"total_crossings_mean":0.0,"clipped_area_frac":0.9999999999999998,"clon":-79.952365,"clat":40.460461},"geometry":{"type":"Polygon","coordinates":[[[-79.95039837632451,40.46150023642465],[-79.95010809277294,40.459754890686064],[-79.95207423008752,40.45871541501866],[-79.95433069373696,40.459421208841675],[-79.9546211309381,40.46116653418511],[-79.9526549508429,40.46220608610326],[-79.95039837632451,40.46150023642465]]]}},{"type":"Feature","id":"892a8473077ffff","properties":{"cell_id":"892a8473077ffff","h3_res":9,"building_count":39,"poi_count_sum":5,"conn_dist_median_ft":1155.1176331648328,"total_crossings_mean":0.0,"clipped_area_frac":0.9999999999999998,"clon":-79.95404,"clat":40.457676},"geometry":{"type":"Polygon","coordinates":[[[-79.95207423008752,40.45871541501866],[-79.95178390191228,40.45697013593528],[-79.95374988375487,40.45593067107152],[-79.95600623654191,40.456636409044826],[-79.95629671834605,40.458381667729036],[-79.95433069373696,40.459421208841675],[-79.95207423008752,40.45871541501866]]]}},{"type":"Feature","id":"892a8473067ffff","properties":{"cell_id":"892a8473067ffff","h3_res":9,"building_count":40,"poi_count_sum":11,"conn_dist_median_ft":2658.3671525578984,"total_crossings_mean":0.9,"clipped_area_frac":1.0,"clon":-79.955716,"clat":40.454891},"geometry":{"type":"Polygon","coordinates":[[[-79.95374988375487,40.45593067107152],[-79.95345951096918,40.454185458649086],[-79.95542533735956,40.45314600460058],[-79.9576815792907,40.45385168673012],[-79.95797210568468,40.45559687874936],[-79.95600623654191,40.456636409044826],[-79.95374988375487,40.45593067107152]]]}},{"type":"Feature","id":"892a847302bffff","properties":{"cell_id":"892a847302bffff","h3_res":9,"building_count":46,"poi_count_sum":33,"conn_dist_median_ft":1215.780030679341,"total_crossings_mean":0.0,"clipped_area_frac":1.0,"clon":-79.951494,"clat":40.455225},"geometry":{"type":"Polygon","coordinates":[[[-79.94952759005709,40.456264312130045],[-79.94923737088808,40.45451907931693],[-79.95120330995485,40.45347969069717],[-79.95345951096918,40.454185458649086],[-79.95374988375487,40.45593067107152],[-79.95178390191228,40.45697013593528],[-79.94952759005709,40.456264312130045]]]}},{"type":"Feature","id":"892a847306fffff","properties":{"cell_id":"892a847306fffff","h3_res":9,"building_count":113,"poi_count_sum":1,"conn_dist_median_ft":2919.8702477961674,"total_crossings_mean":0.0,"clipped_area_frac":1.0,"clon":-79.959938,"clat":40.454557},"geometry":{"type":"Polygon","coordinates":[[[-79.95797210568468,40.45559687874936],[-79.9576815792907,40.45385168673012],[-79.95964729298689,40.45281216726346],[-79.96190357580868,40.453517763568705],[-79.96219425580249,40.455262935172286],[-79.96022849937737,40.45630253088887],[-79.95797210568468,40.45559687874936]]]}},{"type":"Feature","id":"892a84733d3ffff","properties":{"cell_id":"892a84733d3ffff","h3_res":9,"building_count":118,"poi_count_sum":1,"conn_dist_median_ft":1833.8630846894453,"total_crossings_mean":0.0,"clipped_area_frac":1.0,"clon":-79.96416,"clat":40.454223},"geometry":{"type":"Polygon","coordinates":[[[-79.96219425580249,40.455262935172286],[-79.96190357580868,40.453517763568705],[-79.96386917679285,40.452478178694484],[-79.96612550047905,40.45318368917355],[-79.96641633406428,40.45492884034901],[-79.96445069037459,40.455968501476114],[-79.96219425580249,40.455262935172286]]]}},{"type":"Feature","id":"892a847306bffff","properties":{"cell_id":"892a847306bffff","h3_res":9,"building_count":139,"poi_count_sum":4,"conn_dist_median_ft":1048.316667532045,"total_crossings_mean":0.0,"clipped_area_frac":0.9999999999999998,"clon":-79.962485,"clat":40.457008},"geometry":{"type":"Polygon","coordinates":[[[-79.960519134802,40.45804776916144],[-79.96022849937737,40.45630253088887],[-79.96219425580249,40.455262935172286],[-79.96445069037459,40.455968501476114],[-79.96474147941132,40.45771371932456],[-79.96277568026655,40.45875339129588],[-79.960519134802,40.45804776916144]]]}},{"type":"Feature","id":"892a8473063ffff","properties":{"cell_id":"892a8473063ffff","h3_res":9,"building_count":77,"poi_count_sum":3,"conn_dist_median_ft":1058.9252325797086,"total_crossings_mean":0.0,"clipped_area_frac":1.0,"clon":-79.958263,"clat":40.457342},"geometry":{"type":"Polygon","coordinates":[[[-79.95629671834605,40.458381667729036],[-79.95600623654191,40.456636409044826],[-79.95797210568468,40.45559687874936],[-79.96022849937737,40.45630253088887],[-79.960519134802,40.45804776916144],[-79.95855322291618,40.45908737570872],[-79.95629671834605,40.458381667729036]]]}},{"type":"Feature","id":"892a847307bffff","properties":{"cell_id":"892a847307bffff","h3_res":9,"building_count":124,"poi_count_sum":3,"conn_dist_median_ft":657.2708451663284,"total_crossings_mean":0.0,"clipped_area_frac":0.9999999999999998,"clon":-79.96081,"clat":40.459793},"geometry":{"type":"Polygon","coordinates":[[[-79.95884381375845,40.460832680644515],[-79.95855322291618,40.45908737570872],[-79.960519134802,40.45804776916144],[-79.96277568026655,40.45875339129588],[-79.96306642474154,40.46049867581157],[-79.96110047012196,40.4615383586155],[-79.95884381375845,40.460832680644515]]]}},{"type":"Feature","id":"892a847304fffff","properties":{"cell_id":"892a847304fffff","h3_res":9,"building_count":81,"poi_count_sum":10,"conn_dist_median_ft":608.6777108329825,"total_crossings_mean":0.13580246913580246,"clipped_area_frac":1.0,"clon":-79.963357,"clat":40.462244},"geometry":{"type":"Polygon","coordinates":[[[-79.961391170022,40.463283709792705],[-79.96110047012196,40.4615383586155],[-79.96306642474154,40.46049867581157],[-79.96532312198826,40.46120426792591],[-79.96561397553324,40.462949598674506],[-79.96364797818926,40.46398935773995],[-79.961391170022,40.463283709792705]]]}},{"type":"Feature","id":"892a8473047ffff","properties":{"cell_id":"892a8473047ffff","h3_res":9,"building_count":190,"poi_count_sum":9,"conn_dist_median_ft":336.4423488334792,"total_crossings_mean":0.0,"clipped_area_frac":1.0,"clon":-79.959134,"clat":40.462578},"geometry":{"type":"Polygon","coordinates":[[[-79.95716829263883,40.46361766960416],[-79.95687774639215,40.46187229801087],[-79.95884381375845,40.460832680644515],[-79.96110047012196,40.4615383586155],[-79.961391170022,40.463283709792705],[-79.95942505990786,40.464323403417595],[-79.95716829263883,40.46361766960416]]]}},{"type":"Feature","id":"892a8473073ffff","properties":{"cell_id":"892a8473073ffff","h3_res":9,"building_count":22,"poi_count_sum":1,"conn_dist_median_ft":277.6876670842263,"total_crossings_mean":0.13636363636363635,"clipped_area_frac":1.0,"clon":-79.956587,"clat":40.460127},"geometry":{"type":"Polygon","coordinates":[[[-79.9546211309381,40.46116653418511],[-79.95433069373696,40.459421208841675],[-79.95629671834605,40.458381667729036],[-79.95855322291618,40.45908737570872],[-79.95884381375845,40.460832680644515],[-79.95687774639215,40.46187229801087],[-79.9546211309381,40.46116653418511]]]}},{"type":"Feature","id":"892a8473007ffff","properties":{"cell_id":"892a8473007ffff","h3_res":9,"building_count":248,"poi_count_sum":396,"conn_dist_median_ft":436.1657328905652,"total_crossings_mean":0.0,"clipped_area_frac":1.0,"clon":-79.948142,"clat":40.460794},"geometry":{"type":"Polygon","coordinates":[[[-79.94617554996174,40.46183378735444],[-79.94588542006815,40.46008842123318],[-79.94785167007036,40.4590490110216],[-79.95010809277294,40.459754890686064],[-79.95039837632451,40.46150023642465],[-79.94843208351823,40.46253972288404],[-79.94617554996174,40.46183378735444]]]}},{"type":"Feature","id":"892a8473003ffff","properties":{"cell_id":"892a8473003ffff","h3_res":9,"building_count":315,"poi_count_sum":84,"conn_dist_median_ft":680.0388641223573,"total_crossings_mean":0.0,"clipped_area_frac":0.9999999999999998,"clon":-79.950689,"clat":40.463246},"geometry":{"type":"Polygon","coordinates":[[[-79.94872232243286,40.46428513527209],[-79.94843208351823,40.46253972288404],[-79.95039837632451,40.46150023642465],[-79.9526549508429,40.46220608610326],[-79.95294534342777,40.46395147810019],[-79.95097900782673,40.46499104081222],[-79.94872232243286,40.46428513527209]]]}},{"type":"Feature","id":"892a847300bffff","properties":{"cell_id":"892a847300bffff","h3_res":9,"building_count":134,"poi_count_sum":36,"conn_dist_median_ft":497.8219226150461,"total_crossings_mean":0.208955223880597,"clipped_area_frac":1.0,"clon":-79.954912,"clat":40.462912},"geometry":{"type":"Polygon","coordinates":[[[-79.95294534342777,40.46395147810019],[-79.9526549508429,40.46220608610326],[-79.9546211309381,40.46116653418511],[-79.95687774639215,40.46187229801087],[-79.95716829263883,40.46361766960416],[-79.95520206977234,40.46465729777791],[-79.95294534342777,40.46395147810019]]]}},{"type":"Feature","id":"892a8473017ffff","properties":{"cell_id":"892a8473017ffff","h3_res":9,"building_count":262,"poi_count_sum":33,"conn_dist_median_ft":767.0181919427863,"total_crossings_mean":0.0,"clipped_area_frac":0.9999999999999998,"clon":-79.946466,"clat":40.463579},"geometry":{"type":"Polygon","coordinates":[[[-79.9444992296982,40.464618641111215],[-79.94420914446216,40.46287320834449],[-79.94617554996174,40.46183378735444],[-79.94843208351823,40.46253972288404],[-79.94872232243286,40.46428513527209],[-79.94675587411511,40.465324632511816],[-79.9444992296982,40.464618641111215]]]}},{"type":"Feature","id":"892a8473013ffff","properties":{"cell_id":"892a8473013ffff","h3_res":9,"building_count":194,"poi_count_sum":9,"conn_dist_median_ft":405.5792124161943,"total_crossings_mean":0.0,"clipped_area_frac":1.0,"clon":-79.949013,"clat":40.466031},"geometry":{"type":"Polygon","coordinates":[[[-79.94704606837963,40.46707011154363],[-79.94675587411511,40.465324632511816],[-79.94872232243286,40.46428513527209],[-79.95097900782673,40.46499104081222],[-79.95126935578213,40.4667364994569],[-79.94930286465548,40.46777607295116],[-79.94704606837963,40.46707011154363]]]}},{"type":"Feature","id":"892a847308fffff","properties":{"cell_id":"892a847308fffff","h3_res":9,"building_count":205,"poi_count_sum":30,"conn_dist_median_ft":592.8365597830232,"total_crossings_mean":0.0,"clipped_area_frac":1.0,"clon":-79.944789,"clat":40.466364},"geometry":{"type":"Polygon","coordinates":[[[-79.94282270924677,40.46740357227447],[-79.94253266868152,40.465658072868024],[-79.9444992296982,40.464618641111215],[-79.94675587411511,40.465324632511816],[-79.94704606837963,40.46707011154363],[-79.94507946453064,40.46810961955203],[-79.94282270924677,40.46740357227447]]]}},{"type":"Feature","id":"892a847301bffff","properties":{"cell_id":"892a847301bffff","h3_res":9,"building_count":194,"poi_count_sum":199,"conn_dist_median_ft":381.0261733150865,"total_crossings_mean":0.4793814432989691,"clipped_area_frac":1.0,"clon":-79.953236,"clat":40.465697},"geometry":{"type":"Polygon","coordinates":[[[-79.95126935578213,40.4667364994569],[-79.95097900782673,40.46499104081222],[-79.95294534342777,40.46395147810019],[-79.95520206977234,40.46465729777791],[-79.95549257141019,40.46640273602298],[-79.95352619302372,40.4674423749925],[-79.95126935578213,40.4667364994569]]]}},{"type":"Feature","id":"892a8473057ffff","properties":{"cell_id":"892a8473057ffff","h3_res":9,"building_count":171,"poi_count_sum":31,"conn_dist_median_ft":377.41384083413703,"total_crossings_mean":0.0,"clipped_area_frac":1.0,"clon":-79.957459,"clat":40.465363},"geometry":{"type":"Polygon","coordinates":[[[-79.95549257141019,40.46640273602298],[-79.95520206977234,40.46465729777791],[-79.95716829263883,40.46361766960416],[-79.95942505990786,40.464323403417595],[-79.95971571521974,40.46606882125055],[-79.95774944959128,40.46710852568475],[-79.95549257141019,40.46640273602298]]]}},{"type":"Feature","id":"892a8473043ffff","properties":{"cell_id":"892a8473043ffff","h3_res":9,"building_count":170,"poi_count_sum":23,"conn_dist_median_ft":1108.5109397613937,"total_crossings_mean":0.20588235294117646,"clipped_area_frac":1.0,"clon":-79.961682,"clat":40.465029},"geometry":{"type":"Polygon","coordinates":[[[-79.95971571521974,40.46606882125055],[-79.95942505990786,40.464323403417595],[-79.961391170022,40.463283709792705],[-79.96364797818926,40.46398935773995],[-79.96393878716675,40.46573475514832],[-79.96197263431408,40.46677452503661],[-79.95971571521974,40.46606882125055]]]}},{"type":"Feature","id":"892a847305bffff","properties":{"cell_id":"892a847305bffff","h3_res":9,"building_count":96,"poi_count_sum":59,"conn_dist_median_ft":1284.57875027494,"total_crossings_mean":4.354166666666667,"clipped_area_frac":1.0,"clon":-79.96423,"clat":40.46748},"geometry":{"type":"Polygon","coordinates":[[[-79.96226339871085,40.46851998909901],[-79.96197263431408,40.46677452503661],[-79.96393878716675,40.46573475514832],[-79.96619574714808,40.46644037305677],[-79.96648666522267,40.468185816686116],[-79.9645204696408,40.469225662842646],[-79.96226339871085,40.46851998909901]]]}},{"type":"Feature","id":"892a84730cfffff","properties":{"cell_id":"892a84730cfffff","h3_res":9,"building_count":242,"poi_count_sum":9,"conn_dist_median_ft":1213.4852325476081,"total_crossings_mean":0.0,"clipped_area_frac":1.0,"clon":-79.955783,"clat":40.468148},"geometry":{"type":"Polygon","coordinates":[[[-79.95381665003953,40.46918787988356],[-79.95352619302372,40.4674423749925],[-79.95549257141019,40.46640273602298],[-79.95774944959128,40.46710852568475],[-79.95804006030177,40.46885401016772],[-79.9560736391392,40.46989372539959],[-79.95381665003953,40.46918787988356]]]}},{"type":"Feature","id":"892a8473053ffff","properties":{"cell_id":"892a8473053ffff","h3_res":9,"building_count":200,"poi_count_sum":20,"conn_dist_median_ft":618.1414189119246,"total_crossings_mean":0.0,"clipped_area_frac":1.0,"clon":-79.960006,"clat":40.467814},"geometry":{"type":"Polygon","coordinates":[[[-79.95804006030177,40.46885401016772],[-79.95774944959128,40.46710852568475],[-79.95971571521974,40.46606882125055],[-79.96197263431408,40.46677452503661],[-79.96226339871085,40.46851998909901],[-79.96029709032972,40.469559769798494],[-79.95804006030177,40.46885401016772]]]}},{"type":"Feature","id":"892a8473627ffff","properties":{"cell_id":"892a8473627ffff","h3_res":9,"building_count":164,"poi_count_sum":88,"conn_dist_median_ft":721.6561144472755,"total_crossings_mean":0.0,"clipped_area_frac":0.9999999999999998,"clon":-79.962554,"clat":40.470265},"geometry":{"type":"Polygon","coordinates":[[[-79.96058781013254,40.471305300509194],[-79.96029709032972,40.469559769798494],[-79.96226339871085,40.46851998909901],[-79.9645204696408,40.469225662842646],[-79.96481134314212,40.47097117312428],[-79.96284499201768,40.47201103009391],[-79.96058781013254,40.471305300509194]]]}},{"type":"Feature","id":"892a8473623ffff","properties":{"cell_id":"892a8473623ffff","h3_res":9,"building_count":18,"poi_count_sum":28,"conn_dist_median_ft":1840.1562268984908,"total_crossings_mean":1.0,"clipped_area_frac":1.0,"clon":-79.965102,"clat":40.472717},"geometry":{"type":"Polygon","coordinates":[[[-79.9631358209325,40.473756607022096],[-79.96284499201768,40.47201103009391],[-79.96481134314212,40.47097117312428],[-79.96706856591807,40.471676816810444],[-79.9673595485436,40.4734223733011],[-79.96539315468519,40.47446230654571],[-79.9631358209325,40.473756607022096]]]}},{"type":"Feature","id":"892a8473637ffff","properties":{"cell_id":"892a8473637ffff","h3_res":9,"building_count":238,"poi_count_sum":36,"conn_dist_median_ft":1809.8768565193434,"total_crossings_mean":0.09243697478991597,"clipped_area_frac":1.0,"clon":-79.960879,"clat":40.473051},"geometry":{"type":"Polygon","coordinates":[[[-79.95891202139883,40.47409068936147],[-79.95862134620319,40.47234509200824],[-79.96058781013254,40.471305300509194],[-79.96284499201768,40.47201103009391],[-79.9631358209325,40.473756607022096],[-79.96116931424571,40.47479647479317],[-79.95891202139883,40.47409068936147]]]}},{"type":"Feature","id":"892a84730cbffff","properties":{"cell_id":"892a84730cbffff","h3_res":9,"building_count":223,"poi_count_sum":68,"conn_dist_median_ft":1560.1771616899662,"total_crossings_mean":0.008968609865470852,"clipped_area_frac":1.0,"clon":-79.958331,"clat":40.4706},"geometry":{"type":"Polygon","coordinates":[[[-79.9563642052351,40.471639276526844],[-79.9560736391392,40.46989372539959],[-79.95804006030177,40.46885401016772],[-79.96029709032972,40.469559769798494],[-79.96058781013254,40.471305300509194],[-79.95862134620319,40.47234509200824],[-79.9563642052351,40.471639276526844]]]}},{"type":"Feature","id":"892a84730dbffff","properties":{"cell_id":"892a84730dbffff","h3_res":9,"building_count":23,"poi_count_sum":8,"conn_dist_median_ft":2436.3888686614123,"total_crossings_mean":1.3043478260869565,"clipped_area_frac":1.0,"clon":-79.956655,"clat":40.473385},"geometry":{"type":"Polygon","coordinates":[[[-79.95468814998672,40.47442462031049],[-79.95439762851866,40.47267900254472],[-79.9563642052351,40.471639276526844],[-79.95862134620319,40.47234509200824],[-79.95891202139883,40.47409068936147],[-79.9569454019015,40.47513049164843],[-79.95468814998672,40.47442462031049]]]}},{"type":"Feature","id":"892a84730c3ffff","properties":{"cell_id":"892a84730c3ffff","h3_res":9,"building_count":61,"poi_count_sum":1,"conn_dist_median_ft":2408.616804303314,"total_crossings_mean":0.0,"clipped_area_frac":1.0,"clon":-79.954107,"clat":40.470933},"geometry":{"type":"Polygon","coordinates":[[[-79.95214052849389,40.47197310116852],[-79.95185011611333,40.47022752963719],[-79.95381665003953,40.46918787988356],[-79.9560736391392,40.46989372539959],[-79.9563642052351,40.471639276526844],[-79.95439762851866,40.47267900254472],[-79.95214052849389,40.47197310116852]]]}},{"type":"Feature","id":"892a84730c7ffff","properties":{"cell_id":"892a84730c7ffff","h3_res":9,"building_count":8,"poi_count_sum":237,"conn_dist_median_ft":2009.4093441863279,"total_crossings_mean":0.0,"clipped_area_frac":0.9999999999999998,"clon":-79.95156,"clat":40.468482},"geometry":{"type":"Polygon","coordinates":[[[-79.94959316796819,40.46952159823781],[-79.94930286465548,40.46777607295116],[-79.95126935578213,40.4667364994569],[-79.95352619302372,40.4674423749925],[-79.95381665003953,40.46918787988356],[-79.95185011611333,40.47022752963719],[-79.94959316796819,40.46952159823781]]]}},{"type":"Feature","id":"892a84730d7ffff","properties":{"cell_id":"892a84730d7ffff","h3_res":9,"building_count":5,"poi_count_sum":0,"conn_dist_median_ft":3647.852307103759,"total_crossings_mean":0.0,"clipped_area_frac":1.0,"clon":-79.949883,"clat":40.471267},"geometry":{"type":"Polygon","coordinates":[[[-79.94791677995293,40.47230677442556],[-79.94762652129619,40.47056118250265],[-79.94959316796819,40.46952159823781],[-79.95185011611333,40.47022752963719],[-79.95214052849389,40.47197310116852],[-79.95017383900819,40.47301276169465],[-79.94791677995293,40.47230677442556]]]}},{"type":"Feature","id":"892a847308bffff","properties":{"cell_id":"892a847308bffff","h3_res":9,"building_count":82,"poi_count_sum":1,"conn_dist_median_ft":1258.2180596137177,"total_crossings_mean":0.0,"clipped_area_frac":1.0,"clon":-79.947336,"clat":40.468816},"geometry":{"type":"Polygon","coordinates":[[[-79.9453696141318,40.46985516522181],[-79.94507946453064,40.46810961955203],[-79.94704606837963,40.46707011154363],[-79.94930286465548,40.46777607295116],[-79.94959316796819,40.46952159823781],[-79.94762652129619,40.47056118250265],[-79.9453696141318,40.46985516522181]]]}},{"type":"Feature","id":"892a8473087ffff","properties":{"cell_id":"892a8473087ffff","h3_res":9,"building_count":166,"poi_count_sum":5,"conn_dist_median_ft":696.0116800611765,"total_crossings_mean":0.0,"clipped_area_frac":1.0,"clon":-79.940566,"clat":40.466697},"geometry":{"type":"Polygon","coordinates":[[[-79.93859927842757,40.46773688164075],[-79.93830939157004,40.465991361872156],[-79.94027606526778,40.46495199560881],[-79.94253266868152,40.465658072868024],[-79.94282270924677,40.46740357227447],[-79.94085599269324,40.46844301478643],[-79.93859927842757,40.46773688164075]]]}},{"type":"Feature","id":"892a84730bbffff","properties":{"cell_id":"892a84730bbffff","h3_res":9,"building_count":183,"poi_count_sum":67,"conn_dist_median_ft":472.3328213646852,"total_crossings_mean":0.0,"clipped_area_frac":1.0,"clon":-79.942243,"clat":40.463913},"geometry":{"type":"Polygon","coordinates":[[[-79.94027606526778,40.46495199560881],[-79.9399861337188,40.46320654247591],[-79.94195265189383,40.462167186965814],[-79.94420914446216,40.46287320834449],[-79.9444992296982,40.464618641111215],[-79.94253266868152,40.465658072868024],[-79.94027606526778,40.46495199560881]]]}},{"type":"Feature","id":"892a847354bffff","properties":{"cell_id":"892a847354bffff","h3_res":9,"building_count":126,"poi_count_sum":4,"conn_dist_median_ft":923.7328675024928,"total_crossings_mean":0.0,"clipped_area_frac":1.0,"clon":-79.936343,"clat":40.467031},"geometry":{"type":"Polygon","coordinates":[[[-79.93437577596613,40.46807003963378],[-79.93408604282472,40.466324499515515],[-79.93605282918571,40.46528519875624],[-79.93830939157004,40.465991361872156],[-79.93859927842757,40.46773688164075],[-79.93663244918736,40.46877625864568],[-79.93437577596613,40.46807003963378]]]}},{"type":"Feature","id":"892a84730b3ffff","properties":{"cell_id":"892a84730b3ffff","h3_res":9,"building_count":147,"poi_count_sum":22,"conn_dist_median_ft":614.1613927640128,"total_crossings_mean":0.0,"clipped_area_frac":0.9999999999999998,"clon":-79.93802,"clat":40.464246},"geometry":{"type":"Polygon","coordinates":[[[-79.93605282918571,40.46528519875624],[-79.93576305133217,40.463539725269655],[-79.93772968216484,40.46250043525008],[-79.9399861337188,40.46320654247591],[-79.94027606526778,40.46495199560881],[-79.93830939157004,40.465991361872156],[-79.93605282918571,40.46528519875624]]]}},{"type":"Feature","id":"892a847354fffff","properties":{"cell_id":"892a847354fffff","h3_res":9,"building_count":192,"poi_count_sum":48,"conn_dist_median_ft":451.54290844485024,"total_crossings_mean":0.0,"clipped_area_frac":0.9999999999999998,"clon":-79.933796,"clat":40.464579},"geometry":{"type":"Polygon","coordinates":[[[-79.93182952149604,40.46561825054483],[-79.93153989734637,40.463872756717045],[-79.93350664081883,40.46283353219857],[-79.93576305133217,40.463539725269655],[-79.93605282918571,40.46528519875624],[-79.93408604282472,40.466324499515515],[-79.93182952149604,40.46561825054483]]]}},{"type":"Feature","id":"892a8473097ffff","properties":{"cell_id":"892a8473097ffff","h3_res":9,"building_count":105,"poi_count_sum":5,"conn_dist_median_ft":1984.1111654062993,"total_crossings_mean":0.0,"clipped_area_frac":0.9999999999999998,"clon":-79.938889,"clat":40.469482},"geometry":{"type":"Polygon","coordinates":[[[-79.9369222913402,40.47052184504422],[-79.93663244918736,40.46877625864568],[-79.93859927842757,40.46773688164075],[-79.94085599269324,40.46844301478643],[-79.94114598857445,40.470188580826836],[-79.93917911646432,40.47122803408229],[-79.9369222913402,40.47052184504422]]]}},{"type":"Feature","id":"892a847355bffff","properties":{"cell_id":"892a847355bffff","h3_res":9,"building_count":60,"poi_count_sum":3,"conn_dist_median_ft":2177.774849948273,"total_crossings_mean":0.0,"clipped_area_frac":1.0,"clon":-79.934666,"clat":40.469816},"geometry":{"type":"Polygon","coordinates":[[[-79.93269852247315,40.4708549578653],[-79.93240883405707,40.469109351121105],[-79.93437577596613,40.46807003963378],[-79.93663244918736,40.46877625864568],[-79.9369222913402,40.47052184504422],[-79.93495530653776,40.47156123277911],[-79.93269852247315,40.4708549578653]]]}},{"type":"Feature","id":"892a8473083ffff","properties":{"cell_id":"892a8473083ffff","h3_res":9,"building_count":71,"poi_count_sum":2,"conn_dist_median_ft":1412.0692457411171,"total_crossings_mean":0.0,"clipped_area_frac":1.0,"clon":-79.943113,"clat":40.469149},"geometry":{"type":"Polygon","coordinates":[[[-79.94114598857445,40.470188580826836],[-79.94085599269324,40.46844301478643],[-79.94282270924677,40.46740357227447],[-79.94507946453064,40.46810961955203],[-79.9453696141318,40.46985516522181],[-79.94340285473181,40.47089468398724],[-79.94114598857445,40.470188580826836]]]}},{"type":"Feature","id":"892a847309bffff","properties":{"cell_id":"892a847309bffff","h3_res":9,"building_count":14,"poi_count_sum":1,"conn_dist_median_ft":2709.3791858614773,"total_crossings_mean":0.0,"clipped_area_frac":1.0,"clon":-79.94566,"clat":40.471601},"geometry":{"type":"Polygon","coordinates":[[[-79.94369295965637,40.472640296289256],[-79.94340285473181,40.47089468398724],[-79.9453696141318,40.46985516522181],[-79.94762652129619,40.47056118250265],[-79.94791677995293,40.47230677442556],[-79.9459499777158,40.473346369449324],[-79.94369295965637,40.472640296289256]]]}},{"type":"Feature","id":"892a8473093ffff","properties":{"cell_id":"892a8473093ffff","h3_res":9,"building_count":26,"poi_count_sum":0,"conn_dist_median_ft":2772.7763021826418,"total_crossings_mean":0.0,"clipped_area_frac":1.0,"clon":-79.941436,"clat":40.471934},"geometry":{"type":"Polygon","coordinates":[[[-79.93946906764826,40.47297366675091],[-79.93917911646432,40.47122803408229],[-79.94114598857445,40.470188580826836],[-79.94340285473181,40.47089468398724],[-79.94369295965637,40.472640296289256],[-79.94172604468564,40.47367982580005],[-79.93946906764826,40.47297366675091]]]}},{"type":"Feature","id":"892a847342fffff","properties":{"cell_id":"892a847342fffff","h3_res":9,"building_count":32,"poi_count_sum":1,"conn_dist_median_ft":3890.120709539887,"total_crossings_mean":0.0,"clipped_area_frac":1.0,"clon":-79.937212,"clat":40.472267},"geometry":{"type":"Polygon","coordinates":[[[-79.93524510397269,40.47330688580184],[-79.93495530653776,40.47156123277911],[-79.9369222913402,40.47052184504422],[-79.93917911646432,40.47122803408229],[-79.93946906764826,40.47297366675091],[-79.93750203996176,40.474013130738165],[-79.93524510397269,40.47330688580184]]]}},{"type":"Feature","id":"892a8473543ffff","properties":{"cell_id":"892a8473543ffff","h3_res":9,"building_count":137,"poi_count_sum":2,"conn_dist_median_ft":1264.151218679645,"total_crossings_mean":0.0,"clipped_area_frac":1.0,"clon":-79.932119,"clat":40.467364},"geometry":{"type":"Polygon","coordinates":[[[-79.93015220190655,40.46840304624489],[-79.92986262248964,40.46665748578945],[-79.93182952149604,40.46561825054483],[-79.93408604282472,40.466324499515515],[-79.93437577596613,40.46807003963378],[-79.93240883405707,40.469109351121105],[-79.93015220190655,40.46840304624489]]]}},{"type":"Feature","id":"892a8473553ffff","properties":{"cell_id":"892a8473553ffff","h3_res":9,"building_count":171,"poi_count_sum":3,"conn_dist_median_ft":3101.215545836135,"total_crossings_mean":0.3391812865497076,"clipped_area_frac":0.9999999999999998,"clon":-79.930442,"clat":40.470149},"geometry":{"type":"Polygon","coordinates":[[[-79.92847468201738,40.47118791928137],[-79.92818514734647,40.46944229220402],[-79.93015220190655,40.46840304624489],[-79.93240883405707,40.469109351121105],[-79.93269852247315,40.4708549578653],[-79.93073142499624,40.47189428006902],[-79.92847468201738,40.47118791928137]]]}},{"type":"Feature","id":"892a8473427ffff","properties":{"cell_id":"892a8473427ffff","h3_res":9,"building_count":42,"poi_count_sum":4,"conn_dist_median_ft":3356.2845768701527,"total_crossings_mean":0.0,"clipped_area_frac":0.9999999999999998,"clon":-79.932988,"clat":40.472601},"geometry":{"type":"Polygon","coordinates":[[[-79.93102106867373,40.47363995343339],[-79.93073142499624,40.47189428006902],[-79.93269852247315,40.4708549578653],[-79.93495530653776,40.47156123277911],[-79.93524510397269,40.47330688580184],[-79.93327796358825,40.47434628425499],[-79.93102106867373,40.47363995343339]]]}},{"type":"Feature","id":"892a84735cfffff","properties":{"cell_id":"892a84735cfffff","h3_res":9,"building_count":164,"poi_count_sum":8,"conn_dist_median_ft":3071.915097915644,"total_crossings_mean":3.182926829268293,"clipped_area_frac":1.0,"clon":-79.926218,"clat":40.470482},"geometry":{"type":"Polygon","coordinates":[[[-79.92425077001695,40.4715207292838],[-79.92396138909962,40.469775081885786],[-79.92592855629289,40.468735901465415],[-79.92818514734647,40.46944229220402],[-79.92847468201738,40.47118791928137],[-79.92650747188384,40.47222717594336],[-79.92425077001695,40.4715207292838]]]}},{"type":"Feature","id":"892a84735cbffff","properties":{"cell_id":"892a84735cbffff","h3_res":9,"building_count":227,"poi_count_sum":2,"conn_dist_median_ft":4358.641472695953,"total_crossings_mean":3.5726872246696035,"clipped_area_frac":1.0,"clon":-79.928764,"clat":40.472934},"geometry":{"type":"Polygon","coordinates":[[[-79.9267969617955,40.47397286963685],[-79.92650747188384,40.47222717594336],[-79.92847468201738,40.47118791928137],[-79.93073142499624,40.47189428006902],[-79.93102106867373,40.47363995343339],[-79.92905381560921,40.47467928634183],[-79.9267969617955,40.47397286963685]]]}},{"type":"Feature","id":"892a84735c3ffff","properties":{"cell_id":"892a84735c3ffff","h3_res":9,"building_count":245,"poi_count_sum":3,"conn_dist_median_ft":4226.885841070952,"total_crossings_mean":2.840816326530612,"clipped_area_frac":0.9999999999999998,"clon":-79.92454,"clat":40.473266},"geometry":{"type":"Polygon","coordinates":[[[-79.9225727833821,40.474305634403606],[-79.92228344724465,40.47255992039346],[-79.92425077001695,40.4715207292838],[-79.92650747188384,40.47222717594336],[-79.9267969617955,40.47397286963685],[-79.92482959606875,40.47501213699002],[-79.9225727833821,40.474305634403606]]]}},{"type":"Feature","id":"892a8473557ffff","properties":{"cell_id":"892a8473557ffff","h3_res":9,"building_count":149,"poi_count_sum":3,"conn_dist_median_ft":2168.6575485407875,"total_crossings_mean":2.0939597315436242,"clipped_area_frac":1.0,"clon":-79.927896,"clat":40.467697},"geometry":{"type":"Polygon","coordinates":[[[-79.92592855629289,40.468735901465415],[-79.92563913060887,40.46699032068529],[-79.92760614224285,40.465951150965886],[-79.92986262248964,40.46665748578945],[-79.93015220190655,40.46840304624489],[-79.92818514734647,40.46944229220402],[-79.92592855629289,40.468735901465415]]]}},{"type":"Feature","id":"892a847351bffff","properties":{"cell_id":"892a847351bffff","h3_res":9,"building_count":158,"poi_count_sum":19,"conn_dist_median_ft":2699.436218386878,"total_crossings_mean":5.050632911392405,"clipped_area_frac":1.0,"clon":-79.923672,"clat":40.468029},"geometry":{"type":"Polygon","coordinates":[[[-79.92170483916924,40.46906860528669],[-79.92141556722652,40.46732300419437],[-79.92338269147022,40.46628390001076],[-79.92563913060887,40.46699032068529],[-79.92592855629289,40.468735901465415],[-79.92396138909962,40.469775081885786],[-79.92170483916924,40.46906860528669]]]}},{"type":"Feature","id":"892a8473547ffff","properties":{"cell_id":"892a8473547ffff","h3_res":9,"building_count":68,"poi_count_sum":11,"conn_dist_median_ft":654.5009651027531,"total_crossings_mean":1.2205882352941178,"clipped_area_frac":1.0,"clon":-79.929573,"clat":40.464912},"geometry":{"type":"Polygon","coordinates":[[[-79.92760614224285,40.465951150965886],[-79.92731667180544,40.464205636809396],[-79.92928352789987,40.46316647780261],[-79.93153989734637,40.463872756717045],[-79.93182952149604,40.46561825054483],[-79.92986262248964,40.46665748578945],[-79.92760614224285,40.465951150965886]]]}},{"type":"Feature","id":"892a847350bffff","properties":{"cell_id":"892a847350bffff","h3_res":9,"building_count":105,"poi_count_sum":12,"conn_dist_median_ft":1463.4875674709801,"total_crossings_mean":2.4952380952380953,"clipped_area_frac":1.0,"clon":-79.92535,"clat":40.465245},"geometry":{"type":"Polygon","coordinates":[[[-79.92338269147022,40.46628390001076],[-79.92309337475345,40.46453836553805],[-79.925060343452,40.46349927205351],[-79.92731667180544,40.464205636809396],[-79.92760614224285,40.465951150965886],[-79.92563913060887,40.46699032068529],[-79.92338269147022,40.46628390001076]]]}},{"type":"Feature","id":"892a8473573ffff","properties":{"cell_id":"892a8473573ffff","h3_res":9,"building_count":15,"poi_count_sum":133,"conn_dist_median_ft":402.79478386803027,"total_crossings_mean":0.2,"clipped_area_frac":1.0,"clon":-79.927027,"clat":40.46246},"geometry":{"type":"Polygon","coordinates":[[[-79.925060343452,40.46349927205351],[-79.9247709819744,40.46175380420617],[-79.92673779514757,40.460714721432375],[-79.92899401272227,40.461421030275496],[-79.92928352789987,40.46316647780261],[-79.92731667180544,40.464205636809396],[-79.925060343452,40.46349927205351]]]}},{"type":"Feature","id":"892a847350fffff","properties":{"cell_id":"892a847350fffff","h3_res":9,"building_count":37,"poi_count_sum":74,"conn_dist_median_ft":765.1589787941306,"total_crossings_mean":2.135135135135135,"clipped_area_frac":1.0,"clon":-79.922804,"clat":40.462793},"geometry":{"type":"Polygon","coordinates":[[[-79.92083708751933,40.46383191494264],[-79.92054787975013,40.46208642678755],[-79.92251480550397,40.46104740953303],[-79.9247709819744,40.46175380420617],[-79.925060343452,40.46349927205351],[-79.92309337475345,40.46453836553805],[-79.92083708751933,40.46383191494264]]]}},{"type":"Feature","id":"892a847357bffff","properties":{"cell_id":"892a847357bffff","h3_res":9,"building_count":113,"poi_count_sum":13,"conn_dist_median_ft":821.7528289032707,"total_crossings_mean":0.23893805309734514,"clipped_area_frac":1.0,"clon":-79.93125,"clat":40.462127},"geometry":{"type":"Polygon","coordinates":[[[-79.92928352789987,40.46316647780261],[-79.92899401272227,40.461421030275496],[-79.93096071329691,40.46038188199298],[-79.93321697194965,40.4610881050042],[-79.93350664081883,40.46283353219857],[-79.93153989734637,40.463872756717045],[-79.92928352789987,40.46316647780261]]]}},{"type":"Feature","id":"892a84730b7ffff","properties":{"cell_id":"892a84730b7ffff","h3_res":9,"building_count":180,"poi_count_sum":11,"conn_dist_median_ft":1241.9002445978444,"total_crossings_mean":0.0,"clipped_area_frac":1.0,"clon":-79.935473,"clat":40.461794},"geometry":{"type":"Polygon","coordinates":[[[-79.93350664081883,40.46283353219857],[-79.93321697194965,40.4610881050042],[-79.93518355990791,40.46004889122356],[-79.93743985961245,40.46075502840094],[-79.93772968216484,40.46250043525008],[-79.93576305133217,40.463539725269655],[-79.93350664081883,40.46283353219857]]]}},{"type":"Feature","id":"892a84730abffff","properties":{"cell_id":"892a84730abffff","h3_res":9,"building_count":175,"poi_count_sum":13,"conn_dist_median_ft":992.2911667560456,"total_crossings_mean":0.0,"clipped_area_frac":1.0,"clon":-79.943919,"clat":40.461128},"geometry":{"type":"Polygon","coordinates":[[[-79.94195265189383,40.462167186965814],[-79.94166267566663,40.460421800474364],[-79.9436290383387,40.45938245572919],[-79.94588542006815,40.46008842123318],[-79.94617554996174,40.46183378735444],[-79.94420914446216,40.46287320834449],[-79.94195265189383,40.462167186965814]]]}},{"type":"Feature","id":"892a84730a3ffff","properties":{"cell_id":"892a84730a3ffff","h3_res":9,"building_count":205,"poi_count_sum":9,"conn_dist_median_ft":1223.824375838195,"total_crossings_mean":0.0,"clipped_area_frac":1.0,"clon":-79.939696,"clat":40.461461},"geometry":{"type":"Polygon","coordinates":[[[-79.93772968216484,40.46250043525008],[-79.93743985961245,40.46075502840094],[-79.93940633493654,40.45971574913272],[-79.94166267566663,40.460421800474364],[-79.94195265189383,40.462167186965814],[-79.9399861337188,40.46320654247591],[-79.93772968216484,40.46250043525008]]]}},{"type":"Feature","id":"892a8473577ffff","properties":{"cell_id":"892a8473577ffff","h3_res":9,"building_count":61,"poi_count_sum":209,"conn_dist_median_ft":329.40399235587876,"total_crossings_mean":0.8032786885245902,"clipped_area_frac":0.9999999999999998,"clon":-79.924482,"clat":40.460008},"geometry":{"type":"Polygon","coordinates":[[[-79.92251480550397,40.46104740953303],[-79.92222555296654,40.45930198800503],[-79.92419232320913,40.45826298145937],[-79.92644838892241,40.458969320216134],[-79.92673779514757,40.460714721432375],[-79.9247709819744,40.46175380420617],[-79.92251480550397,40.46104740953303]]]}},{"type":"Feature","id":"892a847352bffff","properties":{"cell_id":"892a847352bffff","h3_res":9,"building_count":105,"poi_count_sum":36,"conn_dist_median_ft":1447.5517418235286,"total_crossings_mean":3.5428571428571427,"clipped_area_frac":1.0,"clon":-79.921936,"clat":40.457557},"geometry":{"type":"Polygon","coordinates":[[[-79.9199695283687,40.458595563429675],[-79.91968038475177,40.45685018823121],[-79.9216471120545,40.45581125790882],[-79.92390302591673,40.45651762656421],[-79.92419232320913,40.45826298145937],[-79.92222555296654,40.45930198800503],[-79.9199695283687,40.458595563429675]]]}},{"type":"Feature","id":"892a847353bffff","properties":{"cell_id":"892a847353bffff","h3_res":9,"building_count":22,"poi_count_sum":42,"conn_dist_median_ft":1152.3167912572658,"total_crossings_mean":2.227272727272727,"clipped_area_frac":1.0,"clon":-79.920259,"clat":40.460341},"geometry":{"type":"Polygon","coordinates":[[[-79.91829174441015,40.461379946286314],[-79.91800264556885,40.45963450445904],[-79.9199695283687,40.458595563429675],[-79.92222555296654,40.45930198800503],[-79.92251480550397,40.46104740953303],[-79.92054787975013,40.46208642678755],[-79.91829174441015,40.461379946286314]]]}},{"type":"Feature","id":"892a8473507ffff","properties":{"cell_id":"892a8473507ffff","h3_res":9,"building_count":43,"poi_count_sum":5,"conn_dist_median_ft":1887.460872180126,"total_crossings_mean":4.069767441860465,"clipped_area_frac":1.0,"clon":-79.918581,"clat":40.463125},"geometry":{"type":"Polygon","coordinates":[[[-79.9166137601459,40.464164406461336],[-79.91632470609346,40.46241889801098],[-79.91829174441015,40.461379946286314],[-79.92054787975013,40.46208642678755],[-79.92083708751933,40.46383191494264],[-79.9188700062345,40.46487094289436],[-79.9166137601459,40.464164406461336]]]}},{"type":"Feature","id":"892a8473533ffff","properties":{"cell_id":"892a8473533ffff","h3_res":9,"building_count":36,"poi_count_sum":23,"conn_dist_median_ft":1907.6056633826538,"total_crossings_mean":7.333333333333333,"clipped_area_frac":0.9999999999999998,"clon":-79.916036,"clat":40.460673},"geometry":{"type":"Polygon","coordinates":[[[-79.91406861191022,40.46171233168358],[-79.91377966677341,40.459966869569485],[-79.91574666211265,40.45892799406702],[-79.91800264556885,40.45963450445904],[-79.91829174441015,40.461379946286314],[-79.91632470609346,40.46241889801098],[-79.91406861191022,40.46171233168358]]]}},{"type":"Feature","id":"892a84735abffff","properties":{"cell_id":"892a84735abffff","h3_res":9,"building_count":136,"poi_count_sum":6,"conn_dist_median_ft":2799.351554920065,"total_crossings_mean":7.205882352941177,"clipped_area_frac":1.0,"clon":-79.914358,"clat":40.463458},"geometry":{"type":"Polygon","coordinates":[[[-79.91239036137583,40.46449674660095],[-79.91210146104852,40.462751217867826],[-79.91406861191022,40.46171233168358],[-79.91632470609346,40.46241889801098],[-79.9166137601459,40.464164406461336],[-79.91464656629265,40.465203368869645],[-79.91239036137583,40.46449674660095]]]}},{"type":"Feature","id":"892a8473523ffff","properties":{"cell_id":"892a8473523ffff","h3_res":9,"building_count":25,"poi_count_sum":133,"conn_dist_median_ft":952.7282705042626,"total_crossings_mean":2.16,"clipped_area_frac":1.0,"clon":-79.917714,"clat":40.457889},"geometry":{"type":"Polygon","coordinates":[[[-79.91574666211265,40.45892799406702],[-79.91545767217958,40.45718259857774],[-79.91742451201615,40.456143733768684],[-79.91968038475177,40.45685018823121],[-79.9199695283687,40.458595563429675],[-79.91800264556885,40.45963450445904],[-79.91574666211265,40.45892799406702]]]}},{"type":"Feature","id":"892a8473537ffff","properties":{"cell_id":"892a8473537ffff","h3_res":9,"building_count":18,"poi_count_sum":20,"conn_dist_median_ft":1930.5895675452298,"total_crossings_mean":3.7777777777777777,"clipped_area_frac":1.0,"clon":-79.913491,"clat":40.458221},"geometry":{"type":"Polygon","coordinates":[[[-79.9115237244851,40.45926027336276],[-79.91123488824425,40.45751485759514],[-79.91320184059681,40.45647605831],[-79.91545767217958,40.45718259857774],[-79.91574666211265,40.45892799406702],[-79.91377966677341,40.459966869569485],[-79.9115237244851,40.45926027336276]]]}},{"type":"Feature","id":"892a84735afffff","properties":{"cell_id":"892a84735afffff","h3_res":9,"building_count":96,"poi_count_sum":20,"conn_dist_median_ft":2694.132124774822,"total_crossings_mean":5.104166666666667,"clipped_area_frac":0.9999999999999998,"clon":-79.911813,"clat":40.461006},"geometry":{"type":"Polygon","coordinates":[[[-79.90984540804823,40.46204456571618],[-79.90955661662429,40.46029908332778],[-79.9115237244851,40.45926027336276],[-79.91377966677341,40.459966869569485],[-79.91406861191022,40.46171233168358],[-79.91210146104852,40.462751217867826],[-79.90984540804823,40.46204456571618]]]}},{"type":"Feature","id":"892a84722dbffff","properties":{"cell_id":"892a84722dbffff","h3_res":9,"building_count":49,"poi_count_sum":47,"conn_dist_median_ft":2319.403421680979,"total_crossings_mean":7.244897959183674,"clipped_area_frac":1.0,"clon":-79.909268,"clat":40.458554},"geometry":{"type":"Polygon","coordinates":[[[-79.9073007155301,40.459592401308235],[-79.90701203298987,40.457846965274776],[-79.90897909784053,40.45680823152411],[-79.91123488824425,40.45751485759514],[-79.9115237244851,40.45926027336276],[-79.90955661662429,40.46029908332778],[-79.9073007155301,40.459592401308235]]]}},{"type":"Feature","id":"892a84722d3ffff","properties":{"cell_id":"892a84722d3ffff","h3_res":9,"building_count":66,"poi_count_sum":2,"conn_dist_median_ft":3296.697830752019,"total_crossings_mean":11.106060606060606,"clipped_area_frac":1.0,"clon":-79.905045,"clat":40.458886},"geometry":{"type":"Polygon","coordinates":[[[-79.90307763529171,40.45992437789483],[-79.90278910646045,40.45817892160801],[-79.90475628379139,40.45714025340237],[-79.90701203298987,40.457846965274776],[-79.9073007155301,40.459592401308235],[-79.90533349516556,40.46063114572524],[-79.90307763529171,40.45992437789483]]]}},{"type":"Feature","id":"892a847266bffff","properties":{"cell_id":"892a847266bffff","h3_res":9,"building_count":59,"poi_count_sum":6,"conn_dist_median_ft":4727.939729481202,"total_crossings_mean":12.23728813559322,"clipped_area_frac":1.0,"clon":-79.903366,"clat":40.46167},"geometry":{"type":"Polygon","coordinates":[[[-79.90139878641443,40.46270857965279],[-79.90111030244135,40.46096305675326],[-79.90307763529171,40.45992437789483],[-79.90533349516556,40.46063114572524],[-79.90562213286827,40.46237664837545],[-79.90365475697016,40.46341540344715],[-79.90139878641443,40.46270857965279]]]}},{"type":"Feature","id":"892a84735a7ffff","properties":{"cell_id":"892a84735a7ffff","h3_res":9,"building_count":104,"poi_count_sum":6,"conn_dist_median_ft":3494.8003313789895,"total_crossings_mean":8.403846153846153,"clipped_area_frac":1.0,"clon":-79.907589,"clat":40.461338},"geometry":{"type":"Polygon","coordinates":[[[-79.90562213286827,40.46237664837545],[-79.90533349516556,40.46063114572524],[-79.9073007155301,40.459592401308235],[-79.90955661662429,40.46029908332778],[-79.90984540804823,40.46204456571618],[-79.90787814465939,40.463083386349425],[-79.90562213286827,40.46237664837545]]]}},{"type":"Feature","id":"892a84735a3ffff","properties":{"cell_id":"892a84735a3ffff","h3_res":9,"building_count":135,"poi_count_sum":5,"conn_dist_median_ft":3493.936021697841,"total_crossings_mean":6.807407407407408,"clipped_area_frac":0.9999999999999998,"clon":-79.910134,"clat":40.46379},"geometry":{"type":"Polygon","coordinates":[[[-79.90816689125319,40.464828935352834],[-79.90787814465939,40.463083386349425],[-79.90984540804823,40.46204456571618],[-79.91210146104852,40.462751217867826],[-79.91239036137583,40.46449674660095],[-79.91042305497199,40.4655356434553],[-79.90816689125319,40.464828935352834]]]}},{"type":"Feature","id":"892a84735b7ffff","properties":{"cell_id":"892a84735b7ffff","h3_res":9,"building_count":64,"poi_count_sum":4,"conn_dist_median_ft":5172.244844375367,"total_crossings_mean":12.046875,"clipped_area_frac":1.0,"clon":-79.905911,"clat":40.464122},"geometry":{"type":"Polygon","coordinates":[[[-79.90394334982206,40.46516097270834],[-79.90365475697016,40.46341540344715],[-79.90562213286827,40.46237664837545],[-79.90787814465939,40.463083386349425],[-79.90816689125319,40.464828935352834],[-79.9061994723166,40.46586776664265],[-79.90394334982206,40.46516097270834]]]}},{"type":"Feature","id":"892a847264fffff","properties":{"cell_id":"892a847264fffff","h3_res":9,"building_count":202,"poi_count_sum":2,"conn_dist_median_ft":6274.708797907948,"total_crossings_mean":7.297029702970297,"clipped_area_frac":1.0,"clon":-79.904232,"clat":40.466907},"geometry":{"type":"Polygon","coordinates":[[[-79.90226436635844,40.46794537428947],[-79.90197581837062,40.46619973842305],[-79.90394334982206,40.46516097270834],[-79.9061994723166,40.46586776664265],[-79.90648817406696,40.46761338225531],[-79.9045205995629,40.46865222419001],[-79.90226436635844,40.46794537428947]]]}},{"type":"Feature","id":"892a84735b3ffff","properties":{"cell_id":"892a84735b3ffff","h3_res":9,"building_count":42,"poi_count_sum":12,"conn_dist_median_ft":4359.698620722595,"total_crossings_mean":7.833333333333333,"clipped_area_frac":1.0,"clon":-79.908456,"clat":40.466575},"geometry":{"type":"Polygon","coordinates":[[[-79.90648817406696,40.46761338225531],[-79.9061994723166,40.46586776664265],[-79.90816689125319,40.464828935352834],[-79.91042305497199,40.4655356434553],[-79.91071191047652,40.46728123880171],[-79.90874444851075,40.4683201463145],[-79.90648817406696,40.46761338225531]]]}},{"type":"Feature","id":"892a84735bbffff","properties":{"cell_id":"892a84735bbffff","h3_res":9,"building_count":73,"poi_count_sum":6,"conn_dist_median_ft":3983.8008139087265,"total_crossings_mean":4.63013698630137,"clipped_area_frac":1.0,"clon":-79.912679,"clat":40.466242},"geometry":{"type":"Polygon","coordinates":[[[-79.91071191047652,40.46728123880171],[-79.91042305497199,40.4655356434553],[-79.91239036137583,40.46449674660095],[-79.91464656629265,40.465203368869645],[-79.91493557554296,40.466948943937325],[-79.91296822613336,40.46798791701762],[-79.91071191047652,40.46728123880171]]]}},{"type":"Feature","id":"892a8473517ffff","properties":{"cell_id":"892a8473517ffff","h3_res":9,"building_count":83,"poi_count_sum":5,"conn_dist_median_ft":3226.3857757123187,"total_crossings_mean":3.036144578313253,"clipped_area_frac":1.0,"clon":-79.916903,"clat":40.46591},"geometry":{"type":"Polygon","coordinates":[[[-79.91493557554296,40.466948943937325],[-79.91464656629265,40.465203368869645],[-79.9166137601459,40.464164406461336],[-79.9188700062345,40.46487094289436],[-79.91915916922224,40.46661649767078],[-79.91719193238666,40.46765553630803],[-79.91493557554296,40.466948943937325]]]}},{"type":"Feature","id":"892a8473503ffff","properties":{"cell_id":"892a8473503ffff","h3_res":9,"building_count":53,"poi_count_sum":12,"conn_dist_median_ft":2282.711447396797,"total_crossings_mean":5.30188679245283,"clipped_area_frac":1.0,"clon":-79.921126,"clat":40.465577},"geometry":{"type":"Polygon","coordinates":[[[-79.91915916922224,40.46661649767078],[-79.9188700062345,40.46487094289436],[-79.92083708751933,40.46383191494264],[-79.92309337475345,40.46453836553805],[-79.92338269147022,40.46628390001076],[-79.92141556722652,40.46732300419437],[-79.91915916922224,40.46661649767078]]]}},{"type":"Feature","id":"892a8473513ffff","properties":{"cell_id":"892a8473513ffff","h3_res":9,"building_count":166,"poi_count_sum":9,"conn_dist_median_ft":3431.814823423867,"total_crossings_mean":6.77710843373494,"clipped_area_frac":1.0,"clon":-79.919448,"clat":40.468362},"geometry":{"type":"Polygon","coordinates":[[[-79.91748105057967,40.46940115770006],[-79.91719193238666,40.46765553630803],[-79.91915916922224,40.46661649767078],[-79.92141556722652,40.46732300419437],[-79.92170483916924,40.46906860528669],[-79.91973755936064,40.47010772015771],[-79.91748105057967,40.46940115770006]]]}},{"type":"Feature","id":"892a847358fffff","properties":{"cell_id":"892a847358fffff","h3_res":9,"building_count":148,"poi_count_sum":1,"conn_dist_median_ft":4123.7207244971,"total_crossings_mean":6.0,"clipped_area_frac":1.0,"clon":-79.915225,"clat":40.468695},"geometry":{"type":"Polygon","coordinates":[[[-79.91325719056832,40.46973355869686],[-79.91296822613336,40.46798791701762],[-79.91493557554296,40.466948943937325],[-79.91719193238666,40.46765553630803],[-79.91748105057967,40.46940115770006],[-79.91551365817361,40.470440207011166],[-79.91325719056832,40.46973355869686]]]}},{"type":"Feature","id":"892a84735c7ffff","properties":{"cell_id":"892a84735c7ffff","h3_res":9,"building_count":178,"poi_count_sum":2,"conn_dist_median_ft":3792.9447058950277,"total_crossings_mean":6.48314606741573,"clipped_area_frac":1.0,"clon":-79.921994,"clat":40.470814},"geometry":{"type":"Polygon","coordinates":[[[-79.92002678651602,40.47185338786389],[-79.91973755936064,40.47010772015771],[-79.92170483916924,40.46906860528669],[-79.92396138909962,40.469775081885786],[-79.92425077001695,40.4715207292838],[-79.92228344724465,40.47255992039346],[-79.92002678651602,40.47185338786389]]]}},{"type":"Feature","id":"892a847358bffff","properties":{"cell_id":"892a847358bffff","h3_res":9,"building_count":242,"poi_count_sum":0,"conn_dist_median_ft":4366.764764108837,"total_crossings_mean":7.152892561983471,"clipped_area_frac":1.0,"clon":-79.91777,"clat":40.471147},"geometry":{"type":"Polygon","coordinates":[[[-79.91580273155867,40.47218589501302],[-79.91551365817361,40.470440207011166],[-79.91748105057967,40.46940115770006],[-79.91973755936064,40.47010772015771],[-79.92002678651602,40.47185338786389],[-79.91805935112278,40.47289251341068],[-79.91580273155867,40.47218589501302]]]}},{"type":"Feature","id":"892a84735d7ffff","properties":{"cell_id":"892a84735d7ffff","h3_res":9,"building_count":173,"poi_count_sum":2,"conn_dist_median_ft":4868.033366739851,"total_crossings_mean":7.219653179190751,"clipped_area_frac":1.0,"clon":-79.920316,"clat":40.473599},"geometry":{"type":"Polygon","coordinates":[[[-79.9183485334776,40.47463824772496],[-79.91805935112278,40.47289251341068],[-79.92002678651602,40.47185338786389],[-79.92228344724465,40.47255992039346],[-79.9225727833821,40.474305634403606],[-79.92060530501097,40.47534483619089],[-79.9183485334776,40.47463824772496]]]}},{"type":"Feature","id":"892a8473583ffff","properties":{"cell_id":"892a8473583ffff","h3_res":9,"building_count":182,"poi_count_sum":1,"conn_dist_median_ft":5446.182892424955,"total_crossings_mean":6.0,"clipped_area_frac":1.0,"clon":-79.913546,"clat":40.471479},"geometry":{"type":"Polygon","coordinates":[[[-79.91157860518895,40.4725182507225],[-79.91128968558263,40.47077254243747],[-79.91325719056832,40.46973355869686],[-79.91551365817361,40.470440207011166],[-79.91580273155867,40.47218589501302],[-79.91383518356236,40.473224954986335],[-79.91157860518895,40.4725182507225]]]}},{"type":"Feature","id":"892a8473587ffff","properties":{"cell_id":"892a8473587ffff","h3_res":9,"building_count":39,"poi_count_sum":8,"conn_dist_median_ft":5034.691720568803,"total_crossings_mean":4.666666666666667,"clipped_area_frac":1.0,"clon":-79.911001,"clat":40.469027},"geometry":{"type":"Polygon","coordinates":[[[-79.90903325917924,40.470065808268444],[-79.90874444851075,40.4683201463145],[-79.91071191047652,40.46728123880171],[-79.91296822613336,40.46798791701762],[-79.91325719056832,40.46973355869686],[-79.91128968558263,40.47077254243747],[-79.90903325917924,40.470065808268444]]]}},{"type":"Feature","id":"892a8473597ffff","properties":{"cell_id":"892a8473597ffff","h3_res":9,"building_count":10,"poi_count_sum":1,"conn_dist_median_ft":5377.846643708352,"total_crossings_mean":3.6,"clipped_area_frac":1.0,"clon":-79.909322,"clat":40.471812},"geometry":{"type":"Polygon","coordinates":[[[-79.90735440745102,40.47285045498373],[-79.90706564163182,40.471104726428],[-79.90903325917924,40.470065808268444],[-79.91128968558263,40.47077254243747],[-79.91157860518895,40.4725182507225],[-79.90961094460745,40.47355724511177],[-79.90735440745102,40.47285045498373]]]}},{"type":"Feature","id":"892a847265bffff","properties":{"cell_id":"892a847265bffff","h3_res":9,"building_count":22,"poi_count_sum":1,"conn_dist_median_ft":8954.754247664427,"total_crossings_mean":3.9545454545454546,"clipped_area_frac":1.0,"clon":-79.905098,"clat":40.472144},"geometry":{"type":"Polygon","coordinates":[[[-79.90313013838899,40.47318250778802],[-79.90284152636526,40.47143675897411],[-79.90480925645657,40.47039790640617],[-79.90706564163182,40.471104726428],[-79.90735440745102,40.47285045498373],[-79.9053866343022,40.47388938377839],[-79.90313013838899,40.47318250778802]]]}},{"type":"Feature","id":"892a847264bffff","properties":{"cell_id":"892a847264bffff","h3_res":9,"building_count":96,"poi_count_sum":2,"conn_dist_median_ft":6142.705293904084,"total_crossings_mean":4.0,"clipped_area_frac":1.0,"clon":-79.906777,"clat":40.469359},"geometry":{"type":"Polygon","coordinates":[[[-79.90480925645657,40.47039790640617],[-79.9045205995629,40.46865222419001],[-79.90648817406696,40.46761338225531],[-79.90874444851075,40.4683201463145],[-79.90903325917924,40.470065808268444],[-79.90706564163182,40.471104726428],[-79.90480925645657,40.47039790640617]]]}},{"type":"Feature","id":"892a8472643ffff","properties":{"cell_id":"892a8472643ffff","h3_res":9,"building_count":99,"poi_count_sum":0,"conn_dist_median_ft":7232.9688389751645,"total_crossings_mean":4.2727272727272725,"clipped_area_frac":1.0,"clon":-79.902553,"clat":40.469691},"geometry":{"type":"Polygon","coordinates":[[[-79.9005851824444,40.47072985310142],[-79.90029667933393,40.46898415063555],[-79.90226436635844,40.46794537428947],[-79.9045205995629,40.46865222419001],[-79.90480925645657,40.47039790640617],[-79.90284152636526,40.47143675897411],[-79.9005851824444,40.47072985310142]]]}},{"type":"Feature","id":"892a847267bffff","properties":{"cell_id":"892a847267bffff","h3_res":9,"building_count":126,"poi_count_sum":2,"conn_dist_median_ft":5604.747124160365,"total_crossings_mean":13.0,"clipped_area_frac":1.0,"clon":-79.901687,"clat":40.464454},"geometry":{"type":"Polygon","coordinates":[[[-79.89971973712652,40.46549285865886],[-79.8994312980249,40.46374726915237],[-79.90139878641443,40.46270857965279],[-79.90365475697016,40.46341540344715],[-79.90394334982206,40.46516097270834],[-79.90197581837062,40.46619973842305],[-79.89971973712652,40.46549285865886]]]}},{"type":"Feature","id":"892a8472647ffff","properties":{"cell_id":"892a8472647ffff","h3_res":9,"building_count":131,"poi_count_sum":0,"conn_dist_median_ft":8371.374163531786,"total_crossings_mean":12.725190839694656,"clipped_area_frac":1.0,"clon":-79.900008,"clat":40.467238},"geometry":{"type":"Polygon","coordinates":[[[-79.89804048739501,40.46827721489558],[-79.8977520931781,40.4665315587879],[-79.89971973712652,40.46549285865886],[-79.90197581837062,40.46619973842305],[-79.90226436635844,40.46794537428947],[-79.90029667933393,40.46898415063555],[-79.89804048739501,40.46827721489558]]]}},{"type":"Feature","id":"892a8472673ffff","properties":{"cell_id":"892a8472673ffff","h3_res":9,"building_count":80,"poi_count_sum":1,"conn_dist_median_ft":6760.231378504817,"total_crossings_mean":12.75,"clipped_area_frac":1.0,"clon":-79.897464,"clat":40.464786},"geometry":{"type":"Polygon","coordinates":[[[-79.8954960532107,40.46582459319573],[-79.8952077678677,40.464078983456446],[-79.89717536873079,40.46304035953955],[-79.8994312980249,40.46374726915237],[-79.89971973712652,40.46549285865886],[-79.8977520931781,40.4665315587879],[-79.8954960532107,40.46582459319573]]]}},{"type":"Feature","id":"892a847260bffff","properties":{"cell_id":"892a847260bffff","h3_res":9,"building_count":117,"poi_count_sum":5,"conn_dist_median_ft":7806.0115431802005,"total_crossings_mean":12.82905982905983,"clipped_area_frac":1.0,"clon":-79.895784,"clat":40.46757},"geometry":{"type":"Polygon","coordinates":[[[-79.89381653722081,40.468608904064986],[-79.89352829678316,40.46686322772855],[-79.8954960532107,40.46582459319573],[-79.8977520931781,40.4665315587879],[-79.89804048739501,40.46827721489558],[-79.89607268786794,40.46931592564243],[-79.89381653722081,40.468608904064986]]]}},{"type":"Feature","id":"892a847260fffff","properties":{"cell_id":"892a847260fffff","h3_res":9,"building_count":75,"poi_count_sum":0,"conn_dist_median_ft":8369.411894623707,"total_crossings_mean":8.666666666666666,"clipped_area_frac":1.0,"clon":-79.89324,"clat":40.465118},"geometry":{"type":"Polygon","coordinates":[[[-79.89127229811874,40.46615617631035],[-79.8909841665427,40.46441054635077],[-79.89295187986146,40.46337198802711],[-79.8952077678677,40.464078983456446],[-79.8954960532107,40.46582459319573],[-79.89352829678316,40.46686322772855],[-79.89127229811874,40.46615617631035]]]}},{"type":"Feature","id":"892a8472603ffff","properties":{"cell_id":"892a8472603ffff","h3_res":9,"building_count":148,"poi_count_sum":0,"conn_dist_median_ft":9635.405741471346,"total_crossings_mean":12.18918918918919,"clipped_area_frac":1.0,"clon":-79.89156,"clat":40.467902},"geometry":{"type":"Polygon","coordinates":[[[-79.88959251587995,40.46894044178908],[-79.88930442922994,40.467194745236384],[-79.89127229811874,40.46615617631035],[-79.89352829678316,40.46686322772855],[-79.89381653722081,40.468608904064986],[-79.89184862520908,40.46964754920207],[-79.88959251587995,40.46894044178908]]]}},{"type":"Feature","id":"892a8472657ffff","properties":{"cell_id":"892a8472657ffff","h3_res":9,"building_count":136,"poi_count_sum":10,"conn_dist_median_ft":7879.579783858846,"total_crossings_mean":4.698529411764706,"clipped_area_frac":0.9999999999999998,"clon":-79.898329,"clat":40.470023},"geometry":{"type":"Polygon","coordinates":[[[-79.89636103718688,40.47106164834554],[-79.89607268786794,40.46931592564243],[-79.89804048739501,40.46827721489558],[-79.90029667933393,40.46898415063555],[-79.9005851824444,40.47072985310142],[-79.89861733982708,40.47176864006717],[-79.89636103718688,40.47106164834554]]]}},{"type":"Feature","id":"892a8472653ffff","properties":{"cell_id":"892a8472653ffff","h3_res":9,"building_count":56,"poi_count_sum":1,"conn_dist_median_ft":8271.397396714015,"total_crossings_mean":3.5714285714285716,"clipped_area_frac":1.0,"clon":-79.900874,"clat":40.472476},"geometry":{"type":"Polygon","coordinates":[[[-79.89890579804698,40.47351440912674],[-79.89861733982708,40.47176864006717],[-79.9005851824444,40.47072985310142],[-79.90284152636526,40.47143675897411],[-79.90313013838899,40.47318250778802],[-79.90116225269068,40.4742213709775],[-79.89890579804698,40.47351440912674]]]}},{"type":"Feature","id":"892a847261bffff","properties":{"cell_id":"892a847261bffff","h3_res":9,"building_count":137,"poi_count_sum":5,"conn_dist_median_ft":8595.656209870302,"total_crossings_mean":8.328467153284672,"clipped_area_frac":1.0,"clon":-79.894105,"clat":40.470355},"geometry":{"type":"Polygon","coordinates":[[[-79.89213682072808,40.471393292129896],[-79.89184862520908,40.46964754920207],[-79.89381653722081,40.468608904064986],[-79.89607268786794,40.46931592564243],[-79.89636103718688,40.47106164834554],[-79.89439308206143,40.47210036969852],[-79.89213682072808,40.471393292129896]]]}},{"type":"Feature","id":"892a84726cfffff","properties":{"cell_id":"892a84726cfffff","h3_res":9,"building_count":158,"poi_count_sum":0,"conn_dist_median_ft":7651.480314609175,"total_crossings_mean":3.0,"clipped_area_frac":1.0,"clon":-79.896649,"clat":40.472807},"geometry":{"type":"Polygon","coordinates":[[[-79.89468138646909,40.47384615899129],[-79.89439308206143,40.47210036969852],[-79.89636103718688,40.47106164834554],[-79.89861733982708,40.47176864006717],[-79.89890579804698,40.47351440912674],[-79.8969377998171,40.47455320670049],[-79.89468138646909,40.47384615899129]]]}},{"type":"Feature","id":"892a8472613ffff","properties":{"cell_id":"892a8472613ffff","h3_res":9,"building_count":122,"poi_count_sum":0,"conn_dist_median_ft":10259.287407368556,"total_crossings_mean":13.0,"clipped_area_frac":0.9307957757238849,"clon":-79.889881,"clat":40.470686},"geometry":{"type":"Polygon","coordinates":[[[-79.88959251587995,40.46894044178908],[-79.89184862520908,40.46964754920207],[-79.89213682072808,40.471393292129896],[-79.89016875311238,40.472431947859555],[-79.88797420807424,40.47174411513028],[-79.888005,40.471573],[-79.888137,40.470843],[-79.888283,40.470037],[-79.8883,40.46996],[-79.88838153362812,40.469579509735446],[-79.88959251587995,40.46894044178908]]]}},{"type":"Feature","id":"892a8472617ffff","properties":{"cell_id":"892a8472617ffff","h3_res":9,"building_count":8,"poi_count_sum":0,"conn_dist_median_ft":9688.740789123578,"total_crossings_mean":10.5,"clipped_area_frac":0.14781982378890937,"clon":-79.887336,"clat":40.468233},"geometry":{"type":"Polygon","coordinates":[[[-79.88930442922994,40.467194745236384],[-79.88959251587995,40.46894044178908],[-79.88838153362812,40.469579509735446],[-79.88845,40.46926],[-79.888464,40.469194],[-79.888612,40.468506],[-79.888749,40.467892],[-79.888833,40.467523],[-79.88892431756118,40.46707559798435],[-79.88930442922994,40.467194745236384]]]}},{"type":"Feature","id":"892a84726c7ffff","properties":{"cell_id":"892a84726c7ffff","h3_res":9,"building_count":36,"poi_count_sum":4,"conn_dist_median_ft":10830.0863792873,"total_crossings_mean":12.444444444444445,"clipped_area_frac":0.9999999999999998,"clon":-79.892425,"clat":40.473139},"geometry":{"type":"Polygon","coordinates":[[[-79.89045690369947,40.47417775737301],[-79.89016875311238,40.472431947859555],[-79.89213682072808,40.471393292129896],[-79.89439308206143,40.47210036969852],[-79.89468138646909,40.47384615899129],[-79.89271327572551,40.47488489093872],[-79.89045690369947,40.47417775737301]]]}},{"type":"Feature","id":"892a847268bffff","properties":{"cell_id":"892a847268bffff","h3_res":9,"building_count":75,"poi_count_sum":0,"conn_dist_median_ft":10933.722288734192,"total_crossings_mean":13.0,"clipped_area_frac":0.6569654852718628,"clon":-79.888201,"clat":40.473471},"geometry":{"type":"Polygon","coordinates":[[[-79.89016875311238,40.472431947859555],[-79.89045690369947,40.47417775737301],[-79.88848868046007,40.47521642368358],[-79.88732853004443,40.474852788639986],[-79.887489,40.474156],[-79.887586,40.473737],[-79.887722,40.473142],[-79.887735,40.473067],[-79.887786,40.472784],[-79.88787,40.472322],[-79.887935,40.471962],[-79.88797420807424,40.47174411513028],[-79.89016875311238,40.472431947859555]]]}},{"type":"Feature","id":"892a8472607ffff","properties":{"cell_id":"892a8472607ffff","h3_res":9,"building_count":57,"poi_count_sum":0,"conn_dist_median_ft":8247.98737236955,"total_crossings_mean":8.0,"clipped_area_frac":0.4312990066752484,"clon":-79.889016,"clat":40.465449},"geometry":{"type":"Polygon","coordinates":[[[-79.8909841665427,40.46441054635077],[-79.89127229811874,40.46615617631035],[-79.88930442922994,40.467194745236384],[-79.88892431756118,40.46707559798435],[-79.889002,40.466695],[-79.889044,40.466494],[-79.889104,40.466219],[-79.889127,40.466112],[-79.889286,40.465373],[-79.889337,40.465128],[-79.889336,40.465109],[-79.889515,40.464219],[-79.88956946145731,40.46396711575993],[-79.8909841665427,40.46441054635077]]]}},{"type":"Feature","id":"892a847263bffff","properties":{"cell_id":"892a847263bffff","h3_res":9,"building_count":95,"poi_count_sum":0,"conn_dist_median_ft":7499.179025417458,"total_crossings_mean":7.894736842105263,"clipped_area_frac":0.7677637670103349,"clon":-79.890696,"clat":40.462665},"geometry":{"type":"Polygon","coordinates":[[[-79.89040796731715,40.46091939941495],[-79.89266370337268,40.46162642466641],[-79.89295187986146,40.46337198802711],[-79.8909841665427,40.46441054635077],[-79.88956946145731,40.46396711575993],[-79.889587,40.463886],[-79.889974,40.462108],[-79.889968,40.462041],[-79.889997,40.461869],[-79.889992,40.461829],[-79.88969,40.461751],[-79.88912299159698,40.46159757419683],[-79.89040796731715,40.46091939941495]]]}},{"type":"Feature","id":"892a8472677ffff","properties":{"cell_id":"892a8472677ffff","h3_res":9,"building_count":177,"poi_count_sum":0,"conn_dist_median_ft":6915.961330964395,"total_crossings_mean":8.254237288135593,"clipped_area_frac":0.9999999999999998,"clon":-79.89492,"clat":40.462333},"geometry":{"type":"Polygon","coordinates":[[[-79.89295187986146,40.46337198802711],[-79.89266370337268,40.46162642466641],[-79.89463126114114,40.4605878769568],[-79.89688703849568,40.461294816403196],[-79.89717536873079,40.46304035953955],[-79.8952077678677,40.464078983456446],[-79.89295187986146,40.46337198802711]]]}},{"type":"Feature","id":"892a8472663ffff","properties":{"cell_id":"892a8472663ffff","h3_res":9,"building_count":193,"poi_count_sum":3,"conn_dist_median_ft":5990.884704053327,"total_crossings_mean":11.05181347150259,"clipped_area_frac":1.0,"clon":-79.899143,"clat":40.462002},"geometry":{"type":"Polygon","coordinates":[[[-79.89717536873079,40.46304035953955],[-79.89688703849568,40.461294816403196],[-79.89885448381403,40.46025620311388],[-79.90111030244135,40.46096305675326],[-79.90139878641443,40.46270857965279],[-79.8994312980249,40.46374726915237],[-79.89717536873079,40.46304035953955]]]}},{"type":"Feature","id":"892a847262bffff","properties":{"cell_id":"892a847262bffff","h3_res":9,"building_count":218,"poi_count_sum":1,"conn_dist_median_ft":5736.7654842877155,"total_crossings_mean":6.660550458715596,"clipped_area_frac":1.0,"clon":-79.892376,"clat":40.459881},"geometry":{"type":"Polygon","coordinates":[[[-79.89040796731715,40.46091939941495],[-79.89011989966293,40.45917388244302],[-79.89208741432752,40.45813541093583],[-79.8943430397529,40.45884238020074],[-79.89463126114114,40.4605878769568],[-79.89266370337268,40.46162642466641],[-79.89040796731715,40.46091939941495]]]}},{"type":"Feature","id":"892a8472667ffff","properties":{"cell_id":"892a8472667ffff","h3_res":9,"building_count":212,"poi_count_sum":9,"conn_dist_median_ft":5893.193700480313,"total_crossings_mean":7.910377358490566,"clipped_area_frac":1.0,"clon":-79.896599,"clat":40.459549},"geometry":{"type":"Polygon","coordinates":[[[-79.89463126114114,40.4605878769568],[-79.8943430397529,40.45884238020074],[-79.8963104419908,40.45780384311687],[-79.89856610870008,40.458510726586205],[-79.89885448381403,40.46025620311388],[-79.89688703849568,40.461294816403196],[-79.89463126114114,40.4605878769568]]]}},{"type":"Feature","id":"892a847266fffff","properties":{"cell_id":"892a847266fffff","h3_res":9,"building_count":102,"poi_count_sum":4,"conn_dist_median_ft":4643.152057209007,"total_crossings_mean":11.0,"clipped_area_frac":1.0,"clon":-79.900822,"clat":40.459218},"geometry":{"type":"Polygon","coordinates":[[[-79.89885448381403,40.46025620311388],[-79.89856610870008,40.458510726586205],[-79.90053339849345,40.45747212393617],[-79.90278910646045,40.45817892160801],[-79.90307763529171,40.45992437789483],[-79.90111030244135,40.46096305675326],[-79.89885448381403,40.46025620311388]]]}},{"type":"Feature","id":"892a847262fffff","properties":{"cell_id":"892a847262fffff","h3_res":9,"building_count":165,"poi_count_sum":6,"conn_dist_median_ft":5103.666726552595,"total_crossings_mean":8.0,"clipped_area_frac":1.0,"clon":-79.889832,"clat":40.457428},"geometry":{"type":"Polygon","coordinates":[[[-79.8878643155477,40.458466827384484],[-79.8875763567084,40.456721356811485],[-79.88954382825987,40.45568296150188],[-79.89179930176647,40.45638996057026],[-79.89208741432752,40.45813541093583],[-79.89011989966293,40.45917388244302],[-79.8878643155477,40.458466827384484]]]}},{"type":"Feature","id":"892a8472623ffff","properties":{"cell_id":"892a8472623ffff","h3_res":9,"building_count":41,"poi_count_sum":3,"conn_dist_median_ft":5931.506510650701,"total_crossings_mean":7.512195121951219,"clipped_area_frac":0.8860987263417877,"clon":-79.888152,"clat":40.460212},"geometry":{"type":"Polygon","coordinates":[[[-79.88589668847429,40.45950523330439],[-79.8878643155477,40.458466827384484],[-79.89011989966293,40.45917388244302],[-79.89040796731715,40.46091939941495],[-79.88912299159698,40.46159757419683],[-79.888585,40.461452],[-79.888502,40.46143],[-79.888123,40.461331],[-79.888071,40.461317],[-79.887339,40.461127],[-79.886577,40.460947],[-79.886203,40.460859],[-79.88611665048711,40.46083879814709],[-79.88589668847429,40.45950523330439]]]}},{"type":"Feature","id":"892a8472637ffff","properties":{"cell_id":"892a8472637ffff","h3_res":9,"building_count":33,"poi_count_sum":0,"conn_dist_median_ft":6912.481799360525,"total_crossings_mean":6.0,"clipped_area_frac":0.40483469453459797,"clon":-79.883929,"clat":40.460544},"geometry":{"type":"Polygon","coordinates":[[[-79.88364114569542,40.45879809245415],[-79.88589668847429,40.45950523330439],[-79.88611665048711,40.46083879814709],[-79.88572,40.460746],[-79.885189,40.46062],[-79.884861,40.460543],[-79.884781,40.460517],[-79.884229,40.460383],[-79.884125,40.460358],[-79.883585,40.460222],[-79.883017,40.460079],[-79.882949,40.460062],[-79.881941,40.459795],[-79.88181456330966,40.45976194675354],[-79.88364114569542,40.45879809245415]]]}},{"type":"Feature","id":"892a84720cbffff","properties":{"cell_id":"892a84720cbffff","h3_res":9,"building_count":100,"poi_count_sum":0,"conn_dist_median_ft":7416.051068514371,"total_crossings_mean":6.0,"clipped_area_frac":0.9890053151629458,"clon":-79.881386,"clat":40.458091},"geometry":{"type":"Polygon","coordinates":[[[-79.87941790481479,40.45912920613627],[-79.879130253444,40.457383695185946],[-79.8810979497484,40.456345431055425],[-79.88335334058621,40.45705260168625],[-79.88364114569542,40.45879809245415],[-79.88181456330966,40.45976194675354],[-79.881547,40.459692],[-79.881378,40.459648],[-79.880654,40.459461],[-79.879682,40.459207],[-79.87959148612016,40.45918363364515],[-79.87941790481479,40.45912920613627]]]}},{"type":"Feature","id":"892a8472627ffff","properties":{"cell_id":"892a8472627ffff","h3_res":9,"building_count":45,"poi_count_sum":0,"conn_dist_median_ft":6345.230342756977,"total_crossings_mean":6.4,"clipped_area_frac":1.0,"clon":-79.885609,"clat":40.45776},"geometry":{"type":"Polygon","coordinates":[[[-79.88364114569542,40.45879809245415],[-79.88335334058621,40.45705260168625],[-79.88532092452307,40.45601427196091],[-79.8875763567084,40.456721356811485],[-79.8878643155477,40.458466827384484],[-79.88589668847429,40.45950523330439],[-79.88364114569542,40.45879809245415]]]}},{"type":"Feature","id":"892a8472293ffff","properties":{"cell_id":"892a8472293ffff","h3_res":9,"building_count":157,"poi_count_sum":16,"conn_dist_median_ft":5089.331069144228,"total_crossings_mean":6.445859872611465,"clipped_area_frac":1.0,"clon":-79.894055,"clat":40.457097},"geometry":{"type":"Polygon","coordinates":[[[-79.89208741432752,40.45813541093583],[-79.89179930176647,40.45638996057026],[-79.89376666091468,40.455351499686934],[-79.89602217571634,40.45605841297121],[-79.8963104419908,40.45780384311687],[-79.8943430397529,40.45884238020074],[-79.89208741432752,40.45813541093583]]]}},{"type":"Feature","id":"892a8472297ffff","properties":{"cell_id":"892a8472297ffff","h3_res":9,"building_count":114,"poi_count_sum":6,"conn_dist_median_ft":3464.3269940084137,"total_crossings_mean":7.543859649122807,"clipped_area_frac":1.0,"clon":-79.891511,"clat":40.454645},"geometry":{"type":"Polygon","coordinates":[[[-79.88954382825987,40.45568296150188],[-79.88925582450635,40.45393755753698],[-79.89122314055561,40.452899172849335],[-79.89347850346005,40.4536061159335],[-79.89376666091468,40.455351499686934],[-79.89179930176647,40.45638996057026],[-79.88954382825987,40.45568296150188]]]}},{"type":"Feature","id":"892a847205bffff","properties":{"cell_id":"892a847205bffff","h3_res":9,"building_count":95,"poi_count_sum":19,"conn_dist_median_ft":4270.8065088176245,"total_crossings_mean":6.989473684210527,"clipped_area_frac":1.0,"clon":-79.887288,"clat":40.454976},"geometry":{"type":"Polygon","coordinates":[[[-79.88532092452307,40.45601427196091],[-79.88503307447903,40.454268847797046],[-79.88700050290812,40.45323052868014],[-79.88925582450635,40.45393755753698],[-79.88954382825987,40.45568296150188],[-79.8875763567084,40.456721356811485],[-79.88532092452307,40.45601427196091]]]}},{"type":"Feature","id":"892a8472053ffff","properties":{"cell_id":"892a8472053ffff","h3_res":9,"building_count":81,"poi_count_sum":19,"conn_dist_median_ft":5520.323986380433,"total_crossings_mean":6.604938271604938,"clipped_area_frac":1.0,"clon":-79.883066,"clat":40.455307},"geometry":{"type":"Polygon","coordinates":[[[-79.8810979497484,40.456345431055425],[-79.88081025342213,40.4545999867051],[-79.88277779421321,40.45356173316946],[-79.88503307447903,40.454268847797046],[-79.88532092452307,40.45601427196091],[-79.88335334058621,40.45705260168625],[-79.8810979497484,40.456345431055425]]]}},{"type":"Feature","id":"892a8472043ffff","properties":{"cell_id":"892a8472043ffff","h3_res":9,"building_count":98,"poi_count_sum":3,"conn_dist_median_ft":4457.670617491802,"total_crossings_mean":5.142857142857143,"clipped_area_frac":1.0,"clon":-79.884745,"clat":40.452523},"geometry":{"type":"Polygon","coordinates":[[[-79.88277779421321,40.45356173316946],[-79.88249005294473,40.451816355424896],[-79.88445743824221,40.450778112495826],[-79.88671260794247,40.45148517112608],[-79.88700050290812,40.45323052868014],[-79.88503307447903,40.454268847797046],[-79.88277779421321,40.45356173316946]]]}},{"type":"Feature","id":"892a847204bffff","properties":{"cell_id":"892a847204bffff","h3_res":9,"building_count":105,"poi_count_sum":10,"conn_dist_median_ft":3140.2731564290148,"total_crossings_mean":6.057142857142857,"clipped_area_frac":1.0,"clon":-79.888968,"clat":40.452192},"geometry":{"type":"Polygon","coordinates":[[[-79.88700050290812,40.45323052868014],[-79.88671260794247,40.45148517112608],[-79.88867988088353,40.45044686262927],[-79.89093509190114,40.45115383549827],[-79.89122314055561,40.452899172849335],[-79.88925582450635,40.45393755753698],[-79.88700050290812,40.45323052868014]]]}},{"type":"Feature","id":"892a8472287ffff","properties":{"cell_id":"892a8472287ffff","h3_res":9,"building_count":92,"poi_count_sum":7,"conn_dist_median_ft":2377.9185210714772,"total_crossings_mean":5.543478260869565,"clipped_area_frac":1.0,"clon":-79.89319,"clat":40.451861},"geometry":{"type":"Polygon","coordinates":[[[-79.89122314055561,40.452899172849335],[-79.89093509190114,40.45115383549827],[-79.89290225246792,40.45011546144428],[-79.89515750477663,40.450822348550105],[-79.8954457071116,40.45256766568567],[-79.89347850346005,40.4536061159335],[-79.89122314055561,40.452899172849335]]]}},{"type":"Feature","id":"892a8472283ffff","properties":{"cell_id":"892a8472283ffff","h3_res":9,"building_count":98,"poi_count_sum":22,"conn_dist_median_ft":3566.23533021373,"total_crossings_mean":5.0,"clipped_area_frac":1.0,"clon":-79.895734,"clat":40.454313},"geometry":{"type":"Polygon","coordinates":[[[-79.89376666091468,40.455351499686934],[-79.89347850346005,40.4536061159335],[-79.8954457071116,40.45256766568567],[-79.89770111129602,40.45327452299521],[-79.89798942244344,40.45501988652471],[-79.89602217571634,40.45605841297121],[-79.89376666091468,40.455351499686934]]]}},{"type":"Feature","id":"892a847229bffff","properties":{"cell_id":"892a847229bffff","h3_res":9,"building_count":92,"poi_count_sum":32,"conn_dist_median_ft":4870.288427771467,"total_crossings_mean":9.967391304347826,"clipped_area_frac":1.0,"clon":-79.898278,"clat":40.456765},"geometry":{"type":"Polygon","coordinates":[[[-79.8963104419908,40.45780384311687],[-79.89602217571634,40.45605841297121],[-79.89798942244344,40.45501988652471],[-79.90024497851394,40.455726714022916],[-79.90053339849345,40.45747212393617],[-79.89856610870008,40.458510726586205],[-79.8963104419908,40.45780384311687]]]}},{"type":"Feature","id":"892a847228bffff","properties":{"cell_id":"892a847228bffff","h3_res":9,"building_count":60,"poi_count_sum":19,"conn_dist_median_ft":4049.7897122648674,"total_crossings_mean":4.633333333333334,"clipped_area_frac":1.0,"clon":-79.899957,"clat":40.453981},"geometry":{"type":"Polygon","coordinates":[[[-79.89798942244344,40.45501988652471],[-79.89770111129602,40.45327452299521],[-79.89966820253203,40.452236007197754],[-79.90192364797021,40.45294277873074],[-79.90221211280205,40.4546881220238],[-79.90024497851394,40.455726714022916],[-79.89798942244344,40.45501988652471]]]}},{"type":"Feature","id":"892a847228fffff","properties":{"cell_id":"892a847228fffff","h3_res":9,"building_count":49,"poi_count_sum":8,"conn_dist_median_ft":2973.0910230827603,"total_crossings_mean":4.36734693877551,"clipped_area_frac":1.0,"clon":-79.897413,"clat":40.451529},"geometry":{"type":"Polygon","coordinates":[[[-79.8954457071116,40.45256766568567],[-79.89515750477663,40.450822348550105],[-79.89712455295127,40.44978390894945],[-79.89937984652491,40.450490710290154],[-79.89966820253203,40.452236007197754],[-79.89770111129602,40.45327452299521],[-79.8954457071116,40.45256766568567]]]}},{"type":"Feature","id":"892a8472213ffff","properties":{"cell_id":"892a8472213ffff","h3_res":9,"building_count":153,"poi_count_sum":6,"conn_dist_median_ft":3019.2325465664944,"total_crossings_mean":2.764705882352941,"clipped_area_frac":0.9999999999999998,"clon":-79.901635,"clat":40.451197},"geometry":{"type":"Polygon","coordinates":[[[-79.89966820253203,40.452236007197754],[-79.89937984652491,40.450490710290154],[-79.90134678228954,40.44945220515343],[-79.9036021171019,40.450158920727084],[-79.90389062677279,40.451904197394214],[-79.90192364797021,40.45294277873074],[-79.89966820253203,40.452236007197754]]]}},{"type":"Feature","id":"892a84722c7ffff","properties":{"cell_id":"892a84722c7ffff","h3_res":9,"building_count":90,"poi_count_sum":27,"conn_dist_median_ft":2735.902829762027,"total_crossings_mean":0.9333333333333333,"clipped_area_frac":1.0,"clon":-79.904179,"clat":40.45365},"geometry":{"type":"Polygon","coordinates":[[[-79.90221211280205,40.4546881220238],[-79.90192364797021,40.45294277873074],[-79.90389062677279,40.451904197394214],[-79.90614611343855,40.4526108831487],[-79.90643473194643,40.45435620619285],[-79.90446771011517,40.455394863734014],[-79.90221211280205,40.4546881220238]]]}},{"type":"Feature","id":"892a84722d7ffff","properties":{"cell_id":"892a84722d7ffff","h3_res":9,"building_count":124,"poi_count_sum":6,"conn_dist_median_ft":3819.9883161821163,"total_crossings_mean":8.548387096774194,"clipped_area_frac":0.9999999999999998,"clon":-79.902501,"clat":40.456434},"geometry":{"type":"Polygon","coordinates":[[[-79.90053339849345,40.45747212393617],[-79.90024497851394,40.455726714022916],[-79.90221211280205,40.4546881220238],[-79.90446771011517,40.455394863734014],[-79.90475628379139,40.45714025340237],[-79.90278910646045,40.45817892160801],[-79.90053339849345,40.45747212393617]]]}},{"type":"Feature","id":"892a84722c3ffff","properties":{"cell_id":"892a84722c3ffff","h3_res":9,"building_count":48,"poi_count_sum":6,"conn_dist_median_ft":2293.0829888779253,"total_crossings_mean":3.5416666666666665,"clipped_area_frac":1.0,"clon":-79.906723,"clat":40.456102},"geometry":{"type":"Polygon","coordinates":[[[-79.90475628379139,40.45714025340237],[-79.90446771011517,40.455394863734014],[-79.90643473194643,40.45435620619285],[-79.90869037047598,40.455062862113124],[-79.90897909784053,40.45680823152411],[-79.90701203298987,40.457846965274776],[-79.90475628379139,40.45714025340237]]]}},{"type":"Feature","id":"892a84722cbffff","properties":{"cell_id":"892a84722cbffff","h3_res":9,"building_count":38,"poi_count_sum":5,"conn_dist_median_ft":1015.2522965239,"total_crossings_mean":0.15789473684210525,"clipped_area_frac":1.0,"clon":-79.910946,"clat":40.455769},"geometry":{"type":"Polygon","coordinates":[[[-79.90897909784053,40.45680823152411],[-79.90869037047598,40.455062862113124],[-79.91065727983255,40.45402413904048],[-79.91291295955232,40.4547307091689],[-79.91320184059681,40.45647605831],[-79.91123488824425,40.45751485759514],[-79.90897909784053,40.45680823152411]]]}},{"type":"Feature","id":"892a8473527ffff","properties":{"cell_id":"892a8473527ffff","h3_res":9,"building_count":9,"poi_count_sum":19,"conn_dist_median_ft":423.3026345387349,"total_crossings_mean":0.4444444444444444,"clipped_area_frac":0.9999999999999998,"clon":-79.915169,"clat":40.455437},"geometry":{"type":"Polygon","coordinates":[[[-79.91320184059681,40.45647605831],[-79.91291295955232,40.4547307091689],[-79.91487975641631,40.45369192057531],[-79.91713547730006,40.45439840490995],[-79.91742451201615,40.456143733768684],[-79.91545767217958,40.45718259857774],[-79.91320184059681,40.45647605831]]]}},{"type":"Feature","id":"892a847352fffff","properties":{"cell_id":"892a847352fffff","h3_res":9,"building_count":147,"poi_count_sum":13,"conn_dist_median_ft":1302.383863146948,"total_crossings_mean":0.47619047619047616,"clipped_area_frac":1.0,"clon":-79.919391,"clat":40.455105},"geometry":{"type":"Polygon","coordinates":[[[-79.91742451201615,40.456143733768684],[-79.91713547730006,40.45439840490995],[-79.91910216165368,40.45335955080599],[-79.9213579236752,40.45406594934493],[-79.9216471120545,40.45581125790882],[-79.91968038475177,40.45685018823121],[-79.91742451201615,40.456143733768684]]]}},{"type":"Feature","id":"892a847225bffff","properties":{"cell_id":"892a847225bffff","h3_res":9,"building_count":22,"poi_count_sum":3,"conn_dist_median_ft":1357.229867401233,"total_crossings_mean":2.272727272727273,"clipped_area_frac":0.9999999999999998,"clon":-79.916846,"clat":40.452653},"geometry":{"type":"Polygon","coordinates":[[[-79.91487975641631,40.45369192057531],[-79.9145908305814,40.45194663806647],[-79.9165574719766,40.45090786017609],[-79.91881308216782,40.45161428858354],[-79.91910216165368,40.45335955080599],[-79.91713547730006,40.45439840490995],[-79.91487975641631,40.45369192057531]]]}},{"type":"Feature","id":"892a8473197ffff","properties":{"cell_id":"892a8473197ffff","h3_res":9,"building_count":67,"poi_count_sum":7,"conn_dist_median_ft":444.54138645419533,"total_crossings_mean":0.4925373134328358,"clipped_area_frac":1.0,"clon":-79.921069,"clat":40.452321},"geometry":{"type":"Polygon","coordinates":[[[-79.91910216165368,40.45335955080599],[-79.91881308216782,40.45161428858354],[-79.92077961105821,40.45057544519633],[-79.92303526237215,40.451281787817585],[-79.9233244955006,40.45302702974117],[-79.9213579236752,40.45406594934493],[-79.91910216165368,40.45335955080599]]]}},{"type":"Feature","id":"892a8472253ffff","properties":{"cell_id":"892a8472253ffff","h3_res":9,"building_count":162,"poi_count_sum":3,"conn_dist_median_ft":1054.728000528503,"total_crossings_mean":0.7530864197530864,"clipped_area_frac":1.0,"clon":-79.912624,"clat":40.452985},"geometry":{"type":"Polygon","coordinates":[[[-79.91065727983255,40.45402413904048],[-79.91036850765697,40.45227883625773],[-79.91233526153914,40.451240123874754],[-79.9145908305814,40.45194663806647],[-79.91487975641631,40.45369192057531],[-79.91291295955232,40.4547307091689],[-79.91065727983255,40.45402413904048]]]}},{"type":"Feature","id":"892a84722cfffff","properties":{"cell_id":"892a84722cfffff","h3_res":9,"building_count":145,"poi_count_sum":2,"conn_dist_median_ft":1789.1641988430642,"total_crossings_mean":2.462068965517241,"clipped_area_frac":1.0,"clon":-79.908402,"clat":40.453318},"geometry":{"type":"Polygon","coordinates":[[[-79.90643473194643,40.45435620619285],[-79.90614611343855,40.4526108831487],[-79.90811297978983,40.451572236283674],[-79.91036850765697,40.45227883625773],[-79.91065727983255,40.45402413904048],[-79.90869037047598,40.455062862113124],[-79.90643473194643,40.45435620619285]]]}},{"type":"Feature","id":"892a847221bffff","properties":{"cell_id":"892a847221bffff","h3_res":9,"building_count":157,"poi_count_sum":0,"conn_dist_median_ft":2685.219014318201,"total_crossings_mean":4.955414012738854,"clipped_area_frac":1.0,"clon":-79.905858,"clat":40.450866},"geometry":{"type":"Polygon","coordinates":[[[-79.90389062677279,40.451904197394214],[-79.9036021171019,40.450158920727084],[-79.90556894043866,40.44912035006482],[-79.90782431646352,40.44982697986949],[-79.90811297978983,40.451572236283674],[-79.90614611343855,40.4526108831487],[-79.90389062677279,40.451904197394214]]]}},{"type":"Feature","id":"892a8472257ffff","properties":{"cell_id":"892a8472257ffff","h3_res":9,"building_count":141,"poi_count_sum":1,"conn_dist_median_ft":2207.2481545318137,"total_crossings_mean":3.4397163120567376,"clipped_area_frac":1.0,"clon":-79.91008,"clat":40.450534},"geometry":{"type":"Polygon","coordinates":[[[-79.90811297978983,40.451572236283674],[-79.90782431646352,40.44982697986949],[-79.90979102735459,40.44878834369224],[-79.91204644456575,40.44949488772601],[-79.91233526153914,40.451240123874754],[-79.91036850765697,40.45227883625773],[-79.90811297978983,40.451572236283674]]]}},{"type":"Feature","id":"892a8472203ffff","properties":{"cell_id":"892a8472203ffff","h3_res":9,"building_count":137,"poi_count_sum":7,"conn_dist_median_ft":3076.2702726776747,"total_crossings_mean":3.0145985401459856,"clipped_area_frac":1.0,"clon":-79.903314,"clat":40.448414},"geometry":{"type":"Polygon","coordinates":[[[-79.90134678228954,40.44945220515343],[-79.90105838143599,40.44770697487349],[-79.90302516174896,40.44666848040913],[-79.90528038594195,40.44737514002937],[-79.90556894043866,40.44912035006482],[-79.9036021171019,40.450158920727084],[-79.90134678228954,40.44945220515343]]]}},{"type":"Feature","id":"892a847220bffff","properties":{"cell_id":"892a847220bffff","h3_res":9,"building_count":207,"poi_count_sum":0,"conn_dist_median_ft":3525.7123805693645,"total_crossings_mean":6.927536231884058,"clipped_area_frac":1.0,"clon":-79.907536,"clat":40.448082},"geometry":{"type":"Polygon","coordinates":[[[-79.90556894043866,40.44912035006482],[-79.90528038594195,40.44737514002937],[-79.90724705383263,40.446336580053014],[-79.90950231922308,40.447043153913775],[-79.90979102735459,40.44878834369224],[-79.90782431646352,40.44982697986949],[-79.90556894043866,40.44912035006482]]]}},{"type":"Feature","id":"892a8472243ffff","properties":{"cell_id":"892a8472243ffff","h3_res":9,"building_count":241,"poi_count_sum":22,"conn_dist_median_ft":2099.764015793118,"total_crossings_mean":0.6265560165975104,"clipped_area_frac":0.9999999999999998,"clon":-79.914302,"clat":40.450201},"geometry":{"type":"Polygon","coordinates":[[[-79.91233526153914,40.451240123874754],[-79.91204644456575,40.44949488772601],[-79.91401304299328,40.448456186044346],[-79.91626850136453,40.449162644305275],[-79.9165574719766,40.45090786017609],[-79.9145908305814,40.45194663806647],[-79.91233526153914,40.451240123874754]]]}},{"type":"Feature","id":"892a8472247ffff","properties":{"cell_id":"892a8472247ffff","h3_res":9,"building_count":137,"poi_count_sum":4,"conn_dist_median_ft":3040.306964558351,"total_crossings_mean":4.642335766423358,"clipped_area_frac":1.0,"clon":-79.911758,"clat":40.44775},"geometry":{"type":"Polygon","coordinates":[[[-79.90979102735459,40.44878834369224],[-79.90950231922308,40.447043153913775],[-79.91146887467364,40.446004528435985],[-79.91372418123532,40.446711016535346],[-79.91401304299328,40.448456186044346],[-79.91204644456575,40.44949488772601],[-79.90979102735459,40.44878834369224]]]}},{"type":"Feature","id":"892a847224bffff","properties":{"cell_id":"892a847224bffff","h3_res":9,"building_count":81,"poi_count_sum":1,"conn_dist_median_ft":2244.933189818307,"total_crossings_mean":1.2592592592592593,"clipped_area_frac":0.9999999999999998,"clon":-79.918524,"clat":40.449869},"geometry":{"type":"Polygon","coordinates":[[[-79.9165574719766,40.45090786017609],[-79.91626850136453,40.449162644305275],[-79.91823498731067,40.448123877129746],[-79.92049048681581,40.448830249615916],[-79.92077961105821,40.45057544519633],[-79.91881308216782,40.45161428858354],[-79.9165574719766,40.45090786017609]]]}},{"type":"Feature","id":"892a8473187ffff","properties":{"cell_id":"892a8473187ffff","h3_res":9,"building_count":43,"poi_count_sum":0,"conn_dist_median_ft":473.20386896861675,"total_crossings_mean":0.7209302325581395,"clipped_area_frac":0.9999999999999998,"clon":-79.922746,"clat":40.449537},"geometry":{"type":"Polygon","coordinates":[[[-79.92077961105821,40.45057544519633],[-79.92049048681581,40.448830249615916],[-79.92245686026273,40.447791416957095],[-79.92471240087556,40.448497703666604],[-79.92500167873989,40.45024287894411],[-79.92303526237215,40.451281787817585],[-79.92077961105821,40.45057544519633]]]}},{"type":"Feature","id":"892a847224fffff","properties":{"cell_id":"892a847224fffff","h3_res":9,"building_count":206,"poi_count_sum":0,"conn_dist_median_ft":2215.2842678262023,"total_crossings_mean":0.8398058252427184,"clipped_area_frac":0.9999999999999998,"clon":-79.91598,"clat":40.447417},"geometry":{"type":"Polygon","coordinates":[[[-79.91401304299328,40.448456186044346],[-79.91372418123532,40.446711016535346],[-79.91569062422792,40.445672325566655],[-79.91794597193466,40.4463787279027],[-79.91823498731067,40.448123877129746],[-79.91626850136453,40.449162644305275],[-79.91401304299328,40.448456186044346]]]}},{"type":"Feature","id":"892a8472217ffff","properties":{"cell_id":"892a8472217ffff","h3_res":9,"building_count":110,"poi_count_sum":21,"conn_dist_median_ft":1596.4067562993203,"total_crossings_mean":3.4363636363636365,"clipped_area_frac":1.0,"clon":-79.899092,"clat":40.448745},"geometry":{"type":"Polygon","coordinates":[[[-79.89712455295127,40.44978390894945],[-79.89683630574923,40.448038658437504],[-79.89880319846665,40.44700022949569],[-79.90105838143599,40.44770697487349],[-79.90134678228954,40.44945220515343],[-79.89937984652491,40.450490710290154],[-79.89712455295127,40.44978390894945]]]}},{"type":"Feature","id":"892a84722bbffff","properties":{"cell_id":"892a84722bbffff","h3_res":9,"building_count":17,"poi_count_sum":53,"conn_dist_median_ft":1085.3115072979622,"total_crossings_mean":2.3529411764705883,"clipped_area_frac":0.9929299500978532,"clon":-79.894869,"clat":40.449077},"geometry":{"type":"Polygon","coordinates":[[[-79.89458116402974,40.4473318273041],[-79.89683630574923,40.448038658437504],[-79.89712455295127,40.44978390894945],[-79.89515750477663,40.450822348550105],[-79.89290225246792,40.45011546144428],[-79.89271280356672,40.44896777996603],[-79.892788,40.448588],[-79.892802,40.448518],[-79.8928599634337,40.44824043283559],[-79.89458116402974,40.4473318273041]]]}},{"type":"Feature","id":"892a84722b3ffff","properties":{"cell_id":"892a84722b3ffff","h3_res":9,"building_count":29,"poi_count_sum":16,"conn_dist_median_ft":2534.0687488435665,"total_crossings_mean":5.172413793103448,"clipped_area_frac":0.5097562836618706,"clon":-79.890647,"clat":40.449409},"geometry":{"type":"Polygon","coordinates":[[[-79.89290225246792,40.45011546144428],[-79.89093509190114,40.45115383549827],[-79.88867988088353,40.45044686262927],[-79.88839194100956,40.448701571690776],[-79.88903883527038,40.448360123384184],[-79.889242,40.448541],[-79.889816,40.449051],[-79.890444,40.449459],[-79.891073,40.449779],[-79.891154,40.449821],[-79.891768,40.450098],[-79.892038,40.450177],[-79.892372,40.450252],[-79.892423,40.450266],[-79.892459,40.450119],[-79.892495,40.449972],[-79.892513,40.449865],[-79.892645,40.449294],[-79.892689,40.449088],[-79.89271280356672,40.44896777996603],[-79.89290225246792,40.45011546144428]]]}},{"type":"Feature","id":"892a847204fffff","properties":{"cell_id":"892a847204fffff","h3_res":9,"building_count":117,"poi_count_sum":6,"conn_dist_median_ft":3932.968844498605,"total_crossings_mean":5.0,"clipped_area_frac":0.9806066672368375,"clon":-79.886425,"clat":40.44974},"geometry":{"type":"Polygon","coordinates":[[[-79.8861368818684,40.44799456905195],[-79.88839194100956,40.448701571690776],[-79.88867988088353,40.45044686262927],[-79.88671260794247,40.45148517112608],[-79.88445743824221,40.450778112495826],[-79.88419361713387,40.44917814028861],[-79.884478,40.449271],[-79.884576,40.449303],[-79.884666,40.44914],[-79.884828,40.448849],[-79.884939,40.448653],[-79.88495994483704,40.44861571358682],[-79.8861368818684,40.44799456905195]]]}},{"type":"Feature","id":"892a8472047ffff","properties":{"cell_id":"892a8472047ffff","h3_res":9,"building_count":82,"poi_count_sum":0,"conn_dist_median_ft":6199.491262065059,"total_crossings_mean":4.939024390243903,"clipped_area_frac":0.8121481944408263,"clon":-79.882202,"clat":40.450071},"geometry":{"type":"Polygon","coordinates":[[[-79.88445743824221,40.450778112495826],[-79.88249005294473,40.451816355424896],[-79.880234924588,40.45110921103536],[-79.8799892868351,40.44961870059715],[-79.879993,40.449618],[-79.880132,40.449592],[-79.880309,40.449548],[-79.880414,40.449523],[-79.880477,40.449508],[-79.880681,40.449458],[-79.881041,40.449385],[-79.881216,40.449352],[-79.881299,40.449338],[-79.881472,40.44931],[-79.881534,40.449319],[-79.881548,40.449327],[-79.881592,40.449352],[-79.881614,40.449379],[-79.881728,40.44934],[-79.88207,40.449226],[-79.882185,40.449189],[-79.882288,40.449183],[-79.882598,40.449167],[-79.882702,40.449162],[-79.882741,40.449159],[-79.882859,40.449153],[-79.882899,40.449151],[-79.882975,40.449129],[-79.883057,40.449105],[-79.883161,40.449075],[-79.883307,40.449051],[-79.883392,40.449038],[-79.883518,40.449009],[-79.883568,40.448999],[-79.88388355238598,40.448943091319],[-79.88404822540332,40.448994726555675],[-79.884075,40.449098],[-79.884087,40.449144],[-79.884184,40.449175],[-79.88419361713387,40.44917814028861],[-79.88445743824221,40.450778112495826]]]}},{"type":"Feature","id":"892a847207bffff","properties":{"cell_id":"892a847207bffff","h3_res":9,"building_count":9,"poi_count_sum":1,"conn_dist_median_ft":4283.856143816965,"total_crossings_mean":5.0,"clipped_area_frac":0.06533020339540567,"clon":-79.883882,"clat":40.447288},"geometry":{"type":"MultiPolygon","coordinates":[[[[-79.8861368818684,40.44799456905195],[-79.88495994483704,40.44861571358682],[-79.88503,40.448491],[-79.885074,40.448412],[-79.885207,40.448178],[-79.885252,40.4481],[-79.885297,40.44802],[-79.885322,40.447977],[-79.885368,40.447886],[-79.885422,40.447776],[-79.885464,40.447695],[-79.885513,40.447619],[-79.88558,40.447519],[-79.885655,40.447387],[-79.8857,40.447309],[-79.885745,40.447228],[-79.885884,40.446987],[-79.885901,40.446958],[-79.88593,40.446907],[-79.88595918907602,40.44691714080575],[-79.8861368818684,40.44799456905195]]],[[[-79.88388355238598,40.448943091319],[-79.883901,40.44894],[-79.884029,40.448918],[-79.88404,40.448963],[-79.88404822540332,40.448994726555675],[-79.88388355238598,40.448943091319]]]]}},{"type":"Feature","id":"892a84722b7ffff","properties":{"cell_id":"892a84722b7ffff","h3_res":9,"building_count":18,"poi_count_sum":0,"conn_dist_median_ft":3746.1388825132244,"total_crossings_mean":5.0,"clipped_area_frac":0.2365505121466065,"clon":-79.888104,"clat":40.446956},"geometry":{"type":"Polygon","coordinates":[[[-79.88839194100956,40.448701571690776],[-79.8861368818684,40.44799456905195],[-79.88595918907602,40.44691714080575],[-79.886143,40.446981],[-79.88638,40.447059],[-79.887733,40.447509],[-79.888184,40.447659],[-79.888318,40.447715],[-79.888366,40.447735],[-79.888406,40.447773],[-79.888547,40.447844],[-79.888729,40.448061],[-79.889005,40.44833],[-79.88903883527038,40.448360123384184],[-79.88839194100956,40.448701571690776]]]}},{"type":"Feature","id":"892a8473633ffff","properties":{"cell_id":"892a8473633ffff","h3_res":9,"building_count":13,"poi_count_sum":2,"conn_dist_median_ft":2585.044372042197,"total_crossings_mean":1.5384615384615385,"clipped_area_frac":1.0,"clon":-79.963427,"clat":40.475502},"geometry":{"type":"Polygon","coordinates":[[[-79.96146009856079,40.47654211836216],[-79.96116931424571,40.47479647479317],[-79.9631358209325,40.473756607022096],[-79.96539315468519,40.47446230654571],[-79.96568409273168,40.47620792968118],[-79.96371754329678,40.47724787372914],[-79.96146009856079,40.47654211836216]]]}},{"type":"Feature","id":"892a84736afffff","properties":{"cell_id":"892a84736afffff","h3_res":9,"building_count":98,"poi_count_sum":26,"conn_dist_median_ft":3268.851701136343,"total_crossings_mean":1.846938775510204,"clipped_area_frac":1.0,"clon":-79.959203,"clat":40.475836},"geometry":{"type":"Polygon","coordinates":[[[-79.95723603247676,40.476876155638436],[-79.9569454019015,40.47513049164843],[-79.95891202139883,40.47409068936147],[-79.96116931424571,40.47479647479317],[-79.96146009856079,40.47654211836216],[-79.9594934362919,40.47758199692304],[-79.95723603247676,40.476876155638436]]]}},{"type":"Feature","id":"892a84736abffff","properties":{"cell_id":"892a84736abffff","h3_res":9,"building_count":10,"poi_count_sum":3,"conn_dist_median_ft":4365.790777990703,"total_crossings_mean":3.7,"clipped_area_frac":0.9986377147889093,"clon":-79.961751,"clat":40.478288},"geometry":{"type":"Polygon","coordinates":[[[-79.96204173171984,40.480033518343305],[-79.95978417599403,40.47932770712707],[-79.9594934362919,40.47758199692304],[-79.96146009856079,40.47654211836216],[-79.96371754329678,40.47724787372914],[-79.9639878049791,40.478869749534354],[-79.96384,40.479046],[-79.96377387292867,40.47911759622761],[-79.96204173171984,40.480033518343305]]]}},{"type":"Feature","id":"892a84736a3ffff","properties":{"cell_id":"892a84736a3ffff","h3_res":9,"building_count":77,"poi_count_sum":32,"conn_dist_median_ft":4127.83379352946,"total_crossings_mean":5.194805194805195,"clipped_area_frac":1.0,"clon":-79.957527,"clat":40.478622},"geometry":{"type":"Polygon","coordinates":[[[-79.95555984333329,40.47966169932269],[-79.95526925739168,40.477915968701645],[-79.95723603247676,40.476876155638436],[-79.9594934362919,40.47758199692304],[-79.95978417599403,40.47932770712707],[-79.95781735812324,40.4803675964661],[-79.95555984333329,40.47966169932269]]]}},{"type":"Feature","id":"892a84736a7ffff","properties":{"cell_id":"892a84736a7ffff","h3_res":9,"building_count":11,"poi_count_sum":0,"conn_dist_median_ft":3931.53309280948,"total_crossings_mean":5.363636363636363,"clipped_area_frac":0.9999999999999998,"clon":-79.954979,"clat":40.47617},"geometry":{"type":"Polygon","coordinates":[[[-79.95301189452366,40.47721004150127],[-79.95272141769667,40.47546435710273],[-79.95468814998672,40.47442462031049],[-79.9569454019015,40.47513049164843],[-79.95723603247676,40.476876155638436],[-79.95526925739168,40.477915968701645],[-79.95301189452366,40.47721004150127]]]}},{"type":"Feature","id":"892a84736b7ffff","properties":{"cell_id":"892a84736b7ffff","h3_res":9,"building_count":252,"poi_count_sum":40,"conn_dist_median_ft":5546.498134871181,"total_crossings_mean":9.063492063492063,"clipped_area_frac":1.0,"clon":-79.953302,"clat":40.478956},"geometry":{"type":"Polygon","coordinates":[[[-79.95133543881289,40.479995540081795],[-79.9510450066402,40.478249789056214],[-79.95301189452366,40.47721004150127],[-79.95526925739168,40.477915968701645],[-79.95555984333329,40.47966169932269],[-79.95359291264067,40.48070152315049],[-79.95133543881289,40.479995540081795]]]}},{"type":"Feature","id":"892a847347bffff","properties":{"cell_id":"892a847347bffff","h3_res":9,"building_count":170,"poi_count_sum":4,"conn_dist_median_ft":6491.830332916717,"total_crossings_mean":9.0,"clipped_area_frac":1.0,"clon":-79.949078,"clat":40.47929},"geometry":{"type":"Polygon","coordinates":[[[-79.94711096247688,40.48032922939568],[-79.94682068408157,40.47858345797807],[-79.94878768474557,40.477543775941996],[-79.9510450066402,40.478249789056214],[-79.95133543881289,40.479995540081795],[-79.94936839531626,40.48103529838775],[-79.94711096247688,40.48032922939568]]]}},{"type":"Feature","id":"892a847346bffff","properties":{"cell_id":"892a847346bffff","h3_res":9,"building_count":23,"poi_count_sum":0,"conn_dist_median_ft":5824.759998676056,"total_crossings_mean":9.0,"clipped_area_frac":1.0,"clon":-79.950755,"clat":40.476504},"geometry":{"type":"Polygon","coordinates":[[[-79.94878768474557,40.477543775941996],[-79.94849736167527,40.47579807114739],[-79.95046420674022,40.47475839986048],[-79.95272141769667,40.47546435710273],[-79.95301189452366,40.47721004150127],[-79.9510450066402,40.478249789056214],[-79.94878768474557,40.477543775941996]]]}},{"type":"Feature","id":"892a8473473ffff","properties":{"cell_id":"892a8473473ffff","h3_res":9,"building_count":174,"poi_count_sum":0,"conn_dist_median_ft":7888.1924680275015,"total_crossings_mean":5.5344827586206895,"clipped_area_frac":1.0,"clon":-79.944854,"clat":40.479623},"geometry":{"type":"Polygon","coordinates":[[[-79.94288641436941,40.480662767255666],[-79.94259628975988,40.478916975458525],[-79.94456340318656,40.47787735895189],[-79.94682068408157,40.47858345797807],[-79.94711096247688,40.48032922939568],[-79.9451438061941,40.48136892216924],[-79.94288641436941,40.480662767255666]]]}},{"type":"Feature","id":"892a8473463ffff","properties":{"cell_id":"892a8473463ffff","h3_res":9,"building_count":12,"poi_count_sum":0,"conn_dist_median_ft":6933.019915761359,"total_crossings_mean":6.75,"clipped_area_frac":1.0,"clon":-79.94653,"clat":40.476838},"geometry":{"type":"Polygon","coordinates":[[[-79.94456340318656,40.47787735895189],[-79.94427323388139,40.47613163377375],[-79.94624019170341,40.47509202800273],[-79.94849736167527,40.47579807114739],[-79.94878768474557,40.477543775941996],[-79.94682068408157,40.47858345797807],[-79.94456340318656,40.47787735895189]]]}},{"type":"Feature","id":"892a84730d3ffff","properties":{"cell_id":"892a84730d3ffff","h3_res":9,"building_count":4,"poi_count_sum":0,"conn_dist_median_ft":7024.5783578264,"total_crossings_mean":6.75,"clipped_area_frac":1.0,"clon":-79.952431,"clat":40.473719},"geometry":{"type":"Polygon","coordinates":[[[-79.95046420674022,40.47475839986048],[-79.95017383900819,40.47301276169465],[-79.95214052849389,40.47197310116852],[-79.95439762851866,40.47267900254472],[-79.95468814998672,40.47442462031049],[-79.95272141769667,40.47546435710273],[-79.95046420674022,40.47475839986048]]]}},{"type":"Feature","id":"892a847346fffff","properties":{"cell_id":"892a847346fffff","h3_res":9,"building_count":1,"poi_count_sum":0,"conn_dist_median_ft":7085.198643081492,"total_crossings_mean":9.0,"clipped_area_frac":0.9999999999999998,"clon":-79.948207,"clat":40.474052},"geometry":{"type":"Polygon","coordinates":[[[-79.94624019170341,40.47509202800273],[-79.9459499777158,40.473346369449324],[-79.94791677995293,40.47230677442556],[-79.95017383900819,40.47301276169465],[-79.95046420674022,40.47475839986048],[-79.94849736167527,40.47579807114739],[-79.94624019170341,40.47509202800273]]]}},{"type":"Feature","id":"892a847342bffff","properties":{"cell_id":"892a847342bffff","h3_res":9,"building_count":42,"poi_count_sum":0,"conn_dist_median_ft":5113.710287504116,"total_crossings_mean":0.0,"clipped_area_frac":1.0,"clon":-79.939759,"clat":40.474719},"geometry":{"type":"Polygon","coordinates":[[[-79.9377919464352,40.47575883002926],[-79.93750203996176,40.474013130738165],[-79.93946906764826,40.47297366675091],[-79.94172604468564,40.47367982580005],[-79.94201610492037,40.475425504728555],[-79.94004903435912,40.476465044973075],[-79.9377919464352,40.47575883002926]]]}},{"type":"Feature","id":"892a8473423ffff","properties":{"cell_id":"892a8473423ffff","h3_res":9,"building_count":92,"poi_count_sum":0,"conn_dist_median_ft":4695.563874566182,"total_crossings_mean":0.0,"clipped_area_frac":1.0,"clon":-79.935535,"clat":40.475053},"geometry":{"type":"Polygon","coordinates":[[[-79.933567716292,40.47609200389617],[-79.93327796358825,40.47434628425499],[-79.93524510397269,40.47330688580184],[-79.93750203996176,40.474013130738165],[-79.9377919464352,40.47575883002926],[-79.93582476315257,40.4767983047367],[-79.933567716292,40.47609200389617]]]}},{"type":"Feature","id":"892a8473437ffff","properties":{"cell_id":"892a8473437ffff","h3_res":9,"building_count":163,"poi_count_sum":1,"conn_dist_median_ft":5326.632925656715,"total_crossings_mean":0.7852760736196319,"clipped_area_frac":1.0,"clon":-79.931311,"clat":40.475386},"geometry":{"type":"Polygon","coordinates":[[[-79.92934341453486,40.47642502632061],[-79.92905381560921,40.47467928634183],[-79.93102106867373,40.47363995343339],[-79.93327796358825,40.47434628425499],[-79.933567716292,40.47609200389617],[-79.93160042030581,40.47713141305593],[-79.92934341453486,40.47642502632061]]]}},{"type":"Feature","id":"892a84735dbffff","properties":{"cell_id":"892a84735dbffff","h3_res":9,"building_count":168,"poi_count_sum":4,"conn_dist_median_ft":5283.990981928295,"total_crossings_mean":3.9285714285714284,"clipped_area_frac":1.0,"clon":-79.927086,"clat":40.475719},"geometry":{"type":"Polygon","coordinates":[[[-79.9251190412079,40.47675789729391],[-79.92482959606875,40.47501213699002],[-79.9267969617955,40.47397286963685],[-79.92905381560921,40.47467928634183],[-79.92934341453486,40.47642502632061],[-79.927376005863,40.47746436992212],[-79.9251190412079,40.47675789729391]]]}},{"type":"Feature","id":"892a8473433ffff","properties":{"cell_id":"892a8473433ffff","h3_res":9,"building_count":115,"poi_count_sum":1,"conn_dist_median_ft":6114.1935441672895,"total_crossings_mean":0.0,"clipped_area_frac":0.9999999999999998,"clon":-79.933857,"clat":40.477838},"geometry":{"type":"Polygon","coordinates":[[[-79.93189012826515,40.47887719930981],[-79.93160042030581,40.47713141305593],[-79.933567716292,40.47609200389617],[-79.93582476315257,40.4767983047367],[-79.93611462490225,40.47854407064448],[-79.93414728600371,40.479583556060405],[-79.93189012826515,40.47887719930981]]]}},{"type":"Feature","id":"892a84734afffff","properties":{"cell_id":"892a84734afffff","h3_res":9,"building_count":225,"poi_count_sum":8,"conn_dist_median_ft":6263.981668973163,"total_crossings_mean":0.017777777777777778,"clipped_area_frac":0.9999999999999998,"clon":-79.929633,"clat":40.478171},"geometry":{"type":"Polygon","coordinates":[[[-79.92766556002356,40.47921017650957],[-79.927376005863,40.47746436992212],[-79.92934341453486,40.47642502632061],[-79.93160042030581,40.47713141305593],[-79.93189012826515,40.47887719930981],[-79.92992267665745,40.47991661916451],[-79.92766556002356,40.47921017650957]]]}},{"type":"Feature","id":"892a84735d3ffff","properties":{"cell_id":"892a84735d3ffff","h3_res":9,"building_count":203,"poi_count_sum":25,"conn_dist_median_ft":5498.2338586973265,"total_crossings_mean":2.960591133004926,"clipped_area_frac":1.0,"clon":-79.922862,"clat":40.476051},"geometry":{"type":"Polygon","coordinates":[[[-79.92089459635523,40.47709061680741],[-79.92060530501097,40.47534483619089],[-79.9225727833821,40.474305634403606],[-79.92482959606875,40.47501213699002],[-79.9251190412079,40.47675789729391],[-79.92315151986818,40.47779717532659],[-79.92089459635523,40.47709061680741]]]}},{"type":"Feature","id":"892a84734a7ffff","properties":{"cell_id":"892a84734a7ffff","h3_res":9,"building_count":111,"poi_count_sum":1,"conn_dist_median_ft":6297.950256494755,"total_crossings_mean":4.378378378378378,"clipped_area_frac":1.0,"clon":-79.925409,"clat":40.478504},"geometry":{"type":"Polygon","coordinates":[[[-79.92344092022158,40.479543002235125],[-79.92315151986818,40.47779717532659],[-79.9251190412079,40.47675789729391],[-79.927376005863,40.47746436992212],[-79.92766556002356,40.47921017650957],[-79.92569799572456,40.48024953079248],[-79.92344092022158,40.479543002235125]]]}},{"type":"Feature","id":"892a84734abffff","properties":{"cell_id":"892a84734abffff","h3_res":9,"building_count":164,"poi_count_sum":2,"conn_dist_median_ft":7010.2482506527,"total_crossings_mean":0.0,"clipped_area_frac":1.0,"clon":-79.93218,"clat":40.480623},"geometry":{"type":"Polygon","coordinates":[[[-79.9302123398591,40.481662472025306],[-79.92992267665745,40.47991661916451],[-79.93189012826515,40.47887719930981],[-79.93414728600371,40.479583556060405],[-79.93443710301639,40.48132938857916],[-79.93246960848218,40.48236888469193],[-79.9302123398591,40.481662472025306]]]}},{"type":"Feature","id":"892a8473407ffff","properties":{"cell_id":"892a8473407ffff","h3_res":9,"building_count":191,"poi_count_sum":2,"conn_dist_median_ft":7106.125724901567,"total_crossings_mean":0.0,"clipped_area_frac":1.0,"clon":-79.936405,"clat":40.48029},"geometry":{"type":"Polygon","coordinates":[[[-79.93443710301639,40.48132938857916],[-79.93414728600371,40.479583556060405],[-79.93611462490225,40.47854407064448],[-79.93837182371922,40.47925034148885],[-79.93866179453453,40.48099615365305],[-79.93669441273295,40.48203571533001],[-79.93443710301639,40.48132938857916]]]}},{"type":"Feature","id":"892a847343bffff","properties":{"cell_id":"892a847343bffff","h3_res":9,"building_count":145,"poi_count_sum":0,"conn_dist_median_ft":6270.90051312865,"total_crossings_mean":0.0,"clipped_area_frac":0.9999999999999998,"clon":-79.938082,"clat":40.477505},"geometry":{"type":"Polygon","coordinates":[[[-79.93611462490225,40.47854407064448],[-79.93582476315257,40.4767983047367],[-79.9377919464352,40.47575883002926],[-79.94004903435912,40.476465044973075],[-79.94033904989077,40.4782107905223],[-79.93837182371922,40.47925034148885],[-79.93611462490225,40.47854407064448]]]}},{"type":"Feature","id":"892a847340fffff","properties":{"cell_id":"892a847340fffff","h3_res":9,"building_count":155,"poi_count_sum":1,"conn_dist_median_ft":7784.00628968728,"total_crossings_mean":0.34838709677419355,"clipped_area_frac":1.0,"clon":-79.940629,"clat":40.479957},"geometry":{"type":"Polygon","coordinates":[[[-79.93866179453453,40.48099615365305],[-79.93837182371922,40.47925034148885],[-79.94033904989077,40.4782107905223],[-79.94259628975988,40.478916975458525],[-79.94288641436941,40.480662767255666],[-79.94091914531829,40.48170239448622],[-79.93866179453453,40.48099615365305]]]}},{"type":"Feature","id":"892a8473477ffff","properties":{"cell_id":"892a8473477ffff","h3_res":9,"building_count":65,"poi_count_sum":0,"conn_dist_median_ft":6788.55011440558,"total_crossings_mean":0.0,"clipped_area_frac":1.0,"clon":-79.942306,"clat":40.477171},"geometry":{"type":"Polygon","coordinates":[[[-79.94033904989077,40.4782107905223],[-79.94004903435912,40.476465044973075],[-79.94201610492037,40.475425504728555],[-79.94427323388139,40.47613163377375],[-79.94456340318656,40.47787735895189],[-79.94259628975988,40.478916975458525],[-79.94033904989077,40.4782107905223]]]}},{"type":"Feature","id":"892a847340bffff","properties":{"cell_id":"892a847340bffff","h3_res":9,"building_count":127,"poi_count_sum":2,"conn_dist_median_ft":8685.090579047368,"total_crossings_mean":9.740157480314961,"clipped_area_frac":1.0,"clon":-79.943177,"clat":40.482409},"geometry":{"type":"Polygon","coordinates":[[[-79.9412092252189,40.4834482528966],[-79.94091914531829,40.48170239448622],[-79.94288641436941,40.480662767255666],[-79.9451438061941,40.48136892216924],[-79.94543403990119,40.483114760204096],[-79.94346672797981,40.4841544637035],[-79.9412092252189,40.4834482528966]]]}},{"type":"Feature","id":"892a8473447ffff","properties":{"cell_id":"892a8473447ffff","h3_res":9,"building_count":84,"poi_count_sum":15,"conn_dist_median_ft":7529.736965128991,"total_crossings_mean":11.976190476190476,"clipped_area_frac":1.0,"clon":-79.947401,"clat":40.482075},"geometry":{"type":"Polygon","coordinates":[[[-79.94543403990119,40.483114760204096],[-79.9451438061941,40.48136892216924],[-79.94711096247688,40.48032922939568],[-79.94936839531626,40.48103529838775],[-79.9496587828214,40.48278111603461],[-79.94769158369182,40.48382088507998],[-79.94543403990119,40.483114760204096]]]}},{"type":"Feature","id":"892a8473403ffff","properties":{"cell_id":"892a8473403ffff","h3_res":9,"building_count":208,"poi_count_sum":2,"conn_dist_median_ft":8557.593956113666,"total_crossings_mean":0.0,"clipped_area_frac":1.0,"clon":-79.938952,"clat":40.482742},"geometry":{"type":"Polygon","coordinates":[[[-79.93698433881868,40.483781594103405],[-79.93669441273295,40.48203571533001],[-79.93866179453453,40.48099615365305],[-79.94091914531829,40.48170239448622],[-79.9412092252189,40.4834482528966],[-79.93924180052358,40.484487890839425],[-79.93698433881868,40.483781594103405]]]}},{"type":"Feature","id":"892a8473417ffff","properties":{"cell_id":"892a8473417ffff","h3_res":9,"building_count":147,"poi_count_sum":2,"conn_dist_median_ft":8322.877235529933,"total_crossings_mean":0.0,"clipped_area_frac":1.0,"clon":-79.934727,"clat":40.483075},"geometry":{"type":"Polygon","coordinates":[[[-79.9327593807446,40.48411478381587],[-79.93246960848218,40.48236888469193],[-79.93443710301639,40.48132938857916],[-79.93669441273295,40.48203571533001],[-79.93698433881868,40.483781594103405],[-79.93501680136725,40.48482116647909],[-79.9327593807446,40.48411478381587]]]}},{"type":"Feature","id":"892a84734a3ffff","properties":{"cell_id":"892a84734a3ffff","h3_res":9,"building_count":191,"poi_count_sum":1,"conn_dist_median_ft":7409.107299573144,"total_crossings_mean":0.4397905759162304,"clipped_area_frac":1.0,"clon":-79.927955,"clat":40.480956},"geometry":{"type":"Polygon","coordinates":[[[-79.92598750510676,40.48199540398283],[-79.92569799572456,40.48024953079248],[-79.92766556002356,40.47921017650957],[-79.92992267665745,40.47991661916451],[-79.9302123398591,40.481662472025306],[-79.92824473261011,40.482701902563306],[-79.92598750510676,40.48199540398283]]]}},{"type":"Feature","id":"892a84734bbffff","properties":{"cell_id":"892a84734bbffff","h3_res":9,"building_count":210,"poi_count_sum":1,"conn_dist_median_ft":8016.111520912767,"total_crossings_mean":1.361904761904762,"clipped_area_frac":1.0,"clon":-79.930502,"clat":40.483408},"geometry":{"type":"Polygon","coordinates":[[[-79.92853435104084,40.48444782202527],[-79.92824473261011,40.482701902563306],[-79.9302123398591,40.481662472025306],[-79.93246960848218,40.48236888469193],[-79.9327593807446,40.48411478381587],[-79.93079173055496,40.485154290613785],[-79.92853435104084,40.48444782202527]]]}},{"type":"Feature","id":"892a84734b3ffff","properties":{"cell_id":"892a84734b3ffff","h3_res":9,"building_count":177,"poi_count_sum":11,"conn_dist_median_ft":7113.385555670593,"total_crossings_mean":1.2881355932203389,"clipped_area_frac":1.0,"clon":-79.926277,"clat":40.483741},"geometry":{"type":"Polygon","coordinates":[[[-79.92430924975149,40.48478070872296],[-79.92401978516087,40.48303476893546],[-79.92598750510676,40.48199540398283],[-79.92824473261011,40.482701902563306],[-79.92853435104084,40.48444782202527],[-79.9265665881308,40.48548726323487],[-79.92430924975149,40.48478070872296]]]}},{"type":"Feature","id":"892a847348fffff","properties":{"cell_id":"892a847348fffff","h3_res":9,"building_count":167,"poi_count_sum":2,"conn_dist_median_ft":8493.266003707537,"total_crossings_mean":1.5568862275449102,"clipped_area_frac":1.0,"clon":-79.933049,"clat":40.485861},"geometry":{"type":"Polygon","coordinates":[[[-79.93108145805387,40.486900256337165],[-79.93079173055496,40.485154290613785],[-79.9327593807446,40.48411478381587],[-79.93501680136725,40.48482116647909],[-79.93530668271016,40.48656711185595],[-79.93333898958915,40.487606694918675],[-79.93108145805387,40.486900256337165]]]}},{"type":"Feature","id":"892a8473487ffff","properties":{"cell_id":"892a8473487ffff","h3_res":9,"building_count":202,"poi_count_sum":6,"conn_dist_median_ft":6926.277593706568,"total_crossings_mean":2.0,"clipped_area_frac":1.0,"clon":-79.928824,"clat":40.486194},"geometry":{"type":"Polygon","coordinates":[[[-79.92685616177732,40.48723324929224],[-79.9265665881308,40.48548726323487],[-79.92853435104084,40.48444782202527],[-79.93079173055496,40.485154290613785],[-79.93108145805387,40.486900256337165],[-79.92911365218899,40.48793977380858],[-79.92685616177732,40.48723324929224]]]}},{"type":"Feature","id":"892a8409b4bffff","properties":{"cell_id":"892a8409b4bffff","h3_res":9,"building_count":291,"poi_count_sum":27,"conn_dist_median_ft":7154.278662107984,"total_crossings_mean":2.027491408934708,"clipped_area_frac":1.0,"clon":-79.924599,"clat":40.486527},"geometry":{"type":"Polygon","coordinates":[[[-79.92263079392465,40.487566090712505],[-79.92234137413891,40.48582008433364],[-79.92430924975149,40.48478070872296],[-79.9265665881308,40.48548726323487],[-79.92685616177732,40.48723324929224],[-79.92488824318644,40.48827270116177],[-79.92263079392465,40.487566090712505]]]}},{"type":"Feature","id":"892a8473413ffff","properties":{"cell_id":"892a8473413ffff","h3_res":9,"building_count":147,"poi_count_sum":1,"conn_dist_median_ft":9313.671980204143,"total_crossings_mean":0.0,"clipped_area_frac":1.0,"clon":-79.937274,"clat":40.485528},"geometry":{"type":"Polygon","coordinates":[[[-79.93530668271016,40.48656711185595],[-79.93501680136725,40.48482116647909],[-79.93698433881868,40.483781594103405],[-79.93924180052358,40.484487890839425],[-79.93953183570206,40.4862338158573],[-79.93756425534274,40.48727346450072],[-79.93530668271016,40.48656711185595]]]}},{"type":"Feature","id":"892a847341bffff","properties":{"cell_id":"892a847341bffff","h3_res":9,"building_count":67,"poi_count_sum":6,"conn_dist_median_ft":9639.524722593143,"total_crossings_mean":3.4029850746268657,"clipped_area_frac":0.9999999999999998,"clon":-79.941499,"clat":40.485194},"geometry":{"type":"Polygon","coordinates":[[[-79.93953183570206,40.4862338158573],[-79.93924180052358,40.484487890839425],[-79.9412092252189,40.4834482528966],[-79.94346672797981,40.4841544637035],[-79.94375691698544,40.48590036834985],[-79.94178944940572,40.4869400825634],[-79.93953183570206,40.4862338158573]]]}},{"type":"Feature","id":"892a8473457ffff","properties":{"cell_id":"892a8473457ffff","h3_res":9,"building_count":91,"poi_count_sum":12,"conn_dist_median_ft":8198.581691838235,"total_crossings_mean":18.318681318681318,"clipped_area_frac":1.0,"clon":-79.945724,"clat":40.484861},"geometry":{"type":"Polygon","coordinates":[[[-79.94375691698544,40.48590036834985],[-79.94346672797981,40.4841544637035],[-79.94543403990119,40.483114760204096],[-79.94769158369182,40.48382088507998],[-79.94798192651618,40.48556676934234],[-79.94601457173385,40.48660654911542],[-79.94375691698544,40.48590036834985]]]}},{"type":"Feature","id":"892a84734c7ffff","properties":{"cell_id":"892a84734c7ffff","h3_res":9,"building_count":13,"poi_count_sum":3,"conn_dist_median_ft":9741.115158494957,"total_crossings_mean":14.384615384615385,"clipped_area_frac":1.0,"clon":-79.939822,"clat":40.48798},"geometry":{"type":"Polygon","coordinates":[[[-79.93785424578581,40.4890194561203],[-79.93756425534274,40.48727346450072],[-79.93953183570206,40.4862338158573],[-79.94178944940572,40.4869400825634],[-79.9420795936966,40.4886860538155],[-79.94011197043874,40.48972577873155],[-79.93785424578581,40.4890194561203]]]}},{"type":"Feature","id":"892a84734cfffff","properties":{"cell_id":"892a84734cfffff","h3_res":9,"building_count":12,"poi_count_sum":0,"conn_dist_median_ft":9412.7952704897,"total_crossings_mean":18.25,"clipped_area_frac":1.0,"clon":-79.944047,"clat":40.487646},"geometry":{"type":"Polygon","coordinates":[[[-79.9420795936966,40.4886860538155],[-79.94178944940572,40.4869400825634],[-79.94375691698544,40.48590036834985],[-79.94601457173385,40.48660654911542],[-79.94630486986418,40.48835249998754],[-79.94433735940935,40.489392290476665],[-79.9420795936966,40.4886860538155]]]}},{"type":"Feature","id":"892a8473453ffff","properties":{"cell_id":"892a8473453ffff","h3_res":9,"building_count":2,"poi_count_sum":1,"conn_dist_median_ft":8474.928471498442,"total_crossings_mean":17.0,"clipped_area_frac":0.9117407834728058,"clon":-79.948272,"clat":40.487313},"geometry":{"type":"Polygon","coordinates":[[[-79.94630486986418,40.48835249998754],[-79.94601457173385,40.48660654911542],[-79.94798192651618,40.48556676934234],[-79.9502396222831,40.486272864165436],[-79.95050067224992,40.48784205685297],[-79.95009,40.487987],[-79.94978,40.488095],[-79.94933,40.488254],[-79.94896,40.488366],[-79.947837,40.488706],[-79.947617,40.488758],[-79.9476081499065,40.488760113317426],[-79.94630486986418,40.48835249998754]]]}},{"type":"Feature","id":"892a8473443ffff","properties":{"cell_id":"892a8473443ffff","h3_res":9,"building_count":80,"poi_count_sum":15,"conn_dist_median_ft":6987.023721259939,"total_crossings_mean":15.25,"clipped_area_frac":1.0,"clon":-79.949949,"clat":40.484527},"geometry":{"type":"Polygon","coordinates":[[[-79.94798192651618,40.48556676934234],[-79.94769158369182,40.48382088507998],[-79.9496587828214,40.48278111603461],[-79.9519163676155,40.48348715497756],[-79.95220686425013,40.48523301884343],[-79.9502396222831,40.486272864165436],[-79.94798192651618,40.48556676934234]]]}},{"type":"Feature","id":"892a847344bffff","properties":{"cell_id":"892a847344bffff","h3_res":9,"building_count":15,"poi_count_sum":6,"conn_dist_median_ft":6721.175530170776,"total_crossings_mean":14.333333333333334,"clipped_area_frac":1.0,"clon":-79.954174,"clat":40.484193},"geometry":{"type":"Polygon","coordinates":[[[-79.95220686425013,40.48523301884343],[-79.9519163676155,40.48348715497756],[-79.95388345393545,40.48244732039682],[-79.95614107970673,40.483153273404945],[-79.95643173014324,40.48489911686183],[-79.9544646010093,40.48593902772217],[-79.95220686425013,40.48523301884343]]]}},{"type":"Feature","id":"892a847344fffff","properties":{"cell_id":"892a847344fffff","h3_res":9,"building_count":217,"poi_count_sum":36,"conn_dist_median_ft":6344.444141182529,"total_crossings_mean":11.67741935483871,"clipped_area_frac":1.0,"clon":-79.951626,"clat":40.481741},"geometry":{"type":"Polygon","coordinates":[[[-79.9496587828214,40.48278111603461],[-79.94936839531626,40.48103529838775],[-79.95133543881289,40.479995540081795],[-79.95359291264067,40.48070152315049],[-79.95388345393545,40.48244732039682],[-79.9519163676155,40.48348715497756],[-79.9496587828214,40.48278111603461]]]}},{"type":"Feature","id":"892a84736b3ffff","properties":{"cell_id":"892a84736b3ffff","h3_res":9,"building_count":23,"poi_count_sum":34,"conn_dist_median_ft":5475.824395328331,"total_crossings_mean":11.347826086956522,"clipped_area_frac":1.0,"clon":-79.95585,"clat":40.481407},"geometry":{"type":"Polygon","coordinates":[[[-79.95388345393545,40.48244732039682],[-79.95359291264067,40.48070152315049],[-79.95555984333329,40.47966169932269],[-79.95781735812324,40.4803675964661],[-79.95810805319918,40.482113373299434],[-79.95614107970673,40.483153273404945],[-79.95388345393545,40.48244732039682]]]}},{"type":"Feature","id":"892a84736bbffff","properties":{"cell_id":"892a84736bbffff","h3_res":9,"building_count":6,"poi_count_sum":1,"conn_dist_median_ft":5907.397648023973,"total_crossings_mean":10.0,"clipped_area_frac":0.8545991398267818,"clon":-79.960075,"clat":40.481073},"geometry":{"type":"Polygon","coordinates":[[[-79.95810805319918,40.482113373299434],[-79.95781735812324,40.4803675964661],[-79.95978417599403,40.47932770712707],[-79.96204173171984,40.480033518343305],[-79.96216046769875,40.48074620500836],[-79.961921,40.480972],[-79.961809,40.481071],[-79.960878,40.481891],[-79.960809,40.481951],[-79.96069,40.482055],[-79.960655,40.482086],[-79.95993715662718,40.482685248619795],[-79.95810805319918,40.482113373299434]]]}},{"type":"Feature","id":"892a847348bffff","properties":{"cell_id":"892a847348bffff","h3_res":9,"building_count":29,"poi_count_sum":5,"conn_dist_median_ft":8626.729323054438,"total_crossings_mean":3.8620689655172415,"clipped_area_frac":0.9999999999999998,"clon":-79.935597,"clat":40.488313},"geometry":{"type":"Polygon","coordinates":[[[-79.93362882617595,40.48935270689323],[-79.93333898958915,40.487606694918675],[-79.93530668271016,40.48656711185595],[-79.93756425534274,40.48727346450072],[-79.93785424578581,40.4890194561203],[-79.93588650974273,40.49005911545267],[-79.93362882617595,40.48935270689323]]]}},{"type":"Feature","id":"892a8473483ffff","properties":{"cell_id":"892a8473483ffff","h3_res":9,"building_count":70,"poi_count_sum":0,"conn_dist_median_ft":7697.886005762877,"total_crossings_mean":2.085714285714286,"clipped_area_frac":1.0,"clon":-79.931371,"clat":40.488646},"geometry":{"type":"Polygon","coordinates":[[[-79.92940333491113,40.48968580612562],[-79.92911365218899,40.48793977380858],[-79.93108145805387,40.486900256337165],[-79.93333898958915,40.487606694918675],[-79.93362882617595,40.48935270689323],[-79.93166097736552,40.49039230063133],[-79.92940333491113,40.48968580612562]]]}},{"type":"Feature","id":"892a847349bffff","properties":{"cell_id":"892a847349bffff","h3_res":9,"building_count":2,"poi_count_sum":1,"conn_dist_median_ft":7856.72250984156,"total_crossings_mean":5.0,"clipped_area_frac":0.6846032040166966,"clon":-79.933919,"clat":40.491099},"geometry":{"type":"Polygon","coordinates":[[[-79.93166097736552,40.49039230063133],[-79.93362882617595,40.48935270689323],[-79.93588650974273,40.49005911545267],[-79.93611058766443,40.491408516749644],[-79.935572,40.491491],[-79.934338,40.49157],[-79.933987,40.491593],[-79.932961,40.491647],[-79.93218,40.491689],[-79.9318750417042,40.49168209948382],[-79.93166097736552,40.49039230063133]]]}},{"type":"Feature","id":"892a8473497ffff","properties":{"cell_id":"892a8473497ffff","h3_res":9,"building_count":30,"poi_count_sum":0,"conn_dist_median_ft":7088.243024245173,"total_crossings_mean":2.0,"clipped_area_frac":1.0,"clon":-79.927146,"clat":40.488979},"geometry":{"type":"Polygon","coordinates":[[[-79.92517777203552,40.49001875380878],[-79.92488824318644,40.48827270116177],[-79.92685616177732,40.48723324929224],[-79.92911365218899,40.48793977380858],[-79.92940333491113,40.48968580612562],[-79.92743537335124,40.49072533425887],[-79.92517777203552,40.49001875380878]]]}},{"type":"Feature","id":"892a8409b5bffff","properties":{"cell_id":"892a8409b5bffff","h3_res":9,"building_count":40,"poi_count_sum":2,"conn_dist_median_ft":4778.285324099179,"total_crossings_mean":3.25,"clipped_area_frac":0.9134203992316544,"clon":-79.92292,"clat":40.489312},"geometry":{"type":"Polygon","coordinates":[[[-79.92066276262564,40.488605476969575],[-79.92263079392465,40.487566090712505],[-79.92488824318644,40.48827270116177],[-79.92517777203552,40.49001875380878],[-79.92377867947759,40.49075770166211],[-79.923567,40.490717],[-79.922543,40.490469],[-79.92219,40.490368],[-79.921587,40.490195],[-79.921036,40.490036],[-79.92089505288473,40.49000710387832],[-79.92066276262564,40.488605476969575]]]}},{"type":"Feature","id":"892a8409b43ffff","properties":{"cell_id":"892a8409b43ffff","h3_res":9,"building_count":53,"poi_count_sum":6,"conn_dist_median_ft":4469.476541200601,"total_crossings_mean":2.1132075471698113,"clipped_area_frac":1.0,"clon":-79.920373,"clat":40.486859},"geometry":{"type":"Polygon","coordinates":[[[-79.91840535454001,40.48789878058931],[-79.91811608862346,40.48615275390146],[-79.92008407692066,40.485113443900254],[-79.92234137413891,40.48582008433364],[-79.92263079392465,40.487566090712505],[-79.92066276262564,40.488605476969575],[-79.91840535454001,40.48789878058931]]]}},{"type":"Feature","id":"892a8409b57ffff","properties":{"cell_id":"892a8409b57ffff","h3_res":9,"building_count":10,"poi_count_sum":0,"conn_dist_median_ft":2844.107717575035,"total_crossings_mean":1.0,"clipped_area_frac":1.0,"clon":-79.916148,"clat":40.487192},"geometry":{"type":"Polygon","coordinates":[[[-79.91417984366753,40.48823131891399],[-79.91389073162857,40.48648527192963],[-79.91585883259255,40.48544602754853],[-79.91811608862346,40.48615275390146],[-79.91840535454001,40.48789878058931],[-79.91643721055074,40.488938101223326],[-79.91417984366753,40.48823131891399]]]}},{"type":"Feature","id":"892a840994bffff","properties":{"cell_id":"892a840994bffff","h3_res":9,"building_count":12,"poi_count_sum":174,"conn_dist_median_ft":11840.415477207287,"total_crossings_mean":7.75,"clipped_area_frac":1.0,"clon":-79.89502,"clat":40.488853},"geometry":{"type":"Polygon","coordinates":[[[-79.89305121853312,40.48989173695257],[-79.89276287600784,40.488145588673326],[-79.89473154003743,40.487106672551256],[-79.89698858973763,40.487813828473044],[-79.89727708618238,40.48955995651832],[-79.89530837901016,40.49059894887837],[-79.89305121853312,40.48989173695257]]]}},{"type":"Feature","id":"892a8409b97ffff","properties":{"cell_id":"892a8409b97ffff","h3_res":9,"building_count":1,"poi_count_sum":2,"conn_dist_median_ft":12089.901710711547,"total_crossings_mean":7.0,"clipped_area_frac":0.34797180122726734,"clon":-79.897566,"clat":40.491306},"geometry":{"type":"Polygon","coordinates":[[[-79.8955968305127,40.49234514348504],[-79.89530837901016,40.49059894887837],[-79.89727708618238,40.48955995651832],[-79.89731756063779,40.48957263617323],[-79.89727,40.489858],[-79.897259,40.489915],[-79.897229,40.490088],[-79.897219,40.490146],[-79.89721,40.49019],[-79.897183,40.490322],[-79.897175,40.490367],[-79.897131,40.490646],[-79.896999,40.491486],[-79.896961,40.491735],[-79.896965,40.491767],[-79.896964,40.491778],[-79.896964,40.491814],[-79.896964,40.491826],[-79.896959,40.491908],[-79.896957,40.49197],[-79.89695,40.492242],[-79.896944,40.492301],[-79.896942,40.492327],[-79.896933,40.492403],[-79.896924,40.49249],[-79.896917,40.492554],[-79.896912,40.492614],[-79.896855,40.492603],[-79.896086,40.492467],[-79.895882,40.492432],[-79.8958663947993,40.49242959391179],[-79.8955968305127,40.49234514348504]]]}},{"type":"Feature","id":"892a8409b87ffff","properties":{"cell_id":"892a8409b87ffff","h3_res":9,"building_count":1,"poi_count_sum":0,"conn_dist_median_ft":2210.0602447104097,"total_crossings_mean":3.0,"clipped_area_frac":0.4773895389923052,"clon":-79.899246,"clat":40.488521},"geometry":{"type":"Polygon","coordinates":[[[-79.89727708618238,40.48955995651832],[-79.89698858973763,40.487813828473044],[-79.89895714118988,40.486774846677996],[-79.90121423220876,40.48748191668987],[-79.9014552531631,40.48893990404209],[-79.901413,40.488929],[-79.901382,40.488921],[-79.901319,40.488904],[-79.90113,40.488854],[-79.901068,40.488838],[-79.900896,40.488788],[-79.900749,40.488746],[-79.900381,40.488644],[-79.90021,40.488597],[-79.900037,40.488549],[-79.899519,40.488405],[-79.899347,40.488358],[-79.899173,40.488311],[-79.898653,40.488173],[-79.89852,40.488138],[-79.898484,40.488119],[-79.898318,40.488073],[-79.897982,40.48798],[-79.897821,40.487937],[-79.897655,40.487894],[-79.897604,40.487879],[-79.89756,40.488134],[-79.897536,40.488275],[-79.897336,40.489462],[-79.89731756063779,40.48957263617323],[-79.89727708618238,40.48955995651832]]]}},{"type":"Feature","id":"892a8409bb3ffff","properties":{"cell_id":"892a8409bb3ffff","h3_res":9,"building_count":4,"poi_count_sum":0,"conn_dist_median_ft":10933.611334773095,"total_crossings_mean":6.0,"clipped_area_frac":0.9999999999999998,"clon":-79.8967,"clat":40.486068},"geometry":{"type":"Polygon","coordinates":[[[-79.89473154003743,40.487106672551256],[-79.89444315256253,40.48536059083514],[-79.89641166088634,40.48432168527622],[-79.89866859981618,40.48502878519989],[-79.89895714118988,40.486774846677996],[-79.89698858973763,40.487813828473044],[-79.89473154003743,40.487106672551256]]]}},{"type":"Feature","id":"892a840994fffff","properties":{"cell_id":"892a840994fffff","h3_res":9,"building_count":11,"poi_count_sum":20,"conn_dist_median_ft":11248.610353840892,"total_crossings_mean":7.545454545454546,"clipped_area_frac":1.0,"clon":-79.892475,"clat":40.486399},"geometry":{"type":"Polygon","coordinates":[[[-79.89050586765259,40.4874383468436],[-79.89021763408488,40.48569224490199],[-79.89218625496255,40.48465340501303],[-79.89444315256253,40.48536059083514],[-79.89473154003743,40.487106672551256],[-79.89276287600784,40.488145588673326],[-79.89050586765259,40.4874383468436]]]}},{"type":"Feature","id":"892a8409947ffff","properties":{"cell_id":"892a8409947ffff","h3_res":9,"building_count":9,"poi_count_sum":18,"conn_dist_median_ft":11749.38197270278,"total_crossings_mean":8.555555555555555,"clipped_area_frac":0.8017599608755396,"clon":-79.888249,"clat":40.486731},"geometry":{"type":"Polygon","coordinates":[[[-79.89021763408488,40.48569224490199],[-79.89050586765259,40.4874383468436],[-79.88853709106355,40.488477197282144],[-79.88628012407952,40.4877698695464],[-79.88608578841341,40.48659195292006],[-79.88633,40.486563],[-79.887106,40.486501],[-79.88778,40.486461],[-79.888039,40.486447],[-79.888175,40.48644],[-79.888162,40.486193],[-79.888111,40.485197],[-79.888111,40.485176],[-79.88813154742269,40.485038490325124],[-79.89021763408488,40.48569224490199]]]}},{"type":"Feature","id":"892a8409943ffff","properties":{"cell_id":"892a8409943ffff","h3_res":9,"building_count":5,"poi_count_sum":70,"conn_dist_median_ft":12174.847157510529,"total_crossings_mean":8.0,"clipped_area_frac":1.0,"clon":-79.890794,"clat":40.489184},"geometry":{"type":"Polygon","coordinates":[[[-79.88882527966099,40.49022336578285],[-79.88853709106355,40.488477197282144],[-79.89050586765259,40.4874383468436],[-79.89276287600784,40.488145588673326],[-79.89305121853312,40.48989173695257],[-79.89108239877798,40.49093066362612],[-79.88882527966099,40.49022336578285]]]}},{"type":"Feature","id":"892a8409957ffff","properties":{"cell_id":"892a8409957ffff","h3_res":9,"building_count":1,"poi_count_sum":38,"conn_dist_median_ft":12649.494106996859,"total_crossings_mean":11.0,"clipped_area_frac":0.9713158136639163,"clon":-79.886568,"clat":40.489516},"geometry":{"type":"Polygon","coordinates":[[[-79.88628012407952,40.4877698695464],[-79.88853709106355,40.488477197282144],[-79.88882527966099,40.49022336578285],[-79.88710222842424,40.49113249337042],[-79.886972,40.491115],[-79.886433,40.491061],[-79.8861341663558,40.49103589024781],[-79.88459926961019,40.490554843000496],[-79.88459800697132,40.49054718834623],[-79.884666,40.490461],[-79.884694,40.490394],[-79.884704,40.490294],[-79.88469,40.490175],[-79.88464,40.489996],[-79.884574,40.489819],[-79.884568,40.489615],[-79.884547,40.489337],[-79.884519,40.48921],[-79.884484,40.488949],[-79.88455851889617,40.48867818742611],[-79.88628012407952,40.4877698695464]]]}},{"type":"Feature","id":"892a840990bffff","properties":{"cell_id":"892a840990bffff","h3_res":9,"building_count":4,"poi_count_sum":11,"conn_dist_median_ft":12767.414807393838,"total_crossings_mean":6.0,"clipped_area_frac":0.22204843651879785,"clon":-79.884023,"clat":40.487063},"geometry":{"type":"Polygon","coordinates":[[[-79.88628012407952,40.4877698695464],[-79.88455851889617,40.48867818742611],[-79.884566,40.488651],[-79.884618,40.488375],[-79.884608,40.48775],[-79.884589,40.487484],[-79.884592,40.487329],[-79.884584,40.487218],[-79.884563,40.486885],[-79.884556,40.486774],[-79.88536,40.486678],[-79.88608578841341,40.48659195292006],[-79.88628012407952,40.4877698695464]]]}},{"type":"Feature","id":"892a840997bffff","properties":{"cell_id":"892a840997bffff","h3_res":9,"building_count":2,"poi_count_sum":0,"conn_dist_median_ft":11400.70259115083,"total_crossings_mean":6.0,"clipped_area_frac":0.9609040154540459,"clon":-79.889929,"clat":40.483946},"geometry":{"type":"Polygon","coordinates":[[[-79.88767265321115,40.48323891758959],[-79.88964123092764,40.48220015392888],[-79.89189797643783,40.48290736963629],[-79.89218625496255,40.48465340501303],[-79.89021763408488,40.48569224490199],[-79.88813154742269,40.485038490325124],[-79.888137,40.485002],[-79.8882,40.483948],[-79.888213,40.483682],[-79.88773720550063,40.48363010902012],[-79.88767265321115,40.48323891758959]]]}},{"type":"Feature","id":"892a840996fffff","properties":{"cell_id":"892a840996fffff","h3_res":9,"building_count":2,"poi_count_sum":0,"conn_dist_median_ft":13170.254375876968,"total_crossings_mean":13.0,"clipped_area_frac":1.0,"clon":-79.889065,"clat":40.478708},"geometry":{"type":"Polygon","coordinates":[[[-79.88709646790257,40.47974691932409],[-79.88680840721915,40.47800097665667],[-79.88877678610199,40.4769622997769],[-79.89103326882719,40.47766948934561],[-79.8913214833725,40.47941541180042],[-79.88935306133341,40.48045416490171],[-79.88709646790257,40.47974691932409]]]}},{"type":"Feature","id":"892a840996bffff","properties":{"cell_id":"892a840996bffff","h3_res":9,"building_count":1,"poi_count_sum":0,"conn_dist_median_ft":13065.38618637672,"total_crossings_mean":13.0,"clipped_area_frac":0.9999999999999998,"clon":-79.89161,"clat":40.481161},"geometry":{"type":"Polygon","coordinates":[[[-79.88964123092764,40.48220015392888],[-79.88935306133341,40.48045416490171],[-79.8913214833725,40.47941541180042],[-79.8935781181555,40.4801225715025],[-79.89386644162393,40.4818685403086],[-79.89189797643783,40.48290736963629],[-79.88964123092764,40.48220015392888]]]}},{"type":"Feature","id":"892a84726d3ffff","properties":{"cell_id":"892a84726d3ffff","h3_res":9,"building_count":7,"poi_count_sum":1,"conn_dist_median_ft":12530.728674728527,"total_crossings_mean":10.142857142857142,"clipped_area_frac":0.9999999999999998,"clon":-79.89329,"clat":40.478377},"geometry":{"type":"Polygon","coordinates":[[[-79.8913214833725,40.47941541180042],[-79.89103326882719,40.47766948934561],[-79.89300153520864,40.476630746815395],[-79.8952580592709,40.47733785051808],[-79.89554642766976,40.47908375274779],[-79.8935781181555,40.4801225715025],[-79.8913214833725,40.47941541180042]]]}},{"type":"Feature","id":"892a8409ba7ffff","properties":{"cell_id":"892a8409ba7ffff","h3_res":9,"building_count":7,"poi_count_sum":0,"conn_dist_median_ft":8869.7353693982,"total_crossings_mean":3.0,"clipped_area_frac":1.0,"clon":-79.895835,"clat":40.48083},"geometry":{"type":"Polygon","coordinates":[[[-79.89386644162393,40.4818685403086],[-79.8935781181555,40.4801225715025],[-79.89554642766976,40.47908375274779],[-79.89780310377866,40.4797908265724],[-79.89809158111292,40.48153677514493],[-79.89612322847512,40.48257567012901],[-79.89386644162393,40.4818685403086]]]}},{"type":"Feature","id":"892a8409bafffff","properties":{"cell_id":"892a8409bafffff","h3_res":9,"building_count":3,"poi_count_sum":0,"conn_dist_median_ft":7822.315634189041,"total_crossings_mean":3.0,"clipped_area_frac":1.0,"clon":-79.90006,"clat":40.480498},"geometry":{"type":"Polygon","coordinates":[[[-79.89809158111292,40.48153677514493],[-79.89780310377866,40.4797908265724],[-79.89977130075019,40.478751942174824],[-79.90202801815875,40.479458930120025],[-79.90231664935047,40.481204858446475],[-79.90034840927886,40.4822438190764],[-79.89809158111292,40.48153677514493]]]}},{"type":"Feature","id":"892a8409b33ffff","properties":{"cell_id":"892a8409b33ffff","h3_res":9,"building_count":3,"poi_count_sum":0,"conn_dist_median_ft":9528.882863885374,"total_crossings_mean":3.0,"clipped_area_frac":0.9999999999999998,"clon":-79.904285,"clat":40.480166},"geometry":{"type":"Polygon","coordinates":[[[-79.90231664935047,40.481204858446475],[-79.90202801815875,40.479458930120025],[-79.90399610256966,40.47841998009019],[-79.9062528612516,40.47912688215404],[-79.90654164629242,40.48087279022189],[-79.9045735188049,40.48191181648709],[-79.90231664935047,40.481204858446475]]]}},{"type":"Feature","id":"892a8409babffff","properties":{"cell_id":"892a8409babffff","h3_res":9,"building_count":7,"poi_count_sum":5,"conn_dist_median_ft":1345.1571068054616,"total_crossings_mean":2.4285714285714284,"clipped_area_frac":1.0,"clon":-79.902605,"clat":40.482951},"geometry":{"type":"Polygon","coordinates":[[[-79.90063699556822,40.48398981398156],[-79.90034840927886,40.4822438190764],[-79.90231664935047,40.481204858446475],[-79.9045735188049,40.48191181648709],[-79.90486225896403,40.483657791137716],[-79.90289397580162,40.48469682800486],[-79.90063699556822,40.48398981398156]]]}},{"type":"Feature","id":"892a8409b17ffff","properties":{"cell_id":"892a8409b17ffff","h3_res":9,"building_count":11,"poi_count_sum":0,"conn_dist_median_ft":421.01422859137114,"total_crossings_mean":1.4545454545454546,"clipped_area_frac":0.9263438059941937,"clon":-79.905151,"clat":40.485404},"geometry":{"type":"Polygon","coordinates":[[[-79.90289397580162,40.48469682800486],[-79.90486225896403,40.483657791137716],[-79.90711928047475,40.48436471925868],[-79.90740812962096,40.48611074022327],[-79.90596676421367,40.48687166168867],[-79.905497,40.48676],[-79.905354,40.486726],[-79.904623,40.486554],[-79.9031429421064,40.48620258679768],[-79.90289397580162,40.48469682800486]]]}},{"type":"Feature","id":"892a8409b03ffff","properties":{"cell_id":"892a8409b03ffff","h3_res":9,"building_count":6,"poi_count_sum":1,"conn_dist_median_ft":506.4629504220992,"total_crossings_mean":1.0,"clipped_area_frac":1.0,"clon":-79.909376,"clat":40.485072},"geometry":{"type":"Polygon","coordinates":[[[-79.90740812962096,40.48611074022327],[-79.90711928047475,40.48436471925868],[-79.90908745102959,40.48332561675329],[-79.91134451379138,40.48403245897],[-79.91163351681126,40.48577845965907],[-79.90966530319838,40.486817638409526],[-79.90740812962096,40.48611074022327]]]}},{"type":"Feature","id":"892a8409b07ffff","properties":{"cell_id":"892a8409b07ffff","h3_res":9,"building_count":1,"poi_count_sum":0,"conn_dist_median_ft":111.05647528958119,"total_crossings_mean":0.0,"clipped_area_frac":1.0,"clon":-79.90683,"clat":40.482619},"geometry":{"type":"Polygon","coordinates":[[[-79.90486225896403,40.483657791137716],[-79.9045735188049,40.48191181648709],[-79.90654164629242,40.48087279022189],[-79.90879855700909,40.48157966236972],[-79.90908745102959,40.48332561675329],[-79.90711928047475,40.48436471925868],[-79.90486225896403,40.483657791137716]]]}},{"type":"Feature","id":"892a8409b0fffff","properties":{"cell_id":"892a8409b0fffff","h3_res":9,"building_count":4,"poi_count_sum":1,"conn_dist_median_ft":4944.946877220021,"total_crossings_mean":3.0,"clipped_area_frac":1.0,"clon":-79.911056,"clat":40.482286},"geometry":{"type":"Polygon","coordinates":[[[-79.90908745102959,40.48332561675329],[-79.90879855700909,40.48157966236972],[-79.91076657189465,40.48054057047983],[-79.91302352384727,40.48124735673291],[-79.91331257172081,40.482993290836944],[-79.91134451379138,40.48403245897],[-79.90908745102959,40.48332561675329]]]}},{"type":"Feature","id":"892a8409b47ffff","properties":{"cell_id":"892a8409b47ffff","h3_res":9,"building_count":27,"poi_count_sum":2,"conn_dist_median_ft":3700.0652967317124,"total_crossings_mean":1.1481481481481481,"clipped_area_frac":1.0,"clon":-79.917827,"clat":40.484407},"geometry":{"type":"Polygon","coordinates":[[[-79.91585883259255,40.48544602754853],[-79.91556967570737,40.48370004714747],[-79.91753762099349,40.4826608133973],[-79.91979476617858,40.48336748379974],[-79.92008407692066,40.485113443900254],[-79.91811608862346,40.48615275390146],[-79.91585883259255,40.48544602754853]]]}},{"type":"Feature","id":"892a8409b4fffff","properties":{"cell_id":"892a8409b4fffff","h3_res":9,"building_count":31,"poi_count_sum":0,"conn_dist_median_ft":7192.281266086998,"total_crossings_mean":2.3870967741935485,"clipped_area_frac":1.0,"clon":-79.922052,"clat":40.484074},"geometry":{"type":"Polygon","coordinates":[[[-79.92008407692066,40.485113443900254],[-79.91979476617858,40.48336748379974],[-79.92176259880351,40.48232818444305],[-79.92401978516087,40.48303476893546],[-79.92430924975149,40.48478070872296],[-79.92234137413891,40.48582008433364],[-79.92008407692066,40.485113443900254]]]}},{"type":"Feature","id":"892a8409b7bffff","properties":{"cell_id":"892a8409b7bffff","h3_res":9,"building_count":19,"poi_count_sum":0,"conn_dist_median_ft":6531.80035965416,"total_crossings_mean":2.210526315789474,"clipped_area_frac":1.0,"clon":-79.919505,"clat":40.481622},"geometry":{"type":"Polygon","coordinates":[[[-79.91753762099349,40.4826608133973],[-79.91724841927535,40.48091489958534],[-79.91921620890335,40.47987567647779],[-79.92147324324914,40.48058229093565],[-79.92176259880351,40.48232818444305],[-79.91979476617858,40.48336748379974],[-79.91753762099349,40.4826608133973]]]}},{"type":"Feature","id":"892a8409b0bffff","properties":{"cell_id":"892a8409b0bffff","h3_res":9,"building_count":1,"poi_count_sum":0,"conn_dist_median_ft":3399.3284135920835,"total_crossings_mean":0.0,"clipped_area_frac":1.0,"clon":-79.913602,"clat":40.484739},"geometry":{"type":"Polygon","coordinates":[[[-79.91163351681126,40.48577845965907],[-79.91134451379138,40.48403245897],[-79.91331257172081,40.482993290836944],[-79.91556967570737,40.48370004714747],[-79.91585883259255,40.48544602754853],[-79.91389073162857,40.48648527192963],[-79.91163351681126,40.48577845965907]]]}},{"type":"Feature","id":"892a8409b73ffff","properties":{"cell_id":"892a8409b73ffff","h3_res":9,"building_count":6,"poi_count_sum":0,"conn_dist_median_ft":7758.743036169132,"total_crossings_mean":4.0,"clipped_area_frac":1.0,"clon":-79.915281,"clat":40.481954},"geometry":{"type":"Polygon","coordinates":[[[-79.91331257172081,40.482993290836944],[-79.91302352384727,40.48124735673291],[-79.91499142611302,40.480208199228905],[-79.91724841927535,40.48091489958534],[-79.91753762099349,40.4826608133973],[-79.91556967570737,40.48370004714747],[-79.91331257172081,40.482993290836944]]]}},{"type":"Feature","id":"892a84734b7ffff","properties":{"cell_id":"892a84734b7ffff","h3_res":9,"building_count":2,"poi_count_sum":0,"conn_dist_median_ft":6603.199093236581,"total_crossings_mean":8.0,"clipped_area_frac":0.9999999999999998,"clon":-79.92373,"clat":40.481289},"geometry":{"type":"Polygon","coordinates":[[[-79.92176259880351,40.48232818444305],[-79.92147324324914,40.48058229093565],[-79.92344092022158,40.479543002235125],[-79.92569799572456,40.48024953079248],[-79.92598750510676,40.48199540398283],[-79.92401978516087,40.48303476893546],[-79.92176259880351,40.48232818444305]]]}},{"type":"Feature","id":"892a8409b6bffff","properties":{"cell_id":"892a8409b6bffff","h3_res":9,"building_count":107,"poi_count_sum":2,"conn_dist_median_ft":6368.901731673481,"total_crossings_mean":3.3271028037383177,"clipped_area_frac":1.0,"clon":-79.921184,"clat":40.478836},"geometry":{"type":"Polygon","coordinates":[[[-79.91921620890335,40.47987567647779],[-79.91892696236552,40.47812982926067],[-79.92089459635523,40.47709061680741],[-79.92315151986818,40.47779717532659],[-79.92344092022158,40.479543002235125],[-79.92147324324914,40.48058229093565],[-79.91921620890335,40.47987567647779]]]}},{"type":"Feature","id":"892a8409b63ffff","properties":{"cell_id":"892a8409b63ffff","h3_res":9,"building_count":49,"poi_count_sum":2,"conn_dist_median_ft":6573.081415755528,"total_crossings_mean":6.63265306122449,"clipped_area_frac":1.0,"clon":-79.916959,"clat":40.479169},"geometry":{"type":"Polygon","coordinates":[[[-79.91499142611302,40.480208199228905],[-79.91470233339912,40.47846233171571],[-79.91667008002094,40.47742318485244],[-79.91892696236552,40.47812982926067],[-79.91921620890335,40.47987567647779],[-79.91724841927535,40.48091489958534],[-79.91499142611302,40.480208199228905]]]}},{"type":"Feature","id":"892a8409b3bffff","properties":{"cell_id":"892a8409b3bffff","h3_res":9,"building_count":4,"poi_count_sum":0,"conn_dist_median_ft":9255.705684815337,"total_crossings_mean":4.5,"clipped_area_frac":1.0,"clon":-79.90851,"clat":40.479834},"geometry":{"type":"Polygon","coordinates":[[[-79.90654164629242,40.48087279022189],[-79.9062528612516,40.47912688215404],[-79.90822083308404,40.47808786650247],[-79.9104776330131,40.47879468268304],[-79.91076657189465,40.48054057047983],[-79.90879855700909,40.48157966236972],[-79.90654164629242,40.48087279022189]]]}},{"type":"Feature","id":"892a8409b77ffff","properties":{"cell_id":"892a8409b77ffff","h3_res":9,"building_count":2,"poi_count_sum":0,"conn_dist_median_ft":7907.978837197134,"total_crossings_mean":6.0,"clipped_area_frac":1.0,"clon":-79.912734,"clat":40.479501},"geometry":{"type":"Polygon","coordinates":[[[-79.91076657189465,40.48054057047983],[-79.9104776330131,40.47879468268304],[-79.91244549224918,40.47775560142034],[-79.91470233339912,40.47846233171571],[-79.91499142611302,40.480208199228905],[-79.91302352384727,40.48124735673291],[-79.91076657189465,40.48054057047983]]]}},{"type":"Feature","id":"892a8409b23ffff","properties":{"cell_id":"892a8409b23ffff","h3_res":9,"building_count":1,"poi_count_sum":0,"conn_dist_median_ft":5587.1344507495005,"total_crossings_mean":3.0,"clipped_area_frac":1.0,"clon":-79.905964,"clat":40.477381},"geometry":{"type":"Polygon","coordinates":[[[-79.90399610256966,40.47841998009019],[-79.90370742648884,40.4766741183482],[-79.90567535525884,40.47563517893012],[-79.90793200317478,40.476342025023115],[-79.90822083308404,40.47808786650247],[-79.9062528612516,40.47912688215404],[-79.90399610256966,40.47841998009019]]]}},{"type":"Feature","id":"892a8409b2bffff","properties":{"cell_id":"892a8409b2bffff","h3_res":9,"building_count":2,"poi_count_sum":1,"conn_dist_median_ft":3510.9788774742283,"total_crossings_mean":2.0,"clipped_area_frac":0.9999999999999998,"clon":-79.910189,"clat":40.477049},"geometry":{"type":"Polygon","coordinates":[[[-79.90822083308404,40.47808786650247],[-79.90793200317478,40.476342025023115],[-79.90989981937186,40.475303019996865],[-79.91215650851986,40.4760097802161],[-79.91244549224918,40.47775560142034],[-79.9104776330131,40.47879468268304],[-79.90822083308404,40.47808786650247]]]}},{"type":"Feature","id":"892a8409b67ffff","properties":{"cell_id":"892a8409b67ffff","h3_res":9,"building_count":136,"poi_count_sum":3,"conn_dist_median_ft":6801.580929193475,"total_crossings_mean":7.4338235294117645,"clipped_area_frac":1.0,"clon":-79.914413,"clat":40.476717},"geometry":{"type":"Polygon","coordinates":[[[-79.91244549224918,40.47775560142034],[-79.91215650851986,40.4760097802161],[-79.91412421212615,40.47497070959227],[-79.91638094247996,40.4756773839358],[-79.91667008002094,40.47742318485244],[-79.91470233339912,40.47846233171571],[-79.91244549224918,40.47775560142034]]]}},{"type":"Feature","id":"892a8409b6fffff","properties":{"cell_id":"892a8409b6fffff","h3_res":9,"building_count":187,"poi_count_sum":32,"conn_dist_median_ft":5974.365958551176,"total_crossings_mean":6.641711229946524,"clipped_area_frac":1.0,"clon":-79.918638,"clat":40.476384},"geometry":{"type":"Polygon","coordinates":[[[-79.91667008002094,40.47742318485244],[-79.91638094247996,40.4756773839358],[-79.9183485334776,40.47463824772496],[-79.92060530501097,40.47534483619089],[-79.92089459635523,40.47709061680741],[-79.91892696236552,40.47812982926067],[-79.91667008002094,40.47742318485244]]]}},{"type":"Feature","id":"892a847359bffff","properties":{"cell_id":"892a847359bffff","h3_res":9,"building_count":190,"poi_count_sum":1,"conn_dist_median_ft":5622.709658521146,"total_crossings_mean":6.726315789473684,"clipped_area_frac":1.0,"clon":-79.916092,"clat":40.473932},"geometry":{"type":"Polygon","coordinates":[[[-79.91412421212615,40.47497070959227],[-79.91383518356236,40.473224954986335],[-79.91580273155867,40.47218589501302],[-79.91805935112278,40.47289251341068],[-79.9183485334776,40.47463824772496],[-79.91638094247996,40.4756773839358],[-79.91412421212615,40.47497070959227]]]}},{"type":"Feature","id":"892a8473593ffff","properties":{"cell_id":"892a8473593ffff","h3_res":9,"building_count":115,"poi_count_sum":1,"conn_dist_median_ft":6496.7465239806625,"total_crossings_mean":6.0,"clipped_area_frac":1.0,"clon":-79.911868,"clat":40.474264},"geometry":{"type":"Polygon","coordinates":[[[-79.90989981937186,40.475303019996865],[-79.90961094460745,40.47355724511177],[-79.91157860518895,40.4725182507225],[-79.91383518356236,40.473224954986335],[-79.91412421212615,40.47497070959227],[-79.91215650851986,40.4760097802161],[-79.90989981937186,40.475303019996865]]]}},{"type":"Feature","id":"892a8409b2fffff","properties":{"cell_id":"892a8409b2fffff","h3_res":9,"building_count":1,"poi_count_sum":2,"conn_dist_median_ft":3888.1579959180654,"total_crossings_mean":2.0,"clipped_area_frac":0.9999999999999998,"clon":-79.907643,"clat":40.474596},"geometry":{"type":"Polygon","coordinates":[[[-79.90567535525884,40.47563517893012],[-79.9053866343022,40.47388938377839],[-79.90735440745102,40.47285045498373],[-79.90961094460745,40.47355724511177],[-79.90989981937186,40.475303019996865],[-79.90793200317478,40.476342025023115],[-79.90567535525884,40.47563517893012]]]}},{"type":"Feature","id":"892a84726c3ffff","properties":{"cell_id":"892a84726c3ffff","h3_res":9,"building_count":3,"poi_count_sum":0,"conn_dist_median_ft":11003.599222829023,"total_crossings_mean":13.0,"clipped_area_frac":1.0,"clon":-79.89497,"clat":40.475592},"geometry":{"type":"Polygon","coordinates":[[[-79.89300153520864,40.476630746815395],[-79.89271327572551,40.47488489093872],[-79.89468138646909,40.47384615899129],[-79.8969377998171,40.47455320670049],[-79.8972262131331,40.476299042348025],[-79.8952580592709,40.47733785051808],[-79.89300153520864,40.476630746815395]]]}},{"type":"Feature","id":"892a8409b27ffff","properties":{"cell_id":"892a8409b27ffff","h3_res":9,"building_count":4,"poi_count_sum":0,"conn_dist_median_ft":5548.6865516303915,"total_crossings_mean":3.0,"clipped_area_frac":0.9999999999999998,"clon":-79.903419,"clat":40.474928},"geometry":{"type":"Polygon","coordinates":[[[-79.90145081983121,40.47596718638338],[-79.90116225269068,40.4742213709775],[-79.90313013838899,40.47318250778802],[-79.9053866343022,40.47388938377839],[-79.90567535525884,40.47563517893012],[-79.90370742648884,40.4766741183482],[-79.90145081983121,40.47596718638338]]]}},{"type":"Feature","id":"892a8409b37ffff","properties":{"cell_id":"892a8409b37ffff","h3_res":9,"building_count":23,"poi_count_sum":2,"conn_dist_median_ft":7984.639696512299,"total_crossings_mean":3.0,"clipped_area_frac":1.0,"clon":-79.901739,"clat":40.477713},"geometry":{"type":"Polygon","coordinates":[[[-79.89977130075019,40.478751942174824],[-79.89948277850617,40.47700606018274],[-79.90145081983121,40.47596718638338],[-79.90370742648884,40.4766741183482],[-79.90399610256966,40.47841998009019],[-79.90202801815875,40.479458930120025],[-79.89977130075019,40.478751942174824]]]}},{"type":"Feature","id":"892a84726dbffff","properties":{"cell_id":"892a84726dbffff","h3_res":9,"building_count":5,"poi_count_sum":1,"conn_dist_median_ft":8306.625328924287,"total_crossings_mean":3.0,"clipped_area_frac":1.0,"clon":-79.897515,"clat":40.478045},"geometry":{"type":"Polygon","coordinates":[[[-79.89554642766976,40.47908375274779],[-79.8952580592709,40.47733785051808],[-79.8972262131331,40.476299042348025],[-79.89948277850617,40.47700606018274],[-79.89977130075019,40.478751942174824],[-79.89780310377866,40.4797908265724],[-79.89554642766976,40.47908375274779]]]}},{"type":"Feature","id":"892a84726d7ffff","properties":{"cell_id":"892a84726d7ffff","h3_res":9,"building_count":21,"poi_count_sum":0,"conn_dist_median_ft":11253.019212297579,"total_crossings_mean":13.0,"clipped_area_frac":1.0,"clon":-79.890745,"clat":40.475924},"geometry":{"type":"Polygon","coordinates":[[[-79.88877678610199,40.4769622997769],[-79.88848868046007,40.47521642368358],[-79.89045690369947,40.47417775737301],[-79.89271327572551,40.47488489093872],[-79.89300153520864,40.476630746815395],[-79.89103326882719,40.47766948934561],[-79.88877678610199,40.4769622997769]]]}},{"type":"Feature","id":"892a847269bffff","properties":{"cell_id":"892a847269bffff","h3_res":9,"building_count":5,"poi_count_sum":0,"conn_dist_median_ft":11477.551412885887,"total_crossings_mean":13.0,"clipped_area_frac":0.3662788887954703,"clon":-79.88652,"clat":40.476255},"geometry":{"type":"Polygon","coordinates":[[[-79.88848868046007,40.47521642368358],[-79.88877678610199,40.4769622997769],[-79.88680840721915,40.47800097665667],[-79.88661700850145,40.47794098324706],[-79.886859,40.476891],[-79.886876,40.476818],[-79.886902,40.476755],[-79.886921,40.476622],[-79.887081,40.47592],[-79.887112,40.475793],[-79.88732853004443,40.474852788639986],[-79.88848868046007,40.47521642368358]]]}},{"type":"Feature","id":"892a8472083ffff","properties":{"cell_id":"892a8472083ffff","h3_res":9,"building_count":1,"poi_count_sum":0,"conn_dist_median_ft":1522.4999365586682,"total_crossings_mean":0.0,"clipped_area_frac":0.1614246664593828,"clon":-79.866173,"clat":40.456631},"geometry":{"type":"Polygon","coordinates":[[[-79.86814136451497,40.455592495231116],[-79.86826567715815,40.4563479332065],[-79.865843,40.455745],[-79.865976,40.455097],[-79.86601136156858,40.45492428665452],[-79.86814136451497,40.455592495231116]]]}},{"type":"Feature","id":"892a847208bffff","properties":{"cell_id":"892a847208bffff","h3_res":9,"building_count":20,"poi_count_sum":0,"conn_dist_median_ft":2488.853424854386,"total_crossings_mean":0.0,"clipped_area_frac":0.7179654433820526,"clon":-79.870397,"clat":40.4563},"geometry":{"type":"Polygon","coordinates":[[[-79.86814136451497,40.455592495231116],[-79.8701092422847,40.454554438502605],[-79.87236439839602,40.45526181043073],[-79.87265178726167,40.4570072951165],[-79.87209600306502,40.457300486697434],[-79.871927,40.457261],[-79.871466,40.457143],[-79.868278,40.456351],[-79.86826567715815,40.4563479332065],[-79.86814136451497,40.455592495231116]]]}},{"type":"Feature","id":"892a847208fffff","properties":{"cell_id":"892a847208fffff","h3_res":9,"building_count":21,"poi_count_sum":2,"conn_dist_median_ft":1018.8499830833839,"total_crossings_mean":0.0,"clipped_area_frac":0.9116208182035035,"clon":-79.867854,"clat":40.453847},"geometry":{"type":"Polygon","coordinates":[[[-79.86756695798884,40.45210159860574],[-79.86982196215772,40.452809000261475],[-79.8701092422847,40.454554438502605],[-79.86814136451497,40.455592495231116],[-79.86601136156858,40.45492428665452],[-79.866261,40.453705],[-79.866477,40.452766],[-79.86649950555241,40.452664651466584],[-79.86756695798884,40.45210159860574]]]}},{"type":"Feature","id":"892a8472013ffff","properties":{"cell_id":"892a8472013ffff","h3_res":9,"building_count":30,"poi_count_sum":5,"conn_dist_median_ft":2230.1027562756917,"total_crossings_mean":0.0,"clipped_area_frac":1.0,"clon":-79.872077,"clat":40.453516},"geometry":{"type":"Polygon","coordinates":[[[-79.8701092422847,40.454554438502605],[-79.86982196215772,40.452809000261475],[-79.87178968441724,40.45177095409891],[-79.87404473000826,40.452478270001194],[-79.8743321638574,40.4542236880893],[-79.87236439839602,40.45526181043073],[-79.8701092422847,40.454554438502605]]]}},{"type":"Feature","id":"892a84720abffff","properties":{"cell_id":"892a84720abffff","h3_res":9,"building_count":10,"poi_count_sum":0,"conn_dist_median_ft":169.34176560385424,"total_crossings_mean":0.0,"clipped_area_frac":0.09774847923784424,"clon":-79.866993,"clat":40.448611},"geometry":{"type":"Polygon","coordinates":[[[-79.86727978658091,40.45035620681945],[-79.86695980015584,40.450255815126006],[-79.86714,40.449392],[-79.867561,40.449389],[-79.868281,40.449398],[-79.86904,40.449389],[-79.86911331993453,40.449389],[-79.86727978658091,40.45035620681945]]]}},{"type":"Feature","id":"892a8472007ffff","properties":{"cell_id":"892a8472007ffff","h3_res":9,"building_count":11,"poi_count_sum":0,"conn_dist_median_ft":922.3727240586693,"total_crossings_mean":0.0,"clipped_area_frac":0.09301598659744413,"clon":-79.871215,"clat":40.44828},"geometry":{"type":"Polygon","coordinates":[[[-79.87150235929941,40.450025582457194],[-79.86947304618877,40.449389],[-79.869833,40.449389],[-79.870088,40.449388],[-79.870888,40.449388],[-79.870935,40.449388],[-79.871237,40.449388],[-79.871681,40.449387],[-79.872613,40.449375],[-79.872685,40.449367],[-79.87274034944389,40.449372451979485],[-79.87150235929941,40.450025582457194]]]}},{"type":"Feature","id":"892a8472017ffff","properties":{"cell_id":"892a8472017ffff","h3_res":9,"building_count":142,"poi_count_sum":0,"conn_dist_median_ft":761.157799325897,"total_crossings_mean":0.0,"clipped_area_frac":0.998863782660755,"clon":-79.869535,"clat":40.451064},"geometry":{"type":"Polygon","coordinates":[[[-79.87150235929941,40.450025582457194],[-79.87178968441724,40.45177095409891],[-79.86982196215772,40.452809000261475],[-79.86756695798884,40.45210159860574],[-79.86727978658091,40.45035620681945],[-79.86911331993453,40.449389],[-79.86947304618877,40.449389],[-79.87150235929941,40.450025582457194]]]}},{"type":"Feature","id":"892a8472003ffff","properties":{"cell_id":"892a8472003ffff","h3_res":9,"building_count":87,"poi_count_sum":0,"conn_dist_median_ft":4197.468681797557,"total_crossings_mean":0.0,"clipped_area_frac":0.9429977202770741,"clon":-79.873757,"clat":40.450733},"geometry":{"type":"Polygon","coordinates":[[[-79.87572486114563,40.44969480675461],[-79.87601233996497,40.451440158239244],[-79.87404473000826,40.452478270001194],[-79.87178968441724,40.45177095409891],[-79.87150235929941,40.450025582457194],[-79.87274034944389,40.449372451979485],[-79.873152,40.449413],[-79.873948,40.449485],[-79.874143,40.449502],[-79.874227,40.449511],[-79.874499,40.449538],[-79.87557381785278,40.449647432059606],[-79.87572486114563,40.44969480675461]]]}},{"type":"Feature","id":"892a847201bffff","properties":{"cell_id":"892a847201bffff","h3_res":9,"building_count":65,"poi_count_sum":3,"conn_dist_median_ft":6396.818967118341,"total_crossings_mean":0.0,"clipped_area_frac":1.0,"clon":-79.8763,"clat":40.453186},"geometry":{"type":"Polygon","coordinates":[[[-79.8743321638574,40.4542236880893],[-79.87404473000826,40.452478270001194],[-79.87601233996497,40.451440158239244],[-79.87826742695195,40.452147388386145],[-79.87855501451493,40.453892786308714],[-79.87658736137976,40.45493097425252],[-79.8743321638574,40.4542236880893]]]}},{"type":"Feature","id":"892a847200bffff","properties":{"cell_id":"892a847200bffff","h3_res":9,"building_count":70,"poi_count_sum":0,"conn_dist_median_ft":6358.310006539971,"total_crossings_mean":0.07142857142857142,"clipped_area_frac":0.7357287425925522,"clon":-79.87798,"clat":40.450402},"geometry":{"type":"Polygon","coordinates":[[[-79.880234924588,40.45110921103536],[-79.87826742695195,40.452147388386145],[-79.87601233996497,40.451440158239244],[-79.87572486114563,40.44969480675461],[-79.87577569319546,40.44966798589994],[-79.876483,40.44974],[-79.876574,40.449748],[-79.877128,40.449803],[-79.877692,40.449858],[-79.877952,40.449884],[-79.878312,40.449922],[-79.878577,40.449883],[-79.879029,40.449798],[-79.879255,40.449756],[-79.8793,40.449747],[-79.879435,40.449721],[-79.879481,40.449713],[-79.879562,40.449697],[-79.879805,40.449653],[-79.879887,40.449638],[-79.8799892868351,40.44961870059715],[-79.880234924588,40.45110921103536]]]}},{"type":"Feature","id":"892a8472057ffff","properties":{"cell_id":"892a8472057ffff","h3_res":9,"building_count":73,"poi_count_sum":1,"conn_dist_median_ft":6546.189199773411,"total_crossings_mean":2.5205479452054793,"clipped_area_frac":0.9999999999999998,"clon":-79.880523,"clat":40.452855},"geometry":{"type":"Polygon","coordinates":[[[-79.87855501451493,40.453892786308714],[-79.87826742695195,40.452147388386145],[-79.880234924588,40.45110921103536],[-79.88249005294473,40.451816355424896],[-79.88277779421321,40.45356173316946],[-79.88081025342213,40.4545999867051],[-79.87855501451493,40.453892786308714]]]}},{"type":"Feature","id":"892a84720cfffff","properties":{"cell_id":"892a84720cfffff","h3_res":9,"building_count":94,"poi_count_sum":3,"conn_dist_median_ft":6828.77198938861,"total_crossings_mean":5.053191489361702,"clipped_area_frac":1.0,"clon":-79.878843,"clat":40.455638},"geometry":{"type":"Polygon","coordinates":[[[-79.87687490397988,40.45667643877683],[-79.87658736137976,40.45493097425252],[-79.87855501451493,40.453892786308714],[-79.88081025342213,40.4545999867051],[-79.8810979497484,40.456345431055425],[-79.879130253444,40.457383695185946],[-79.87687490397988,40.45667643877683]]]}},{"type":"Feature","id":"892a84720c7ffff","properties":{"cell_id":"892a84720c7ffff","h3_res":9,"building_count":59,"poi_count_sum":0,"conn_dist_median_ft":7109.220631383352,"total_crossings_mean":0.6779661016949152,"clipped_area_frac":0.9999999999999998,"clon":-79.87462,"clat":40.455969},"geometry":{"type":"Polygon","coordinates":[[[-79.87265178726167,40.4570072951165],[-79.87236439839602,40.45526181043073],[-79.8743321638574,40.4542236880893],[-79.87658736137976,40.45493097425252],[-79.87687490397988,40.45667643877683],[-79.87490709532588,40.457714637301976],[-79.87265178726167,40.4570072951165]]]}},{"type":"Feature","id":"892a84720c3ffff","properties":{"cell_id":"892a84720c3ffff","h3_res":9,"building_count":76,"poi_count_sum":4,"conn_dist_median_ft":7947.025226687413,"total_crossings_mean":5.9868421052631575,"clipped_area_frac":0.8722034798017905,"clon":-79.877162,"clat":40.458422},"geometry":{"type":"Polygon","coordinates":[[[-79.8751945929499,40.45946016842225],[-79.87490709532588,40.457714637301976],[-79.87687490397988,40.45667643877683],[-79.879130253444,40.457383695185946],[-79.87941790481479,40.45912920613627],[-79.87940566572281,40.45913566370562],[-79.879314,40.459112],[-79.879241,40.459152],[-79.879206,40.459151],[-79.8791,40.459151],[-79.879066,40.459151],[-79.878971,40.45915],[-79.878869,40.459137],[-79.87828,40.459068],[-79.878084,40.459045],[-79.877775,40.459008],[-79.877366,40.45896],[-79.877339,40.459026],[-79.877281,40.459384],[-79.877493,40.459408],[-79.877478,40.459445],[-79.877415,40.459785],[-79.877399,40.45983],[-79.876295,40.459701],[-79.87632913163121,40.45981595983478],[-79.8751945929499,40.45946016842225]]]}},{"type":"Feature","id":"892a84720d7ffff","properties":{"cell_id":"892a84720d7ffff","h3_res":9,"building_count":64,"poi_count_sum":5,"conn_dist_median_ft":8952.89025203159,"total_crossings_mean":9.953125,"clipped_area_frac":0.7421676529877272,"clon":-79.872939,"clat":40.458753},"geometry":{"type":"Polygon","coordinates":[[[-79.87265178726167,40.4570072951165],[-79.87490709532588,40.457714637301976],[-79.8751945929499,40.45946016842225],[-79.87498966847494,40.4595682773271],[-79.874504,40.459263],[-79.874479,40.459285],[-79.874148,40.459579],[-79.873886,40.459813],[-79.873778,40.45991],[-79.87374,40.459939],[-79.873526,40.460107],[-79.873288,40.460303],[-79.87314,40.460427],[-79.87309739681008,40.4604578447095],[-79.87166182898615,40.460007587666944],[-79.871627,40.458707],[-79.87162,40.458389],[-79.871995,40.45809],[-79.872007,40.458083],[-79.872262,40.457878],[-79.872556,40.457643],[-79.872608,40.45753],[-79.872644,40.457455],[-79.872563,40.457428],[-79.872355,40.457361],[-79.87209600306502,40.457300486697434],[-79.87265178726167,40.4570072951165]]]}},{"type":"Feature","id":"892a84720d3ffff","properties":{"cell_id":"892a84720d3ffff","h3_res":9,"building_count":18,"poi_count_sum":0,"conn_dist_median_ft":8839.08794789701,"total_crossings_mean":6.0,"clipped_area_frac":0.18150251822259467,"clon":-79.875482,"clat":40.461206},"geometry":{"type":"Polygon","coordinates":[[[-79.8751945929499,40.45946016842225],[-79.87632913163121,40.45981595983478],[-79.876477,40.460314],[-79.876499,40.460432],[-79.876582,40.460654],[-79.876902,40.461607],[-79.875531,40.461549],[-79.875545,40.461415],[-79.875552,40.461359],[-79.875598,40.460868],[-79.875601,40.460841],[-79.875607,40.460686],[-79.875608,40.460654],[-79.875611,40.460558],[-79.875613,40.460527],[-79.875623,40.460331],[-79.875644,40.459955],[-79.875553,40.459953],[-79.875351,40.459948],[-79.875272,40.459945],[-79.87521,40.459905],[-79.875344,40.459791],[-79.87498966847494,40.4595682773271],[-79.8751945929499,40.45946016842225]]]}},{"type":"Feature","id":"892a847246fffff","properties":{"cell_id":"892a847246fffff","h3_res":9,"building_count":15,"poi_count_sum":2,"conn_dist_median_ft":9266.324544557563,"total_crossings_mean":10.0,"clipped_area_frac":0.1771246482671183,"clon":-79.871259,"clat":40.461537},"geometry":{"type":"Polygon","coordinates":[[[-79.87309739681008,40.4604578447095],[-79.87289,40.460608],[-79.872878,40.460618],[-79.87266,40.460736],[-79.872434,40.460835],[-79.872284,40.460884],[-79.872037,40.460955],[-79.871949,40.460981],[-79.871739,40.46103],[-79.871538,40.461077],[-79.871446,40.461094],[-79.871378,40.461108],[-79.871093,40.461154],[-79.870886,40.461173],[-79.870573,40.46119],[-79.870554,40.461188],[-79.870256,40.46117],[-79.870105,40.461147],[-79.86991,40.461119],[-79.869655,40.461073],[-79.869506,40.461046],[-79.869128,40.460978],[-79.869102,40.460973],[-79.86916366295375,40.4607444449214],[-79.86949469082278,40.46056983056375],[-79.870149,40.460675],[-79.870256,40.460692],[-79.870632,40.460752],[-79.871695,40.460565],[-79.871665,40.460126],[-79.87166182898615,40.460007587666944],[-79.87309739681008,40.4604578447095]]]}},{"type":"Feature","id":"892a847209bffff","properties":{"cell_id":"892a847209bffff","h3_res":9,"building_count":1,"poi_count_sum":0,"conn_dist_median_ft":9923.910599255967,"total_crossings_mean":10.0,"clipped_area_frac":0.0027701909852115777,"clon":-79.868716,"clat":40.459084},"geometry":{"type":"Polygon","coordinates":[[[-79.86916366295375,40.4607444449214],[-79.869194,40.460632],[-79.869222,40.460526],[-79.86949469082278,40.46056983056375],[-79.86916366295375,40.4607444449214]]]}}]}