{"type":"FeatureCollection","features":[{"type":"Feature","id":"882a847a39fffff","properties":{"cell_id":"882a847a39fffff","h3_res":8,"building_count":7,"poi_count_sum":0,"conn_dist_median_ft":15862.452719065957,"total_crossings_mean":7.285714285714286,"clipped_area_frac":0.27986176649030087,"clon":-80.084693,"clat":40.420754},"geometry":{"type":"Polygon","coordinates":[[[-80.07851376745137,40.422133278890215],[-80.07912304786664,40.42012186818813],[-80.079594,40.420038],[-80.080778,40.420165],[-80.080888,40.420181],[-80.081569,40.420213],[-80.082684,40.420101],[-80.084507,40.420522],[-80.0846,40.420596],[-80.085412,40.421243],[-80.085742,40.422792],[-80.085709,40.42297],[-80.085542,40.423842],[-80.083725,40.423794],[-80.083598,40.423791],[-80.08355,40.423767],[-80.083444,40.423738],[-80.083346,40.423726],[-80.08329,40.423726],[-80.083164,40.423726],[-80.083046,40.423725],[-80.082695,40.423723],[-80.082578,40.423723],[-80.082564,40.423723],[-80.082442,40.423723],[-80.082137,40.423726],[-80.082036,40.423731],[-80.081901,40.423739],[-80.081871,40.42374],[-80.081782,40.423745],[-80.081753,40.423747],[-80.081506,40.423749],[-80.081438,40.42375],[-80.081036,40.423742],[-80.08096507791706,40.423739382948966],[-80.07851376745137,40.422133278890215]]]}},{"type":"Feature","id":"882a847a63fffff","properties":{"cell_id":"882a847a63fffff","h3_res":8,"building_count":3,"poi_count_sum":2,"conn_dist_median_ft":4893.751997563978,"total_crossings_mean":2.0,"clipped_area_frac":0.030787681748958642,"clon":-80.095007,"clat":40.443794},"geometry":{"type":"Polygon","coordinates":[[[-80.08882514857814,40.44517433764586],[-80.08935160513114,40.443435378937195],[-80.090165,40.444162],[-80.090399,40.44541],[-80.090365,40.445602],[-80.09021655044812,40.44608554620115],[-80.08882514857814,40.44517433764586]]]}},{"type":"Feature","id":"882a847a0dfffff","properties":{"cell_id":"882a847a0dfffff","h3_res":8,"building_count":42,"poi_count_sum":20,"conn_dist_median_ft":3974.207894667184,"total_crossings_mean":1.3333333333333333,"clipped_area_frac":0.5589241773986218,"clon":-80.084015,"clat":40.442024},"geometry":{"type":"Polygon","coordinates":[[[-80.08882514857814,40.44517433764586],[-80.08264269337889,40.446554303118],[-80.07783273036458,40.443403353595954],[-80.07848983848501,40.441234545211074],[-80.078784,40.441144],[-80.079772,40.440815],[-80.080136,40.440682],[-80.080234,40.440641],[-80.080511,40.440495],[-80.080612,40.440118],[-80.08073,40.43979],[-80.080749,40.439738],[-80.080884,40.43978],[-80.08146,40.439962],[-80.081809,40.440045],[-80.082396,40.440244],[-80.082555,40.4403],[-80.082883,40.440437],[-80.083241,40.440825],[-80.083326,40.440959],[-80.083575,40.441363],[-80.08391,40.441717],[-80.083967,40.441794],[-80.084068,40.441929],[-80.084701,40.442049],[-80.084866,40.442081],[-80.084914,40.442092],[-80.085049,40.442139],[-80.085574,40.442324],[-80.087478,40.442803],[-80.088103,40.442951],[-80.089237,40.443333],[-80.08935160513114,40.443435378937195],[-80.08882514857814,40.44517433764586]]]}},{"type":"Feature","id":"882a847a09fffff","properties":{"cell_id":"882a847a09fffff","h3_res":8,"building_count":8,"poi_count_sum":0,"conn_dist_median_ft":10107.70717243701,"total_crossings_mean":4.125,"clipped_area_frac":0.0352024738226177,"clon":-80.073023,"clat":40.440252},"geometry":{"type":"Polygon","coordinates":[[[-80.07783273036458,40.443403353595954],[-80.07714846278563,40.44355601523596],[-80.076988,40.443204],[-80.076705,40.442584],[-80.076606,40.442366],[-80.076571,40.44229],[-80.076375,40.441863],[-80.076352,40.441808],[-80.07645,40.441784],[-80.076622,40.441744],[-80.077049,40.441642],[-80.077659,40.44148],[-80.078118,40.441349],[-80.07848983848501,40.441234545211074],[-80.07783273036458,40.443403353595954]]]}},{"type":"Feature","id":"882a847a47fffff","properties":{"cell_id":"882a847a47fffff","h3_res":8,"building_count":170,"poi_count_sum":8,"conn_dist_median_ft":3001.1972478263847,"total_crossings_mean":0.0,"clipped_area_frac":0.6583642200186648,"clon":-80.07646,"clat":40.447934},"geometry":{"type":"Polygon","coordinates":[[[-80.07783273036458,40.443403353595954],[-80.08264269337889,40.446554303118],[-80.08127018767915,40.45108515125644],[-80.07508670225704,40.45246483433331],[-80.07027661578813,40.44931333642564],[-80.07056739434954,40.44835418870037],[-80.07087,40.448433],[-80.071587,40.448621],[-80.072717,40.448375],[-80.072945,40.448325],[-80.073149,40.448653],[-80.075459,40.448212],[-80.07635,40.448042],[-80.07646,40.448024],[-80.076534,40.448007],[-80.076352,40.447246],[-80.076402,40.447239],[-80.076729,40.447173],[-80.07675,40.44717],[-80.076948,40.44714],[-80.077295,40.447008],[-80.077629,40.446905],[-80.07795,40.446759],[-80.078099,40.446696],[-80.078505,40.446527],[-80.078269,40.446009],[-80.077437,40.444188],[-80.077308,40.443906],[-80.07714846278563,40.44355601523596],[-80.07783273036458,40.443403353595954]]]}},{"type":"Feature","id":"882a847a55fffff","properties":{"cell_id":"882a847a55fffff","h3_res":8,"building_count":239,"poi_count_sum":0,"conn_dist_median_ft":10192.468056119176,"total_crossings_mean":9.04602510460251,"clipped_area_frac":0.21932365198348808,"clon":-80.062033,"clat":40.43848},"geometry":{"type":"Polygon","coordinates":[[[-80.05585012242207,40.43985834138696],[-80.05722477049372,40.43532840622303],[-80.05809539198823,40.43513427829951],[-80.058097,40.435148],[-80.058103,40.435215],[-80.05808,40.435417],[-80.058073,40.435485],[-80.058066,40.435532],[-80.058049,40.435673],[-80.058044,40.435721],[-80.058026,40.435863],[-80.058002,40.436064],[-80.05799,40.436293],[-80.057988,40.436353],[-80.057918,40.436399],[-80.057963,40.436473],[-80.05798,40.436482],[-80.058263,40.436632],[-80.058358,40.436683],[-80.058454,40.436723],[-80.058521,40.436752],[-80.058725,40.43688],[-80.058814,40.436936],[-80.059047,40.437057],[-80.059123,40.437135],[-80.058369,40.437321],[-80.058234,40.437354],[-80.057745,40.437497],[-80.057596,40.437534],[-80.057889,40.437798],[-80.058046,40.43794],[-80.059203,40.438955],[-80.059399,40.439152],[-80.059762,40.439448],[-80.060852,40.440336],[-80.061173,40.440597],[-80.061216,40.440632],[-80.061133,40.440936],[-80.061129,40.440954],[-80.061001,40.441494],[-80.060921,40.441742],[-80.060868,40.441842],[-80.060838,40.4419],[-80.060664,40.442081],[-80.060511,40.442209],[-80.060332,40.442309],[-80.060157,40.442384],[-80.060127,40.442398],[-80.05986015624866,40.44248689443069],[-80.05585012242207,40.43985834138696]]]}},{"type":"Feature","id":"882a847a5dfffff","properties":{"cell_id":"882a847a5dfffff","h3_res":8,"building_count":546,"poi_count_sum":10,"conn_dist_median_ft":8966.147066057354,"total_crossings_mean":1.901098901098901,"clipped_area_frac":0.9096626099652312,"clon":-80.054475,"clat":40.444389},"geometry":{"type":"Polygon","coordinates":[[[-80.05928378721015,40.44754050661128],[-80.05310002876632,40.4489189589392],[-80.04829170267911,40.44576666205846],[-80.0496672575399,40.441236461308804],[-80.05585012242207,40.43985834138696],[-80.05986015624866,40.44248689443069],[-80.058464,40.442952],[-80.0579,40.443141],[-80.057493,40.443269],[-80.056274,40.443653],[-80.056211,40.443673],[-80.055869,40.443784],[-80.055769,40.443814],[-80.05547,40.443905],[-80.055371,40.443936],[-80.055842,40.444064],[-80.056139,40.444147],[-80.056182,40.444159],[-80.056596,40.444277],[-80.056628,40.444286],[-80.056742,40.444315],[-80.056799,40.44433],[-80.057794,40.444396],[-80.058044,40.444419],[-80.058239,40.444481],[-80.058497,40.444588],[-80.058764,40.444761],[-80.059119,40.445019],[-80.059187,40.445069],[-80.059329,40.445172],[-80.059757,40.445483],[-80.059792,40.445509],[-80.05987979587546,40.44557608930106],[-80.05928378721015,40.44754050661128]]]}},{"type":"Feature","id":"882a847a51fffff","properties":{"cell_id":"882a847a51fffff","h3_res":8,"building_count":854,"poi_count_sum":21,"conn_dist_median_ft":9754.23923206914,"total_crossings_mean":10.418032786885245,"clipped_area_frac":0.9999999999999999,"clon":-80.051043,"clat":40.436707},"geometry":{"type":"Polygon","coordinates":[[[-80.0448599341603,40.43808431371787],[-80.046235597994,40.4335545946106],[-80.0524175695246,40.43217680699509],[-80.05722477049372,40.43532840622303],[-80.05585012242207,40.43985834138696],[-80.0496672575399,40.441236461308804],[-80.0448599341603,40.43808431371787]]]}},{"type":"Feature","id":"882a847a59fffff","properties":{"cell_id":"882a847a59fffff","h3_res":8,"building_count":850,"poi_count_sum":27,"conn_dist_median_ft":4711.827711927539,"total_crossings_mean":2.3317647058823527,"clipped_area_frac":1.0,"clon":-80.043484,"clat":40.442614},"geometry":{"type":"Polygon","coordinates":[[[-80.03730036292849,40.4439918030125],[-80.0386769336924,40.43946181848734],[-80.0448599341603,40.43808431371787],[-80.0496672575399,40.441236461308804],[-80.04829170267911,40.44576666205846],[-80.04210780845618,40.447144499035204],[-80.03730036292849,40.4439918030125]]]}},{"type":"Feature","id":"882a847a5bfffff","properties":{"cell_id":"882a847a5bfffff","h3_res":8,"building_count":343,"poi_count_sum":15,"conn_dist_median_ft":9314.793073317423,"total_crossings_mean":9.370262390670554,"clipped_area_frac":0.9999999999999999,"clon":-80.040053,"clat":40.434932},"geometry":{"type":"Polygon","coordinates":[[[-80.0338704906824,40.43630927199944],[-80.03524717003614,40.43177976916278],[-80.04142927695926,40.43040259650092],[-80.046235597994,40.4335545946106],[-80.0448599341603,40.43808431371787],[-80.0386769336924,40.43946181848734],[-80.0338704906824,40.43630927199944]]]}},{"type":"Feature","id":"882a847a57fffff","properties":{"cell_id":"882a847a57fffff","h3_res":8,"building_count":230,"poi_count_sum":53,"conn_dist_median_ft":11218.515457154092,"total_crossings_mean":13.060869565217391,"clipped_area_frac":0.5444301724566172,"clon":-80.058599,"clat":40.430799},"geometry":{"type":"Polygon","coordinates":[[[-80.05722477049372,40.43532840622303],[-80.0524175695246,40.43217680699509],[-80.05371091738937,40.427915575511875],[-80.053773,40.427938],[-80.054002,40.427719],[-80.054099,40.427651],[-80.05419,40.427605],[-80.05434,40.42754],[-80.05441174897933,40.42750925043743],[-80.05938305433484,40.42640087458063],[-80.059908,40.42639],[-80.06015486656737,40.426388320635596],[-80.06290329632677,40.42818992269521],[-80.062886,40.42821],[-80.062166,40.429049],[-80.06214,40.429039],[-80.062079,40.429008],[-80.062027,40.428991],[-80.061679,40.428875],[-80.061563,40.428837],[-80.06145,40.428799],[-80.061144,40.428698],[-80.061113,40.428688],[-80.061001,40.428654],[-80.06087,40.42861],[-80.06079,40.428583],[-80.060477,40.428483],[-80.060421,40.428466],[-80.060349,40.428435],[-80.06022,40.42838],[-80.060186,40.428366],[-80.060008,40.428299],[-80.059945,40.428282],[-80.059848,40.42827],[-80.059819,40.428273],[-80.059787,40.428283],[-80.059745,40.42831],[-80.059706,40.428351],[-80.059678,40.428402],[-80.059606,40.428553],[-80.059529,40.428717],[-80.059453,40.428858],[-80.059369,40.428997],[-80.059275,40.429141],[-80.059154,40.429331],[-80.059089,40.429461],[-80.05903,40.429574],[-80.058942,40.429746],[-80.058628,40.43029],[-80.058492,40.430527],[-80.058119,40.431083],[-80.057907,40.431459],[-80.057861,40.431438],[-80.05752,40.431282],[-80.057336,40.431513],[-80.057285,40.431572],[-80.057456,40.433362],[-80.057528,40.434141],[-80.057542,40.434284],[-80.057565,40.434515],[-80.057657,40.434515],[-80.057931,40.434515],[-80.058025,40.434508],[-80.058039,40.434636],[-80.058082,40.43502],[-80.05809539198823,40.43513427829951],[-80.05722477049372,40.43532840622303]]]}},{"type":"Feature","id":"882a847a53fffff","properties":{"cell_id":"882a847a53fffff","h3_res":8,"building_count":373,"poi_count_sum":45,"conn_dist_median_ft":10244.202653022183,"total_crossings_mean":8.302949061662199,"clipped_area_frac":0.6927927948845164,"clon":-80.047611,"clat":40.429025},"geometry":{"type":"Polygon","coordinates":[[[-80.0524175695246,40.43217680699509],[-80.046235597994,40.4335545946106],[-80.04142927695926,40.43040259650092],[-80.04188144088607,40.42891400916049],[-80.041989,40.428873],[-80.042491,40.428618],[-80.042983,40.428189],[-80.04315,40.428044],[-80.042813,40.428504],[-80.042705,40.428674],[-80.043289,40.428193],[-80.043303,40.428201],[-80.043368,40.428243],[-80.043431,40.428284],[-80.043709,40.428463],[-80.043942,40.428617],[-80.044274,40.428832],[-80.044628,40.429062],[-80.046643,40.42942],[-80.046655,40.429241],[-80.046712,40.428429],[-80.046724,40.428263],[-80.04675,40.428162],[-80.046746,40.428125],[-80.046738,40.428034],[-80.046739,40.428016],[-80.046743,40.42798],[-80.046751,40.427879],[-80.046773,40.427623],[-80.046778,40.427578],[-80.046792,40.427479],[-80.046798,40.427442],[-80.046809,40.427372],[-80.04675,40.427269],[-80.046638,40.427101],[-80.046592,40.427031],[-80.046693,40.427035],[-80.046871,40.427044],[-80.046937,40.427039],[-80.047135,40.427027],[-80.047202,40.427023],[-80.047396,40.42701],[-80.047381,40.425957],[-80.047514,40.425885],[-80.047803,40.425735],[-80.048077,40.425941],[-80.048459,40.426228],[-80.048611,40.426338],[-80.048821,40.426469],[-80.048901,40.426514],[-80.049042,40.426594],[-80.049206,40.426677],[-80.04946,40.426812],[-80.049629,40.426864],[-80.049778,40.426905],[-80.050348,40.427025],[-80.050568,40.427071],[-80.050796,40.427103],[-80.050951,40.427106],[-80.051111,40.427097],[-80.051306,40.42711],[-80.05146,40.427138],[-80.051673,40.427194],[-80.051992,40.427319],[-80.052137,40.427385],[-80.052225,40.427411],[-80.052282,40.42739],[-80.052577,40.427506],[-80.052593,40.427513],[-80.053474,40.42783],[-80.05371091738937,40.427915575511875],[-80.0524175695246,40.43217680699509]]]}},{"type":"Feature","id":"882a847a0bfffff","properties":{"cell_id":"882a847a0bfffff","h3_res":8,"building_count":51,"poi_count_sum":0,"conn_dist_median_ft":15694.73063938196,"total_crossings_mean":18.0,"clipped_area_frac":0.12027389799159145,"clon":-80.069588,"clat":40.432571},"geometry":{"type":"Polygon","coordinates":[[[-80.07096115432722,40.428041649307595],[-80.07108812318347,40.42812485192661],[-80.070979,40.42823],[-80.070567,40.428629],[-80.069504,40.42993],[-80.069308,40.430241],[-80.068979,40.430752],[-80.06858,40.431358],[-80.06852,40.43134],[-80.068423,40.431311],[-80.068367,40.431294],[-80.068202,40.431244],[-80.068147,40.431228],[-80.068022,40.431191],[-80.067832,40.431118],[-80.067702,40.431069],[-80.066914,40.430729],[-80.066763,40.430664],[-80.066606,40.430605],[-80.066444,40.430544],[-80.066399,40.430534],[-80.065955,40.430438],[-80.065759,40.430395],[-80.065546,40.430349],[-80.065379,40.430101],[-80.065132,40.429772],[-80.06485565263482,40.42940353684643],[-80.07096115432722,40.428041649307595]]]}},{"type":"Feature","id":"882a847a1dfffff","properties":{"cell_id":"882a847a1dfffff","h3_res":8,"building_count":339,"poi_count_sum":7,"conn_dist_median_ft":15620.254705212748,"total_crossings_mean":18.05604719764012,"clipped_area_frac":0.6231144080362538,"clon":-80.066154,"clat":40.424891},"geometry":{"type":"Polygon","coordinates":[[[-80.06752703457317,40.42036174324636],[-80.07233398993513,40.42351224595483],[-80.07096115432722,40.428041649307595],[-80.06485565263482,40.42940353684643],[-80.064697,40.429192],[-80.064364,40.428758],[-80.064168,40.428598],[-80.063806,40.428342],[-80.063678,40.428247],[-80.063273,40.427948],[-80.063173,40.427866],[-80.063141,40.427914],[-80.06290329632677,40.42818992269521],[-80.06015486656737,40.426388320635596],[-80.060643,40.426385],[-80.061094,40.426383],[-80.06157,40.426372],[-80.061904,40.426374],[-80.062263,40.426382],[-80.062509,40.426383],[-80.063203,40.426387],[-80.063275,40.426388],[-80.063605,40.426382],[-80.063726,40.426375],[-80.063787,40.426363],[-80.063952,40.426291],[-80.064048,40.426226],[-80.064409,40.425918],[-80.064665,40.425714],[-80.064802,40.425617],[-80.065029,40.42546],[-80.06535,40.425238],[-80.065447,40.425165],[-80.065514,40.425117],[-80.065666,40.424947],[-80.065735,40.424852],[-80.06594,40.424571],[-80.066558,40.423729],[-80.066764,40.423449],[-80.06678,40.423431],[-80.066824,40.423371],[-80.066999,40.423134],[-80.067058,40.423056],[-80.067164,40.422884],[-80.067202,40.422776],[-80.067223,40.422665],[-80.067221,40.422593],[-80.067221,40.422548],[-80.067211,40.422458],[-80.067195,40.422371],[-80.066965,40.421114],[-80.066931,40.420926],[-80.066882,40.420621],[-80.066874,40.42059],[-80.06685567883923,40.42051148073961],[-80.06752703457317,40.42036174324636]]]}},{"type":"Feature","id":"882a847a03fffff","properties":{"cell_id":"882a847a03fffff","h3_res":8,"building_count":17,"poi_count_sum":2,"conn_dist_median_ft":17937.84929405261,"total_crossings_mean":18.0,"clipped_area_frac":0.24612335820673184,"clon":-80.077142,"clat":40.426663},"geometry":{"type":"Polygon","coordinates":[[[-80.07096115432722,40.428041649307595],[-80.07233398993513,40.42351224595483],[-80.07851376745137,40.422133278890215],[-80.08096507791706,40.423739382948966],[-80.080765,40.423732],[-80.080519,40.423723],[-80.080149,40.423809],[-80.080101,40.423823],[-80.079874,40.423896],[-80.079652,40.423958],[-80.079451,40.424004],[-80.079074,40.42408],[-80.078851,40.424127],[-80.078675,40.424165],[-80.078434,40.424229],[-80.078248,40.42428],[-80.078132,40.424309],[-80.077226,40.42454],[-80.076924,40.424618],[-80.076568,40.424709],[-80.076045,40.424844],[-80.075517,40.424979],[-80.075503,40.424982],[-80.07515,40.425079],[-80.074723,40.425202],[-80.074638,40.425227],[-80.074313,40.425326],[-80.073882,40.425463],[-80.073717,40.425546],[-80.073589,40.425636],[-80.07351,40.425714],[-80.073459,40.425765],[-80.073207,40.426039],[-80.073101,40.426149],[-80.072786,40.426479],[-80.072681,40.42659],[-80.07108812318347,40.42812485192661],[-80.07096115432722,40.428041649307595]]]}},{"type":"Feature","id":"882a847a15fffff","properties":{"cell_id":"882a847a15fffff","h3_res":8,"building_count":294,"poi_count_sum":19,"conn_dist_median_ft":19624.87318587002,"total_crossings_mean":19.36394557823129,"clipped_area_frac":0.8117663455045319,"clon":-80.073707,"clat":40.418983},"geometry":{"type":"Polygon","coordinates":[[[-80.07851376745137,40.422133278890215],[-80.07233398993513,40.42351224595483],[-80.06752703457317,40.42036174324636],[-80.06886966605842,40.41593281747172],[-80.069953,40.415866],[-80.070202,40.415851],[-80.070618,40.415829],[-80.07063,40.415829],[-80.070659,40.415828],[-80.070748,40.415827],[-80.070778,40.415827],[-80.070927,40.415827],[-80.071251,40.415828],[-80.071376,40.415821],[-80.071526,40.415814],[-80.071668,40.415766],[-80.071775,40.415724],[-80.071841,40.41568],[-80.071908,40.415617],[-80.071996,40.415476],[-80.072033,40.415418],[-80.072071,40.415346],[-80.072113,40.415266],[-80.072164,40.415169],[-80.07220380724152,40.41509567087086],[-80.07507886521879,40.4144541872105],[-80.07834255213608,40.41659290666384],[-80.077504,40.416939],[-80.077156,40.41709],[-80.076675,40.417379],[-80.0764,40.417581],[-80.076357,40.417603],[-80.07603,40.417947],[-80.075127,40.419476],[-80.074803,40.420124],[-80.074783,40.420408],[-80.074806,40.420483],[-80.074859,40.420602],[-80.075003,40.420704],[-80.075159,40.420758],[-80.075473,40.420834],[-80.075648,40.420827],[-80.076115,40.420697],[-80.076659,40.420559],[-80.076893,40.420519],[-80.07912304786664,40.42012186818813],[-80.07851376745137,40.422133278890215]]]}},{"type":"Feature","id":"882a847a19fffff","properties":{"cell_id":"882a847a19fffff","h3_res":8,"building_count":2,"poi_count_sum":4,"conn_dist_median_ft":13206.67235160499,"total_crossings_mean":18.0,"clipped_area_frac":0.01507241849193473,"clon":-80.055167,"clat":40.423118},"geometry":{"type":"Polygon","coordinates":[[[-80.05441174897933,40.42750925043743],[-80.054487,40.427477],[-80.05629,40.426753],[-80.056411,40.426705],[-80.056736,40.426587],[-80.056951,40.426519],[-80.057235,40.426439],[-80.057417,40.426428],[-80.057776,40.426417],[-80.057865,40.426416],[-80.058846,40.426412],[-80.05938305433484,40.42640087458063],[-80.05441174897933,40.42750925043743]]]}},{"type":"Feature","id":"882a847127fffff","properties":{"cell_id":"882a847127fffff","h3_res":8,"building_count":319,"poi_count_sum":6,"conn_dist_median_ft":4290.591783347934,"total_crossings_mean":0.0,"clipped_area_frac":0.8019581937591925,"clon":-80.040751,"clat":40.413664},"geometry":{"type":"Polygon","coordinates":[[[-80.03937561188283,40.418192755142925],[-80.03457129445017,40.41504105656952],[-80.03594728428784,40.41051278293902],[-80.04212657702368,40.40913599164442],[-80.04540858145643,40.41128871199041],[-80.045348,40.411382],[-80.045239,40.41155],[-80.045224,40.411581],[-80.045183,40.411674],[-80.04517,40.411706],[-80.045119,40.411798],[-80.045101,40.411826],[-80.044967,40.412047],[-80.044882,40.412177],[-80.044807,40.412294],[-80.044715,40.41245],[-80.044697,40.412483],[-80.04454,40.412732],[-80.044422,40.412896],[-80.044417,40.412905],[-80.044329,40.413058],[-80.044216,40.413262],[-80.043725,40.414052],[-80.042994,40.415228],[-80.041588,40.417491],[-80.0414360452607,40.4177336312483],[-80.03937561188283,40.418192755142925]]]}},{"type":"Feature","id":"882a847acdfffff","properties":{"cell_id":"882a847acdfffff","h3_res":8,"building_count":346,"poi_count_sum":0,"conn_dist_median_ft":3002.3464863616455,"total_crossings_mean":1.6329479768786128,"clipped_area_frac":0.4310217938838228,"clon":-80.048305,"clat":40.407759},"geometry":{"type":"Polygon","coordinates":[[[-80.04212657702368,40.40913599164442],[-80.04350166099339,40.40460798378138],[-80.04967992610976,40.40323091021958],[-80.0501941054517,40.40356811876217],[-80.049939,40.403913],[-80.049862,40.404018],[-80.049851,40.404064],[-80.049854,40.404127],[-80.048721,40.405961],[-80.048643,40.406089],[-80.048538,40.406256],[-80.048303,40.406637],[-80.048025,40.407096],[-80.047909,40.407278],[-80.047599,40.40778],[-80.047495,40.407946],[-80.047333,40.408205],[-80.047185,40.408445],[-80.047082,40.408612],[-80.046999,40.408745],[-80.046911,40.408889],[-80.046753,40.409147],[-80.046672,40.409281],[-80.046593,40.409407],[-80.046356,40.409787],[-80.046278,40.409914],[-80.046179,40.410073],[-80.045882,40.410553],[-80.045784,40.410713],[-80.045674,40.41088],[-80.04540858145643,40.41128871199041],[-80.04212657702368,40.40913599164442]]]}},{"type":"Feature","id":"882a847a17fffff","properties":{"cell_id":"882a847a17fffff","h3_res":8,"building_count":43,"poi_count_sum":0,"conn_dist_median_ft":20297.514018917776,"total_crossings_mean":19.27906976744186,"clipped_area_frac":0.02890909113005961,"clon":-80.070273,"clat":40.411304},"geometry":{"type":"Polygon","coordinates":[[[-80.07507886521879,40.4144541872105],[-80.07220380724152,40.41509567087086],[-80.07224,40.415029],[-80.072283,40.41495],[-80.072315,40.41489],[-80.072391,40.414776],[-80.072461,40.414673],[-80.072631,40.414448],[-80.072765,40.414291],[-80.072808,40.414242],[-80.072908,40.414144],[-80.072948,40.414105],[-80.073122,40.413958],[-80.073289,40.413824],[-80.073508,40.413653],[-80.073767,40.413463],[-80.073862,40.413399],[-80.073949,40.413467],[-80.07421,40.413671],[-80.074297,40.413739],[-80.07432,40.413721],[-80.074522,40.413873],[-80.074672,40.413984],[-80.075039,40.414256],[-80.075133,40.41419],[-80.07515398429987,40.41420624366071],[-80.07507886521879,40.4144541872105]]]}},{"type":"Feature","id":"882a847a3bfffff","properties":{"cell_id":"882a847a3bfffff","h3_res":8,"building_count":6,"poi_count_sum":0,"conn_dist_median_ft":20428.317987804545,"total_crossings_mean":19.5,"clipped_area_frac":0.01708633478595676,"clon":-80.081257,"clat":40.413075},"geometry":{"type":"Polygon","coordinates":[[[-80.07507886521879,40.4144541872105],[-80.07515398429987,40.41420624366071],[-80.075434,40.414423],[-80.075489,40.414464],[-80.075831,40.41472],[-80.075854,40.414702],[-80.075921,40.414651],[-80.076279,40.414928],[-80.076672,40.415233],[-80.076748,40.415175],[-80.076765,40.415165],[-80.076797,40.415185],[-80.07715,40.415441],[-80.077178,40.415416],[-80.077199,40.415413],[-80.077226,40.415392],[-80.077245,40.415373],[-80.077258,40.415359],[-80.077297,40.415321],[-80.077311,40.415308],[-80.077353,40.415262],[-80.077445,40.415344],[-80.07758,40.415469],[-80.077616,40.415512],[-80.078582,40.416395],[-80.078622,40.416431],[-80.078659,40.416462],[-80.078604,40.416485],[-80.07834255213608,40.41659290666384],[-80.07507886521879,40.4144541872105]]]}},{"type":"Feature","id":"882a847a11fffff","properties":{"cell_id":"882a847a11fffff","h3_res":8,"building_count":5,"poi_count_sum":1,"conn_dist_median_ft":18435.15894742995,"total_crossings_mean":19.8,"clipped_area_frac":0.09327211265435399,"clon":-80.062721,"clat":40.417211},"geometry":{"type":"Polygon","coordinates":[[[-80.06752703457317,40.42036174324636],[-80.06685567883923,40.42051148073961],[-80.066853,40.4205],[-80.066846,40.42047],[-80.066834,40.420415],[-80.066821,40.420356],[-80.066749,40.420015],[-80.066725,40.419902],[-80.066608,40.419384],[-80.066569,40.419237],[-80.0665,40.418979],[-80.066416,40.418692],[-80.066341,40.418415],[-80.066148,40.41773],[-80.066096,40.417499],[-80.066091,40.417366],[-80.0661,40.417301],[-80.066113,40.417257],[-80.066123,40.417228],[-80.066168,40.417146],[-80.06638,40.416865],[-80.06643,40.416776],[-80.066507,40.416706],[-80.066552,40.416665],[-80.066654,40.416598],[-80.066818,40.416492],[-80.066956,40.416411],[-80.067123,40.416313],[-80.067282,40.416221],[-80.067384,40.416181],[-80.067663,40.416087],[-80.067929,40.416028],[-80.068046,40.416003],[-80.068413,40.415965],[-80.068737,40.415941],[-80.06886966605842,40.41593281747172],[-80.06752703457317,40.42036174324636]]]}},{"type":"Feature","id":"882a847ac9fffff","properties":{"cell_id":"882a847ac9fffff","h3_res":8,"building_count":422,"poi_count_sum":57,"conn_dist_median_ft":1399.5750345431522,"total_crossings_mean":0.3293838862559242,"clipped_area_frac":0.9265294400044257,"clon":-80.037323,"clat":40.405985},"geometry":{"type":"Polygon","coordinates":[[[-80.04350166099339,40.40460798378138],[-80.04212657702368,40.40913599164442],[-80.03594728428784,40.41051278293902],[-80.03114396811274,40.40736123442044],[-80.0325200663139,40.402833442798425],[-80.03558802508564,40.40214994537242],[-80.035579,40.40227],[-80.035465,40.403822],[-80.035442,40.404038],[-80.035444,40.404063],[-80.035453,40.404137],[-80.035457,40.404163],[-80.035471,40.404286],[-80.035583,40.40429],[-80.035965,40.404255],[-80.035991,40.404253],[-80.036135,40.404243],[-80.03617,40.404245],[-80.03631,40.404263],[-80.036343,40.404261],[-80.036416,40.404277],[-80.038005,40.402874],[-80.038666,40.402277],[-80.039169,40.401845],[-80.03922051526918,40.40179945877044],[-80.04350166099339,40.40460798378138]]]}},{"type":"Feature","id":"882a847ac1fffff","properties":{"cell_id":"882a847ac1fffff","h3_res":8,"building_count":340,"poi_count_sum":58,"conn_dist_median_ft":1712.444398379704,"total_crossings_mean":0.18529411764705883,"clipped_area_frac":0.48832763245788846,"clon":-80.044876,"clat":40.40008},"geometry":{"type":"Polygon","coordinates":[[[-80.04967992610976,40.40323091021958],[-80.04350166099339,40.40460798378138],[-80.03922051526918,40.40179945877044],[-80.039764,40.401319],[-80.039818,40.401279],[-80.0399,40.401214],[-80.040446,40.400844],[-80.040815,40.400594],[-80.041151,40.400368],[-80.042022,40.399778],[-80.042078,40.399746],[-80.042028,40.399676],[-80.041964,40.399587],[-80.041941,40.399556],[-80.041875,40.399463],[-80.041853,40.399433],[-80.041937,40.399386],[-80.044625,40.399088],[-80.044743,40.399075],[-80.044882,40.39906],[-80.045051,40.399041],[-80.045747,40.399367],[-80.048544,40.400688],[-80.048654,40.400746],[-80.048888,40.400855],[-80.049593,40.401184],[-80.049828,40.401294],[-80.049877,40.401307],[-80.050142,40.401431],[-80.050163,40.401441],[-80.05021520558401,40.401467232980494],[-80.04967992610976,40.40323091021958]]]}},{"type":"Feature","id":"882a847ac5fffff","properties":{"cell_id":"882a847ac5fffff","h3_res":8,"building_count":12,"poi_count_sum":0,"conn_dist_median_ft":3625.786778077969,"total_crossings_mean":0.0,"clipped_area_frac":0.0201944934969312,"clon":-80.055858,"clat":40.401854},"geometry":{"type":"Polygon","coordinates":[[[-80.04967992610976,40.40323091021958],[-80.05021520558401,40.401467232980494],[-80.050965,40.401844],[-80.051065,40.401889],[-80.051091,40.401901],[-80.051202,40.401943],[-80.050837,40.402532],[-80.050486,40.403102],[-80.050226,40.403525],[-80.0501941054517,40.40356811876217],[-80.04967992610976,40.40323091021958]]]}},{"type":"Feature","id":"882a847adbfffff","properties":{"cell_id":"882a847adbfffff","h3_res":8,"building_count":67,"poi_count_sum":4,"conn_dist_median_ft":3322.851893775905,"total_crossings_mean":0.0,"clipped_area_frac":0.11248119883527377,"clon":-80.016069,"clat":40.381174},"geometry":{"type":"MultiPolygon","coordinates":[[[[-80.01598633577882,40.38541255188743],[-80.01625,40.385248],[-80.01633,40.385199],[-80.016418,40.385129],[-80.016517,40.385292],[-80.01651829205807,40.38529411796187],[-80.01598633577882,40.38541255188743]]],[[[-80.0098924569987,40.38254925034183],[-80.01052490203838,40.38047109273253],[-80.011163,40.380601],[-80.012579,40.380889],[-80.013139,40.382707],[-80.013174,40.382835],[-80.01233,40.382974],[-80.012316,40.383029],[-80.012436,40.383047],[-80.012547,40.383063],[-80.012577,40.383067],[-80.012492,40.383399],[-80.012504,40.383401],[-80.012627,40.383419],[-80.012982,40.38346],[-80.013075,40.383466],[-80.013325,40.383484],[-80.01339,40.383481],[-80.013594,40.383983],[-80.013591,40.384028],[-80.013624,40.384233],[-80.013705,40.384464],[-80.013762,40.384629],[-80.013809,40.384763],[-80.013927,40.385129],[-80.01395597811067,40.38521751495624],[-80.0098924569987,40.38254925034183]]]]}},{"type":"Feature","id":"882a8471e7fffff","properties":{"cell_id":"882a8471e7fffff","h3_res":8,"building_count":173,"poi_count_sum":28,"conn_dist_median_ft":1786.482785120524,"total_crossings_mean":0.3063583815028902,"clipped_area_frac":0.45836302123012335,"clon":-80.005094,"clat":40.379398},"geometry":{"type":"MultiPolygon","coordinates":[[[[-80.00371557318091,40.38392381870418],[-79.9989170169324,40.38077192735529],[-80.00029546475811,40.37624601570385],[-80.00647145630971,40.37487177855351],[-80.00660290139021,40.37495810430328],[-80.00625,40.375306],[-80.006191,40.375399],[-80.006136,40.37549],[-80.005875,40.375989],[-80.005689,40.376613],[-80.005361,40.377133],[-80.004869,40.377627],[-80.004622,40.377823],[-80.004181,40.37817],[-80.003594,40.378561],[-80.003176,40.37884],[-80.00222,40.379287],[-80.001792,40.379646],[-80.001728,40.379699],[-80.001784,40.379741],[-80.001824,40.379779],[-80.002167,40.380094],[-80.003335,40.38117],[-80.003653,40.382041],[-80.004413,40.382998],[-80.004929,40.383643],[-80.00493627029506,40.38365217175685],[-80.00371557318091,40.38392381870418]]],[[[-80.0098924569987,40.38254925034183],[-80.00741517237395,40.38310053107985],[-80.007622,40.38303],[-80.007676,40.383012],[-80.007658,40.382954],[-80.007597,40.382757],[-80.007405,40.382129],[-80.007223,40.38169],[-80.007212,40.381666],[-80.007158,40.381531],[-80.007167,40.381501],[-80.00719,40.381432],[-80.00731,40.381042],[-80.007356,40.380898],[-80.007461,40.380983],[-80.007495,40.381011],[-80.007522,40.381033],[-80.007604,40.381099],[-80.007632,40.381122],[-80.007685,40.38113],[-80.007695,40.381122],[-80.007884,40.380959],[-80.008001,40.380902],[-80.008069,40.380882],[-80.008135,40.380874],[-80.008203,40.380878],[-80.008267,40.380892],[-80.0083,40.380907],[-80.008646,40.381054],[-80.008842,40.381138],[-80.008891,40.381145],[-80.008948,40.381137],[-80.008975,40.381125],[-80.008989,40.381113],[-80.009008,40.381097],[-80.009028,40.381062],[-80.009027,40.381016],[-80.009096,40.381022],[-80.009917,40.380933],[-80.010028,40.380921],[-80.010382,40.380442],[-80.01052490203838,40.38047109273253],[-80.0098924569987,40.38254925034183]]]]}},{"type":"Feature","id":"882a8471a9fffff","properties":{"cell_id":"882a8471a9fffff","h3_res":8,"building_count":45,"poi_count_sum":1,"conn_dist_median_ft":1164.3098867100414,"total_crossings_mean":0.0,"clipped_area_frac":0.06930278957615742,"clon":-80.001674,"clat":40.37172},"geometry":{"type":"Polygon","coordinates":[[[-80.00647145630971,40.37487177855351],[-80.00029546475811,40.37624601570385],[-80.00015660465202,40.376154791988675],[-80.000259,40.376036],[-80.000282,40.376017],[-80.000351,40.375915],[-80.000557,40.37561],[-80.000627,40.375509],[-80.000789,40.375384],[-80.001276,40.375011],[-80.001439,40.374887],[-80.00157,40.374846],[-80.001586,40.374841],[-80.001708,40.374801],[-80.001746,40.37479],[-80.001972,40.374731],[-80.002131,40.374696],[-80.002274,40.374666],[-80.002384,40.374642],[-80.002716,40.374569],[-80.002827,40.374546],[-80.002878,40.374535],[-80.003017,40.374516],[-80.003192,40.374488],[-80.003772,40.374393],[-80.004018,40.374108],[-80.004125,40.373981],[-80.004144,40.373982],[-80.004479,40.374175],[-80.004545,40.374213],[-80.00457,40.374218],[-80.004678,40.374289],[-80.004913,40.374424],[-80.004977,40.374461],[-80.005015,40.374474],[-80.005372,40.374597],[-80.005554,40.37466],[-80.005606,40.374678],[-80.005979,40.374739],[-80.00648610680318,40.37482364723054],[-80.00647145630971,40.37487177855351]]]}},{"type":"Feature","id":"882a8471e1fffff","properties":{"cell_id":"882a8471e1fffff","h3_res":8,"building_count":783,"poi_count_sum":64,"conn_dist_median_ft":2259.705061679686,"total_crossings_mean":0.8186462324393359,"clipped_area_frac":1.0,"clon":-79.997538,"clat":40.385298},"geometry":{"type":"Polygon","coordinates":[[[-79.9913606464264,40.38667205903998],[-79.99273999984943,40.382145881987924],[-79.9989170169324,40.38077192735529],[-80.00371557318091,40.38392381870418],[-80.0023372324995,40.388450212729246],[-79.99615932274853,40.389824498474766],[-79.9913606464264,40.38667205903998]]]}},{"type":"Feature","id":"882a8471e3fffff","properties":{"cell_id":"882a8471e3fffff","h3_res":8,"building_count":303,"poi_count_sum":8,"conn_dist_median_ft":1857.4200695461925,"total_crossings_mean":0.38283828382838286,"clipped_area_frac":0.532060911234895,"clon":-79.994119,"clat":40.37762},"geometry":{"type":"Polygon","coordinates":[[[-80.00029546475811,40.37624601570385],[-79.9989170169324,40.38077192735529],[-79.99273999984943,40.382145881987924],[-79.98794232312939,40.3789935939133],[-79.98815144183102,40.3783075230898],[-79.989584,40.378635],[-79.989667,40.378655],[-79.990117,40.378763],[-79.990226,40.378789],[-79.991127,40.378924],[-79.992389,40.378658],[-79.992506,40.378634],[-79.992796,40.378609],[-79.992901,40.378604],[-79.993147,40.378501],[-79.993194,40.378477],[-79.993435,40.378373],[-79.993508,40.378343],[-79.99358,40.378321],[-79.993707,40.378039],[-79.993717,40.378011],[-79.993958,40.377409],[-79.994058,40.377146],[-79.994079,40.377062],[-79.994095,40.377003],[-79.99411,40.376926],[-79.994132,40.376728],[-79.994111,40.376579],[-79.994092,40.376432],[-79.994034,40.376136],[-79.994016,40.376042],[-79.994012,40.375988],[-79.99401,40.375973],[-79.994007,40.375931],[-79.994006,40.375917],[-79.994003,40.375903],[-79.994002,40.375886],[-79.994002,40.375873],[-79.993999,40.375839],[-79.994064,40.375819],[-79.994401,40.375718],[-79.994514,40.375707],[-79.994945,40.375666],[-79.996663,40.376086],[-79.996919,40.376148],[-79.997177,40.376222],[-79.997216,40.376233],[-79.997943,40.376442],[-79.998051,40.376472],[-79.998279,40.376658],[-79.999123,40.377344],[-79.999204,40.37726],[-79.999433,40.376996],[-79.999647,40.376746],[-80.00015660465202,40.376154791988675],[-80.00029546475811,40.37624601570385]]]}},{"type":"Feature","id":"882a8471ebfffff","properties":{"cell_id":"882a8471ebfffff","h3_res":8,"building_count":831,"poi_count_sum":7,"conn_dist_median_ft":2022.1555317913785,"total_crossings_mean":0.0024067388688327317,"clipped_area_frac":0.9666010128365997,"clon":-79.986563,"clat":40.38352},"geometry":{"type":"Polygon","coordinates":[[[-79.98794232312939,40.3789935939133],[-79.99273999984943,40.382145881987924],[-79.9913606464264,40.38667205903998],[-79.98518260370444,40.388045730873515],[-79.9803848073445,40.3848928946984],[-79.98165179948288,40.38073866611646],[-79.981763,40.380702],[-79.981919,40.380651],[-79.981947,40.380642],[-79.982253,40.380988],[-79.982754,40.381487],[-79.983342,40.381516],[-79.984506,40.379975],[-79.9847014364558,40.37971412723088],[-79.98794232312939,40.3789935939133]]]}},{"type":"Feature","id":"882a84718dfffff","properties":{"cell_id":"882a84718dfffff","h3_res":8,"building_count":5,"poi_count_sum":0,"conn_dist_median_ft":3863.9833878808977,"total_crossings_mean":0.0,"clipped_area_frac":0.04272680869252763,"clon":-79.983145,"clat":40.375841},"geometry":{"type":"Polygon","coordinates":[[[-79.98794232312939,40.3789935939133],[-79.9847014364558,40.37971412723088],[-79.98473,40.379676],[-79.984828,40.37955],[-79.984875,40.379489],[-79.984917,40.379434],[-79.984991,40.379338],[-79.985218,40.378962],[-79.985306,40.378813],[-79.985329,40.378794],[-79.985341,40.378778],[-79.985434,40.37866],[-79.985465,40.378621],[-79.985505,40.378568],[-79.985626,40.378413],[-79.985667,40.378361],[-79.985725,40.378286],[-79.98582,40.378241],[-79.986032,40.377822],[-79.986228,40.377868],[-79.986356,40.377897],[-79.986993,40.378043],[-79.987248,40.378101],[-79.98815144183102,40.3783075230898],[-79.98794232312939,40.3789935939133]]]}},{"type":"Feature","id":"882a8471c7fffff","properties":{"cell_id":"882a8471c7fffff","h3_res":8,"building_count":275,"poi_count_sum":30,"conn_dist_median_ft":2263.975236931165,"total_crossings_mean":0.014545454545454545,"clipped_area_frac":0.22025671375426664,"clon":-79.975588,"clat":40.38174},"geometry":{"type":"Polygon","coordinates":[[[-79.9803848073445,40.3848928946984],[-79.97498353194278,40.3860932918735],[-79.97443,40.385292],[-79.97426,40.385046],[-79.974128,40.384858],[-79.974081,40.384792],[-79.974181,40.384827],[-79.974423,40.384886],[-79.975458,40.385139],[-79.975804,40.385224],[-79.975937,40.385255],[-79.976157,40.385308],[-79.976338,40.385352],[-79.976472,40.385386],[-79.97657,40.385272],[-79.976702,40.385121],[-79.97687,40.384936],[-79.976924,40.384879],[-79.97697,40.384824],[-79.977067,40.384717],[-79.977277,40.384489],[-79.977357,40.384393],[-79.977451,40.384283],[-79.977495,40.384235],[-79.97765,40.384143],[-79.977485,40.383896],[-79.97731,40.383611],[-79.977214,40.383458],[-79.977009,40.38313],[-79.976934,40.382999],[-79.976845,40.382844],[-79.976776,40.382703],[-79.976722,40.382594],[-79.976611,40.382349],[-79.976579,40.382278],[-79.976516,40.382136],[-79.976441,40.381968],[-79.976217,40.381467],[-79.976153,40.381325],[-79.976142,40.381301],[-79.976264,40.381267],[-79.976425,40.381223],[-79.976632,40.381171],[-79.976755,40.381141],[-79.977245,40.381283],[-79.977376,40.381321],[-79.977507,40.381575],[-79.977527,40.381617],[-79.977645,40.381743],[-79.977772,40.381809],[-79.977854,40.381833],[-79.978028,40.381847],[-79.978378,40.381778],[-79.978409,40.38177],[-79.978723,40.381697],[-79.978747,40.381691],[-79.97882,40.381673],[-79.978845,40.381668],[-79.978928,40.381649],[-79.9791,40.381595],[-79.979262,40.381545],[-79.979856,40.381344],[-79.980108,40.381259],[-79.980475,40.381135],[-79.981578,40.380763],[-79.98165179948288,40.38073866611646],[-79.9803848073445,40.3848928946984]]]}},{"type":"Feature","id":"882a8471d9fffff","properties":{"cell_id":"882a8471d9fffff","h3_res":8,"building_count":25,"poi_count_sum":4,"conn_dist_median_ft":4242.432212284132,"total_crossings_mean":4.72,"clipped_area_frac":0.43484129857934256,"clon":-79.942667,"clat":40.376395},"geometry":{"type":"Polygon","coordinates":[[[-79.936488935509,40.377766135736216],[-79.93760833382863,40.37410727439607],[-79.9381,40.374069],[-79.939439,40.373941],[-79.940452,40.37456],[-79.940625,40.374666],[-79.940651,40.374682],[-79.940721,40.374725],[-79.940872,40.374817],[-79.940921,40.374853],[-79.941042,40.374922],[-79.941311,40.375088],[-79.9414,40.375144],[-79.941432,40.375163],[-79.941713,40.375336],[-79.94192,40.375463],[-79.942734,40.375965],[-79.94363,40.375014],[-79.943666,40.374965],[-79.945157,40.37587],[-79.945197,40.375893],[-79.9455,40.376079],[-79.943332,40.378157],[-79.94406,40.378574],[-79.943998,40.378635],[-79.943152,40.379484],[-79.942889,40.379325],[-79.942837,40.379376],[-79.942535,40.37967],[-79.942475,40.379677],[-79.9415,40.379779],[-79.941428,40.379787],[-79.941402,40.37979],[-79.941321,40.379799],[-79.93984244692598,40.37997259830372],[-79.936488935509,40.377766135736216]]]}},{"type":"Feature","id":"882a847033fffff","properties":{"cell_id":"882a847033fffff","h3_res":8,"building_count":147,"poi_count_sum":5,"conn_dist_median_ft":1711.8192102922294,"total_crossings_mean":1.5510204081632653,"clipped_area_frac":0.6405007167258289,"clon":-79.935104,"clat":40.382291},"geometry":{"type":"Polygon","coordinates":[[[-79.93371930678535,40.38681706066325],[-79.92892491506313,40.383662091599135],[-79.93031023521857,40.379136738259774],[-79.936488935509,40.377766135736216],[-79.93984244692598,40.37997259830372],[-79.939328,40.380033],[-79.938712,40.380107],[-79.938278,40.38016],[-79.936448,40.380662],[-79.935765,40.380855],[-79.935721,40.380869],[-79.935473,40.38095],[-79.935471,40.381568],[-79.935471,40.381637],[-79.935506,40.382149],[-79.93553,40.382501],[-79.935403,40.383473],[-79.935384,40.383613],[-79.935398,40.38372],[-79.935413,40.383831],[-79.935476,40.384301],[-79.935513,40.384574],[-79.935769669139,40.38636219124422],[-79.93371930678535,40.38681706066325]]]}},{"type":"Feature","id":"882a8470edfffff","properties":{"cell_id":"882a8470edfffff","h3_res":8,"building_count":119,"poi_count_sum":2,"conn_dist_median_ft":3067.6310046664,"total_crossings_mean":0.0,"clipped_area_frac":0.9999999999999998,"clon":-79.924131,"clat":40.380507},"geometry":{"type":"Polygon","coordinates":[[[-79.91795168038891,40.38187704546337],[-79.91933801196795,40.377351910542934],[-79.92551684231526,40.37598192183039],[-79.93031023521857,40.379136738259774],[-79.92892491506313,40.383662091599135],[-79.92274519050098,40.385032410132396],[-79.91795168038891,40.38187704546337]]]}},{"type":"Feature","id":"882a8470e5fffff","properties":{"cell_id":"882a8470e5fffff","h3_res":8,"building_count":8,"poi_count_sum":0,"conn_dist_median_ft":469.7296634616343,"total_crossings_mean":0.0,"clipped_area_frac":0.5053269975519858,"clon":-79.931695,"clat":40.374612},"geometry":{"type":"Polygon","coordinates":[[[-79.936488935509,40.377766135736216],[-79.93031023521857,40.379136738259774],[-79.92551684231526,40.37598192183039],[-79.9258043686184,40.37504284568922],[-79.926519,40.375001],[-79.926577,40.374999],[-79.926861,40.374974],[-79.927212,40.374944],[-79.928866,40.374806],[-79.928956,40.374798],[-79.929051,40.37479],[-79.931179,40.374613],[-79.931555,40.374581],[-79.932101,40.374536],[-79.93760833382863,40.37410727439607],[-79.936488935509,40.377766135736216]]]}},{"type":"Feature","id":"882a84708dfffff","properties":{"cell_id":"882a84708dfffff","h3_res":8,"building_count":325,"poi_count_sum":12,"conn_dist_median_ft":1017.0723571037221,"total_crossings_mean":0.0,"clipped_area_frac":0.5021265765792493,"clon":-79.90635,"clat":40.363362},"geometry":{"type":"Polygon","coordinates":[[[-79.9111404230864,40.366516987755745],[-79.90496235736086,40.36788603315204],[-79.90068284508567,40.36506723948189],[-79.90083,40.364996],[-79.901116,40.364857],[-79.901751,40.364549],[-79.901932,40.364462],[-79.903523,40.36369],[-79.904278,40.363323],[-79.90474,40.363099],[-79.905026,40.362966],[-79.905119,40.362922],[-79.905252,40.362861],[-79.905017,40.36233],[-79.904964,40.362211],[-79.904944,40.362165],[-79.905237,40.362139],[-79.905642,40.362096],[-79.905908,40.362068],[-79.905958,40.362034],[-79.905988,40.362013],[-79.907008,40.361587],[-79.907181,40.361514],[-79.907438,40.362028],[-79.907614,40.362381],[-79.908208,40.363572],[-79.908629,40.363458],[-79.908669,40.363505],[-79.908712,40.363463],[-79.908853,40.363421],[-79.909453,40.363248],[-79.909653,40.363191],[-79.90978,40.363155],[-79.909886,40.363123],[-79.910587,40.362917],[-79.910821,40.362849],[-79.910865,40.362973],[-79.910918,40.363121],[-79.911003,40.363343],[-79.911051,40.363467],[-79.911179,40.363811],[-79.911216,40.363897],[-79.911292,40.364072],[-79.911342,40.364169],[-79.91169161042151,40.364718507289304],[-79.9111404230864,40.366516987755745]]]}},{"type":"Feature","id":"882a8470e3fffff","properties":{"cell_id":"882a8470e3fffff","h3_res":8,"building_count":443,"poi_count_sum":4,"conn_dist_median_ft":2168.102888712692,"total_crossings_mean":0.0,"clipped_area_frac":0.4286954623102095,"clon":-79.917318,"clat":40.365148},"geometry":{"type":"Polygon","coordinates":[[[-79.92210987264887,40.36830238748651],[-79.91593193630499,40.369672046477504],[-79.9111404230864,40.366516987755745],[-79.91169161042151,40.364718507289304],[-79.91176,40.364826],[-79.911841,40.364943],[-79.911898,40.365008],[-79.912054,40.364965],[-79.912217,40.364922],[-79.912756,40.364774],[-79.912785,40.364768],[-79.912802,40.364763],[-79.912829,40.364758],[-79.912847,40.364751],[-79.913313,40.364636],[-79.913372,40.364757],[-79.913445,40.364907],[-79.913664,40.365359],[-79.91373,40.365514],[-79.913831,40.365508],[-79.91385,40.365507],[-79.914211,40.365504],[-79.914332,40.365503],[-79.914455,40.365501],[-79.914824,40.365497],[-79.914948,40.365496],[-79.915058,40.365495],[-79.915389,40.365494],[-79.9155,40.365494],[-79.915676,40.365488],[-79.9159,40.365486],[-79.917103,40.365476],[-79.917358,40.365474],[-79.917504,40.365474],[-79.917699,40.365472],[-79.917766,40.36547],[-79.918452,40.365459],[-79.918554,40.365453],[-79.918817,40.36544],[-79.919034,40.365425],[-79.919186,40.365421],[-79.919771,40.365408],[-79.920295,40.36538],[-79.920665,40.365361],[-79.920676,40.36542],[-79.920689,40.365452],[-79.920832,40.365747],[-79.92087,40.365813],[-79.921063,40.366196],[-79.921089,40.366255],[-79.921254,40.366583],[-79.921266,40.366609],[-79.921305,40.366689],[-79.921453,40.366983],[-79.921463,40.367001],[-79.921474,40.367024],[-79.921487,40.367053],[-79.92166,40.367388],[-79.921691,40.367453],[-79.921707,40.367487],[-79.921862,40.3678],[-79.922043,40.368156],[-79.922074,40.368217],[-79.92211,40.368291],[-79.92211210194726,40.3682951078055],[-79.92210987264887,40.36830238748651]]]}},{"type":"Feature","id":"882a8470ebfffff","properties":{"cell_id":"882a8470ebfffff","h3_res":8,"building_count":499,"poi_count_sum":16,"conn_dist_median_ft":914.26395592816,"total_crossings_mean":0.25250501002004005,"clipped_area_frac":0.6930486613980635,"clon":-79.909754,"clat":40.371041},"geometry":{"type":"Polygon","coordinates":[[[-79.90496235736086,40.36788603315204],[-79.9111404230864,40.366516987755745],[-79.91593193630499,40.369672046477504],[-79.91454550048334,40.37419669875265],[-79.90996686103533,40.37521141224897],[-79.910381,40.374668],[-79.910777,40.374146],[-79.910905,40.373979],[-79.91145,40.373243],[-79.911818,40.372805],[-79.911803,40.372795],[-79.911734,40.372759],[-79.910932,40.372157],[-79.909506,40.371156],[-79.908894,40.370726],[-79.90883,40.370681],[-79.908808,40.370669],[-79.908604,40.370523],[-79.90854,40.370452],[-79.906729,40.370962],[-79.903942,40.371752],[-79.90376181403643,40.37180097912105],[-79.90496235736086,40.36788603315204]]]}},{"type":"Feature","id":"882a8470e1fffff","properties":{"cell_id":"882a8470e1fffff","h3_res":8,"building_count":307,"poi_count_sum":2,"conn_dist_median_ft":2650.293019784085,"total_crossings_mean":0.0,"clipped_area_frac":0.8451047970348171,"clon":-79.920724,"clat":40.372827},"geometry":{"type":"Polygon","coordinates":[[[-79.92551684231526,40.37598192183039],[-79.91933801196795,40.377351910542934],[-79.91454550048334,40.37419669875265],[-79.91593193630499,40.369672046477504],[-79.92210987264887,40.36830238748651],[-79.92211885118083,40.368308297736235],[-79.922285,40.368633],[-79.922302,40.36892],[-79.922308,40.368993],[-79.922349,40.369683],[-79.92235,40.369707],[-79.922352,40.369755],[-79.922377,40.370213],[-79.92236,40.370712],[-79.923296,40.370556],[-79.923318,40.370552],[-79.923438,40.370532],[-79.923759,40.371184],[-79.924203,40.372089],[-79.924394,40.372478],[-79.924682,40.373062],[-79.924982,40.375091],[-79.9258043686184,40.37504284568922],[-79.92551684231526,40.37598192183039]]]}},{"type":"Feature","id":"882a847017fffff","properties":{"cell_id":"882a847017fffff","h3_res":8,"building_count":190,"poi_count_sum":1,"conn_dist_median_ft":5172.637083692075,"total_crossings_mean":0.0,"clipped_area_frac":0.41362683543607215,"clon":-79.916565,"clat":40.386402},"geometry":{"type":"Polygon","coordinates":[[[-79.91795168038891,40.38187704546337],[-79.92274519050098,40.385032410132396],[-79.92135896331452,40.38955802760742],[-79.91696440201112,40.39053213278598],[-79.917449,40.389868],[-79.917687,40.389543],[-79.918466,40.388475],[-79.917927,40.38807],[-79.917866,40.388033],[-79.917665,40.387401],[-79.917651,40.387341],[-79.91754,40.386729],[-79.917501,40.386529],[-79.917476,40.386399],[-79.917393,40.386007],[-79.917386,40.385969],[-79.917344,40.385722],[-79.917311,40.385516],[-79.917281,40.385326],[-79.917193,40.384874],[-79.917163,40.384709],[-79.917291,40.384601],[-79.9174,40.38451],[-79.917095,40.383952],[-79.91697,40.383724],[-79.916387,40.382655],[-79.9161725380731,40.38227137503504],[-79.91795168038891,40.38187704546337]]]}},{"type":"Feature","id":"882a8470e9fffff","properties":{"cell_id":"882a8470e9fffff","h3_res":8,"building_count":448,"poi_count_sum":2,"conn_dist_median_ft":3487.319321915963,"total_crossings_mean":0.0,"clipped_area_frac":0.6432306314190147,"clon":-79.913159,"clat":40.378722},"geometry":{"type":"Polygon","coordinates":[[[-79.91454550048334,40.37419669875265],[-79.91933801196795,40.377351910542934],[-79.91795168038891,40.38187704546337],[-79.9161725380731,40.38227137503504],[-79.916084,40.382113],[-79.91684,40.381796],[-79.917314,40.381597],[-79.916712,40.380746],[-79.916631,40.380631],[-79.916241,40.380079],[-79.916188,40.380097],[-79.916083,40.380132],[-79.915771,40.380241],[-79.915668,40.380277],[-79.915497,40.380342],[-79.91546,40.380357],[-79.915122,40.38048],[-79.914982,40.380526],[-79.91481,40.380584],[-79.914478,40.380706],[-79.914308,40.380769],[-79.913979,40.380878],[-79.913753,40.380924],[-79.913528,40.380942],[-79.913453,40.380939],[-79.913305,40.380934],[-79.913104,40.380894],[-79.912933,40.38086],[-79.91204,40.380621],[-79.911689,40.380541],[-79.911673,40.380278],[-79.911656,40.380142],[-79.91162,40.38002],[-79.911529,40.379808],[-79.911405,40.379496],[-79.911234,40.379306],[-79.91113,40.379178],[-79.910938,40.378984],[-79.91069,40.378728],[-79.910679,40.378715],[-79.910658,40.378699],[-79.910534,40.378588],[-79.910477,40.378375],[-79.910398,40.378439],[-79.910293,40.378546],[-79.910269,40.378542],[-79.909619,40.378385],[-79.909544,40.378371],[-79.909192,40.378309],[-79.908913,40.378262],[-79.908485,40.378182],[-79.908347,40.378153],[-79.908386,40.378102],[-79.908455,40.37801],[-79.908641,40.377795],[-79.908669,40.377764],[-79.909162,40.37712],[-79.909336,40.376895],[-79.909231,40.376851],[-79.908916,40.376722],[-79.908844,40.376692],[-79.909231,40.376182],[-79.909846,40.37537],[-79.90996686103533,40.37521141224897],[-79.91454550048334,40.37419669875265]]]}},{"type":"Feature","id":"882a8470c7fffff","properties":{"cell_id":"882a8470c7fffff","h3_res":8,"building_count":7,"poi_count_sum":0,"conn_dist_median_ft":2369.083140156914,"total_crossings_mean":0.0,"clipped_area_frac":0.1668152372364094,"clon":-79.898784,"clat":40.369255},"geometry":{"type":"Polygon","coordinates":[[[-79.90496235736086,40.36788603315204],[-79.90376181403643,40.37180097912105],[-79.903438,40.371889],[-79.901317,40.367513],[-79.900811,40.366403],[-79.900347,40.36537],[-79.900295,40.365255],[-79.90068284508567,40.36506723948189],[-79.90496235736086,40.36788603315204]]]}},{"type":"Feature","id":"882a847ad9fffff","properties":{"cell_id":"882a847ad9fffff","h3_res":8,"building_count":1193,"poi_count_sum":56,"conn_dist_median_ft":5109.474340226812,"total_crossings_mean":0.0,"clipped_area_frac":0.6996941594139223,"clon":-80.019492,"clat":40.388852},"geometry":{"type":"Polygon","coordinates":[[[-80.02429264270087,40.3920034871672],[-80.01811500034971,40.39337900078551],[-80.01331456483429,40.39022735552024],[-80.01452582767767,40.38624651968928],[-80.014624,40.386203],[-80.014913,40.38607],[-80.015253,40.385862],[-80.015468,40.385731],[-80.015546,40.385679],[-80.015723,40.385573],[-80.015835,40.385507],[-80.01598633577882,40.38541255188743],[-80.01651829205807,40.38529411796187],[-80.016772,40.38571],[-80.016803,40.38579],[-80.016874,40.385969],[-80.016955,40.386025],[-80.016976,40.386064],[-80.017095,40.386278],[-80.017108,40.386314],[-80.01779,40.386402],[-80.018159,40.38645],[-80.018807,40.386793],[-80.018907,40.386816],[-80.018996,40.386864],[-80.019388,40.387076],[-80.020831,40.387857],[-80.021313,40.388118],[-80.02142,40.388174],[-80.021782,40.388369],[-80.021921,40.388445],[-80.022006,40.388491],[-80.02279,40.38892],[-80.023185,40.389135],[-80.023653,40.38939],[-80.023949,40.389542],[-80.024703,40.389931],[-80.024839,40.389999],[-80.02489372951605,40.39002645627896],[-80.02429264270087,40.3920034871672]]]}},{"type":"Feature","id":"882a8471e5fffff","properties":{"cell_id":"882a8471e5fffff","h3_res":8,"building_count":918,"poi_count_sum":8,"conn_dist_median_ft":4808.159871200888,"total_crossings_mean":0.37254901960784315,"clipped_area_frac":0.9853791613056763,"clon":-80.008515,"clat":40.387076},"geometry":{"type":"Polygon","coordinates":[[[-80.01331456483429,40.39022735552024],[-80.00713678854021,40.39160225519408],[-80.0023372324995,40.388450212729246],[-80.00371557318091,40.38392381870418],[-80.00493627029506,40.38365217175685],[-80.004994,40.383725],[-80.005121,40.383883],[-80.005244,40.38384],[-80.005648,40.383703],[-80.006326,40.383472],[-80.006419,40.38344],[-80.007188,40.383178],[-80.00741517237395,40.38310053107985],[-80.0098924569987,40.38254925034183],[-80.01395597811067,40.38521751495624],[-80.013982,40.385297],[-80.014108,40.385613],[-80.014119,40.385639],[-80.014158,40.385765],[-80.013886,40.385735],[-80.01361,40.385706],[-80.013593,40.385856],[-80.013587,40.385917],[-80.013567,40.38609],[-80.013819,40.386562],[-80.01384,40.386553],[-80.013875,40.386537],[-80.013982,40.386488],[-80.014018,40.386473],[-80.014333,40.386332],[-80.01452582767767,40.38624651968928],[-80.01331456483429,40.39022735552024]]]}},{"type":"Feature","id":"882a847addfffff","properties":{"cell_id":"882a847addfffff","h3_res":8,"building_count":300,"poi_count_sum":0,"conn_dist_median_ft":3791.7738823601817,"total_crossings_mean":0.0,"clipped_area_frac":0.18934470105339046,"clon":-80.03047,"clat":40.390628},"geometry":{"type":"Polygon","coordinates":[[[-80.02909395744689,40.395154735003416],[-80.02429264270087,40.3920034871672],[-80.02489372951605,40.39002645627896],[-80.025138,40.390149],[-80.025227,40.390197],[-80.025494,40.390341],[-80.025584,40.390389],[-80.026026,40.39061],[-80.026478,40.39085],[-80.026749,40.390997],[-80.026984,40.391124],[-80.027566,40.391436],[-80.027778,40.39155],[-80.027827,40.391598],[-80.028291,40.391415],[-80.028678,40.391263],[-80.028696,40.391296],[-80.028803,40.391486],[-80.029217,40.392229],[-80.029356,40.392477],[-80.029551,40.392825],[-80.02978,40.393233],[-80.030136,40.393869],[-80.030204,40.39399],[-80.030327,40.39422],[-80.030347,40.394256],[-80.03041,40.394364],[-80.030431,40.3944],[-80.03065980661023,40.3948059198752],[-80.02909395744689,40.395154735003416]]]}},{"type":"Feature","id":"882a847137fffff","properties":{"cell_id":"882a847137fffff","h3_res":8,"building_count":1393,"poi_count_sum":139,"conn_dist_median_ft":2888.2335191118,"total_crossings_mean":0.0,"clipped_area_frac":1.0,"clon":-80.022916,"clat":40.396531},"geometry":{"type":"Polygon","coordinates":[[[-80.01673778032959,40.39790609380718],[-80.01811500034971,40.39337900078551],[-80.02429264270087,40.3920034871672],[-80.02909395744689,40.395154735003416],[-80.02771775103429,40.39968204452562],[-80.02153921618884,40.401057889753474],[-80.01673778032959,40.39790609380718]]]}},{"type":"Feature","id":"882a847133fffff","properties":{"cell_id":"882a847133fffff","h3_res":8,"building_count":909,"poi_count_sum":21,"conn_dist_median_ft":5719.655845923435,"total_crossings_mean":0.2915291529152915,"clipped_area_frac":1.0,"clon":-80.011937,"clat":40.394754},"geometry":{"type":"Polygon","coordinates":[[[-80.00575855515453,40.396129131501745],[-80.00713678854021,40.39160225519408],[-80.01331456483429,40.39022735552024],[-80.01811500034971,40.39337900078551],[-80.01673778032959,40.39790609380718],[-80.01055911134911,40.39928132489195],[-80.00575855515453,40.396129131501745]]]}},{"type":"Feature","id":"882a847131fffff","properties":{"cell_id":"882a847131fffff","h3_res":8,"building_count":976,"poi_count_sum":35,"conn_dist_median_ft":2711.634311091487,"total_crossings_mean":0.0,"clipped_area_frac":1.0,"clon":-80.01536,"clat":40.402433},"geometry":{"type":"Polygon","coordinates":[[[-80.00918098541068,40.40380868339111],[-80.01055911134911,40.39928132489195],[-80.01673778032959,40.39790609380718],[-80.02153921618884,40.401057889753474],[-80.02016210399806,40.40558546492082],[-80.01398254212098,40.40696102751608],[-80.00918098541068,40.40380868339111]]]}},{"type":"Feature","id":"882a847acbfffff","properties":{"cell_id":"882a847acbfffff","h3_res":8,"building_count":261,"poi_count_sum":15,"conn_dist_median_ft":1869.2591100608774,"total_crossings_mean":0.0,"clipped_area_frac":0.259221429250171,"clon":-80.033896,"clat":40.398306},"geometry":{"type":"Polygon","coordinates":[[[-80.0325200663139,40.402833442798425],[-80.02771775103429,40.39968204452562],[-80.02909395744689,40.395154735003416],[-80.03065980661023,40.3948059198752],[-80.030701,40.394879],[-80.030767,40.395007],[-80.03072,40.395277],[-80.030698,40.395351],[-80.030718,40.395355],[-80.030723,40.395368],[-80.030805,40.395609],[-80.030944,40.396021],[-80.031011,40.396217],[-80.031144,40.396613],[-80.031116,40.396624],[-80.030994,40.396648],[-80.030957,40.396659],[-80.030664,40.396752],[-80.030493,40.396809],[-80.03034,40.396862],[-80.030232,40.396905],[-80.030008,40.396997],[-80.029908,40.39703],[-80.029799,40.397067],[-80.029756,40.39708],[-80.029631,40.397122],[-80.029589,40.397137],[-80.029435,40.397189],[-80.02939,40.397205],[-80.029813,40.397726],[-80.0311,40.399292],[-80.031562,40.399861],[-80.031653,40.399963],[-80.031757,40.400089],[-80.031588,40.400268],[-80.031468,40.400397],[-80.031532,40.400476],[-80.031667,40.40064],[-80.031723,40.400715],[-80.031784,40.400798],[-80.031851,40.400883],[-80.031976,40.401043],[-80.032025,40.401104],[-80.032092,40.401181],[-80.032244,40.401355],[-80.032365,40.401521],[-80.032424,40.401619],[-80.032482,40.401729],[-80.032666,40.401535],[-80.032703,40.401533],[-80.032753,40.401523],[-80.034156,40.401263],[-80.034248,40.401246],[-80.034813,40.401146],[-80.035875,40.400943],[-80.036579,40.400809],[-80.036697,40.400785],[-80.035788,40.401539],[-80.035693,40.401622],[-80.035622,40.401698],[-80.03558802508564,40.40214994537242],[-80.0325200663139,40.402833442798425]]]}},{"type":"Feature","id":"882a847135fffff","properties":{"cell_id":"882a847135fffff","h3_res":8,"building_count":1032,"poi_count_sum":39,"conn_dist_median_ft":2258.945734945394,"total_crossings_mean":0.0,"clipped_area_frac":1.0,"clon":-80.026341,"clat":40.40421},"geometry":{"type":"Polygon","coordinates":[[[-80.02016210399806,40.40558546492082],[-80.02153921618884,40.401057889753474],[-80.02771775103429,40.39968204452562],[-80.0325200663139,40.402833442798425],[-80.03114396811274,40.40736123442044],[-80.024964540563,40.40873741135739],[-80.02016210399806,40.40558546492082]]]}},{"type":"Feature","id":"882a847123fffff","properties":{"cell_id":"882a847123fffff","h3_res":8,"building_count":694,"poi_count_sum":50,"conn_dist_median_ft":2058.264944733185,"total_crossings_mean":0.0,"clipped_area_frac":1.0,"clon":-80.029768,"clat":40.411889},"geometry":{"type":"Polygon","coordinates":[[[-80.0235875363534,40.41326546857919],[-80.024964540563,40.40873741135739],[-80.03114396811274,40.40736123442044],[-80.03594728428784,40.41051278293902],[-80.03457129445017,40.41504105656952],[-80.0283909739861,40.416417565315164],[-80.0235875363534,40.41326546857919]]]}},{"type":"Feature","id":"882a847121fffff","properties":{"cell_id":"882a847121fffff","h3_res":8,"building_count":100,"poi_count_sum":35,"conn_dist_median_ft":3503.1246679389346,"total_crossings_mean":0.96,"clipped_area_frac":0.9999999999999999,"clon":-80.033195,"clat":40.41957},"geometry":{"type":"Polygon","coordinates":[[[-80.02701407790963,40.42094610450004],[-80.0283909739861,40.416417565315164],[-80.03457129445017,40.41504105656952],[-80.03937561188283,40.418192755142925],[-80.03799973056084,40.42272151069054],[-80.03181851697232,40.424098351344476],[-80.02701407790963,40.42094610450004]]]}},{"type":"Feature","id":"882a84713dfffff","properties":{"cell_id":"882a84713dfffff","h3_res":8,"building_count":996,"poi_count_sum":57,"conn_dist_median_ft":2060.265562512634,"total_crossings_mean":0.0,"clipped_area_frac":1.0,"clon":-80.018785,"clat":40.410113},"geometry":{"type":"Polygon","coordinates":[[[-80.01260452378146,40.41148886811552],[-80.01398254212098,40.40696102751608],[-80.02016210399806,40.40558546492082],[-80.024964540563,40.40873741135739],[-80.0235875363534,40.41326546857919],[-80.01740708136951,40.41464136278446],[-80.01260452378146,40.41148886811552]]]}},{"type":"Feature","id":"882a84712bfffff","properties":{"cell_id":"882a84712bfffff","h3_res":8,"building_count":494,"poi_count_sum":17,"conn_dist_median_ft":2747.040369568696,"total_crossings_mean":0.010121457489878543,"clipped_area_frac":0.9999999999999999,"clon":-80.02221,"clat":40.417794},"geometry":{"type":"Polygon","coordinates":[[[-80.01602917078067,40.41916968539287],[-80.01740708136951,40.41464136278446],[-80.0235875363534,40.41326546857919],[-80.0283909739861,40.416417565315164],[-80.02701407790963,40.42094610450004],[-80.02083272960866,40.42232233041491],[-80.01602917078067,40.41916968539287]]]}},{"type":"Feature","id":"882a847107fffff","properties":{"cell_id":"882a847107fffff","h3_res":8,"building_count":501,"poi_count_sum":23,"conn_dist_median_ft":3310.2145452615027,"total_crossings_mean":1.0678642714570858,"clipped_area_frac":1.0,"clon":-80.011226,"clat":40.416017},"geometry":{"type":"Polygon","coordinates":[[[-80.00504500990554,40.41739225361479],[-80.00642393476447,40.412864147796476],[-80.01260452378146,40.41148886811552],[-80.01740708136951,40.41464136278446],[-80.01602917078067,40.41916968539287],[-80.00984768825421,40.42054529658466],[-80.00504500990554,40.41739225361479]]]}},{"type":"Feature","id":"882a847139fffff","properties":{"cell_id":"882a847139fffff","h3_res":8,"building_count":281,"poi_count_sum":20,"conn_dist_median_ft":3445.5949357891377,"total_crossings_mean":0.1708185053380783,"clipped_area_frac":0.9999999999999999,"clon":-80.007803,"clat":40.408336},"geometry":{"type":"Polygon","coordinates":[[[-80.00162225746551,40.4097112554243],[-80.00300128969273,40.40518363166077],[-80.00918098541068,40.40380868339111],[-80.01398254212098,40.40696102751608],[-80.01260452378146,40.41148886811552],[-80.00642393476447,40.412864147796476],[-80.00162225746551,40.4097112554243]]]}},{"type":"Feature","id":"882a84713bfffff","properties":{"cell_id":"882a84713bfffff","h3_res":8,"building_count":339,"poi_count_sum":35,"conn_dist_median_ft":6735.101673174736,"total_crossings_mean":5.852507374631268,"clipped_area_frac":1.0,"clon":-80.00438,"clat":40.400656},"geometry":{"type":"Polygon","coordinates":[[[-79.99820061308134,40.40203089007709],[-79.99957975252524,40.3975037484596],[-80.00575855515453,40.396129131501745],[-80.01055911134911,40.39928132489195],[-80.00918098541068,40.40380868339111],[-80.00300128969273,40.40518363166077],[-79.99820061308134,40.40203089007709]]]}},{"type":"Feature","id":"882a847115fffff","properties":{"cell_id":"882a847115fffff","h3_res":8,"building_count":830,"poi_count_sum":13,"conn_dist_median_ft":9185.413284969774,"total_crossings_mean":0.14096385542168674,"clipped_area_frac":0.9870930216949507,"clon":-79.996821,"clat":40.406558},"geometry":{"type":"Polygon","coordinates":[[[-79.99202078400891,40.40340522403737],[-79.99820061308134,40.40203089007709],[-80.00300128969273,40.40518363166077],[-80.00162225746551,40.4097112554243],[-79.99544153490207,40.411085920597124],[-79.99128693437464,40.40835706947195],[-79.991304,40.408319],[-79.991423,40.40806],[-79.991464,40.407974],[-79.991497,40.407901],[-79.991583,40.407714],[-79.991598,40.407682],[-79.991635,40.407611],[-79.991686,40.407521],[-79.991768,40.407378],[-79.991849,40.407257],[-79.991908,40.407172],[-79.991924,40.407149],[-79.991942,40.407126],[-79.991929,40.407125],[-79.991806,40.407116],[-79.991376,40.407042],[-79.991332,40.407033],[-79.991283,40.407024],[-79.991205,40.407005],[-79.99103,40.406964],[-79.9909431448479,40.40694054910894],[-79.99202078400891,40.40340522403737]]]}},{"type":"Feature","id":"882a847103fffff","properties":{"cell_id":"882a847103fffff","h3_res":8,"building_count":811,"poi_count_sum":14,"conn_dist_median_ft":6543.513111125758,"total_crossings_mean":0.9099876695437731,"clipped_area_frac":1.0,"clon":-80.000243,"clat":40.414239},"geometry":{"type":"Polygon","coordinates":[[[-79.99406159601551,40.41561380941177],[-79.99544153490207,40.411085920597124],[-80.00162225746551,40.4097112554243],[-80.00642393476447,40.412864147796476],[-80.00504500990554,40.41739225361479],[-79.99886339364049,40.418767250099634],[-79.99406159601551,40.41561380941177]]]}},{"type":"Feature","id":"882a84711dfffff","properties":{"cell_id":"882a84711dfffff","h3_res":8,"building_count":926,"poi_count_sum":39,"conn_dist_median_ft":7062.033141248244,"total_crossings_mean":0.4244060475161987,"clipped_area_frac":0.48588960544131493,"clon":-79.98926,"clat":40.41246},"geometry":{"type":"Polygon","coordinates":[[[-79.99544153490207,40.411085920597124],[-79.99406159601551,40.41561380941177],[-79.98815661955702,40.416926656546345],[-79.988146,40.416724],[-79.988143,40.416648],[-79.988135,40.416501],[-79.988114,40.41606],[-79.988107,40.415913],[-79.988104,40.415851],[-79.988095,40.415668],[-79.988092,40.415607],[-79.988087,40.41552],[-79.988075,40.415262],[-79.988071,40.415176],[-79.988064,40.415027],[-79.988045,40.414582],[-79.988039,40.414434],[-79.988174,40.414182],[-79.988183,40.414166],[-79.988664,40.413481],[-79.988828,40.413248],[-79.988906,40.413136],[-79.989141,40.412802],[-79.98922,40.412691],[-79.989304,40.412567],[-79.989415,40.412406],[-79.989523,40.412223],[-79.98954,40.412187],[-79.989608,40.412054],[-79.989616,40.412036],[-79.989639,40.411985],[-79.989648,40.411968],[-79.9897,40.411856],[-79.989712,40.411833],[-79.989851,40.411517],[-79.989902,40.411405],[-79.989963,40.411267],[-79.990147,40.410855],[-79.990209,40.410718],[-79.990231,40.410691],[-79.9903,40.410609],[-79.990323,40.410583],[-79.990328,40.410548],[-79.990344,40.410443],[-79.99035,40.410409],[-79.990395,40.41031],[-79.99053,40.410013],[-79.990575,40.409914],[-79.990612,40.409832],[-79.990724,40.409589],[-79.990762,40.409508],[-79.990793,40.409439],[-79.990888,40.409233],[-79.99092,40.409165],[-79.990958,40.409081],[-79.991072,40.408828],[-79.991111,40.408745],[-79.991141,40.408677],[-79.991234,40.408473],[-79.991265,40.408406],[-79.99128693437464,40.40835706947195],[-79.99544153490207,40.411085920597124]]]}},{"type":"Feature","id":"882a847111fffff","properties":{"cell_id":"882a847111fffff","h3_res":8,"building_count":764,"poi_count_sum":33,"conn_dist_median_ft":6058.334218467799,"total_crossings_mean":0.12303664921465969,"clipped_area_frac":0.714353758344276,"clon":-79.985841,"clat":40.404779},"geometry":{"type":"Polygon","coordinates":[[[-79.97965996652465,40.40615299434335],[-79.98104102579987,40.40162580489201],[-79.9872209877404,40.400252085224714],[-79.99202078400891,40.40340522403737],[-79.9909431448479,40.40694054910894],[-79.99063,40.406856],[-79.989433,40.406533],[-79.989317,40.406502],[-79.989036,40.406419],[-79.988761,40.406349],[-79.98803,40.406164],[-79.987939,40.406141],[-79.987665,40.406075],[-79.98743,40.406048],[-79.987322,40.406036],[-79.987011,40.40603],[-79.986488,40.406018],[-79.985929,40.406007],[-79.985357,40.405995],[-79.984468,40.405977],[-79.98427,40.405969],[-79.983555,40.40594],[-79.982956,40.405915],[-79.982119,40.40588],[-79.981645,40.405862],[-79.981452,40.405855],[-79.981441,40.40592],[-79.981408,40.406127],[-79.981366,40.40632],[-79.981355,40.406418],[-79.98121456869865,40.40717441405502],[-79.97965996652465,40.40615299434335]]]}},{"type":"Feature","id":"882a847117fffff","properties":{"cell_id":"882a847117fffff","h3_res":8,"building_count":615,"poi_count_sum":21,"conn_dist_median_ft":4585.173461411298,"total_crossings_mean":2.004878048780488,"clipped_area_frac":1.0,"clon":-79.993401,"clat":40.398878},"geometry":{"type":"Polygon","coordinates":[[[-79.9872209877404,40.400252085224714],[-79.98860114044744,40.395725160702284],[-79.99478007623938,40.39435115785508],[-79.99957975252524,40.3975037484596],[-79.99820061308134,40.40203089007709],[-79.99202078400891,40.40340522403737],[-79.9872209877404,40.400252085224714]]]}},{"type":"Feature","id":"882a847113fffff","properties":{"cell_id":"882a847113fffff","h3_res":8,"building_count":888,"poi_count_sum":33,"conn_dist_median_ft":2469.380863641596,"total_crossings_mean":0.08333333333333333,"clipped_area_frac":0.8955567007179458,"clon":-79.982422,"clat":40.397099},"geometry":{"type":"Polygon","coordinates":[[[-79.97762327584564,40.393945561866126],[-79.98380234431413,40.39257217311316],[-79.98860114044744,40.395725160702284],[-79.9872209877404,40.400252085224714],[-79.98104102579987,40.40162580489201],[-79.97994542836932,40.40090584939339],[-79.979963,40.400849],[-79.979994,40.400695],[-79.980006,40.400437],[-79.979997,40.400261],[-79.979995,40.400214],[-79.979936,40.399943],[-79.979902,40.399844],[-79.979867,40.399741],[-79.979784,40.399555],[-79.979776,40.399538],[-79.979739,40.399462],[-79.979515,40.399201],[-79.979395,40.399044],[-79.979029,40.398455],[-79.978109,40.39697],[-79.977988,40.396761],[-79.977621,40.396164],[-79.977405,40.395805],[-79.97717318625205,40.39542070982958],[-79.97762327584564,40.393945561866126]]]}},{"type":"Feature","id":"882a8471e9fffff","properties":{"cell_id":"882a8471e9fffff","h3_res":8,"building_count":979,"poi_count_sum":47,"conn_dist_median_ft":2530.3626048121964,"total_crossings_mean":1.079673135852911,"clipped_area_frac":1.0,"clon":-79.989981,"clat":40.391198},"geometry":{"type":"Polygon","coordinates":[[[-79.98380234431413,40.39257217311316],[-79.98518260370444,40.388045730873515],[-79.9913606464264,40.38667205903998],[-79.99615932274853,40.389824498474766],[-79.99478007623938,40.39435115785508],[-79.98860114044744,40.395725160702284],[-79.98380234431413,40.39257217311316]]]}},{"type":"Feature","id":"882a8471edfffff","properties":{"cell_id":"882a8471edfffff","h3_res":8,"building_count":555,"poi_count_sum":32,"conn_dist_median_ft":7516.171496701106,"total_crossings_mean":4.861261261261261,"clipped_area_frac":0.9999999999999998,"clon":-80.000959,"clat":40.392977},"geometry":{"type":"Polygon","coordinates":[[[-79.99478007623938,40.39435115785508],[-79.99615932274853,40.389824498474766],[-80.0023372324995,40.388450212729246],[-80.00713678854021,40.39160225519408],[-80.00575855515453,40.396129131501745],[-79.99957975252524,40.3975037484596],[-79.99478007623938,40.39435115785508]]]}},{"type":"Feature","id":"882a847125fffff","properties":{"cell_id":"882a847125fffff","h3_res":8,"building_count":6,"poi_count_sum":1,"conn_dist_median_ft":5389.252372824403,"total_crossings_mean":0.0,"clipped_area_frac":0.06615289297581738,"clon":-80.044181,"clat":40.421344},"geometry":{"type":"Polygon","coordinates":[[[-80.03799973056084,40.42272151069054],[-80.03937561188283,40.418192755142925],[-80.0414360452607,40.4177336312483],[-80.040792,40.418762],[-80.040564,40.419143],[-80.039752,40.42043],[-80.03966,40.420596],[-80.039617,40.42067],[-80.039522,40.420822],[-80.039147,40.421428],[-80.039063,40.421566],[-80.039023,40.421631],[-80.038951,40.421733],[-80.038921,40.421774],[-80.038617,40.422206],[-80.038517,40.422351],[-80.038292,40.422734],[-80.0382160835487,40.42286341840139],[-80.03799973056084,40.42272151069054]]]}},{"type":"Feature","id":"882a847105fffff","properties":{"cell_id":"882a847105fffff","h3_res":8,"building_count":792,"poi_count_sum":9,"conn_dist_median_ft":5028.629126714601,"total_crossings_mean":0.5063131313131313,"clipped_area_frac":1.0,"clon":-80.014651,"clat":40.423698},"geometry":{"type":"Polygon","coordinates":[[[-80.0084688709153,40.42507388436643],[-80.00984768825421,40.42054529658466],[-80.01602917078067,40.41916968539287],[-80.02083272960866,40.42232233041491],[-80.01945492692244,40.42685113494093],[-80.01327255067602,40.42822707774309],[-80.0084688709153,40.42507388436643]]]}},{"type":"Feature","id":"882a847129fffff","properties":{"cell_id":"882a847129fffff","h3_res":8,"building_count":189,"poi_count_sum":9,"conn_dist_median_ft":4608.8171567764175,"total_crossings_mean":0.7354497354497355,"clipped_area_frac":0.9999999999999999,"clon":-80.025637,"clat":40.425475},"geometry":{"type":"Polygon","coordinates":[[[-80.01945492692244,40.42685113494093],[-80.02083272960866,40.42232233041491],[-80.02701407790963,40.42094610450004],[-80.03181851697232,40.424098351344476],[-80.03044172918109,40.428627372401],[-80.02425948735272,40.43000393012505],[-80.01945492692244,40.42685113494093]]]}},{"type":"Feature","id":"882a847163fffff","properties":{"cell_id":"882a847163fffff","h3_res":8,"building_count":933,"poi_count_sum":18,"conn_dist_median_ft":6229.632253111042,"total_crossings_mean":1.6881028938906752,"clipped_area_frac":1.0,"clon":-80.018077,"clat":40.43138},"geometry":{"type":"Polygon","coordinates":[[[-80.01189384100897,40.43275614739689],[-80.01327255067602,40.42822707774309],[-80.01945492692244,40.42685113494093],[-80.02425948735272,40.43000393012505],[-80.02288179272115,40.43453321647717],[-80.01669852254427,40.435909490989296],[-80.01189384100897,40.43275614739689]]]}},{"type":"Feature","id":"882a84712dfffff","properties":{"cell_id":"882a84712dfffff","h3_res":8,"building_count":181,"poi_count_sum":0,"conn_dist_median_ft":9328.442805340906,"total_crossings_mean":12.265193370165745,"clipped_area_frac":0.6544718164219532,"clon":-80.036624,"clat":40.427251},"geometry":{"type":"Polygon","coordinates":[[[-80.04142927695926,40.43040259650092],[-80.03524717003614,40.43177976916278],[-80.03044172918109,40.428627372401],[-80.03181851697232,40.424098351344476],[-80.03799973056084,40.42272151069054],[-80.0382160835487,40.42286341840139],[-80.037618,40.423883],[-80.037394,40.424267],[-80.037157,40.424609],[-80.035546,40.427201],[-80.034827,40.428358],[-80.035185,40.428382],[-80.036834,40.428493],[-80.036894,40.428497],[-80.036928,40.4285],[-80.037389,40.428535],[-80.037463,40.428545],[-80.037517,40.42851],[-80.037634,40.428393],[-80.037713,40.428316],[-80.038175,40.427964],[-80.038278,40.427886],[-80.038371,40.427846],[-80.039185,40.428121],[-80.039337,40.428172],[-80.039656,40.428298],[-80.040622,40.428635],[-80.040698,40.428683],[-80.041374,40.42889],[-80.04169,40.428987],[-80.04188144088607,40.42891400916049],[-80.04142927695926,40.43040259650092]]]}},{"type":"Feature","id":"882a847167fffff","properties":{"cell_id":"882a847167fffff","h3_res":8,"building_count":227,"poi_count_sum":10,"conn_dist_median_ft":6017.067495392517,"total_crossings_mean":7.546255506607929,"clipped_area_frac":1.0,"clon":-80.029065,"clat":40.433157},"geometry":{"type":"Polygon","coordinates":[[[-80.02288179272115,40.43453321647717],[-80.02425948735272,40.43000393012505],[-80.03044172918109,40.428627372401],[-80.03524717003614,40.43177976916278],[-80.0338704906824,40.43630927199944],[-80.0276873551163,40.437686161632264],[-80.02288179272115,40.43453321647717]]]}},{"type":"Feature","id":"882a847165fffff","properties":{"cell_id":"882a847165fffff","h3_res":8,"building_count":358,"poi_count_sum":72,"conn_dist_median_ft":3777.5414891081073,"total_crossings_mean":4.444134078212291,"clipped_area_frac":1.0,"clon":-80.032494,"clat":40.440839},"geometry":{"type":"Polygon","coordinates":[[[-80.02630976869152,40.44221592971897],[-80.0276873551163,40.437686161632264],[-80.0338704906824,40.43630927199944],[-80.0386769336924,40.43946181848734],[-80.03730036292849,40.4439918030125],[-80.03111633341423,40.445369024653786],[-80.02630976869152,40.44221592971897]]]}},{"type":"Feature","id":"882a847161fffff","properties":{"cell_id":"882a847161fffff","h3_res":8,"building_count":668,"poi_count_sum":69,"conn_dist_median_ft":6015.094969444099,"total_crossings_mean":4.315868263473054,"clipped_area_frac":1.0,"clon":-80.021504,"clat":40.439063},"geometry":{"type":"Polygon","coordinates":[[[-80.01531992070106,40.440439042423606],[-80.01669852254427,40.435909490989296],[-80.02288179272115,40.43453321647717],[-80.0276873551163,40.437686161632264],[-80.02630976869152,40.44221592971897],[-80.02012560437362,40.44359253604065],[-80.01531992070106,40.440439042423606]]]}},{"type":"Feature","id":"882a8444b3fffff","properties":{"cell_id":"882a8444b3fffff","h3_res":8,"building_count":403,"poi_count_sum":3,"conn_dist_median_ft":5275.280062580535,"total_crossings_mean":2.0,"clipped_area_frac":1.0,"clon":-80.035924,"clat":40.448522},"geometry":{"type":"Polygon","coordinates":[[[-80.02973885534858,40.44989927438337],[-80.03111633341423,40.445369024653786],[-80.03730036292849,40.4439918030125],[-80.04210780845618,40.447144499035204],[-80.0407313464346,40.451674965157174],[-80.03454642276175,40.45305251890656],[-80.02973885534858,40.44989927438337]]]}},{"type":"Feature","id":"882a84716dfffff","properties":{"cell_id":"882a84716dfffff","h3_res":8,"building_count":28,"poi_count_sum":59,"conn_dist_median_ft":3107.8787595122194,"total_crossings_mean":6.178571428571429,"clipped_area_frac":1.0,"clon":-80.024932,"clat":40.446746},"geometry":{"type":"Polygon","coordinates":[[[-80.01874711050637,40.448122569163864],[-80.02012560437362,40.44359253604065],[-80.02630976869152,40.44221592971897],[-80.03111633341423,40.445369024653786],[-80.02973885534858,40.44989927438337],[-80.02355379667904,40.451276212614246],[-80.01874711050637,40.448122569163864]]]}},{"type":"Feature","id":"882a847169fffff","properties":{"cell_id":"882a847169fffff","h3_res":8,"building_count":41,"poi_count_sum":131,"conn_dist_median_ft":4556.547533141454,"total_crossings_mean":9.268292682926829,"clipped_area_frac":1.0,"clon":-80.013941,"clat":40.444969},"geometry":{"type":"Polygon","coordinates":[[[-80.00775611264096,40.446344849744605],[-80.00913562206715,40.44181503344169],[-80.01531992070106,40.440439042423606],[-80.02012560437362,40.44359253604065],[-80.01874711050637,40.448122569163864],[-80.01256191732801,40.44949889189217],[-80.00775611264096,40.446344849744605]]]}},{"type":"Feature","id":"882a84716bfffff","properties":{"cell_id":"882a84716bfffff","h3_res":8,"building_count":228,"poi_count_sum":65,"conn_dist_median_ft":4902.832056098134,"total_crossings_mean":1.7719298245614035,"clipped_area_frac":0.9999999999999999,"clon":-80.010515,"clat":40.437285},"geometry":{"type":"Polygon","coordinates":[[[-80.0043308196897,40.43866114137242],[-80.00571043670872,40.434131806804345],[-80.01189384100897,40.43275614739689],[-80.01669852254427,40.435909490989296],[-80.01531992070106,40.440439042423606],[-80.00913562206715,40.44181503344169],[-80.0043308196897,40.43866114137242]]]}},{"type":"Feature","id":"882a84710dfffff","properties":{"cell_id":"882a84710dfffff","h3_res":8,"building_count":877,"poi_count_sum":172,"conn_dist_median_ft":4277.6673397248,"total_crossings_mean":0.9965792474344356,"clipped_area_frac":1.0,"clon":-80.00709,"clat":40.429603},"geometry":{"type":"Polygon","coordinates":[[[-80.00090663627803,40.43097806500452],[-80.00228636073798,40.42644921226282],[-80.0084688709153,40.42507388436643],[-80.01327255067602,40.42822707774309],[-80.01189384100897,40.43275614739689],[-80.00571043670872,40.434131806804345],[-80.00090663627803,40.43097806500452]]]}},{"type":"Feature","id":"882a847109fffff","properties":{"cell_id":"882a847109fffff","h3_res":8,"building_count":555,"poi_count_sum":96,"conn_dist_median_ft":5885.096393518863,"total_crossings_mean":2.5081081081081082,"clipped_area_frac":0.9999999999999999,"clon":-79.996103,"clat":40.427824},"geometry":{"type":"Polygon","coordinates":[[[-79.98992017926014,40.42919896954629],[-79.99130091827024,40.424670333930365],[-79.9974835618914,40.423295620923504],[-80.00228636073798,40.42644921226282],[-80.00090663627803,40.43097806500452],[-79.99472309834171,40.43235310932352],[-79.98992017926014,40.42919896954629]]]}},{"type":"Feature","id":"882a847147fffff","properties":{"cell_id":"882a847147fffff","h3_res":8,"building_count":170,"poi_count_sum":721,"conn_dist_median_ft":367.4938716296661,"total_crossings_mean":1.3058823529411765,"clipped_area_frac":0.9999999999999999,"clon":-79.999527,"clat":40.435507},"geometry":{"type":"Polygon","coordinates":[[[-79.99334246638965,40.436882226811605],[-79.99472309834171,40.43235310932352],[-80.00090663627803,40.43097806500452],[-80.00571043670872,40.434131806804345],[-80.0043308196897,40.43866114137242],[-79.9981463872273,40.44003651710309],[-79.99334246638965,40.436882226811605]]]}},{"type":"Feature","id":"882a847145fffff","properties":{"cell_id":"882a847145fffff","h3_res":8,"building_count":255,"poi_count_sum":1135,"conn_dist_median_ft":380.70686190575884,"total_crossings_mean":0.8627450980392157,"clipped_area_frac":1.0,"clon":-80.002951,"clat":40.443191},"geometry":{"type":"Polygon","coordinates":[[[-79.99676586248503,40.44456611637182],[-79.9981463872273,40.44003651710309],[-80.0043308196897,40.43866114137242],[-80.00913562206715,40.44181503344169],[-80.00775611264096,40.446344849744605],[-80.00157078544156,40.44772055698648],[-79.99676586248503,40.44456611637182]]]}},{"type":"Feature","id":"882a847141fffff","properties":{"cell_id":"882a847141fffff","h3_res":8,"building_count":131,"poi_count_sum":688,"conn_dist_median_ft":304.8884031121909,"total_crossings_mean":0.3816793893129771,"clipped_area_frac":1.0,"clon":-79.991962,"clat":40.441412},"geometry":{"type":"Polygon","coordinates":[[[-79.98577636077097,40.442786369291944],[-79.98715790058627,40.438256987271146],[-79.99334246638965,40.436882226811605],[-79.9981463872273,40.44003651710309],[-79.99676586248503,40.44456611637182],[-79.99058040175237,40.44594120814352],[-79.98577636077097,40.442786369291944]]]}},{"type":"Feature","id":"882a84714dfffff","properties":{"cell_id":"882a84714dfffff","h3_res":8,"building_count":98,"poi_count_sum":167,"conn_dist_median_ft":910.6403514554299,"total_crossings_mean":1.1938775510204083,"clipped_area_frac":0.9999999999999998,"clon":-79.995385,"clat":40.449096},"geometry":{"type":"Polygon","coordinates":[[[-79.9891989689155,40.45047107189915],[-79.99058040175237,40.44594120814352],[-79.99676586248503,40.44456611637182],[-80.00157078544156,40.44772055698648],[-80.00019036806096,40.45225063794428],[-79.99400401218782,40.453626061127665],[-79.9891989689155,40.45047107189915]]]}},{"type":"Feature","id":"882a847149fffff","properties":{"cell_id":"882a847149fffff","h3_res":8,"building_count":388,"poi_count_sum":230,"conn_dist_median_ft":2289.45152666622,"total_crossings_mean":0.6005154639175257,"clipped_area_frac":1.0,"clon":-79.984395,"clat":40.447316},"geometry":{"type":"Polygon","coordinates":[[[-79.97820831894282,40.44869049194953],[-79.97959076699266,40.44416084560987],[-79.98577636077097,40.442786369291944],[-79.99058040175237,40.44594120814352],[-79.9891989689155,40.45047107189915],[-79.98301247980449,40.451845879429634],[-79.97820831894282,40.44869049194953]]]}},{"type":"Feature","id":"882a84714bfffff","properties":{"cell_id":"882a84714bfffff","h3_res":8,"building_count":402,"poi_count_sum":241,"conn_dist_median_ft":744.692431089426,"total_crossings_mean":0.10945273631840796,"clipped_area_frac":0.9999999999999998,"clon":-79.980973,"clat":40.439631},"geometry":{"type":"Polygon","coordinates":[[[-79.97478760823078,40.44100560875158],[-79.97617016287593,40.43647644419247],[-79.98235486153288,40.435102298987594],[-79.98715790058627,40.438256987271146],[-79.98577636077097,40.442786369291944],[-79.97959076699266,40.44416084560987],[-79.97478760823078,40.44100560875158]]]}},{"type":"Feature","id":"882a847143fffff","properties":{"cell_id":"882a847143fffff","h3_res":8,"building_count":85,"poi_count_sum":218,"conn_dist_median_ft":660.079324167231,"total_crossings_mean":0.7176470588235294,"clipped_area_frac":0.9999999999999999,"clon":-79.988539,"clat":40.433728},"geometry":{"type":"Polygon","coordinates":[[[-79.98235486153288,40.435102298987594],[-79.98373650817497,40.430573398793186],[-79.98992017926014,40.42919896954629],[-79.99472309834171,40.43235310932352],[-79.99334246638965,40.436882226811605],[-79.98715790058627,40.438256987271146],[-79.98235486153288,40.435102298987594]]]}},{"type":"Feature","id":"882a847155fffff","properties":{"cell_id":"882a847155fffff","h3_res":8,"building_count":1570,"poi_count_sum":278,"conn_dist_median_ft":756.2263688533924,"total_crossings_mean":1.564331210191083,"clipped_area_frac":1.0,"clon":-79.985118,"clat":40.426045},"geometry":{"type":"Polygon","coordinates":[[[-79.97893447068677,40.427418861268606],[-79.9803162240041,40.42289044299207],[-79.9864990005821,40.42151634485834],[-79.99130091827024,40.424670333930365],[-79.98992017926014,40.42919896954629],[-79.98373650817497,40.430573398793186],[-79.97893447068677,40.427418861268606]]]}},{"type":"Feature","id":"882a84710bfffff","properties":{"cell_id":"882a84710bfffff","h3_res":8,"building_count":1570,"poi_count_sum":121,"conn_dist_median_ft":5737.481882314853,"total_crossings_mean":3.6687898089171975,"clipped_area_frac":0.990658042504219,"clon":-79.992681,"clat":40.420142},"geometry":{"type":"Polygon","coordinates":[[[-79.99406159601551,40.41561380941177],[-79.99886339364049,40.418767250099634],[-79.9974835618914,40.423295620923504],[-79.99130091827024,40.424670333930365],[-79.9864990005821,40.42151634485834],[-79.98751316580505,40.418190632768926],[-79.9877,40.41829],[-79.988065,40.418476],[-79.988183,40.41851],[-79.988234,40.418469],[-79.988219,40.418138],[-79.988181,40.4174],[-79.988177,40.417325],[-79.988165,40.417104],[-79.988162,40.41703],[-79.988158,40.416953],[-79.98815661955702,40.416926656546345],[-79.99406159601551,40.41561380941177]]]}},{"type":"Feature","id":"882a847101fffff","properties":{"cell_id":"882a847101fffff","h3_res":8,"building_count":1394,"poi_count_sum":24,"conn_dist_median_ft":5505.425618112956,"total_crossings_mean":3.263271162123386,"clipped_area_frac":0.9999999999999999,"clon":-80.003666,"clat":40.421921},"geometry":{"type":"Polygon","coordinates":[[[-79.9974835618914,40.423295620923504],[-79.99886339364049,40.418767250099634],[-80.00504500990554,40.41739225361479],[-80.00984768825421,40.42054529658466],[-80.0084688709153,40.42507388436643],[-80.00228636073798,40.42644921226282],[-79.9974835618914,40.423295620923504]]]}},{"type":"Feature","id":"882a847157fffff","properties":{"cell_id":"882a847157fffff","h3_res":8,"building_count":613,"poi_count_sum":23,"conn_dist_median_ft":5362.416866758679,"total_crossings_mean":1.9412724306688418,"clipped_area_frac":0.811420715222237,"clon":-79.981698,"clat":40.418362},"geometry":{"type":"Polygon","coordinates":[[[-79.9864990005821,40.42151634485834],[-79.9803162240041,40.42289044299207],[-79.9755151877185,40.419736056417364],[-79.97689704755967,40.41520812015002],[-79.9817956133869,40.41411953768244],[-79.981832,40.414626],[-79.98184,40.414743],[-79.981863,40.415418],[-79.98188,40.415955],[-79.981884,40.416053],[-79.981887,40.416106],[-79.981982,40.416102],[-79.982185,40.416083],[-79.982231,40.417073],[-79.982259,40.417667],[-79.982523,40.41766],[-79.982686,40.417656],[-79.982869,40.417649],[-79.983421,40.417632],[-79.983605,40.417626],[-79.983784,40.41762],[-79.984324,40.417605],[-79.984504,40.4176],[-79.98466,40.417595],[-79.98513,40.417582],[-79.985287,40.417578],[-79.985403,40.417574],[-79.985755,40.417564],[-79.985872,40.417561],[-79.985989,40.417559],[-79.986342,40.417556],[-79.986362,40.417556],[-79.986448,40.417602],[-79.986493,40.41765],[-79.986535,40.417672],[-79.986838,40.417833],[-79.986939,40.417887],[-79.987386,40.418123],[-79.98751316580505,40.418190632768926],[-79.9864990005821,40.42151634485834]]]}},{"type":"Feature","id":"882a8471c5fffff","properties":{"cell_id":"882a8471c5fffff","h3_res":8,"building_count":712,"poi_count_sum":37,"conn_dist_median_ft":1874.1809221966744,"total_crossings_mean":0.29634831460674155,"clipped_area_frac":0.9492771398381096,"clon":-79.979004,"clat":40.389419},"geometry":{"type":"Polygon","coordinates":[[[-79.9803848073445,40.3848928946984],[-79.98518260370444,40.388045730873515],[-79.98380234431413,40.39257217311316],[-79.97762327584564,40.393945561866126],[-79.97331832195874,40.391116171995215],[-79.973298,40.391039],[-79.973246,40.39084],[-79.97323,40.390688],[-79.973182,40.390235],[-79.973166,40.390085],[-79.973198,40.390075],[-79.97316204171082,40.38968892152672],[-79.97347969683929,40.388648012482456],[-79.973554,40.388635],[-79.973809,40.38859],[-79.974574,40.388457],[-79.97483,40.388413],[-79.974916,40.388395],[-79.975175,40.388342],[-79.975262,40.388325],[-79.975413,40.38828],[-79.975595,40.387684],[-79.975659,40.3875],[-79.975756,40.387212],[-79.975346,40.386618],[-79.97498353194278,40.3860932918735],[-79.9803848073445,40.3848928946984]]]}},{"type":"Feature","id":"882a8471cdfffff","properties":{"cell_id":"882a8471cdfffff","h3_res":8,"building_count":35,"poi_count_sum":2,"conn_dist_median_ft":2265.5690789134424,"total_crossings_mean":0.0,"clipped_area_frac":0.06295349851087953,"clon":-79.971444,"clat":40.395319},"geometry":{"type":"Polygon","coordinates":[[[-79.97762327584564,40.393945561866126],[-79.97717318625205,40.39542070982958],[-79.976657,40.394565],[-79.976255,40.393897],[-79.975788,40.393122],[-79.975623,40.393148],[-79.975122,40.393229],[-79.974556,40.393324],[-79.974201,40.393384],[-79.974186,40.393386],[-79.974142,40.393393],[-79.974128,40.393396],[-79.973903,40.393433],[-79.973879,40.393375],[-79.973731,40.392995],[-79.973638,40.392752],[-79.973321,40.392772],[-79.973226,40.392778],[-79.973072,40.392523],[-79.973048,40.392484],[-79.973035,40.392463],[-79.973565,40.392199],[-79.973523,40.391933],[-79.973509,40.391839],[-79.973456,40.391639],[-79.97331832195874,40.391116171995215],[-79.97762327584564,40.393945561866126]]]}},{"type":"Feature","id":"882a8471c1fffff","properties":{"cell_id":"882a8471c1fffff","h3_res":8,"building_count":2,"poi_count_sum":0,"conn_dist_median_ft":3263.9012543849885,"total_crossings_mean":0.0,"clipped_area_frac":0.0025383643440781835,"clon":-79.968028,"clat":40.387639},"geometry":{"type":"Polygon","coordinates":[[[-79.97316204171082,40.38968892152672],[-79.973141,40.389463],[-79.973122,40.389273],[-79.973117,40.389213],[-79.973083,40.388717],[-79.97316,40.388704],[-79.97347969683929,40.388648012482456],[-79.97316204171082,40.38968892152672]]]}},{"type":"Feature","id":"882a847031fffff","properties":{"cell_id":"882a847031fffff","h3_res":8,"building_count":20,"poi_count_sum":2,"conn_dist_median_ft":978.4277721300118,"total_crossings_mean":0.0,"clipped_area_frac":0.7400082307636665,"clon":-79.938514,"clat":40.389972},"geometry":{"type":"Polygon","coordinates":[[[-79.93712948230696,40.39449801802099],[-79.93233409140416,40.39134289651213],[-79.93371930678535,40.38681706066325],[-79.935769669139,40.38636219124422],[-79.935785,40.386469],[-79.936029,40.388148],[-79.936124,40.3888],[-79.936531,40.388764],[-79.940522,40.388368],[-79.942093,40.388214],[-79.943391,40.388955],[-79.943647,40.389101],[-79.943841,40.389031],[-79.94428286507424,40.38994559572353],[-79.94330997085798,40.39312675535895],[-79.94115789409916,40.39360423581714],[-79.940007,40.393365],[-79.938156,40.39298],[-79.938185,40.393079],[-79.938505,40.394137],[-79.93852695276581,40.394187961777746],[-79.93712948230696,40.39449801802099]]]}},{"type":"Feature","id":"882a8471cbfffff","properties":{"cell_id":"882a8471cbfffff","h3_res":8,"building_count":2,"poi_count_sum":0,"conn_dist_median_ft":7502.1024374701265,"total_crossings_mean":0.0,"clipped_area_frac":0.01018343238285019,"clon":-79.957053,"clat":40.385857},"geometry":{"type":"Polygon","coordinates":[[[-79.95566979198806,40.3903833319429],[-79.95484859400722,40.38984327342894],[-79.95492,40.389821],[-79.956009,40.389858],[-79.957195,40.389895],[-79.95764,40.389909],[-79.957735,40.389914],[-79.95773566201107,40.38992459217731],[-79.95566979198806,40.3903833319429]]]}},{"type":"Feature","id":"882a8471c9fffff","properties":{"cell_id":"882a8471c9fffff","h3_res":8,"building_count":1,"poi_count_sum":0,"conn_dist_median_ft":6123.142841939426,"total_crossings_mean":17.0,"clipped_area_frac":0.28562194243858724,"clon":-79.960467,"clat":40.393537},"geometry":{"type":"Polygon","coordinates":[[[-79.95908375472582,40.39806393302097],[-79.9542866009475,40.39490960390057],[-79.95566979198806,40.3903833319429],[-79.95773566201107,40.38992459217731],[-79.957737,40.389946],[-79.957739,40.389978],[-79.957917,40.393156],[-79.957953,40.393754],[-79.958046,40.39539],[-79.959924,40.395598],[-79.959796,40.396205],[-79.959512,40.397556],[-79.959822,40.397616],[-79.960134,40.397676],[-79.960412,40.397725],[-79.96053245766682,40.397742208238114],[-79.95908375472582,40.39806393302097]]]}},{"type":"Feature","id":"882a847039fffff","properties":{"cell_id":"882a847039fffff","h3_res":8,"building_count":10,"poi_count_sum":1,"conn_dist_median_ft":317.49229311175156,"total_crossings_mean":0.0,"clipped_area_frac":0.3904173287234285,"clon":-79.930949,"clat":40.395869},"geometry":{"type":"Polygon","coordinates":[[[-79.93574437185035,40.399024336288534],[-79.92956285822397,40.40039531476075],[-79.92858440155982,40.39975144430738],[-79.929157,40.399256],[-79.930854,40.398482],[-79.93105,40.398394],[-79.931382,40.398246],[-79.931565,40.39816],[-79.9322,40.397925],[-79.932786,40.397711],[-79.933008,40.397631],[-79.932991,40.397491],[-79.932979,40.397388],[-79.932971,40.397317],[-79.932908,40.396777],[-79.932902,40.396724],[-79.932882,40.396535],[-79.932817,40.395987],[-79.932811,40.395941],[-79.932808,40.395922],[-79.932698,40.394991],[-79.932683,40.394859],[-79.932678,40.394812],[-79.932619,40.394213],[-79.932561,40.393628],[-79.932554,40.393552],[-79.932495,40.392941],[-79.932488,40.39287],[-79.93242,40.392132],[-79.932397,40.391878],[-79.932357,40.391499],[-79.93217833920666,40.391377436985984],[-79.93233409140416,40.39134289651213],[-79.93712948230696,40.39449801802099],[-79.93693086142058,40.395147079142454],[-79.936713,40.395161],[-79.93691501062548,40.39519887699228],[-79.93574437185035,40.399024336288534]]]}},{"type":"Feature","id":"882a84703dfffff","properties":{"cell_id":"882a84703dfffff","h3_res":8,"building_count":35,"poi_count_sum":4,"conn_dist_median_ft":218.179572231669,"total_crossings_mean":2.1714285714285713,"clipped_area_frac":0.6077486190518431,"clon":-79.941926,"clat":40.397653},"geometry":{"type":"MultiPolygon","coordinates":[[[[-79.94672214529389,40.400808017171855],[-79.94054076229554,40.402179610051995],[-79.93574437185035,40.399024336288534],[-79.93691501062548,40.39519887699228],[-79.936937,40.395203],[-79.936987,40.395217],[-79.937112,40.395267],[-79.937259,40.395395],[-79.937384,40.395504],[-79.937496,40.395662],[-79.937558,40.395827],[-79.937631,40.39624],[-79.937729,40.396786],[-79.937758,40.39695],[-79.93834,40.396978],[-79.938636,40.39699],[-79.939297,40.397021],[-79.940472,40.39709],[-79.941109,40.397127],[-79.941897,40.397234],[-79.94259,40.397328],[-79.943747,40.397711],[-79.943941,40.397775],[-79.9455,40.398462],[-79.946678,40.399265],[-79.946805,40.399352],[-79.94709617278309,40.39958480248159],[-79.94672214529389,40.400808017171855]]],[[[-79.94330997085798,40.39312675535895],[-79.94810624331993,40.39628148078862],[-79.94780204434532,40.397276329202796],[-79.947613,40.397129],[-79.947627,40.397117],[-79.947379,40.396914],[-79.947358,40.396931],[-79.946078,40.395905],[-79.944933,40.395417],[-79.945078,40.395229],[-79.945308,40.394929],[-79.944926,40.394711],[-79.94439,40.394404],[-79.943922,40.394192],[-79.94387,40.394168],[-79.94115789409916,40.39360423581714],[-79.94330997085798,40.39312675535895]]],[[[-79.93712948230696,40.39449801802099],[-79.93852695276581,40.394187961777746],[-79.938533,40.394202],[-79.938586,40.394406],[-79.938594,40.394456],[-79.938656,40.394618],[-79.938722,40.394813],[-79.938793,40.395026],[-79.937026,40.395141],[-79.93693086142058,40.395147079142454],[-79.93712948230696,40.39449801802099]]]]}},{"type":"Feature","id":"882a847007fffff","properties":{"cell_id":"882a847007fffff","h3_res":8,"building_count":371,"poi_count_sum":8,"conn_dist_median_ft":1235.138826626705,"total_crossings_mean":0.0,"clipped_area_frac":0.9999999999999999,"clon":-79.934359,"clat":40.403551},"geometry":{"type":"Polygon","coordinates":[[[-79.92817684027328,40.40492189707245],[-79.92956285822397,40.40039531476075],[-79.93574437185035,40.399024336288534],[-79.94054076229554,40.402179610051995],[-79.93915575691393,40.40670641064727],[-79.93297334843817,40.40807771923778],[-79.92817684027328,40.40492189707245]]]}},{"type":"Feature","id":"882a84702bfffff","properties":{"cell_id":"882a84702bfffff","h3_res":8,"building_count":658,"poi_count_sum":60,"conn_dist_median_ft":776.2146919551358,"total_crossings_mean":0.7872340425531915,"clipped_area_frac":0.9951817373016317,"clon":-79.945338,"clat":40.405335},"geometry":{"type":"Polygon","coordinates":[[[-79.95013542492059,40.408489913277606],[-79.94395314726351,40.40986183647511],[-79.93915575691393,40.40670641064727],[-79.94054076229554,40.402179610051995],[-79.94672214529389,40.400808017171855],[-79.95055829978273,40.403330825292755],[-79.950849,40.403751],[-79.95129730506741,40.40468942097011],[-79.95013542492059,40.408489913277606]]]}},{"type":"Feature","id":"882a847027fffff","properties":{"cell_id":"882a847027fffff","h3_res":8,"building_count":4,"poi_count_sum":0,"conn_dist_median_ft":2603.33828528334,"total_crossings_mean":0.0,"clipped_area_frac":0.7985955141134939,"clon":-79.963882,"clat":40.401218},"geometry":{"type":"Polygon","coordinates":[[[-79.96867994336046,40.40437234644622],[-79.96249882307687,40.40574516819326],[-79.95770066937368,40.40259068730677],[-79.95908375472582,40.39806393302097],[-79.96053245766682,40.397742208238114],[-79.960755,40.397774],[-79.961057,40.397828],[-79.961285,40.397847],[-79.961514,40.397852],[-79.961797,40.397866],[-79.961875,40.39787],[-79.962565,40.397946],[-79.962673,40.397964],[-79.962778,40.397988],[-79.962879,40.39802],[-79.962989,40.398068],[-79.963215,40.398216],[-79.963394,40.398296],[-79.963451,40.398314],[-79.963476,40.398325],[-79.963585,40.398671],[-79.963904,40.399715],[-79.964639,40.399692],[-79.964795,40.399687],[-79.966237,40.399952],[-79.967343,40.400155],[-79.969054,40.400468],[-79.969184,40.400634],[-79.969503,40.401049],[-79.96964075106547,40.401225225178514],[-79.96867994336046,40.40437234644622]]]}},{"type":"Feature","id":"882a84711bfffff","properties":{"cell_id":"882a84711bfffff","h3_res":8,"building_count":48,"poi_count_sum":0,"conn_dist_median_ft":6885.743409250728,"total_crossings_mean":0.0,"clipped_area_frac":0.4174520991578067,"clon":-79.974861,"clat":40.402999},"geometry":{"type":"MultiPolygon","coordinates":[[[[-79.98104102579987,40.40162580489201],[-79.97965996652465,40.40615299434335],[-79.97347897832799,40.40752643054907],[-79.97015928812162,40.40534462062747],[-79.972225,40.405017],[-79.972606,40.404811],[-79.972816,40.404812],[-79.972948,40.404854],[-79.973135,40.404869],[-79.973302,40.404842],[-79.973718,40.404795],[-79.973963,40.404755],[-79.974498,40.404686],[-79.974847,40.404633],[-79.975308,40.404496],[-79.975566,40.404349],[-79.975689,40.404291],[-79.975872,40.404196],[-79.975946,40.404034],[-79.976097,40.404003],[-79.976296,40.40395],[-79.976555,40.40392],[-79.976725,40.403797],[-79.976765,40.40377],[-79.977239,40.403433],[-79.977411,40.403312],[-79.977888,40.402973],[-79.978394,40.402615],[-79.978817,40.402315],[-79.979076,40.402124],[-79.979305,40.40194],[-79.97945,40.401778],[-79.979489,40.401734],[-79.979577,40.401637],[-79.979684,40.401495],[-79.9797,40.401474],[-79.97981,40.401294],[-79.979839,40.401211],[-79.979912,40.401014],[-79.97994542836932,40.40090584939339],[-79.98104102579987,40.40162580489201]]],[[[-79.96867994336046,40.40437234644622],[-79.96964075106547,40.401225225178514],[-79.969904,40.401562],[-79.970865,40.402811],[-79.970834,40.402866],[-79.970871,40.403254],[-79.970926,40.403357],[-79.970961,40.403423],[-79.970736,40.403465],[-79.970106,40.404756],[-79.96963068449323,40.40499720488403],[-79.96867994336046,40.40437234644622]]]]}},{"type":"Feature","id":"882a847025fffff","properties":{"cell_id":"882a847025fffff","h3_res":8,"building_count":52,"poi_count_sum":3,"conn_dist_median_ft":1146.63359211427,"total_crossings_mean":0.0,"clipped_area_frac":0.9329087199018709,"clon":-79.967298,"clat":40.4089},"geometry":{"type":"MultiPolygon","coordinates":[[[[-79.97347897832799,40.40752643054907],[-79.97209701211423,40.41205388471593],[-79.96591499755404,40.41342703717833],[-79.96111584356392,40.41027240471619],[-79.96126731186914,40.40977656740475],[-79.961297,40.409772],[-79.961494,40.409738],[-79.961539,40.409731],[-79.962001,40.409676],[-79.962171,40.409678],[-79.962543,40.409679],[-79.962612,40.409679],[-79.962814,40.409672],[-79.96283,40.409671],[-79.963567,40.409485],[-79.963584,40.40948],[-79.96377,40.409502],[-79.964151,40.409317],[-79.964217,40.409282],[-79.964399,40.409187],[-79.964419,40.409176],[-79.965259,40.408328],[-79.965214,40.408093],[-79.965228,40.408082],[-79.96522,40.40804],[-79.965212,40.407973],[-79.966455,40.407015],[-79.967725,40.4063],[-79.96889,40.405645],[-79.968934,40.405629],[-79.969015,40.4056],[-79.969209,40.405521],[-79.969312,40.405479],[-79.97015928812162,40.40534462062747],[-79.97347897832799,40.40752643054907]]],[[[-79.96249882307687,40.40574516819326],[-79.96867994336046,40.40437234644622],[-79.96963068449323,40.40499720488403],[-79.969503,40.405062],[-79.969061,40.40537],[-79.967175,40.406475],[-79.965887,40.40723],[-79.965047,40.40786],[-79.96444,40.408319],[-79.963884,40.408737],[-79.963563,40.408795],[-79.96303,40.407881],[-79.962919,40.407918],[-79.962227,40.408155],[-79.96177469653887,40.40811562421186],[-79.96249882307687,40.40574516819326]]]]}},{"type":"Feature","id":"882a847119fffff","properties":{"cell_id":"882a847119fffff","h3_res":8,"building_count":399,"poi_count_sum":10,"conn_dist_median_ft":4225.405308715561,"total_crossings_mean":0.03007518796992481,"clipped_area_frac":0.8187003042338087,"clon":-79.978279,"clat":40.41068},"geometry":{"type":"Polygon","coordinates":[[[-79.97689704755967,40.41520812015002],[-79.97209701211423,40.41205388471593],[-79.97347897832799,40.40752643054907],[-79.97965996652465,40.40615299434335],[-79.98121456869865,40.40717441405502],[-79.981091,40.40784],[-79.980976,40.408464],[-79.98094,40.408535],[-79.980935,40.408558],[-79.980911,40.408688],[-79.980876,40.408877],[-79.980872,40.40891],[-79.980864,40.409011],[-79.980862,40.409045],[-79.980845,40.40916],[-79.980801,40.409485],[-79.980814,40.409504],[-79.98088,40.409601],[-79.980927,40.409663],[-79.981082,40.40984],[-79.981134,40.4099],[-79.98123,40.410011],[-79.981376,40.41018],[-79.981515,40.410347],[-79.981571,40.410415],[-79.98157,40.410475],[-79.981618,40.411322],[-79.981659,40.411954],[-79.981665,40.412049],[-79.981673,40.41219],[-79.981675,40.412224],[-79.981703,40.412613],[-79.981714,40.412755],[-79.981727,40.412896],[-79.981729,40.412917],[-79.98175,40.413322],[-79.981758,40.413465],[-79.981762,40.413594],[-79.981772,40.413858],[-79.981783,40.413982],[-79.981795,40.414111],[-79.9817956133869,40.41411953768244],[-79.97689704755967,40.41520812015002]]]}},{"type":"Feature","id":"882a847153fffff","properties":{"cell_id":"882a847153fffff","h3_res":8,"building_count":1242,"poi_count_sum":15,"conn_dist_median_ft":5399.597124159329,"total_crossings_mean":1.9194847020933978,"clipped_area_frac":1.0,"clon":-79.970715,"clat":40.416582},"geometry":{"type":"Polygon","coordinates":[[[-79.9645321240313,40.41795475584723],[-79.96591499755404,40.41342703717833],[-79.97209701211423,40.41205388471593],[-79.97689704755967,40.41520812015002],[-79.9755151877185,40.419736056417364],[-79.96933227867058,40.42110953969451],[-79.9645321240313,40.41795475584723]]]}},{"type":"Feature","id":"882a847151fffff","properties":{"cell_id":"882a847151fffff","h3_res":8,"building_count":1184,"poi_count_sum":132,"conn_dist_median_ft":970.532913620721,"total_crossings_mean":1.9797297297297298,"clipped_area_frac":0.9999999999999999,"clon":-79.974133,"clat":40.424264},"geometry":{"type":"Polygon","coordinates":[[[-79.9679495112891,40.42563774041815],[-79.96933227867058,40.42110953969451],[-79.9755151877185,40.419736056417364],[-79.9803162240041,40.42289044299207],[-79.97893447068677,40.427418861268606],[-79.97275066693993,40.42879267545992],[-79.9679495112891,40.42563774041815]]]}},{"type":"Feature","id":"882a84715bfffff","properties":{"cell_id":"882a84715bfffff","h3_res":8,"building_count":543,"poi_count_sum":78,"conn_dist_median_ft":2414.3513682143,"total_crossings_mean":1.4953959484346224,"clipped_area_frac":1.0,"clon":-79.963149,"clat":40.422483},"geometry":{"type":"Polygon","coordinates":[[[-79.95696530179801,40.423855607241734],[-79.95834908300031,40.41932762428446],[-79.9645321240313,40.41795475584723],[-79.96933227867058,40.42110953969451],[-79.9679495112891,40.42563774041815],[-79.9617655753677,40.427010939570486],[-79.95696530179801,40.423855607241734]]]}},{"type":"Feature","id":"882a84702dfffff","properties":{"cell_id":"882a84702dfffff","h3_res":8,"building_count":58,"poi_count_sum":9,"conn_dist_median_ft":7627.294024189245,"total_crossings_mean":2.103448275862069,"clipped_area_frac":1.0,"clon":-79.959733,"clat":40.4148},"geometry":{"type":"Polygon","coordinates":[[[-79.95354981025095,40.41617244339477],[-79.95493369721201,40.41164494253769],[-79.96111584356392,40.41027240471619],[-79.96591499755404,40.41342703717833],[-79.9645321240313,40.41795475584723],[-79.95834908300031,40.41932762428446],[-79.95354981025095,40.41617244339477]]]}},{"type":"Feature","id":"882a847029fffff","properties":{"cell_id":"882a847029fffff","h3_res":8,"building_count":96,"poi_count_sum":16,"conn_dist_median_ft":437.19305651474093,"total_crossings_mean":0.3645833333333333,"clipped_area_frac":0.9989696911814349,"clon":-79.948751,"clat":40.413017},"geometry":{"type":"Polygon","coordinates":[[[-79.95493369721201,40.41164494253769],[-79.95354981025095,40.41617244339477],[-79.94736663772369,40.41754469700894],[-79.94256824710753,40.41438911930706],[-79.94395314726351,40.40986183647511],[-79.95013542492059,40.408489913277606],[-79.952886540064,40.41029886621904],[-79.952955,40.410659],[-79.95339936324957,40.4106360651226],[-79.95493369721201,40.41164494253769]]]}},{"type":"Feature","id":"882a847067fffff","properties":{"cell_id":"882a847067fffff","h3_res":8,"building_count":111,"poi_count_sum":27,"conn_dist_median_ft":2851.926403325701,"total_crossings_mean":2.4414414414414414,"clipped_area_frac":1.0,"clon":-79.952166,"clat":40.4207},"geometry":{"type":"Polygon","coordinates":[[[-79.945981842944,40.422072461986474],[-79.94736663772369,40.41754469700894],[-79.95354981025095,40.41617244339477],[-79.95834908300031,40.41932762428446],[-79.95696530179801,40.423855607241734],[-79.95078123418908,40.42522819137191],[-79.945981842944,40.422072461986474]]]}},{"type":"Feature","id":"882a847063fffff","properties":{"cell_id":"882a847063fffff","h3_res":8,"building_count":938,"poi_count_sum":4,"conn_dist_median_ft":4037.856451445331,"total_crossings_mean":4.257995735607676,"clipped_area_frac":1.0,"clon":-79.941183,"clat":40.418917},"geometry":{"type":"Polygon","coordinates":[[[-79.9349991354573,40.42028830489963],[-79.93638494357072,40.41576075811515],[-79.94256824710753,40.41438911930706],[-79.94736663772369,40.41754469700894],[-79.945981842944,40.422072461986474],[-79.93979764413453,40.42344443111138],[-79.9349991354573,40.42028830489963]]]}},{"type":"Feature","id":"882a847061fffff","properties":{"cell_id":"882a847061fffff","h3_res":8,"building_count":889,"poi_count_sum":54,"conn_dist_median_ft":2605.265360406546,"total_crossings_mean":4.991001124859393,"clipped_area_frac":0.9999999999999999,"clon":-79.944597,"clat":40.4266},"geometry":{"type":"Polygon","coordinates":[[[-79.93841194116567,40.42797245999558],[-79.93979764413453,40.42344443111138],[-79.945981842944,40.422072461986474],[-79.95078123418908,40.42522819137191],[-79.94939654493653,40.4297564384038],[-79.94321145064266,40.43112873794487],[-79.93841194116567,40.42797245999558]]]}},{"type":"Feature","id":"882a84706bfffff","properties":{"cell_id":"882a84706bfffff","h3_res":8,"building_count":1359,"poi_count_sum":54,"conn_dist_median_ft":1808.935932497592,"total_crossings_mean":1.202354672553348,"clipped_area_frac":1.0,"clon":-79.933613,"clat":40.424816},"geometry":{"type":"Polygon","coordinates":[[[-79.92742808949285,40.42618746955952],[-79.92881480593414,40.421659659036386],[-79.9349991354573,40.42028830489963],[-79.93979764413453,40.42344443111138],[-79.93841194116567,40.42797245999558],[-79.93222671596716,40.42934414434924],[-79.92742808949285,40.42618746955952]]]}},{"type":"Feature","id":"882a84700dfffff","properties":{"cell_id":"882a84700dfffff","h3_res":8,"building_count":410,"poi_count_sum":46,"conn_dist_median_ft":1420.6849526108945,"total_crossings_mean":1.3804878048780487,"clipped_area_frac":1.0,"clon":-79.930201,"clat":40.417132},"geometry":{"type":"Polygon","coordinates":[[[-79.9240171800678,40.41850313622873],[-79.92540400127113,40.413975807850534],[-79.93158743533084,40.412604783831405],[-79.93638494357072,40.41576075811515],[-79.9349991354573,40.42028830489963],[-79.92881480593414,40.421659659036386],[-79.9240171800678,40.41850313622873]]]}},{"type":"Feature","id":"882a847005fffff","properties":{"cell_id":"882a847005fffff","h3_res":8,"building_count":463,"poi_count_sum":14,"conn_dist_median_ft":1297.8655936246034,"total_crossings_mean":0.6976241900647948,"clipped_area_frac":0.9999999999999999,"clon":-79.93777,"clat":40.411233},"geometry":{"type":"Polygon","coordinates":[[[-79.93158743533084,40.412604783831405],[-79.93297334843817,40.40807771923778],[-79.93915575691393,40.40670641064727],[-79.94395314726351,40.40986183647511],[-79.94256824710753,40.41438911930706],[-79.93638494357072,40.41576075811515],[-79.93158743533084,40.412604783831405]]]}},{"type":"Feature","id":"882a847021fffff","properties":{"cell_id":"882a847021fffff","h3_res":8,"building_count":26,"poi_count_sum":4,"conn_dist_median_ft":355.83024895873825,"total_crossings_mean":0.07692307692307693,"clipped_area_frac":0.66128748962489,"clon":-79.956317,"clat":40.407118},"geometry":{"type":"MultiPolygon","coordinates":[[[[-79.96111584356392,40.41027240471619],[-79.95493369721201,40.41164494253769],[-79.95339936324957,40.4106360651226],[-79.95404,40.410603],[-79.954526,40.410576],[-79.954666,40.410569],[-79.955098,40.410546],[-79.955328,40.410535],[-79.95539,40.410532],[-79.955668,40.410521],[-79.955706,40.410512],[-79.955858,40.410479],[-79.955877,40.410477],[-79.955937,40.410471],[-79.955976,40.410467],[-79.956076,40.410511],[-79.956175,40.410557],[-79.956271,40.410596],[-79.956366,40.410631],[-79.95666,40.410632],[-79.956728,40.410631],[-79.956782,40.41063],[-79.957264,40.410556],[-79.957811,40.410337],[-79.957894,40.410273],[-79.958162,40.410068],[-79.958292,40.409969],[-79.958523,40.409911],[-79.958773,40.409848],[-79.959055,40.409778],[-79.959397,40.409756],[-79.959438,40.409754],[-79.95949,40.409751],[-79.959574,40.409825],[-79.959693,40.409906],[-79.959868,40.409918],[-79.959923,40.409917],[-79.960142,40.409915],[-79.960549,40.409822],[-79.96082,40.409806],[-79.961232,40.409782],[-79.96126731186914,40.40977656740475],[-79.96111584356392,40.41027240471619]]],[[[-79.95770066937368,40.40259068730677],[-79.96249882307687,40.40574516819326],[-79.96177469653887,40.40811562421186],[-79.961354,40.408079],[-79.960909,40.407561],[-79.960549,40.407746],[-79.960489,40.407771],[-79.960393,40.407761],[-79.960272,40.408172],[-79.960136,40.408628],[-79.960098,40.408755],[-79.959951,40.40875],[-79.959311,40.408727],[-79.959313,40.408755],[-79.959292,40.409057],[-79.959104,40.40906],[-79.95907,40.409061],[-79.959067,40.409138],[-79.959048,40.40974],[-79.95872,40.409824],[-79.958056,40.409987],[-79.956582,40.410346],[-79.956131,40.410309],[-79.956135,40.410282],[-79.956203,40.409432],[-79.956112,40.409116],[-79.956644,40.408229],[-79.956625,40.407774],[-79.956283,40.407188],[-79.955971,40.406887],[-79.956032,40.406617],[-79.95492,40.406845],[-79.953852,40.404501],[-79.953734,40.404242],[-79.95341660087975,40.40354172929523],[-79.95770066937368,40.40259068730677]]],[[[-79.95013542492059,40.408489913277606],[-79.95129730506741,40.40468942097011],[-79.951621,40.405367],[-79.952201,40.407245],[-79.952613,40.408854],[-79.952836,40.410033],[-79.952886540064,40.41029886621904],[-79.95013542492059,40.408489913277606]]]]}},{"type":"Feature","id":"882a847001fffff","properties":{"cell_id":"882a847001fffff","h3_res":8,"building_count":37,"poi_count_sum":5,"conn_dist_median_ft":4551.694018442822,"total_crossings_mean":0.0,"clipped_area_frac":0.9932036611352509,"clon":-79.926791,"clat":40.409449},"geometry":{"type":"Polygon","coordinates":[[[-79.92817684027328,40.40492189707245],[-79.93297334843817,40.40807771923778],[-79.93158743533084,40.412604783831405],[-79.92540400127113,40.413975807850534],[-79.92060737565032,40.41081943721533],[-79.92154764578791,40.40775044953103],[-79.922103,40.407011],[-79.922444,40.406559],[-79.9227880840274,40.40611660625048],[-79.92817684027328,40.40492189707245]]]}},{"type":"Feature","id":"882a847009fffff","properties":{"cell_id":"882a847009fffff","h3_res":8,"building_count":216,"poi_count_sum":26,"conn_dist_median_ft":2213.0504714375243,"total_crossings_mean":0.11574074074074074,"clipped_area_frac":0.9570125826557335,"clon":-79.91922,"clat":40.415347},"geometry":{"type":"Polygon","coordinates":[[[-79.92060737565032,40.41081943721533],[-79.92540400127113,40.413975807850534],[-79.9240171800678,40.41850313622873],[-79.91783272031779,40.41987387539456],[-79.9130359775051,40.41671695622151],[-79.91387359164717,40.413984661853306],[-79.913886,40.413979],[-79.91431,40.413769],[-79.914322,40.413762],[-79.914971,40.413441],[-79.915403,40.413226],[-79.91693,40.412148],[-79.91727,40.411908],[-79.91779676275505,40.41144232877799],[-79.92060737565032,40.41081943721533]]]}},{"type":"Feature","id":"882a847047fffff","properties":{"cell_id":"882a847047fffff","h3_res":8,"building_count":1223,"poi_count_sum":36,"conn_dist_median_ft":1325.2137778354258,"total_crossings_mean":0.04251839738348324,"clipped_area_frac":1.0,"clon":-79.92263,"clat":40.423031},"geometry":{"type":"Polygon","coordinates":[[[-79.91644499064812,40.4244014673434],[-79.91783272031779,40.41987387539456],[-79.9240171800678,40.41850313622873],[-79.92881480593414,40.421659659036386],[-79.92742808949285,40.42618746955952],[-79.9212427338768,40.427558538742986],[-79.91644499064812,40.4244014673434]]]}},{"type":"Feature","id":"882a847043fffff","properties":{"cell_id":"882a847043fffff","h3_res":8,"building_count":226,"poi_count_sum":5,"conn_dist_median_ft":3983.889877056974,"total_crossings_mean":3.3805309734513274,"clipped_area_frac":1.0,"clon":-79.911648,"clat":40.421244},"geometry":{"type":"Polygon","coordinates":[[[-79.90546264536117,40.42261445359516],[-79.90685138801497,40.41808708043378],[-79.9130359775051,40.41671695622151],[-79.91783272031779,40.41987387539456],[-79.91644499064812,40.4244014673434],[-79.91025950510154,40.425771921373986],[-79.90546264536117,40.42261445359516]]]}},{"type":"Feature","id":"882a84705dfffff","properties":{"cell_id":"882a84705dfffff","h3_res":8,"building_count":581,"poi_count_sum":6,"conn_dist_median_ft":9319.292040835624,"total_crossings_mean":9.00172117039587,"clipped_area_frac":0.6771163413904215,"clon":-79.900666,"clat":40.419457},"geometry":{"type":"Polygon","coordinates":[[[-79.90685138801497,40.41808708043378],[-79.90546264536117,40.42261445359516],[-79.89927703037095,40.423984292490346],[-79.89805186356284,40.42317759327821],[-79.898158,40.422661],[-79.898171,40.422587],[-79.898212,40.42239],[-79.898226,40.42233],[-79.898406,40.421436],[-79.898421,40.421362],[-79.898575,40.420372],[-79.898615,40.420152],[-79.898736,40.419496],[-79.898777,40.419277],[-79.898872,40.41885],[-79.899117,40.41774],[-79.899272,40.417056],[-79.8996187716442,40.41546934683594],[-79.8996591718314,40.41546040084609],[-79.899936,40.41554],[-79.900299,40.415618],[-79.901512,40.415879],[-79.901944,40.415886],[-79.903117,40.415907],[-79.90349924302843,40.41588022290519],[-79.90685138801497,40.41808708043378]]]}},{"type":"Feature","id":"882a847015fffff","properties":{"cell_id":"882a847015fffff","h3_res":8,"building_count":104,"poi_count_sum":2,"conn_dist_median_ft":6791.604750189615,"total_crossings_mean":0.15384615384615385,"clipped_area_frac":0.7550877799174633,"clon":-79.919972,"clat":40.394084},"geometry":{"type":"Polygon","coordinates":[[[-79.91858570600375,40.398610008985585],[-79.91453083559144,40.3959408879889],[-79.915142,40.395426],[-79.916127,40.394596],[-79.91652,40.394262],[-79.916912,40.393921],[-79.916774,40.393885],[-79.9149,40.39339],[-79.915391,40.392731],[-79.915403,40.392715],[-79.915461,40.392636],[-79.915677,40.392334],[-79.91592,40.391993],[-79.91637,40.391363],[-79.916688,40.391502],[-79.916722,40.391453],[-79.917091,40.390913],[-79.91695,40.39085],[-79.916785,40.390778],[-79.91696440201112,40.39053213278598],[-79.92135896331452,40.38955802760742],[-79.92610325601711,40.39268049492533],[-79.925958,40.392803],[-79.925012,40.393606],[-79.92463,40.39393],[-79.924548,40.394001],[-79.923597,40.394808],[-79.923486,40.394902],[-79.923287,40.395063],[-79.922572,40.395648],[-79.922142,40.395997],[-79.921558,40.396482],[-79.920628,40.39727],[-79.91922485950707,40.39846831964916],[-79.91858570600375,40.398610008985585]]]}},{"type":"Feature","id":"882a84701dfffff","properties":{"cell_id":"882a84701dfffff","h3_res":8,"building_count":6,"poi_count_sum":0,"conn_dist_median_ft":8321.086587927499,"total_crossings_mean":2.0,"clipped_area_frac":0.08352906840496062,"clon":-79.912404,"clat":40.39998},"geometry":{"type":"Polygon","coordinates":[[[-79.91858570600375,40.398610008985585],[-79.91841795553538,40.39915743730285],[-79.918244,40.399306],[-79.918149,40.399266],[-79.917449,40.398971],[-79.916598,40.398607],[-79.9164,40.398784],[-79.916252,40.3987],[-79.91618,40.39866],[-79.915959,40.398532],[-79.91585,40.398468],[-79.915653,40.398352],[-79.915001,40.397967],[-79.913306,40.396972],[-79.913701,40.39664],[-79.91453083559144,40.3959408879889],[-79.91858570600375,40.398610008985585]]]}},{"type":"Feature","id":"882a84703bfffff","properties":{"cell_id":"882a84703bfffff","h3_res":8,"building_count":113,"poi_count_sum":5,"conn_dist_median_ft":3865.926902599106,"total_crossings_mean":0.26548672566371684,"clipped_area_frac":0.9125995157553737,"clon":-79.927539,"clat":40.388188},"geometry":{"type":"Polygon","coordinates":[[[-79.92135896331452,40.38955802760742],[-79.92274519050098,40.385032410132396],[-79.92892491506313,40.383662091599135],[-79.93371930678535,40.38681706066325],[-79.93233409140416,40.39134289651213],[-79.93217833920666,40.391377436985984],[-79.931872,40.391169],[-79.931656,40.39104],[-79.93148,40.390917],[-79.93123,40.390752],[-79.929701,40.389745],[-79.929619,40.389731],[-79.929539,40.389793],[-79.929336,40.389973],[-79.929304,40.389999],[-79.928008,40.391085],[-79.927855,40.391215],[-79.926734,40.392163],[-79.926557,40.392301],[-79.926313,40.392513],[-79.926124,40.392663],[-79.92610325601711,40.39268049492533],[-79.92135896331452,40.38955802760742]]]}},{"type":"Feature","id":"882a84715dfffff","properties":{"cell_id":"882a84715dfffff","h3_res":8,"building_count":680,"poi_count_sum":239,"conn_dist_median_ft":565.2518454664339,"total_crossings_mean":0.029411764705882353,"clipped_area_frac":0.9999999999999999,"clon":-79.977552,"clat":40.431948},"geometry":{"type":"Polygon","coordinates":[[[-79.97136800585096,40.433321358147],[-79.97275066693993,40.42879267545992],[-79.97893447068677,40.427418861268606],[-79.98373650817497,40.430573398793186],[-79.98235486153288,40.435102298987594],[-79.97617016287593,40.43647644419247],[-79.97136800585096,40.433321358147]]]}},{"type":"Feature","id":"882a847159fffff","properties":{"cell_id":"882a847159fffff","h3_res":8,"building_count":277,"poi_count_sum":223,"conn_dist_median_ft":503.84648848275816,"total_crossings_mean":0.06859205776173286,"clipped_area_frac":0.9999999999999999,"clon":-79.966566,"clat":40.430166},"geometry":{"type":"Polygon","coordinates":[[[-79.9603819000752,40.431539404536714],[-79.9617655753677,40.427010939570486],[-79.9679495112891,40.42563774041815],[-79.97275066693993,40.42879267545992],[-79.97136800585096,40.433321358147],[-79.96518317482779,40.43469488811381],[-79.9603819000752,40.431539404536714]]]}},{"type":"Feature","id":"882a847065fffff","properties":{"cell_id":"882a847065fffff","h3_res":8,"building_count":421,"poi_count_sum":18,"conn_dist_median_ft":2363.5010974889324,"total_crossings_mean":0.030878859857482184,"clipped_area_frac":1.0,"clon":-79.955581,"clat":40.428384},"geometry":{"type":"Polygon","coordinates":[[[-79.94939654493653,40.4297564384038],[-79.95078123418908,40.42522819137191],[-79.95696530179801,40.423855607241734],[-79.9617655753677,40.427010939570486],[-79.9603819000752,40.431539404536714],[-79.95419693717307,40.43291231928221],[-79.94939654493653,40.4297564384038]]]}},{"type":"Feature","id":"882a847069fffff","properties":{"cell_id":"882a847069fffff","h3_res":8,"building_count":157,"poi_count_sum":2,"conn_dist_median_ft":2805.528565062288,"total_crossings_mean":0.33121019108280253,"clipped_area_frac":1.0,"clon":-79.937026,"clat":40.432501},"geometry":{"type":"Polygon","coordinates":[[[-79.93084010443846,40.43387243692612],[-79.93222671596716,40.42934414434924],[-79.93841194116567,40.42797245999558],[-79.94321145064266,40.43112873794487],[-79.94182585296912,40.43565724883749],[-79.93563973188338,40.43702926350737],[-79.93084010443846,40.43387243692612]]]}},{"type":"Feature","id":"882a84706dfffff","properties":{"cell_id":"882a84706dfffff","h3_res":8,"building_count":304,"poi_count_sum":16,"conn_dist_median_ft":1684.1139120696753,"total_crossings_mean":0.34539473684210525,"clipped_area_frac":1.0,"clon":-79.948012,"clat":40.434285},"geometry":{"type":"Polygon","coordinates":[[[-79.94182585296912,40.43565724883749],[-79.94321145064266,40.43112873794487],[-79.94939654493653,40.4297564384038],[-79.95419693717307,40.43291231928221],[-79.95281235359865,40.43744104827717],[-79.94662636360862,40.43881367833373],[-79.94182585296912,40.43565724883749]]]}},{"type":"Feature","id":"882a847333fffff","properties":{"cell_id":"882a847333fffff","h3_res":8,"building_count":1042,"poi_count_sum":479,"conn_dist_median_ft":1032.2114297565784,"total_crossings_mean":0.3838771593090211,"clipped_area_frac":1.0,"clon":-79.958998,"clat":40.436068},"geometry":{"type":"Polygon","coordinates":[[[-79.95281235359865,40.43744104827717],[-79.95419693717307,40.43291231928221],[-79.9603819000752,40.431539404536714],[-79.96518317482779,40.43469488811381],[-79.96379960559622,40.43922383499764],[-79.95761374718928,40.44059708045786],[-79.95281235359865,40.43744104827717]]]}},{"type":"Feature","id":"882a847337fffff","properties":{"cell_id":"882a847337fffff","h3_res":8,"building_count":257,"poi_count_sum":29,"conn_dist_median_ft":1479.3072996051485,"total_crossings_mean":0.14007782101167315,"clipped_area_frac":1.0,"clon":-79.969985,"clat":40.43785},"geometry":{"type":"Polygon","coordinates":[[[-79.96379960559622,40.43922383499764],[-79.96518317482779,40.43469488811381],[-79.97136800585096,40.433321358147],[-79.97617016287593,40.43647644419247],[-79.97478760823078,40.44100560875158],[-79.96860188189441,40.4423794696323],[-79.96379960559622,40.43922383499764]]]}},{"type":"Feature","id":"882a847331fffff","properties":{"cell_id":"882a847331fffff","h3_res":8,"building_count":285,"poi_count_sum":881,"conn_dist_median_ft":2288.789849008527,"total_crossings_mean":1.8842105263157896,"clipped_area_frac":1.0,"clon":-79.962416,"clat":40.443753},"geometry":{"type":"Polygon","coordinates":[[[-79.95622926944405,40.44512629132449],[-79.95761374718928,40.44059708045786],[-79.96379960559622,40.43922383499764],[-79.96860188189441,40.4423794696323],[-79.96721841887506,40.446908898342286],[-79.96103166475172,40.44828247461662],[-79.95622926944405,40.44512629132449]]]}},{"type":"Feature","id":"882a847335fffff","properties":{"cell_id":"882a847335fffff","h3_res":8,"building_count":380,"poi_count_sum":87,"conn_dist_median_ft":3994.3912462751573,"total_crossings_mean":0.8894736842105263,"clipped_area_frac":1.0,"clon":-79.973405,"clat":40.445535},"geometry":{"type":"Polygon","coordinates":[[[-79.96721841887506,40.446908898342286],[-79.96860188189441,40.4423794696323],[-79.97478760823078,40.44100560875158],[-79.97959076699266,40.44416084560987],[-79.97820831894282,40.44869049194953],[-79.97202169708176,40.450064683843614],[-79.96721841887506,40.446908898342286]]]}},{"type":"Feature","id":"882a84733bfffff","properties":{"cell_id":"882a84733bfffff","h3_res":8,"building_count":382,"poi_count_sum":373,"conn_dist_median_ft":2115.2981522591317,"total_crossings_mean":0.9240837696335078,"clipped_area_frac":1.0,"clon":-79.951428,"clat":40.44197},"geometry":{"type":"Polygon","coordinates":[[[-79.9452408713813,40.443342671143455],[-79.94662636360862,40.43881367833373],[-79.95281235359865,40.43744104827717],[-79.95761374718928,40.44059708045786],[-79.95622926944405,40.44512629132449],[-79.9500423835461,40.44649925199588],[-79.9452408713813,40.443342671143455]]]}},{"type":"Feature","id":"882a847315fffff","properties":{"cell_id":"882a847315fffff","h3_res":8,"building_count":435,"poi_count_sum":151,"conn_dist_median_ft":1807.3685622170851,"total_crossings_mean":1.9954022988505746,"clipped_area_frac":0.9999999999999998,"clon":-79.943855,"clat":40.447872},"geometry":{"type":"Polygon","coordinates":[[[-79.9376674529451,40.44924427263924],[-79.93905385419637,40.444715016228855],[-79.9452408713813,40.443342671143455],[-79.9500423835461,40.44649925199588],[-79.94865699691603,40.451028726631286],[-79.94246908341991,40.45240140223157],[-79.9376674529451,40.44924427263924]]]}},{"type":"Feature","id":"882a847317fffff","properties":{"cell_id":"882a847317fffff","h3_res":8,"building_count":216,"poi_count_sum":69,"conn_dist_median_ft":445.74023746383193,"total_crossings_mean":0.0,"clipped_area_frac":1.0,"clon":-79.94044,"clat":40.440186},"geometry":{"type":"Polygon","coordinates":[[[-79.93425322541799,40.44155803804668],[-79.93563973188338,40.43702926350737],[-79.94182585296912,40.43565724883749],[-79.94662636360862,40.43881367833373],[-79.9452408713813,40.443342671143455],[-79.93905385419637,40.444715016228855],[-79.93425322541799,40.44155803804668]]]}},{"type":"Feature","id":"882a847311fffff","properties":{"cell_id":"882a847311fffff","h3_res":8,"building_count":957,"poi_count_sum":29,"conn_dist_median_ft":2630.847256473773,"total_crossings_mean":2.650992685475444,"clipped_area_frac":1.0,"clon":-79.932866,"clat":40.446087},"geometry":{"type":"Polygon","coordinates":[[[-79.92667866180541,40.44745880553506],[-79.92806607743364,40.4429297675632],[-79.93425322541799,40.44155803804668],[-79.93905385419637,40.444715016228855],[-79.9376674529451,40.44924427263924],[-79.9314794084584,40.450616332471235],[-79.92667866180541,40.44745880553506]]]}},{"type":"Feature","id":"882a847313fffff","properties":{"cell_id":"882a847313fffff","h3_res":8,"building_count":944,"poi_count_sum":18,"conn_dist_median_ft":1041.5586758461882,"total_crossings_mean":0.11440677966101695,"clipped_area_frac":0.9999999999999999,"clon":-79.929453,"clat":40.438401},"geometry":{"type":"Polygon","coordinates":[[[-79.92326633228501,40.43977239228194],[-79.92465385274431,40.43524383622647],[-79.93084010443846,40.43387243692612],[-79.93563973188338,40.43702926350737],[-79.93425322541799,40.44155803804668],[-79.92806607743364,40.4429297675632],[-79.92326633228501,40.43977239228194]]]}},{"type":"Feature","id":"882a847045fffff","properties":{"cell_id":"882a847045fffff","h3_res":8,"building_count":921,"poi_count_sum":191,"conn_dist_median_ft":848.7048537799164,"total_crossings_mean":0.6525515743756786,"clipped_area_frac":1.0,"clon":-79.926041,"clat":40.430716},"geometry":{"type":"Polygon","coordinates":[[[-79.91985510873705,40.432086612790776],[-79.9212427338768,40.427558538742986],[-79.92742808949285,40.42618746955952],[-79.93222671596716,40.42934414434924],[-79.93084010443846,40.43387243692612],[-79.92465385274431,40.43524383622647],[-79.91985510873705,40.432086612790776]]]}},{"type":"Feature","id":"882a84704dfffff","properties":{"cell_id":"882a84704dfffff","h3_res":8,"building_count":982,"poi_count_sum":406,"conn_dist_median_ft":481.76819132241155,"total_crossings_mean":0.4409368635437882,"clipped_area_frac":0.9999999999999999,"clon":-79.918467,"clat":40.436615},"geometry":{"type":"Polygon","coordinates":[[[-79.91228019271286,40.437985734097154],[-79.91366872692174,40.43345739673887],[-79.91985510873705,40.432086612790776],[-79.92465385274431,40.43524383622647],[-79.92326633228501,40.43977239228194],[-79.91707905398872,40.441143506246796],[-79.91228019271286,40.437985734097154]]]}},{"type":"Feature","id":"882a847049fffff","properties":{"cell_id":"882a847049fffff","h3_res":8,"building_count":214,"poi_count_sum":5,"conn_dist_median_ft":1930.6863787519947,"total_crossings_mean":2.5093457943925235,"clipped_area_frac":1.0,"clon":-79.907482,"clat":40.434828},"geometry":{"type":"Polygon","coordinates":[[[-79.90129480743181,40.43619806374053],[-79.90268435514571,40.43166994529271],[-79.90887086659501,40.43029977667942],[-79.91366872692174,40.43345739673887],[-79.91228019271286,40.437985734097154],[-79.90609278459205,40.43935623252775],[-79.90129480743181,40.43619806374053]]]}},{"type":"Feature","id":"882a847227fffff","properties":{"cell_id":"882a847227fffff","h3_res":8,"building_count":541,"poi_count_sum":8,"conn_dist_median_ft":2024.435489653684,"total_crossings_mean":3.290203327171904,"clipped_area_frac":1.0,"clon":-79.910891,"clat":40.442514},"geometry":{"type":"Polygon","coordinates":[[[-79.90470334094326,40.443884832982256],[-79.90609278459205,40.43935623252775],[-79.91228019271286,40.437985734097154],[-79.91707905398872,40.441143506246796],[-79.91569062422792,40.44567232556666],[-79.90950231922308,40.447043153913796],[-79.90470334094326,40.443884832982256]]]}},{"type":"Feature","id":"882a84731bfffff","properties":{"cell_id":"882a84731bfffff","h3_res":8,"building_count":941,"poi_count_sum":89,"conn_dist_median_ft":1168.9544058579363,"total_crossings_mean":0.7215727948990436,"clipped_area_frac":1.0,"clon":-79.921879,"clat":40.444301},"geometry":{"type":"Polygon","coordinates":[[[-79.91569062422792,40.44567232556666],[-79.91707905398872,40.441143506246796],[-79.92326633228501,40.43977239228194],[-79.92806607743364,40.4429297675632],[-79.92667866180541,40.44745880553506],[-79.92049048681581,40.448830249615916],[-79.91569062422792,40.44567232556666]]]}},{"type":"Feature","id":"882a847223fffff","properties":{"cell_id":"882a847223fffff","h3_res":8,"building_count":596,"poi_count_sum":21,"conn_dist_median_ft":625.033038695144,"total_crossings_mean":0.25671140939597314,"clipped_area_frac":0.9858739482499711,"clon":-79.899905,"clat":40.440726},"geometry":{"type":"Polygon","coordinates":[[[-79.89510726997379,40.4375679466544],[-79.90129480743181,40.43619806374053],[-79.90609278459205,40.43935623252775],[-79.90470334094326,40.443884832982256],[-79.8985149064108,40.44525504561313],[-79.89408073075666,40.44233590534713],[-79.894085,40.442316],[-79.894169,40.441929],[-79.894172,40.441916],[-79.894231,40.441638],[-79.894242,40.44161],[-79.894257,40.441562],[-79.894279,40.441484],[-79.894336,40.44129],[-79.894344,40.441253],[-79.894363,40.441175],[-79.894394,40.441041],[-79.89449,40.440638],[-79.894522,40.440505],[-79.894554,40.44037],[-79.894649,40.439965],[-79.894682,40.439831],[-79.894706,40.439726],[-79.89478,40.439413],[-79.894806,40.439309],[-79.894827,40.439215],[-79.894892,40.438935],[-79.894915,40.438842],[-79.894907,40.438817],[-79.894886,40.438743],[-79.894879,40.438719],[-79.894842,40.438647],[-79.894864,40.438534],[-79.89497415612216,40.4380014661088],[-79.89510726997379,40.4375679466544]]]}},{"type":"Feature","id":"882a847221fffff","properties":{"cell_id":"882a847221fffff","h3_res":8,"building_count":957,"poi_count_sum":44,"conn_dist_median_ft":2990.6343617767484,"total_crossings_mean":4.435736677115988,"clipped_area_frac":0.9999999999999999,"clon":-79.903314,"clat":40.448414},"geometry":{"type":"Polygon","coordinates":[[[-79.89712455295127,40.44978390894945],[-79.8985149064108,40.44525504561313],[-79.90470334094326,40.443884832982256],[-79.90950231922308,40.447043153913796],[-79.90811297978983,40.451572236283674],[-79.90192364797021,40.45294277873074],[-79.89712455295127,40.44978390894945]]]}},{"type":"Feature","id":"882a84722bfffff","properties":{"cell_id":"882a84722bfffff","h3_res":8,"building_count":333,"poi_count_sum":104,"conn_dist_median_ft":633.4046580958566,"total_crossings_mean":0.918918918918919,"clipped_area_frac":0.5070005154469008,"clon":-79.892326,"clat":40.446625},"geometry":{"type":"Polygon","coordinates":[[[-79.8985149064108,40.44525504561313],[-79.89712455295127,40.44978390894945],[-79.89093509190114,40.451153835498275],[-79.8861368818684,40.44799456905195],[-79.88642021405761,40.44707237496373],[-79.887733,40.447509],[-79.888184,40.447659],[-79.888318,40.447715],[-79.888366,40.447735],[-79.888406,40.447773],[-79.888547,40.447844],[-79.888729,40.448061],[-79.889005,40.44833],[-79.889242,40.448541],[-79.889816,40.449051],[-79.890444,40.449459],[-79.891073,40.449779],[-79.891154,40.449821],[-79.891768,40.450098],[-79.892038,40.450177],[-79.892372,40.450252],[-79.892423,40.450266],[-79.892459,40.450119],[-79.892495,40.449972],[-79.892513,40.449865],[-79.892645,40.449294],[-79.892689,40.449088],[-79.892788,40.448588],[-79.892802,40.448518],[-79.892996,40.447589],[-79.893015,40.447504],[-79.893021,40.447476],[-79.893148,40.446917],[-79.893163,40.44685],[-79.893225,40.446494],[-79.893242,40.446404],[-79.893338,40.445991],[-79.893428,40.445491],[-79.893578,40.444659],[-79.893584,40.444589],[-79.893751,40.443837],[-79.893782,40.443723],[-79.893841,40.443445],[-79.893923,40.443066],[-79.893999,40.442718],[-79.894005,40.442689],[-79.89408073075666,40.44233590534713],[-79.8985149064108,40.44525504561313]]]}},{"type":"Feature","id":"882a847235fffff","properties":{"cell_id":"882a847235fffff","h3_res":8,"building_count":433,"poi_count_sum":2,"conn_dist_median_ft":1820.616634891934,"total_crossings_mean":0.0,"clipped_area_frac":0.5557249364108704,"clon":-79.896497,"clat":40.43304},"geometry":{"type":"Polygon","coordinates":[[[-79.89788737874217,40.42851192884022],[-79.90268435514571,40.43166994529271],[-79.90129480743181,40.43619806374053],[-79.89510726997379,40.4375679466544],[-79.8950675756432,40.43754181058903],[-79.895068,40.43754],[-79.895142,40.437192],[-79.895211,40.436875],[-79.895224,40.436803],[-79.895377,40.43598],[-79.895395,40.435888],[-79.895568,40.434962],[-79.895731,40.434225],[-79.895808,40.433858],[-79.895879,40.433566],[-79.89603,40.432888],[-79.896178,40.432219],[-79.896244,40.431925],[-79.896328,40.431548],[-79.896479,40.430873],[-79.896597,40.430345],[-79.896628,40.430205],[-79.896643,40.430135],[-79.896737,40.429653],[-79.896762,40.429521],[-79.896796,40.429348],[-79.896877,40.428933],[-79.896898,40.428823],[-79.896902,40.428799],[-79.89691654278528,40.428726845411504],[-79.89788737874217,40.42851192884022]]]}},{"type":"Feature","id":"882a84723dfffff","properties":{"cell_id":"882a84723dfffff","h3_res":8,"building_count":4,"poi_count_sum":0,"conn_dist_median_ft":740.8412606448276,"total_crossings_mean":0.0,"clipped_area_frac":0.00013348568507739683,"clon":-79.888919,"clat":40.438938},"geometry":{"type":"Polygon","coordinates":[[[-79.89510726997379,40.4375679466544],[-79.89497415612216,40.4380014661088],[-79.895027,40.437746],[-79.895039,40.437685],[-79.895038,40.437668],[-79.8950675756432,40.43754181058903],[-79.89510726997379,40.4375679466544]]]}},{"type":"Feature","id":"882a847237fffff","properties":{"cell_id":"882a847237fffff","h3_res":8,"building_count":90,"poi_count_sum":0,"conn_dist_median_ft":9429.63494661582,"total_crossings_mean":7.1,"clipped_area_frac":0.20186634947211382,"clon":-79.893091,"clat":40.425354},"geometry":{"type":"Polygon","coordinates":[[[-79.89927703037095,40.423984292490346],[-79.89788737874217,40.42851192884022],[-79.89691654278528,40.428726845411504],[-79.896928,40.42867],[-79.897012,40.428239],[-79.897029,40.428132],[-79.897063,40.427913],[-79.897083,40.427785],[-79.897111,40.427609],[-79.896629,40.427511],[-79.895096,40.428166],[-79.894846,40.427826],[-79.894714,40.427645],[-79.894251,40.427015],[-79.893827,40.426931],[-79.893762,40.426922],[-79.89373,40.426979],[-79.893091,40.427942],[-79.893042,40.428018],[-79.892878,40.428265],[-79.892313,40.428057],[-79.892306,40.428049],[-79.892292,40.428033],[-79.892328,40.427972],[-79.89227,40.427926],[-79.89218,40.427888],[-79.892026,40.427816],[-79.891771,40.427698],[-79.891462,40.427555],[-79.891143,40.427389],[-79.891099,40.427351],[-79.891055,40.427313],[-79.891018,40.427251],[-79.891012,40.427241],[-79.89101,40.427223],[-79.891006,40.427197],[-79.89188,40.426462],[-79.892085,40.426291],[-79.892127,40.42627],[-79.89333,40.425674],[-79.893474,40.425632],[-79.894194,40.425554],[-79.894694,40.425664],[-79.894931,40.425826],[-79.89507,40.42592],[-79.895246,40.42604],[-79.895458,40.426092],[-79.895709,40.426154],[-79.896121,40.426256],[-79.896293,40.426307],[-79.896481,40.426371],[-79.896712,40.42646],[-79.896749,40.426261],[-79.897203,40.42606],[-79.897336,40.425999],[-79.897338,40.425988],[-79.897491,40.425932],[-79.897698,40.424952],[-79.89774,40.424727],[-79.897818,40.424334],[-79.897889,40.423977],[-79.897928,40.423777],[-79.897953,40.423662],[-79.898045,40.423211],[-79.89805186356284,40.42317759327821],[-79.89927703037095,40.423984292490346]]]}},{"type":"Feature","id":"882a84704bfffff","properties":{"cell_id":"882a84704bfffff","h3_res":8,"building_count":106,"poi_count_sum":4,"conn_dist_median_ft":9596.88157639973,"total_crossings_mean":7.09433962264151,"clipped_area_frac":1.0,"clon":-79.904074,"clat":40.427142},"geometry":{"type":"Polygon","coordinates":[[[-79.89788737874217,40.42851192884022],[-79.89927703037095,40.423984292490346],[-79.90546264536117,40.42261445359516],[-79.91025950510154,40.425771921373986],[-79.90887086659501,40.43029977667942],[-79.90268435514571,40.43166994529271],[-79.89788737874217,40.42851192884022]]]}},{"type":"Feature","id":"882a847041fffff","properties":{"cell_id":"882a847041fffff","h3_res":8,"building_count":729,"poi_count_sum":20,"conn_dist_median_ft":1259.619758809535,"total_crossings_mean":0.8573388203017832,"clipped_area_frac":0.9999999999999999,"clon":-79.915057,"clat":40.428929},"geometry":{"type":"Polygon","coordinates":[[[-79.90887086659501,40.43029977667942],[-79.91025950510154,40.425771921373986],[-79.91644499064812,40.4244014673434],[-79.9212427338768,40.427558538742986],[-79.91985510873705,40.432086612790776],[-79.91366872692174,40.43345739673887],[-79.90887086659501,40.43029977667942]]]}},{"type":"Feature","id":"882a847a69fffff","properties":{"cell_id":"882a847a69fffff","h3_res":8,"building_count":5,"poi_count_sum":0,"conn_dist_median_ft":7899.16273980701,"total_crossings_mean":1.6,"clipped_area_frac":0.7596723436335935,"clon":-80.090893,"clat":40.457387},"geometry":{"type":"Polygon","coordinates":[[[-80.08470875854573,40.45876757888306],[-80.08608115396974,40.4542362493331],[-80.09226450214909,40.452855950858776],[-80.0947663008483,40.45449407735289],[-80.095262,40.457107],[-80.09527,40.457165],[-80.095301,40.45734],[-80.095328,40.457495],[-80.095319,40.457605],[-80.09531,40.457799],[-80.095294,40.458134],[-80.095284,40.458312],[-80.095255,40.458804],[-80.09523,40.459103],[-80.095139,40.459269],[-80.095033,40.45942],[-80.09489,40.459514],[-80.094754,40.459619],[-80.094684,40.45967],[-80.094611,40.459716],[-80.094174,40.459751],[-80.093457,40.459823],[-80.09313,40.459826],[-80.091864,40.459853],[-80.090687,40.459824],[-80.090477,40.45982],[-80.089723,40.459796],[-80.088771,40.459762],[-80.088585,40.459756],[-80.088381,40.459748],[-80.088024,40.459737],[-80.087871,40.459754],[-80.087741,40.459769],[-80.087535,40.459789],[-80.087283,40.459814],[-80.087108,40.459833],[-80.087061,40.459836],[-80.086782,40.459856],[-80.086666,40.459844],[-80.086646,40.459842],[-80.086435,40.459825],[-80.08631400594909,40.45981881782222],[-80.08470875854573,40.45876757888306]]]}},{"type":"Feature","id":"882a847a45fffff","properties":{"cell_id":"882a847a45fffff","h3_res":8,"building_count":242,"poi_count_sum":7,"conn_dist_median_ft":532.7579269096204,"total_crossings_mean":0.0,"clipped_area_frac":0.9999999999999998,"clon":-80.079897,"clat":40.455616},"geometry":{"type":"Polygon","coordinates":[[[-80.0737132898208,40.45699594834763],[-80.07508670225704,40.45246483433331],[-80.08127018767915,40.45108515125644],[-80.08608115396974,40.4542362493331],[-80.08470875854573,40.45876757888306],[-80.07852437973962,40.4601475948633],[-80.0737132898208,40.45699594834763]]]}},{"type":"Feature","id":"882a847a6bfffff","properties":{"cell_id":"882a847a6bfffff","h3_res":8,"building_count":37,"poi_count_sum":9,"conn_dist_median_ft":3422.8473341701924,"total_crossings_mean":0.0,"clipped_area_frac":0.8401134703819952,"clon":-80.087453,"clat":40.449705},"geometry":{"type":"Polygon","coordinates":[[[-80.09226450214909,40.452855950858776],[-80.08608115396974,40.4542362493331],[-80.08127018767915,40.45108515125644],[-80.08264269337889,40.446554303118],[-80.08882514857814,40.44517433764586],[-80.09021655044812,40.44608554620115],[-80.090194,40.446159],[-80.090135,40.446351],[-80.090108,40.446579],[-80.090155,40.446847],[-80.090273,40.447522],[-80.090294,40.447572],[-80.090389,40.447764],[-80.090414,40.447816],[-80.090543,40.448085],[-80.090744,40.448486],[-80.091024,40.44905],[-80.090802,40.449163],[-80.090635,40.449247],[-80.090418,40.449357],[-80.089643,40.44975],[-80.089601,40.449782],[-80.089534,40.449836],[-80.089517,40.450427],[-80.089687,40.450665],[-80.089716,40.450724],[-80.089773,40.450785],[-80.08994,40.451018],[-80.090238,40.45124],[-80.090508,40.451344],[-80.090713,40.451421],[-80.09112,40.451424],[-80.091513,40.451342],[-80.091719,40.451276],[-80.091835,40.451217],[-80.09241,40.450918],[-80.092572,40.450831],[-80.0927,40.45079],[-80.092894,40.450767],[-80.09289685045991,40.45076682676763],[-80.09226450214909,40.452855950858776]]]}},{"type":"Feature","id":"882a847a43fffff","properties":{"cell_id":"882a847a43fffff","h3_res":8,"building_count":263,"poi_count_sum":3,"conn_dist_median_ft":6418.63631658377,"total_crossings_mean":0.0,"clipped_area_frac":0.25160767065099787,"clon":-80.065467,"clat":40.446162},"geometry":{"type":"Polygon","coordinates":[[[-80.07027661578813,40.44931333642564],[-80.06409299361118,40.45069240412032],[-80.05928378721015,40.44754050661128],[-80.05987979587546,40.44557608930106],[-80.059898,40.44559],[-80.059957,40.445636],[-80.060121,40.445797],[-80.060179,40.445854],[-80.060732,40.446478],[-80.060935,40.446707],[-80.061122,40.446919],[-80.061487,40.447332],[-80.061683,40.447558],[-80.061869,40.447772],[-80.061889,40.447795],[-80.061901,40.447807],[-80.062417,40.447373],[-80.062462,40.44734],[-80.062611,40.447233],[-80.06282,40.447384],[-80.063394,40.447766],[-80.063447,40.447804],[-80.063543,40.447875],[-80.06363,40.447923],[-80.064007,40.447625],[-80.064075,40.447639],[-80.064173,40.447659],[-80.064201,40.447662],[-80.064262,40.447683],[-80.064323,40.447705],[-80.064288,40.448174],[-80.065113,40.44847],[-80.065242,40.448517],[-80.06532,40.448539],[-80.065347,40.448544],[-80.065347,40.448824],[-80.066194,40.449381],[-80.066257,40.449309],[-80.066682,40.44882],[-80.066718,40.448828],[-80.066731,40.448831],[-80.067042,40.44889],[-80.067104,40.44889],[-80.06714,40.44889],[-80.067221,40.448832],[-80.067249,40.448784],[-80.067291,40.448742],[-80.067323,40.448711],[-80.067345,40.448691],[-80.067412,40.448631],[-80.067435,40.448612],[-80.067478,40.448574],[-80.067608,40.448459],[-80.067652,40.448422],[-80.067729,40.448353],[-80.06795,40.448159],[-80.067963,40.448147],[-80.068041,40.448079],[-80.068124,40.448006],[-80.068136,40.447996],[-80.068359,40.447778],[-80.068616,40.447845],[-80.070056,40.448221],[-80.07056739434954,40.44835418870037],[-80.07027661578813,40.44931333642564]]]}},{"type":"Feature","id":"882a847a41fffff","properties":{"cell_id":"882a847a41fffff","h3_res":8,"building_count":789,"poi_count_sum":6,"conn_dist_median_ft":4847.491246510877,"total_crossings_mean":0.0,"clipped_area_frac":1.0,"clon":-80.068903,"clat":40.453844},"geometry":{"type":"Polygon","coordinates":[[[-80.0627185644045,40.45522330238474],[-80.06409299361118,40.45069240412032],[-80.07027661578813,40.44931333642564],[-80.07508670225704,40.45246483433331],[-80.0737132898208,40.45699594834763],[-80.06752877406586,40.458375348746955],[-80.0627185644045,40.45522330238474]]]}},{"type":"Feature","id":"882a847a4bfffff","properties":{"cell_id":"882a847a4bfffff","h3_res":8,"building_count":840,"poi_count_sum":50,"conn_dist_median_ft":6232.463348673149,"total_crossings_mean":1.3785714285714286,"clipped_area_frac":1.0,"clon":-80.057909,"clat":40.452071},"geometry":{"type":"Polygon","coordinates":[[[-80.05172458303113,40.45344964123947],[-80.05310002876632,40.4489189589392],[-80.05928378721015,40.44754050661128],[-80.06409299361118,40.45069240412032],[-80.0627185644045,40.45522330238474],[-80.05653391218888,40.4566020872185],[-80.05172458303113,40.45344964123947]]]}},{"type":"Feature","id":"882a8444b7fffff","properties":{"cell_id":"882a8444b7fffff","h3_res":8,"building_count":243,"poi_count_sum":22,"conn_dist_median_ft":3787.028163121597,"total_crossings_mean":2.0,"clipped_area_frac":1.0,"clon":-80.046916,"clat":40.450297},"geometry":{"type":"Polygon","coordinates":[[[-80.0407313464346,40.451674965157174],[-80.04210780845618,40.447144499035204],[-80.04829170267911,40.44576666205846],[-80.05310002876632,40.4489189589392],[-80.05172458303113,40.45344964123947],[-80.0455397948429,40.45482781052321],[-80.0407313464346,40.451674965157174]]]}},{"type":"Feature","id":"882a8444bbfffff","properties":{"cell_id":"882a8444bbfffff","h3_res":8,"building_count":491,"poi_count_sum":112,"conn_dist_median_ft":3765.366337490302,"total_crossings_mean":10.64969450101833,"clipped_area_frac":1.0,"clon":-80.028361,"clat":40.45443},"geometry":{"type":"Polygon","coordinates":[[[-80.02217541093997,40.455806727334675],[-80.02355379667904,40.451276212614246],[-80.02973885534858,40.44989927438337],[-80.03454642276175,40.45305251890656],[-80.03316905320762,40.45758325018731],[-80.0269830999758,40.45896052042704],[-80.02217541093997,40.455806727334675]]]}},{"type":"Feature","id":"882a8444b1fffff","properties":{"cell_id":"882a8444b1fffff","h3_res":8,"building_count":36,"poi_count_sum":2,"conn_dist_median_ft":1276.0683344477602,"total_crossings_mean":2.611111111111111,"clipped_area_frac":1.0,"clon":-80.039355,"clat":40.456206},"geometry":{"type":"Polygon","coordinates":[[[-80.03316905320762,40.45758325018731],[-80.03454642276175,40.45305251890656],[-80.0407313464346,40.451674965157174],[-80.0455397948429,40.45482781052321],[-80.04416344171624,40.459358758150195],[-80.03797762367432,40.460736644107406],[-80.03316905320762,40.45758325018731]]]}},{"type":"Feature","id":"882a8444b5fffff","properties":{"cell_id":"882a8444b5fffff","h3_res":8,"building_count":1073,"poi_count_sum":11,"conn_dist_median_ft":3991.864672306203,"total_crossings_mean":1.8918918918918919,"clipped_area_frac":1.0,"clon":-80.050349,"clat":40.457981},"geometry":{"type":"Polygon","coordinates":[[[-80.04416344171624,40.459358758150195],[-80.0455397948429,40.45482781052321],[-80.05172458303113,40.45344964123947],[-80.05653391218888,40.4566020872185],[-80.0551585757321,40.46113325097755],[-80.04897289336822,40.46251175266802],[-80.04416344171624,40.459358758150195]]]}},{"type":"Feature","id":"882a844495fffff","properties":{"cell_id":"882a844495fffff","h3_res":8,"building_count":372,"poi_count_sum":38,"conn_dist_median_ft":3577.631800971484,"total_crossings_mean":1.6774193548387097,"clipped_area_frac":1.0,"clon":-80.020797,"clat":40.460337},"geometry":{"type":"Polygon","coordinates":[[[-80.0146100292221,40.46171416137037],[-80.01598932300635,40.45718338187283],[-80.02217541093997,40.455806727334675],[-80.0269830999758,40.45896052042704],[-80.02560482251727,40.4634915166529],[-80.01941783961755,40.46486850310053],[-80.0146100292221,40.46171416137037]]]}},{"type":"Feature","id":"882a8444b9fffff","properties":{"cell_id":"882a8444b9fffff","h3_res":8,"building_count":311,"poi_count_sum":27,"conn_dist_median_ft":814.2304382304974,"total_crossings_mean":1.954983922829582,"clipped_area_frac":1.0,"clon":-80.031791,"clat":40.462114},"geometry":{"type":"Polygon","coordinates":[[[-80.02560482251727,40.4634915166529],[-80.0269830999758,40.45896052042704],[-80.03316905320762,40.45758325018731],[-80.03797762367432,40.460736644107406],[-80.03660036278428,40.465267856847476],[-80.03041351477947,40.466645459195746],[-80.02560482251727,40.4634915166529]]]}},{"type":"Feature","id":"882a847a49fffff","properties":{"cell_id":"882a847a49fffff","h3_res":8,"building_count":458,"poi_count_sum":2,"conn_dist_median_ft":6570.445744656207,"total_crossings_mean":0.5938864628820961,"clipped_area_frac":0.9515515729364807,"clon":-80.061344,"clat":40.459754},"geometry":{"type":"Polygon","coordinates":[[[-80.06046363242525,40.464175543132505],[-80.060108,40.464146],[-80.059829,40.464064],[-80.059433,40.463923],[-80.05928340186081,40.46383657876421],[-80.0551585757321,40.46113325097755],[-80.05653391218888,40.4566020872185],[-80.0627185644045,40.45522330238474],[-80.06752877406586,40.458375348746955],[-80.06659770597845,40.461445248338464],[-80.066203,40.461635],[-80.065573,40.461939],[-80.065417,40.462014],[-80.065211,40.462113],[-80.064496,40.462454],[-80.064093,40.462628],[-80.064003,40.462667],[-80.063398,40.462816],[-80.062914,40.463046],[-80.061935,40.463514],[-80.06107133386162,40.464040051193386],[-80.06046363242525,40.464175543132505]]]}},{"type":"Feature","id":"882a847a4dfffff","properties":{"cell_id":"882a847a4dfffff","h3_res":8,"building_count":319,"poi_count_sum":9,"conn_dist_median_ft":1285.7167280426372,"total_crossings_mean":0.10031347962382445,"clipped_area_frac":0.5974365937001807,"clon":-80.07234,"clat":40.461527},"geometry":{"type":"Polygon","coordinates":[[[-80.06752877406586,40.458375348746955],[-80.0737132898208,40.45699594834763],[-80.07852437973962,40.4601475948633],[-80.07715107734884,40.464679190243665],[-80.07695843605195,40.46472216130191],[-80.076707,40.464695],[-80.076498,40.464657],[-80.076265,40.464558],[-80.076075,40.464428],[-80.075364,40.463981],[-80.074891,40.463685],[-80.074759,40.463612],[-80.074344,40.463229],[-80.074234,40.463127],[-80.07245,40.461481],[-80.072334,40.461374],[-80.072221,40.461342],[-80.07189,40.461252],[-80.071075,40.461105],[-80.06953,40.460827],[-80.069241,40.460812],[-80.06886,40.460792],[-80.068708,40.460784],[-80.068551,40.460787],[-80.068166,40.46089],[-80.067756,40.461],[-80.067264,40.461172],[-80.066904,40.461298],[-80.06659770597845,40.461445248338464],[-80.06752877406586,40.458375348746955]]]}},{"type":"Feature","id":"882a844593fffff","properties":{"cell_id":"882a844593fffff","h3_res":8,"building_count":43,"poi_count_sum":4,"conn_dist_median_ft":908.2665157909528,"total_crossings_mean":0.6511627906976745,"clipped_area_frac":0.18640054319300736,"clon":-80.083336,"clat":40.463299},"geometry":{"type":"Polygon","coordinates":[[[-80.07715107734884,40.464679190243665],[-80.07852437973962,40.4601475948633],[-80.08470875854573,40.45876757888306],[-80.08631400594909,40.45981881782222],[-80.086298,40.459818],[-80.086118,40.459809],[-80.085155,40.459655],[-80.083913,40.459466],[-80.083823,40.459453],[-80.083702,40.459439],[-80.083445,40.459517],[-80.083157,40.459605],[-80.082778,40.459773],[-80.082624,40.459841],[-80.082273,40.459999],[-80.082166,40.460082],[-80.081915,40.460281],[-80.081453,40.460619],[-80.081398,40.460677],[-80.081188,40.460884],[-80.080973,40.461138],[-80.08089,40.461237],[-80.080838,40.461334],[-80.080681,40.461624],[-80.080619,40.461742],[-80.080586,40.461805],[-80.080545,40.46189],[-80.080524,40.461925],[-80.080483,40.46201],[-80.080354,40.462279],[-80.080303,40.462382],[-80.08026,40.462466],[-80.080249,40.46249],[-80.080172,40.46272],[-80.080166,40.462737],[-80.080104,40.46293],[-80.079934,40.463366],[-80.079717,40.463574],[-80.079672,40.463613],[-80.079397,40.463854],[-80.078059,40.464684],[-80.077697,40.464736],[-80.077594,40.46474],[-80.077343,40.464749],[-80.07724891353682,40.46474327037564],[-80.07715107734884,40.464679190243665]]]}},{"type":"Feature","id":"882a8444a3fffff","properties":{"cell_id":"882a8444a3fffff","h3_res":8,"building_count":130,"poi_count_sum":12,"conn_dist_median_ft":828.8898642088293,"total_crossings_mean":0.0,"clipped_area_frac":0.46063027658835726,"clon":-80.053783,"clat":40.465665},"geometry":{"type":"Polygon","coordinates":[[[-80.04759664928928,40.46704318170812],[-80.04897289336822,40.46251175266802],[-80.0551585757321,40.46113325097755],[-80.05928340186081,40.46383657876421],[-80.059182,40.463778],[-80.058971,40.463662],[-80.058485,40.463447],[-80.058246,40.463435],[-80.058134,40.463429],[-80.058034,40.463451],[-80.057795,40.463504],[-80.057249,40.463714],[-80.057139,40.463753],[-80.05696,40.463826],[-80.056636,40.463951],[-80.056354,40.464043],[-80.056163,40.464105],[-80.055958,40.46419],[-80.055561,40.464356],[-80.05534,40.464437],[-80.055039,40.464548],[-80.055017,40.46455],[-80.054179,40.464801],[-80.053635,40.464883],[-80.05354,40.464911],[-80.053359,40.464964],[-80.052594,40.46519],[-80.051401,40.465529],[-80.051287,40.465564],[-80.051178,40.465599],[-80.051115,40.466345],[-80.050963,40.467254],[-80.050642,40.468297],[-80.05041467597526,40.468890333794],[-80.04759664928928,40.46704318170812]]]}},{"type":"Feature","id":"882a8444bdfffff","properties":{"cell_id":"882a8444bdfffff","h3_res":8,"building_count":39,"poi_count_sum":0,"conn_dist_median_ft":6592.161573708609,"total_crossings_mean":7.871794871794871,"clipped_area_frac":1.0,"clon":-80.042787,"clat":40.46389},"geometry":{"type":"Polygon","coordinates":[[[-80.03660036278428,40.465267856847476],[-80.03797762367432,40.460736644107406],[-80.04416344171624,40.459358758150195],[-80.04897289336822,40.46251175266802],[-80.04759664928928,40.46704318170812],[-80.04140993666772,40.468421399972875],[-80.03660036278428,40.465267856847476]]]}},{"type":"Feature","id":"882a844487fffff","properties":{"cell_id":"882a844487fffff","h3_res":8,"building_count":767,"poi_count_sum":36,"conn_dist_median_ft":2402.3034922443485,"total_crossings_mean":0.31421121251629724,"clipped_area_frac":1.0,"clon":-80.035223,"clat":40.469799},"geometry":{"type":"Polygon","coordinates":[[[-80.02903534575397,40.47117693683515],[-80.03041351477947,40.466645459195746],[-80.03660036278428,40.465267856847476],[-80.04140993666772,40.468421399972875],[-80.04003278459446,40.47295309408034],[-80.03384504160593,40.47433102863686],[-80.02903534575397,40.47117693683515]]]}},{"type":"Feature","id":"882a8444abfffff","properties":{"cell_id":"882a8444abfffff","h3_res":8,"building_count":51,"poi_count_sum":3,"conn_dist_median_ft":6462.842139281889,"total_crossings_mean":7.901960784313726,"clipped_area_frac":0.7105178570785796,"clon":-80.04622,"clat":40.471575},"geometry":{"type":"Polygon","coordinates":[[[-80.04484336225808,40.476106786219354],[-80.04003278459446,40.47295309408034],[-80.04140993666772,40.468421399972875],[-80.04759664928928,40.46704318170812],[-80.05041467597526,40.468890333794],[-80.050265,40.469281],[-80.04965,40.469976],[-80.049108,40.47032],[-80.048088,40.470953],[-80.047771,40.471147],[-80.047636,40.471255],[-80.047097,40.471687],[-80.046841,40.472395],[-80.046942,40.473155],[-80.047126,40.474031],[-80.047242,40.474265],[-80.047326,40.474434],[-80.047566,40.47492],[-80.04774603139177,40.47546009417528],[-80.04484336225808,40.476106786219354]]]}},{"type":"Feature","id":"882a844481fffff","properties":{"cell_id":"882a844481fffff","h3_res":8,"building_count":799,"poi_count_sum":58,"conn_dist_median_ft":3821.9412925203237,"total_crossings_mean":0.0,"clipped_area_frac":0.9999999999999999,"clon":-80.027657,"clat":40.475709},"geometry":{"type":"Polygon","coordinates":[[[-80.02146839014414,40.477085997616825],[-80.02284746767722,40.47255425529195],[-80.02903534575397,40.47117693683515],[-80.03384504160593,40.47433102863686],[-80.0324669811661,40.478862987597864],[-80.02627820770137,40.48024063816352],[-80.02146839014414,40.477085997616825]]]}},{"type":"Feature","id":"882a844483fffff","properties":{"cell_id":"882a844483fffff","h3_res":8,"building_count":697,"poi_count_sum":19,"conn_dist_median_ft":1200.7722442161703,"total_crossings_mean":0.0,"clipped_area_frac":0.9999999999999998,"clon":-80.024226,"clat":40.468023},"geometry":{"type":"Polygon","coordinates":[[[-80.01803865388266,40.4693997640577],[-80.01941783961755,40.46486850310053],[-80.02560482251727,40.4634915166529],[-80.03041351477947,40.466645459195746],[-80.02903534575397,40.47117693683515],[-80.02284746767722,40.47255425529195],[-80.01803865388266,40.4693997640577]]]}},{"type":"Feature","id":"882a844491fffff","properties":{"cell_id":"882a844491fffff","h3_res":8,"building_count":982,"poi_count_sum":267,"conn_dist_median_ft":4030.062686398178,"total_crossings_mean":3.3523421588594706,"clipped_area_frac":0.9999999999999998,"clon":-80.009803,"clat":40.45856},"geometry":{"type":"Polygon","coordinates":[[[-80.00361598363234,40.459935791246096],[-80.00499629349935,40.45540522869092],[-80.01118251564671,40.45402918983825],[-80.01598932300635,40.45718338187283],[-80.0146100292221,40.46171416137037],[-80.00842291191576,40.463090531933425],[-80.00361598363234,40.459935791246096]]]}},{"type":"Feature","id":"882a84449dfffff","properties":{"cell_id":"882a84449dfffff","h3_res":8,"building_count":762,"poi_count_sum":30,"conn_dist_median_ft":3553.4034593784854,"total_crossings_mean":0.9304461942257218,"clipped_area_frac":0.9999999999999999,"clon":-80.01323,"clat":40.466245},"geometry":{"type":"Polygon","coordinates":[[[-80.00704270971447,40.467621575994194],[-80.00842291191576,40.463090531933425],[-80.0146100292221,40.46171416137037],[-80.01941783961755,40.46486850310053],[-80.01803865388266,40.4693997640577],[-80.01185064120624,40.47077646643076],[-80.00704270971447,40.467621575994194]]]}},{"type":"Feature","id":"882a844499fffff","properties":{"cell_id":"882a844499fffff","h3_res":8,"building_count":492,"poi_count_sum":11,"conn_dist_median_ft":5178.943684687591,"total_crossings_mean":2.4939024390243905,"clipped_area_frac":1.0,"clon":-80.002235,"clat":40.464467},"geometry":{"type":"Polygon","coordinates":[[[-79.9960475139831,40.465842372891075],[-79.99742873240757,40.46131154594074],[-80.00361598363234,40.459935791246096],[-80.00842291191576,40.463090531933425],[-80.00704270971447,40.467621575994194],[-80.00085456292682,40.468997662299664],[-79.9960475139831,40.465842372891075]]]}},{"type":"Feature","id":"882a84449bfffff","properties":{"cell_id":"882a84449bfffff","h3_res":8,"building_count":957,"poi_count_sum":536,"conn_dist_median_ft":917.764127629741,"total_crossings_mean":0.5830721003134797,"clipped_area_frac":1.0,"clon":-79.99881,"clat":40.456781},"geometry":{"type":"Polygon","coordinates":[[[-79.9926226864812,40.45815640652651],[-79.99400401218782,40.453626061127665],[-80.00019036806096,40.45225063794428],[-80.00499629349935,40.45540522869092],[-80.00361598363234,40.459935791246096],[-79.99742873240757,40.46131154594074],[-79.9926226864812,40.45815640652651]]]}},{"type":"Feature","id":"882a847325fffff","properties":{"cell_id":"882a847325fffff","h3_res":8,"building_count":956,"poi_count_sum":32,"conn_dist_median_ft":3879.6238451484323,"total_crossings_mean":0.5774058577405857,"clipped_area_frac":1.0,"clon":-79.991241,"clat":40.462687},"geometry":{"type":"Polygon","coordinates":[[[-79.98505306742187,40.46406215499498],[-79.98643530182613,40.45953154536905],[-79.9926226864812,40.45815640652651],[-79.99742873240757,40.46131154594074],[-79.9960475139831,40.465842372891075],[-79.9898592335726,40.467217843145214],[-79.98505306742187,40.46406215499498]]]}},{"type":"Feature","id":"882a84448bfffff","properties":{"cell_id":"882a84448bfffff","h3_res":8,"building_count":525,"poi_count_sum":8,"conn_dist_median_ft":632.612547956072,"total_crossings_mean":0.08761904761904762,"clipped_area_frac":1.0,"clon":-80.016659,"clat":40.473931},"geometry":{"type":"Polygon","coordinates":[[[-80.01047054682293,40.475307991905275],[-80.01185064120624,40.47077646643076],[-80.01803865388266,40.4693997640577],[-80.02284746767722,40.47255425529195],[-80.02146839014414,40.477085997616825],[-80.01527948188652,40.47846303189956],[-80.01047054682293,40.475307991905275]]]}},{"type":"Feature","id":"882a8444d7fffff","properties":{"cell_id":"882a8444d7fffff","h3_res":8,"building_count":376,"poi_count_sum":16,"conn_dist_median_ft":2084.7605483631773,"total_crossings_mean":2.603723404255319,"clipped_area_frac":0.9999999999999999,"clon":-80.005662,"clat":40.472153},"geometry":{"type":"Polygon","coordinates":[[[-79.99947345193657,40.47352897070968],[-80.00085456292682,40.468997662299664],[-80.00704270971447,40.467621575994194],[-80.01185064120624,40.47077646643076],[-80.01047054682293,40.475307991905275],[-80.00428150426113,40.4766844099212],[-79.99947345193657,40.47352897070968]]]}},{"type":"Feature","id":"882a8444d3fffff","properties":{"cell_id":"882a8444d3fffff","h3_res":8,"building_count":395,"poi_count_sum":7,"conn_dist_median_ft":5640.523472871048,"total_crossings_mean":1.8455696202531646,"clipped_area_frac":0.9100212842583257,"clon":-79.994666,"clat":40.470373},"geometry":{"type":"Polygon","coordinates":[[[-79.9932842755592,40.474904772475],[-79.98847710621884,40.471748934276675],[-79.9898592335726,40.467217843145214],[-79.9960475139831,40.465842372891075],[-80.00085456292682,40.468997662299664],[-79.99947345193657,40.47352897070968],[-79.99758462669328,40.47394884064804],[-79.997568,40.473544],[-79.997545,40.472982],[-79.995133,40.473031],[-79.993653,40.473077],[-79.99186,40.473134],[-79.992274,40.473556],[-79.993081,40.474382],[-79.993286,40.474592],[-79.9932997034627,40.47490134298203],[-79.9932842755592,40.474904772475]]]}},{"type":"Feature","id":"882a84732dfffff","properties":{"cell_id":"882a84732dfffff","h3_res":8,"building_count":791,"poi_count_sum":36,"conn_dist_median_ft":5503.151405020198,"total_crossings_mean":8.469026548672566,"clipped_area_frac":0.7166094066938887,"clon":-79.983671,"clat":40.468593},"geometry":{"type":"Polygon","coordinates":[[[-79.97748151040317,40.469967882853126],[-79.97886465387685,40.46543700921422],[-79.98505306742187,40.46406215499498],[-79.9898592335726,40.467217843145214],[-79.98847710621884,40.471748934276675],[-79.98606274033035,40.47228537552702],[-79.985954,40.472032],[-79.985881,40.471901],[-79.985799,40.471635],[-79.985551,40.470965],[-79.985541,40.470936],[-79.985453,40.4707],[-79.984993,40.46946],[-79.984682,40.468504],[-79.984585,40.468252],[-79.984483,40.46801],[-79.984326,40.467561],[-79.984153,40.467093],[-79.984062,40.466841],[-79.983868,40.466322],[-79.983849,40.466338],[-79.983813,40.466374],[-79.983542,40.466655],[-79.983425,40.466776],[-79.983076,40.467141],[-79.98296,40.467263],[-79.982978,40.467276],[-79.983019,40.467312],[-79.982372,40.468432],[-79.982342,40.46848],[-79.981829,40.469316],[-79.981813,40.469343],[-79.981555,40.469565],[-79.981146,40.469894],[-79.981052,40.469953],[-79.98087,40.470064],[-79.980809,40.470099],[-79.980634,40.470201],[-79.980364,40.47036],[-79.980313,40.47039],[-79.980133,40.470497],[-79.979973,40.470591],[-79.979841,40.47067],[-79.979811,40.470691],[-79.979695,40.470771],[-79.979603,40.470845],[-79.979367,40.471053],[-79.97926526371565,40.47113925467586],[-79.97748151040317,40.469967882853126]]]}},{"type":"Feature","id":"882a8444dbfffff","properties":{"cell_id":"882a8444dbfffff","h3_res":8,"building_count":89,"poi_count_sum":1,"conn_dist_median_ft":8566.98217426716,"total_crossings_mean":1.0112359550561798,"clipped_area_frac":0.3158887814549016,"clon":-79.987095,"clat":40.47628},"geometry":{"type":"Polygon","coordinates":[[[-79.98847710621884,40.471748934276675],[-79.9932842755592,40.474904772475],[-79.99253180887672,40.47737207178048],[-79.991422,40.477266],[-79.99007,40.477136],[-79.989886,40.477121],[-79.988931,40.47704],[-79.988455,40.476913],[-79.988092,40.476763],[-79.987879,40.476303],[-79.987701,40.475918],[-79.987519,40.475543],[-79.987496,40.47549],[-79.987097,40.474687],[-79.987013,40.474492],[-79.986945,40.474333],[-79.986778,40.473952],[-79.98606274033035,40.47228537552702],[-79.98847710621884,40.471748934276675]]]}},{"type":"Feature","id":"882a847367fffff","properties":{"cell_id":"882a847367fffff","h3_res":8,"building_count":48,"poi_count_sum":0,"conn_dist_median_ft":6310.053733803492,"total_crossings_mean":11.0,"clipped_area_frac":0.025954426819381364,"clon":-79.976098,"clat":40.474499},"geometry":{"type":"Polygon","coordinates":[[[-79.97748151040317,40.469967882853126],[-79.97926526371565,40.47113925467586],[-79.979045,40.471326],[-79.978857,40.471487],[-79.978815,40.471527],[-79.978807,40.471554],[-79.978792,40.47161],[-79.978771,40.471599],[-79.97872,40.471594],[-79.978463,40.471461],[-79.978288,40.47137],[-79.978153,40.4713],[-79.978122,40.471286],[-79.977716,40.471098],[-79.977441,40.470971],[-79.977408,40.470931],[-79.977388,40.470945],[-79.977261,40.470884],[-79.977193,40.470848],[-79.977139,40.470819],[-79.977119,40.470806],[-79.977015,40.470744],[-79.976799,40.470619],[-79.976717,40.470572],[-79.97615982452487,40.4702614066782],[-79.97748151040317,40.469967882853126]]]}},{"type":"Feature","id":"882a847329fffff","properties":{"cell_id":"882a847329fffff","h3_res":8,"building_count":62,"poi_count_sum":43,"conn_dist_median_ft":5125.247332549995,"total_crossings_mean":7.629032258064516,"clipped_area_frac":0.9480802585029988,"clon":-79.972676,"clat":40.466812},"geometry":{"type":"Polygon","coordinates":[[[-79.96648666522266,40.46818581668613],[-79.96787082457249,40.4636551607537],[-79.97405937076377,40.462280922552786],[-79.97886465387685,40.46543700921422],[-79.97748151040317,40.469967882853126],[-79.97615982452487,40.4702614066782],[-79.975716,40.470014],[-79.975682,40.469995],[-79.975612,40.469956],[-79.975294,40.469779],[-79.975267,40.469764],[-79.975093,40.469667],[-79.974978,40.469603],[-79.974678,40.469436],[-79.974575,40.469458],[-79.974109,40.469563],[-79.973745,40.469853],[-79.973398,40.470087],[-79.972852,40.470341],[-79.972646,40.470365],[-79.971904,40.470453],[-79.971745,40.47047],[-79.970767,40.470658],[-79.97050016941,40.47082225959713],[-79.96648666522266,40.46818581668613]]]}},{"type":"Feature","id":"882a847363fffff","properties":{"cell_id":"882a847363fffff","h3_res":8,"building_count":453,"poi_count_sum":154,"conn_dist_median_ft":1425.8575907122477,"total_crossings_mean":0.19646799116997793,"clipped_area_frac":0.822391012940171,"clon":-79.965102,"clat":40.472717},"geometry":{"type":"Polygon","coordinates":[[[-79.96371754329677,40.47724787372914],[-79.95891202139883,40.47409068936147],[-79.96029709032972,40.46955976979851],[-79.96648666522266,40.46818581668613],[-79.97050016941,40.47082225959713],[-79.970036,40.471108],[-79.969312,40.471826],[-79.96911,40.472124],[-79.968813,40.472562],[-79.968685,40.47275],[-79.968639,40.472818],[-79.968056,40.473668],[-79.967371,40.474553],[-79.966768,40.475164],[-79.966662,40.475273],[-79.966619,40.475318],[-79.966413,40.475565],[-79.965901,40.476252],[-79.965716,40.476502],[-79.96556,40.476729],[-79.96547129699836,40.47685854057199],[-79.96371754329677,40.47724787372914]]]}},{"type":"Feature","id":"882a847305fffff","properties":{"cell_id":"882a847305fffff","h3_res":8,"building_count":1048,"poi_count_sum":243,"conn_dist_median_ft":663.6563670024386,"total_crossings_mean":0.7175572519083969,"clipped_area_frac":0.9999999999999999,"clon":-79.961682,"clat":40.465029},"geometry":{"type":"Polygon","coordinates":[[[-79.95549257141019,40.46640273602298],[-79.95687774639215,40.46187229801087],[-79.96306642474154,40.46049867581157],[-79.96787082457249,40.4636551607537],[-79.96648666522266,40.46818581668613],[-79.96029709032972,40.46955976979851],[-79.95549257141019,40.46640273602298]]]}},{"type":"Feature","id":"882a84732bfffff","properties":{"cell_id":"882a84732bfffff","h3_res":8,"building_count":496,"poi_count_sum":142,"conn_dist_median_ft":1113.7646730105494,"total_crossings_mean":0.4596774193548387,"clipped_area_frac":1.0,"clon":-79.969255,"clat":40.459125},"geometry":{"type":"Polygon","coordinates":[[[-79.96306642474154,40.46049867581157],[-79.96445069037459,40.45596850147612],[-79.97063834042605,40.45459459428822],[-79.97544262090432,40.45775053046516],[-79.97405937076377,40.462280922552786],[-79.96787082457249,40.4636551607537],[-79.96306642474154,40.46049867581157]]]}},{"type":"Feature","id":"882a847321fffff","properties":{"cell_id":"882a847321fffff","h3_res":8,"building_count":241,"poi_count_sum":69,"conn_dist_median_ft":4648.6305403294355,"total_crossings_mean":2.6887966804979255,"clipped_area_frac":1.0,"clon":-79.980248,"clat":40.460906},"geometry":{"type":"Polygon","coordinates":[[[-79.97405937076377,40.462280922552786],[-79.97544262090432,40.45775053046516],[-79.98163013850157,40.45637600745827],[-79.98643530182613,40.45953154536905],[-79.98505306742187,40.46406215499498],[-79.97886465387685,40.46543700921422],[-79.97405937076377,40.462280922552786]]]}},{"type":"Feature","id":"882a847327fffff","properties":{"cell_id":"882a847327fffff","h3_res":8,"building_count":193,"poi_count_sum":100,"conn_dist_median_ft":3077.8828793556186,"total_crossings_mean":0.34196891191709844,"clipped_area_frac":0.9999999999999999,"clon":-79.987817,"clat":40.455001},"geometry":{"type":"Polygon","coordinates":[[[-79.98163013850157,40.45637600745827],[-79.98301247980449,40.451845879429634],[-79.9891989689155,40.45047107189915],[-79.99400401218782,40.453626061127665],[-79.9926226864812,40.45815640652651],[-79.98643530182613,40.45953154536905],[-79.98163013850157,40.45637600745827]]]}},{"type":"Feature","id":"882a847323fffff","properties":{"cell_id":"882a847323fffff","h3_res":8,"building_count":198,"poi_count_sum":219,"conn_dist_median_ft":527.469288690655,"total_crossings_mean":0.17676767676767677,"clipped_area_frac":0.9999999999999999,"clon":-79.976826,"clat":40.45322},"geometry":{"type":"Polygon","coordinates":[[[-79.97063834042605,40.45459459428822],[-79.97202169708176,40.450064683843614],[-79.97820831894282,40.44869049194953],[-79.98301247980449,40.451845879429634],[-79.98163013850157,40.45637600745827],[-79.97544262090432,40.45775053046516],[-79.97063834042605,40.45459459428822]]]}},{"type":"Feature","id":"882a84733dfffff","properties":{"cell_id":"882a84733dfffff","h3_res":8,"building_count":571,"poi_count_sum":32,"conn_dist_median_ft":2766.801891672276,"total_crossings_mean":0.9509632224168126,"clipped_area_frac":0.9999999999999999,"clon":-79.965835,"clat":40.451439},"geometry":{"type":"Polygon","coordinates":[[[-79.95964729298689,40.45281216726346],[-79.96103166475172,40.44828247461662],[-79.96721841887506,40.446908898342286],[-79.97202169708176,40.450064683843614],[-79.97063834042605,40.45459459428822],[-79.96445069037459,40.45596850147612],[-79.95964729298689,40.45281216726346]]]}},{"type":"Feature","id":"882a844497fffff","properties":{"cell_id":"882a844497fffff","h3_res":8,"building_count":503,"poi_count_sum":205,"conn_dist_median_ft":5055.988263831356,"total_crossings_mean":13.371769383697814,"clipped_area_frac":1.0,"clon":-80.017368,"clat":40.452653},"geometry":{"type":"Polygon","coordinates":[[[-80.01118251564671,40.45402918983825],[-80.01256191732801,40.44949889189217],[-80.01874711050637,40.448122569163864],[-80.02355379667904,40.451276212614246],[-80.02217541093997,40.455806727334675],[-80.01598932300635,40.45718338187283],[-80.01118251564671,40.45402918983825]]]}},{"type":"Feature","id":"882a844493fffff","properties":{"cell_id":"882a844493fffff","h3_res":8,"building_count":147,"poi_count_sum":234,"conn_dist_median_ft":2707.3456528054417,"total_crossings_mean":5.965986394557823,"clipped_area_frac":1.0,"clon":-80.006376,"clat":40.450875},"geometry":{"type":"Polygon","coordinates":[[[-80.00019036806096,40.45225063794428],[-80.00157078544156,40.44772055698648],[-80.00775611264096,40.446344849744605],[-80.01256191732801,40.44949889189217],[-80.01118251564671,40.45402918983825],[-80.00499629349935,40.45540522869092],[-80.00019036806096,40.45225063794428]]]}},{"type":"Feature","id":"882a844485fffff","properties":{"cell_id":"882a844485fffff","h3_res":8,"building_count":805,"poi_count_sum":32,"conn_dist_median_ft":2217.393782111687,"total_crossings_mean":0.19875776397515527,"clipped_area_frac":1.0,"clon":-80.038655,"clat":40.477485},"geometry":{"type":"Polygon","coordinates":[[[-80.0324669811661,40.478862987597864],[-80.03384504160593,40.47433102863686],[-80.04003278459446,40.47295309408034],[-80.04484336225808,40.476106786219354],[-80.04346631915442,40.480638961602196],[-80.03727768097134,40.4820172284667],[-80.0324669811661,40.478862987597864]]]}},{"type":"Feature","id":"882a8444a9fffff","properties":{"cell_id":"882a8444a9fffff","h3_res":8,"building_count":58,"poi_count_sum":1,"conn_dist_median_ft":1513.456025807503,"total_crossings_mean":1.4137931034482758,"clipped_area_frac":0.5447013828278766,"clon":-80.049655,"clat":40.47926},"geometry":{"type":"Polygon","coordinates":[[[-80.04827790096175,40.483792802563],[-80.04346631915442,40.480638961602196],[-80.04484336225808,40.476106786219354],[-80.04774603139177,40.47546009417528],[-80.047769,40.475529],[-80.047853,40.47578],[-80.047862,40.475814],[-80.047876,40.475868],[-80.047908,40.475936],[-80.048073,40.476332],[-80.048394,40.477106],[-80.048476,40.4773],[-80.048956,40.477987],[-80.049741,40.479143],[-80.051204,40.480725],[-80.051722,40.481287],[-80.052173,40.48156],[-80.053179,40.48217],[-80.053007,40.482302],[-80.05221440707504,40.4829156950332],[-80.04827790096175,40.483792802563]]]}},{"type":"Feature","id":"882a844489fffff","properties":{"cell_id":"882a844489fffff","h3_res":8,"building_count":61,"poi_count_sum":2,"conn_dist_median_ft":2090.663444354477,"total_crossings_mean":0.0,"clipped_area_frac":0.9999999999999999,"clon":-80.020089,"clat":40.481618},"geometry":{"type":"Polygon","coordinates":[[[-80.01389949547357,40.48299503869586],[-80.01527948188652,40.47846303189956],[-80.02146839014414,40.477085997616825],[-80.02627820770137,40.48024063816352],[-80.02489923852264,40.48477286176409],[-80.01870943447268,40.48615022805619],[-80.01389949547357,40.48299503869586]]]}},{"type":"Feature","id":"882a84448dfffff","properties":{"cell_id":"882a84448dfffff","h3_res":8,"building_count":1007,"poi_count_sum":30,"conn_dist_median_ft":1663.588347378646,"total_crossings_mean":0.0,"clipped_area_frac":1.0,"clon":-80.031089,"clat":40.483395},"geometry":{"type":"Polygon","coordinates":[[[-80.02489923852264,40.48477286176409],[-80.02627820770137,40.48024063816352],[-80.0324669811661,40.478862987597864],[-80.03727768097134,40.4820172284667],[-80.03589972926993,40.48654966865723],[-80.02971006020624,40.487927651431484],[-80.02489923852264,40.48477286176409]]]}},{"type":"Feature","id":"882a8444e3fffff","properties":{"cell_id":"882a8444e3fffff","h3_res":8,"building_count":1223,"poi_count_sum":31,"conn_dist_median_ft":1049.008373474955,"total_crossings_mean":0.0,"clipped_area_frac":0.9696532300112184,"clon":-80.042089,"clat":40.485171},"geometry":{"type":"Polygon","coordinates":[[[-80.0407114333922,40.489704058401394],[-80.03589972926993,40.48654966865723],[-80.03727768097134,40.4820172284667],[-80.04346631915442,40.480638961602196],[-80.04827790096175,40.483792802563],[-80.04738616015524,40.48672827723156],[-80.047384,40.48673],[-80.04702,40.487015],[-80.046831,40.487165],[-80.046777,40.487115],[-80.046684,40.487029],[-80.046669,40.487038],[-80.046547,40.487104],[-80.046444,40.487163],[-80.046103,40.487422],[-80.045594,40.487804],[-80.045097,40.488179],[-80.0440628113316,40.48895760358014],[-80.0407114333922,40.489704058401394]]]}},{"type":"Feature","id":"882a8444c7fffff","properties":{"cell_id":"882a8444c7fffff","h3_res":8,"building_count":410,"poi_count_sum":35,"conn_dist_median_ft":901.220556406615,"total_crossings_mean":0.0,"clipped_area_frac":0.9858702566717544,"clon":-80.02352,"clat":40.489305},"geometry":{"type":"Polygon","coordinates":[[[-80.02214049948104,40.49383805461683],[-80.01732955618256,40.49068271608223],[-80.01870943447268,40.48615022805619],[-80.02489923852264,40.48477286176409],[-80.02971006020624,40.487927651431484],[-80.02875502490627,40.49106712241794],[-80.028207,40.491082],[-80.027952,40.491088],[-80.027912,40.491089],[-80.027864,40.49109],[-80.027784,40.4911],[-80.027788,40.491119],[-80.027788,40.49115],[-80.027784,40.491259],[-80.027763,40.491859],[-80.027755,40.49197],[-80.027738,40.492207],[-80.027741,40.492365],[-80.027757,40.492486],[-80.02777497969645,40.492584139176394],[-80.02214049948104,40.49383805461683]]]}},{"type":"Feature","id":"882a8444ebfffff","properties":{"cell_id":"882a8444ebfffff","h3_res":8,"building_count":339,"poi_count_sum":2,"conn_dist_median_ft":1540.2826596664415,"total_crossings_mean":0.0,"clipped_area_frac":0.4647040567779529,"clon":-80.034522,"clat":40.491082},"geometry":{"type":"Polygon","coordinates":[[[-80.02971006020624,40.487927651431484],[-80.03589972926993,40.48654966865723],[-80.0407114333922,40.489704058401394],[-80.04023682119835,40.49126546999364],[-80.039659,40.491035],[-80.038773,40.490638],[-80.038706,40.490609],[-80.038121,40.490347],[-80.03749,40.490065],[-80.037045,40.490299],[-80.036617,40.490508],[-80.036008,40.490806],[-80.035859,40.490879],[-80.035759,40.490929],[-80.035668,40.49093],[-80.035548,40.490931],[-80.035475,40.490931],[-80.035447,40.490931],[-80.03451,40.490947],[-80.034357,40.49095],[-80.033619,40.490962],[-80.0325,40.490981],[-80.030896,40.491009],[-80.02875502490627,40.49106712241794],[-80.02971006020624,40.487927651431484]]]}},{"type":"Feature","id":"882a8444e7fffff","properties":{"cell_id":"882a8444e7fffff","h3_res":8,"building_count":4,"poi_count_sum":0,"conn_dist_median_ft":2673.843830422624,"total_crossings_mean":0.0,"clipped_area_frac":0.08506408681511404,"clon":-80.05309,"clat":40.486947},"geometry":{"type":"Polygon","coordinates":[[[-80.04827790096175,40.483792802563],[-80.05221440707504,40.4829156950332],[-80.051638,40.483362],[-80.051456,40.483504],[-80.051341,40.483595],[-80.051228,40.483683],[-80.051111,40.483775],[-80.0511,40.483782],[-80.050828,40.483997],[-80.050715,40.484085],[-80.050658,40.484132],[-80.050727,40.484176],[-80.050595,40.484267],[-80.050304,40.484485],[-80.050098,40.484678],[-80.050003,40.484783],[-80.049977,40.484843],[-80.049971,40.484879],[-80.049974,40.484925],[-80.049979,40.485125],[-80.049932,40.485387],[-80.049903,40.485523],[-80.049871,40.485581],[-80.049828,40.485624],[-80.049777,40.485659],[-80.049234,40.486017],[-80.048819,40.486283],[-80.048693,40.486364],[-80.048592,40.48642],[-80.048168,40.486375],[-80.047927,40.486299],[-80.047872,40.486337],[-80.047626,40.486537],[-80.04738616015524,40.48672827723156],[-80.04827790096175,40.483792802563]]]}},{"type":"Feature","id":"882a8444c5fffff","properties":{"cell_id":"882a8444c5fffff","h3_res":8,"building_count":141,"poi_count_sum":0,"conn_dist_median_ft":482.0313856391666,"total_crossings_mean":0.0,"clipped_area_frac":0.18067684457467698,"clon":-80.026952,"clat":40.496993},"geometry":{"type":"Polygon","coordinates":[[[-80.02214049948104,40.49383805461683],[-80.02777497969645,40.492584139176394],[-80.027781,40.492617],[-80.027781,40.492667],[-80.027781,40.492746],[-80.027771,40.493022],[-80.027763,40.493104],[-80.027802,40.493333],[-80.027802,40.493495],[-80.027803,40.494891],[-80.0278,40.495323],[-80.027801,40.495412],[-80.027808,40.4958],[-80.027796,40.495838],[-80.027795,40.496124],[-80.027794,40.496492],[-80.026682,40.496669],[-80.026562,40.496688],[-80.025898,40.4968],[-80.025681,40.496124],[-80.025426,40.495332],[-80.024994,40.4954],[-80.024595,40.495484],[-80.024164,40.495045],[-80.023308,40.495212],[-80.022906,40.495292],[-80.022797,40.495119],[-80.022446,40.494564],[-80.02208976952126,40.49400471814837],[-80.02214049948104,40.49383805461683]]]}},{"type":"Feature","id":"882a8444e1fffff","properties":{"cell_id":"882a8444e1fffff","h3_res":8,"building_count":12,"poi_count_sum":0,"conn_dist_median_ft":2550.0657139009963,"total_crossings_mean":0.0,"clipped_area_frac":0.042854179640717256,"clon":-80.045524,"clat":40.492858},"geometry":{"type":"Polygon","coordinates":[[[-80.0407114333922,40.489704058401394],[-80.0440628113316,40.48895760358014],[-80.043264,40.489559],[-80.043251,40.489569],[-80.04275,40.489951],[-80.042578,40.490068],[-80.040712,40.491455],[-80.04023682119835,40.49126546999364],[-80.0407114333922,40.489704058401394]]]}},{"type":"Feature","id":"882a8444c3fffff","properties":{"cell_id":"882a8444c3fffff","h3_res":8,"building_count":707,"poi_count_sum":17,"conn_dist_median_ft":1180.7711569946446,"total_crossings_mean":0.0876944837340877,"clipped_area_frac":1.0,"clon":-80.012519,"clat":40.487527},"geometry":{"type":"Polygon","coordinates":[[[-80.00632866126112,40.488904059575454],[-80.00770955692629,40.48437178852186],[-80.01389949547357,40.48299503869586],[-80.01870943447268,40.48615022805619],[-80.01732955618256,40.49068271608223],[-80.01113872143844,40.49205979781799],[-80.00632866126112,40.488904059575454]]]}},{"type":"Feature","id":"882a8444ddfffff","properties":{"cell_id":"882a8444ddfffff","h3_res":8,"building_count":125,"poi_count_sum":0,"conn_dist_median_ft":4901.59313773799,"total_crossings_mean":1.056,"clipped_area_frac":0.3197729316633359,"clon":-80.001519,"clat":40.485748},"geometry":{"type":"Polygon","coordinates":[[[-80.00290050085725,40.481216199699],[-80.00770955692629,40.48437178852186],[-80.00632866126112,40.488904059575454],[-80.0036387750891,40.489502113682164],[-80.003617,40.489091],[-80.003598,40.488733],[-80.003582,40.488451],[-80.00358,40.488419],[-80.003546,40.487762],[-80.003512,40.487361],[-80.003462,40.486777],[-80.003455,40.486698],[-80.003452,40.486663],[-80.003381,40.485681],[-80.00334,40.485093],[-80.00334,40.485081],[-80.00334,40.48503],[-80.003254,40.483543],[-80.003237,40.483247],[-80.00322,40.482939],[-80.003207,40.482721],[-80.003206,40.482659],[-80.003206,40.482548],[-80.003192,40.482439],[-80.003188,40.482376],[-80.002979,40.482379],[-80.001767,40.482428],[-80.001753,40.482056],[-80.00173314487866,40.48147571806643],[-80.00290050085725,40.481216199699]]]}},{"type":"Feature","id":"882a8444cbfffff","properties":{"cell_id":"882a8444cbfffff","h3_res":8,"building_count":134,"poi_count_sum":5,"conn_dist_median_ft":896.6497677158904,"total_crossings_mean":0.5447761194029851,"clipped_area_frac":0.6110558892846879,"clon":-80.004947,"clat":40.493437},"geometry":{"type":"Polygon","coordinates":[[[-80.00632866126112,40.488904059575454],[-80.01113872143844,40.49205979781799],[-80.00975793366437,40.49659255005529],[-80.00624803438113,40.49737299633656],[-80.00556,40.49724],[-80.005445,40.497217],[-80.005367,40.497203],[-80.005009,40.49715],[-80.004989,40.497163],[-80.004034,40.49778],[-80.004022,40.497788],[-80.004021,40.497767],[-80.003955,40.497525],[-80.003951,40.497455],[-80.003933,40.496435],[-80.003932,40.496285],[-80.003992,40.496288],[-80.003857,40.493581],[-80.003851,40.493468],[-80.003849,40.493425],[-80.003802,40.492501],[-80.003795,40.492359],[-80.003719,40.490941],[-80.003703,40.490625],[-80.003682,40.490326],[-80.003681,40.490228],[-80.003642,40.489563],[-80.0036387750891,40.489502113682164],[-80.00632866126112,40.488904059575454]]]}},{"type":"Feature","id":"882a8444c1fffff","properties":{"cell_id":"882a8444c1fffff","h3_res":8,"building_count":388,"poi_count_sum":6,"conn_dist_median_ft":1305.2619583738194,"total_crossings_mean":0.2422680412371134,"clipped_area_frac":0.8894528406359343,"clon":-80.015949,"clat":40.495215},"geometry":{"type":"Polygon","coordinates":[[[-80.01516932095281,40.499614889631914],[-80.013336,40.498719],[-80.013232,40.498723],[-80.013033,40.498731],[-80.01301865925642,40.49873147018831],[-80.00975793366437,40.49659255005529],[-80.01113872143844,40.49205979781799],[-80.01732955618256,40.49068271608223],[-80.02214049948104,40.49383805461683],[-80.02208976952126,40.49400471814837],[-80.022046,40.493936],[-80.021983,40.493839],[-80.021851,40.493931],[-80.021776,40.493984],[-80.021649,40.494072],[-80.021308,40.494312],[-80.021273,40.494339],[-80.021153,40.494436],[-80.020977,40.494615],[-80.020827,40.494808],[-80.020718,40.49495],[-80.020595,40.495113],[-80.020362,40.495501],[-80.02025,40.495702],[-80.02014,40.49594],[-80.020091,40.49609],[-80.020047,40.496227],[-80.020018,40.496331],[-80.01997,40.496513],[-80.019965,40.496568],[-80.019951,40.4967],[-80.019944,40.496781],[-80.019943,40.496945],[-80.019955,40.497097],[-80.019966,40.49723],[-80.019987,40.497353],[-80.020001,40.497434],[-80.020006,40.497462],[-80.020025,40.497536],[-80.020074,40.497693],[-80.020079,40.497709],[-80.019619,40.497627],[-80.019258,40.497563],[-80.019003,40.497525],[-80.018419,40.497434],[-80.01783,40.497353],[-80.017718,40.497677],[-80.017681,40.497786],[-80.017653,40.497864],[-80.017568,40.498098],[-80.017541,40.498177],[-80.017515,40.498242],[-80.017481,40.498328],[-80.017303,40.498784],[-80.017245,40.498936],[-80.017181,40.499143],[-80.01717325320605,40.49916909446378],[-80.01516932095281,40.499614889631914]]]}},{"type":"Feature","id":"882a8444c9fffff","properties":{"cell_id":"882a8444c9fffff","h3_res":8,"building_count":104,"poi_count_sum":1,"conn_dist_median_ft":980.64532872563,"total_crossings_mean":0.019230769230769232,"clipped_area_frac":0.1200931689955098,"clon":-80.008377,"clat":40.501126},"geometry":{"type":"Polygon","coordinates":[[[-80.00975793366437,40.49659255005529],[-80.01301865925642,40.49873147018831],[-80.012911,40.498735],[-80.012839,40.498738],[-80.012373,40.498756],[-80.012258,40.498879],[-80.012241,40.499059],[-80.012224,40.499117],[-80.012209,40.499171],[-80.011933,40.499778],[-80.011828,40.499964],[-80.011726,40.500127],[-80.011673,40.500214],[-80.011402,40.50052],[-80.011166,40.500754],[-80.01102,40.50089],[-80.010915,40.500974],[-80.01088,40.500996],[-80.010817,40.501037],[-80.010811,40.500952],[-80.010796,40.50075],[-80.010681,40.499096],[-80.010125,40.499111],[-80.009765,40.49912],[-80.009153,40.499136],[-80.008913,40.499142],[-80.009018,40.498939],[-80.009117,40.49875],[-80.009228,40.498475],[-80.009226,40.498452],[-80.009217,40.498275],[-80.009211,40.498224],[-80.009202,40.498165],[-80.009158,40.497836],[-80.009144,40.497727],[-80.009142,40.49771],[-80.009124,40.497541],[-80.009089,40.497531],[-80.008605,40.497526],[-80.007789,40.497519],[-80.007779,40.497769],[-80.007768,40.497884],[-80.00776,40.497978],[-80.007715,40.497977],[-80.00746,40.497957],[-80.006985,40.497715],[-80.006497,40.497468],[-80.006444,40.497442],[-80.006336,40.49739],[-80.00624803438113,40.49737299633656],[-80.00975793366437,40.49659255005529]]]}},{"type":"Feature","id":"882a8444cdfffff","properties":{"cell_id":"882a8444cdfffff","h3_res":8,"building_count":5,"poi_count_sum":0,"conn_dist_median_ft":2007.417940104558,"total_crossings_mean":0.0,"clipped_area_frac":0.009820552000739367,"clon":-80.019381,"clat":40.502904},"geometry":{"type":"Polygon","coordinates":[[[-80.01717325320605,40.49916909446378],[-80.017162,40.499207],[-80.017002,40.49977],[-80.016998,40.499785],[-80.016984,40.499834],[-80.016551,40.499773],[-80.015759,40.499909],[-80.015675,40.499862],[-80.01516932095281,40.499614889631914],[-80.01717325320605,40.49916909446378]]]}},{"type":"Feature","id":"882a8444d5fffff","properties":{"cell_id":"882a8444d5fffff","h3_res":8,"building_count":384,"poi_count_sum":5,"conn_dist_median_ft":799.8542030782676,"total_crossings_mean":0.07552083333333333,"clipped_area_frac":1.0,"clon":-80.00909,"clat":40.47984},"geometry":{"type":"Polygon","coordinates":[[[-80.00290050085725,40.481216199699],[-80.00428150426113,40.4766844099212],[-80.01047054682293,40.475307991905275],[-80.01527948188652,40.47846303189956],[-80.01389949547357,40.48299503869586],[-80.00770955692629,40.48437178852186],[-80.00290050085725,40.481216199699]]]}},{"type":"Feature","id":"882a8444d1fffff","properties":{"cell_id":"882a8444d1fffff","h3_res":8,"building_count":89,"poi_count_sum":7,"conn_dist_median_ft":6294.371650817921,"total_crossings_mean":3.0898876404494384,"clipped_area_frac":0.5569358104679036,"clon":-79.998092,"clat":40.478061},"geometry":{"type":"MultiPolygon","coordinates":[[[[-79.99947345193657,40.47352897070968],[-80.00428150426113,40.4766844099212],[-80.00290050085725,40.481216199699],[-80.00173314487866,40.48147571806643],[-80.001722,40.48115],[-80.001717,40.480973],[-80.001707,40.480666],[-80.001683,40.480082],[-80.000963,40.480016],[-79.998901,40.479808],[-79.998778,40.479814],[-79.998652,40.479336],[-79.998607,40.479165],[-79.998539,40.478906],[-79.99851,40.478914],[-79.996666,40.479165],[-79.996517,40.479186],[-79.9965,40.479149],[-79.996473,40.479095],[-79.995346,40.477361],[-79.995872,40.477338],[-79.995987,40.477332],[-79.995979,40.477182],[-79.995838,40.474586],[-79.995833,40.474536],[-79.995977,40.474484],[-79.99607,40.47446],[-79.996084,40.474456],[-79.996306,40.474427],[-79.996374,40.474428],[-79.996431,40.474429],[-79.99656,40.474439],[-79.996683,40.474456],[-79.996809,40.474483],[-79.997282,40.474573],[-79.997349,40.47458],[-79.997591,40.47459],[-79.997611,40.474591],[-79.99758462669328,40.47394884064804],[-79.99947345193657,40.47352897070968]]],[[[-79.9932842755592,40.474904772475],[-79.9932997034627,40.47490134298203],[-79.99334,40.475811],[-79.993356,40.476162],[-79.993381,40.476358],[-79.993393,40.476483],[-79.993414,40.476661],[-79.993838,40.476846],[-79.995023,40.477361],[-79.994218,40.47739],[-79.993903,40.477401],[-79.993858,40.477399],[-79.993609,40.477408],[-79.993328,40.47742],[-79.993127,40.477409],[-79.992797,40.477393],[-79.992688,40.477387],[-79.99253180887672,40.47737207178048],[-79.9932842755592,40.474904772475]]]]}},{"type":"Feature","id":"882a847339fffff","properties":{"cell_id":"882a847339fffff","h3_res":8,"building_count":634,"poi_count_sum":214,"conn_dist_median_ft":2907.595108319183,"total_crossings_mean":2.2129337539432177,"clipped_area_frac":1.0,"clon":-79.954845,"clat":40.449656},"geometry":{"type":"Polygon","coordinates":[[[-79.94865699691603,40.451028726631286],[-79.9500423835461,40.44649925199588],[-79.95622926944405,40.44512629132449],[-79.96103166475172,40.44828247461662],[-79.95964729298689,40.45281216726346],[-79.95345951096918,40.4541854586491],[-79.94865699691603,40.451028726631286]]]}},{"type":"Feature","id":"882a847303fffff","properties":{"cell_id":"882a847303fffff","h3_res":8,"building_count":788,"poi_count_sum":336,"conn_dist_median_ft":730.2558705785837,"total_crossings_mean":0.30456852791878175,"clipped_area_frac":1.0,"clon":-79.947271,"clat":40.455558},"geometry":{"type":"Polygon","coordinates":[[[-79.94108278753377,40.45693114042156],[-79.94246908341991,40.45240140223157],[-79.94865699691603,40.451028726631286],[-79.95345951096918,40.4541854586491],[-79.95207423008752,40.458715415018666],[-79.94588542006815,40.46008842123318],[-79.94108278753377,40.45693114042156]]]}},{"type":"Feature","id":"882a847319fffff","properties":{"cell_id":"882a847319fffff","h3_res":8,"building_count":823,"poi_count_sum":43,"conn_dist_median_ft":2454.61252846924,"total_crossings_mean":3.13730255164034,"clipped_area_frac":1.0,"clon":-79.925291,"clat":40.451988},"geometry":{"type":"Polygon","coordinates":[[[-79.91910216165368,40.45335955080599],[-79.92049048681581,40.448830249615916],[-79.92667866180541,40.44745880553506],[-79.9314794084584,40.450616332471235],[-79.93009209781202,40.455145852268004],[-79.92390302591673,40.45651762656421],[-79.91910216165368,40.45335955080599]]]}},{"type":"Feature","id":"882a84731dfffff","properties":{"cell_id":"882a84731dfffff","h3_res":8,"building_count":862,"poi_count_sum":622,"conn_dist_median_ft":2348.9156141938925,"total_crossings_mean":4.970997679814385,"clipped_area_frac":1.0,"clon":-79.936281,"clat":40.453774},"geometry":{"type":"Polygon","coordinates":[[[-79.93009209781202,40.455145852268004],[-79.9314794084584,40.450616332471235],[-79.9376674529451,40.44924427263924],[-79.94246908341991,40.45240140223157],[-79.94108278753377,40.45693114042156],[-79.93489384633246,40.45830353066834],[-79.93009209781202,40.455145852268004]]]}},{"type":"Feature","id":"882a847357fffff","properties":{"cell_id":"882a847357fffff","h3_res":8,"building_count":697,"poi_count_sum":653,"conn_dist_median_ft":1174.8254713036417,"total_crossings_mean":1.921090387374462,"clipped_area_frac":1.0,"clon":-79.928705,"clat":40.459676},"geometry":{"type":"Polygon","coordinates":[[[-79.92251480550397,40.46104740953303],[-79.92390302591673,40.45651762656421],[-79.93009209781202,40.455145852268004],[-79.93489384633246,40.45830353066834],[-79.93350664081883,40.46283353219857],[-79.92731667180544,40.464205636809396],[-79.92251480550397,40.46104740953303]]]}},{"type":"Feature","id":"882a84730bfffff","properties":{"cell_id":"882a84730bfffff","h3_res":8,"building_count":1262,"poi_count_sum":157,"conn_dist_median_ft":903.6948187958349,"total_crossings_mean":0.0,"clipped_area_frac":1.0,"clon":-79.939696,"clat":40.461461},"geometry":{"type":"Polygon","coordinates":[[[-79.93350664081883,40.46283353219857],[-79.93489384633246,40.45830353066834],[-79.94108278753377,40.45693114042156],[-79.94588542006815,40.46008842123318],[-79.9444992296982,40.464618641111215],[-79.93830939157004,40.465991361872156],[-79.93350664081883,40.46283353219857]]]}},{"type":"Feature","id":"882a847301fffff","properties":{"cell_id":"882a847301fffff","h3_res":8,"building_count":1599,"poi_count_sum":759,"conn_dist_median_ft":591.831180847244,"total_crossings_mean":0.07567229518449031,"clipped_area_frac":0.9999999999999998,"clon":-79.950689,"clat":40.463246},"geometry":{"type":"Polygon","coordinates":[[[-79.9444992296982,40.464618641111215],[-79.94588542006815,40.46008842123318],[-79.95207423008752,40.458715415018666],[-79.95687774639215,40.46187229801087],[-79.95549257141019,40.46640273602298],[-79.94930286465548,40.46777607295116],[-79.9444992296982,40.464618641111215]]]}},{"type":"Feature","id":"882a847307fffff","properties":{"cell_id":"882a847307fffff","h3_res":8,"building_count":570,"poi_count_sum":44,"conn_dist_median_ft":1190.0570801037861,"total_crossings_mean":0.06491228070175438,"clipped_area_frac":0.9999999999999999,"clon":-79.958263,"clat":40.457342},"geometry":{"type":"Polygon","coordinates":[[[-79.95207423008752,40.458715415018666],[-79.95345951096918,40.4541854586491],[-79.95964729298689,40.45281216726346],[-79.96445069037459,40.45596850147612],[-79.96306642474154,40.46049867581157],[-79.95687774639215,40.46187229801087],[-79.95207423008752,40.458715415018666]]]}},{"type":"Feature","id":"882a84730dfffff","properties":{"cell_id":"882a84730dfffff","h3_res":8,"building_count":561,"poi_count_sum":311,"conn_dist_median_ft":1467.8183566929076,"total_crossings_mean":0.11586452762923351,"clipped_area_frac":1.0,"clon":-79.954107,"clat":40.470933},"geometry":{"type":"Polygon","coordinates":[[[-79.94791677995293,40.47230677442556],[-79.94930286465548,40.46777607295116],[-79.95549257141019,40.46640273602298],[-79.96029709032972,40.46955976979851],[-79.95891202139883,40.47409068936147],[-79.95272141769667,40.47546435710273],[-79.94791677995293,40.47230677442556]]]}},{"type":"Feature","id":"882a847309fffff","properties":{"cell_id":"882a847309fffff","h3_res":8,"building_count":665,"poi_count_sum":47,"conn_dist_median_ft":1026.8767671105547,"total_crossings_mean":0.0,"clipped_area_frac":1.0,"clon":-79.943113,"clat":40.469149},"geometry":{"type":"Polygon","coordinates":[[[-79.9369222913402,40.470521845044225],[-79.93830939157004,40.465991361872156],[-79.9444992296982,40.464618641111215],[-79.94930286465548,40.46777607295116],[-79.94791677995293,40.47230677442556],[-79.94172604468564,40.473679825800055],[-79.9369222913402,40.470521845044225]]]}},{"type":"Feature","id":"882a847355fffff","properties":{"cell_id":"882a847355fffff","h3_res":8,"building_count":900,"poi_count_sum":88,"conn_dist_median_ft":1384.2938005750084,"total_crossings_mean":0.48333333333333334,"clipped_area_frac":0.9999999999999999,"clon":-79.932119,"clat":40.467364},"geometry":{"type":"Polygon","coordinates":[[[-79.92592855629289,40.46873590146542],[-79.92731667180544,40.464205636809396],[-79.93350664081883,40.46283353219857],[-79.93830939157004,40.465991361872156],[-79.9369222913402,40.470521845044225],[-79.93073142499624,40.47189428006902],[-79.92592855629289,40.46873590146542]]]}},{"type":"Feature","id":"882a847343fffff","properties":{"cell_id":"882a847343fffff","h3_res":8,"building_count":640,"poi_count_sum":8,"conn_dist_median_ft":5494.232990629164,"total_crossings_mean":0.125,"clipped_area_frac":1.0,"clon":-79.935535,"clat":40.475053},"geometry":{"type":"Polygon","coordinates":[[[-79.92934341453486,40.47642502632061],[-79.93073142499624,40.47189428006902],[-79.9369222913402,40.470521845044225],[-79.94172604468564,40.473679825800055],[-79.94033904989077,40.4782107905223],[-79.93414728600371,40.47958355606041],[-79.92934341453486,40.47642502632061]]]}},{"type":"Feature","id":"882a84735dfffff","properties":{"cell_id":"882a84735dfffff","h3_res":8,"building_count":1400,"poi_count_sum":48,"conn_dist_median_ft":4428.856942723273,"total_crossings_mean":4.168571428571428,"clipped_area_frac":0.9999999999999999,"clon":-79.92454,"clat":40.473266},"geometry":{"type":"Polygon","coordinates":[[[-79.9183485334776,40.47463824772496],[-79.91973755936064,40.47010772015772],[-79.92592855629289,40.46873590146542],[-79.93073142499624,40.47189428006902],[-79.92934341453486,40.47642502632061],[-79.92315151986818,40.47779717532659],[-79.9183485334776,40.47463824772496]]]}},{"type":"Feature","id":"882a847351fffff","properties":{"cell_id":"882a847351fffff","h3_res":8,"building_count":612,"poi_count_sum":139,"conn_dist_median_ft":2551.896953774436,"total_crossings_mean":4.650326797385621,"clipped_area_frac":0.9999999999999999,"clon":-79.921126,"clat":40.465577},"geometry":{"type":"Polygon","coordinates":[[[-79.91493557554296,40.466948943937325],[-79.91632470609346,40.46241889801098],[-79.92251480550397,40.46104740953303],[-79.92731667180544,40.464205636809396],[-79.92592855629289,40.46873590146542],[-79.91973755936064,40.47010772015772],[-79.91493557554296,40.466948943937325]]]}},{"type":"Feature","id":"882a847353fffff","properties":{"cell_id":"882a847353fffff","h3_res":8,"building_count":328,"poi_count_sum":282,"conn_dist_median_ft":1444.4957135331679,"total_crossings_mean":2.3689024390243905,"clipped_area_frac":1.0,"clon":-79.917714,"clat":40.457889},"geometry":{"type":"Polygon","coordinates":[[[-79.9115237244851,40.45926027336276],[-79.91291295955232,40.4547307091689],[-79.91910216165368,40.45335955080599],[-79.92390302591673,40.45651762656421],[-79.92251480550397,40.46104740953303],[-79.91632470609346,40.46241889801098],[-79.9115237244851,40.45926027336276]]]}},{"type":"Feature","id":"882a84735bfffff","properties":{"cell_id":"882a84735bfffff","h3_res":8,"building_count":666,"poi_count_sum":64,"conn_dist_median_ft":3390.703329760913,"total_crossings_mean":7.312312312312312,"clipped_area_frac":1.0,"clon":-79.910134,"clat":40.46379},"geometry":{"type":"Polygon","coordinates":[[[-79.90394334982206,40.46516097270835],[-79.90533349516556,40.46063114572526],[-79.9115237244851,40.45926027336276],[-79.91632470609346,40.46241889801098],[-79.91493557554296,40.466948943937325],[-79.90874444851075,40.4683201463145],[-79.90394334982206,40.46516097270835]]]}},{"type":"Feature","id":"882a84722dfffff","properties":{"cell_id":"882a84722dfffff","h3_res":8,"building_count":566,"poi_count_sum":100,"conn_dist_median_ft":2530.8434921347225,"total_crossings_mean":4.756183745583039,"clipped_area_frac":1.0,"clon":-79.906723,"clat":40.456102},"geometry":{"type":"Polygon","coordinates":[[[-79.90053339849345,40.45747212393617],[-79.90192364797021,40.45294277873074],[-79.90811297978983,40.451572236283674],[-79.91291295955232,40.4547307091689],[-79.9115237244851,40.45926027336276],[-79.90533349516556,40.46063114572526],[-79.90053339849345,40.45747212393617]]]}},{"type":"Feature","id":"882a847267fffff","properties":{"cell_id":"882a847267fffff","h3_res":8,"building_count":964,"poi_count_sum":23,"conn_dist_median_ft":5971.946012626249,"total_crossings_mean":10.269709543568466,"clipped_area_frac":1.0,"clon":-79.899143,"clat":40.462002},"geometry":{"type":"Polygon","coordinates":[[[-79.89295187986146,40.46337198802711],[-79.8943430397529,40.45884238020075],[-79.90053339849345,40.45747212393617],[-79.90533349516556,40.46063114572526],[-79.90394334982206,40.46516097270835],[-79.8977520931781,40.466531558787906],[-79.89295187986146,40.46337198802711]]]}},{"type":"Feature","id":"882a847265fffff","properties":{"cell_id":"882a847265fffff","h3_res":8,"building_count":763,"poi_count_sum":11,"conn_dist_median_ft":7155.809522183785,"total_crossings_mean":6.492791612057667,"clipped_area_frac":1.0,"clon":-79.902553,"clat":40.469691},"geometry":{"type":"Polygon","coordinates":[[[-79.89636103718688,40.47106164834554],[-79.8977520931781,40.466531558787906],[-79.90394334982206,40.46516097270835],[-79.90874444851075,40.4683201463145],[-79.90735440745102,40.472850454983735],[-79.90116225269068,40.4742213709775],[-79.89636103718688,40.47106164834554]]]}},{"type":"Feature","id":"882a847359fffff","properties":{"cell_id":"882a847359fffff","h3_res":8,"building_count":935,"poi_count_sum":11,"conn_dist_median_ft":5032.089500381346,"total_crossings_mean":6.33475935828877,"clipped_area_frac":1.0,"clon":-79.913546,"clat":40.471479},"geometry":{"type":"Polygon","coordinates":[[[-79.90735440745102,40.472850454983735],[-79.90874444851075,40.4683201463145],[-79.91493557554296,40.466948943937325],[-79.91973755936064,40.47010772015772],[-79.9183485334776,40.47463824772496],[-79.91215650851986,40.4760097802161],[-79.90735440745102,40.472850454983735]]]}},{"type":"Feature","id":"882a847261fffff","properties":{"cell_id":"882a847261fffff","h3_res":8,"building_count":643,"poi_count_sum":15,"conn_dist_median_ft":8849.570431927821,"total_crossings_mean":10.91601866251944,"clipped_area_frac":0.7887240807079055,"clon":-79.89156,"clat":40.467902},"geometry":{"type":"Polygon","coordinates":[[[-79.89295187986146,40.46337198802711],[-79.8977520931781,40.466531558787906],[-79.89636103718688,40.47106164834554],[-79.89016875311238,40.472431947859555],[-79.88809637408018,40.4710676736475],[-79.888137,40.470843],[-79.888283,40.470037],[-79.8883,40.46996],[-79.88845,40.46926],[-79.888464,40.469194],[-79.888612,40.468506],[-79.888749,40.467892],[-79.888833,40.467523],[-79.889002,40.466695],[-79.889044,40.466494],[-79.889104,40.466219],[-79.889127,40.466112],[-79.889286,40.465373],[-79.889337,40.465128],[-79.889336,40.465109],[-79.889515,40.464219],[-79.88953464982717,40.46412811954937],[-79.89295187986146,40.46337198802711]]]}},{"type":"Feature","id":"882a84726dfffff","properties":{"cell_id":"882a84726dfffff","h3_res":8,"building_count":215,"poi_count_sum":6,"conn_dist_median_ft":7979.25479580329,"total_crossings_mean":5.930232558139535,"clipped_area_frac":1.0,"clon":-79.89497,"clat":40.475592},"geometry":{"type":"Polygon","coordinates":[[[-79.88877678610199,40.4769622997769],[-79.89016875311238,40.472431947859555],[-79.89636103718688,40.47106164834554],[-79.90116225269068,40.4742213709775],[-79.8997713007502,40.478751942174824],[-79.89357811815549,40.48012257150249],[-79.88877678610199,40.4769622997769]]]}},{"type":"Feature","id":"882a847269fffff","properties":{"cell_id":"882a847269fffff","h3_res":8,"building_count":86,"poi_count_sum":0,"conn_dist_median_ft":10957.707404100003,"total_crossings_mean":13.0,"clipped_area_frac":0.14765101289924223,"clon":-79.883976,"clat":40.473802},"geometry":{"type":"Polygon","coordinates":[[[-79.89016875311238,40.472431947859555],[-79.88877678610199,40.4769622997769],[-79.88673865901585,40.47741315064601],[-79.886859,40.476891],[-79.886876,40.476818],[-79.886902,40.476755],[-79.886921,40.476622],[-79.887081,40.47592],[-79.887112,40.475793],[-79.887489,40.474156],[-79.887586,40.473737],[-79.887722,40.473142],[-79.887735,40.473067],[-79.887786,40.472784],[-79.88787,40.472322],[-79.887935,40.471962],[-79.888005,40.471573],[-79.88809637408018,40.4710676736475],[-79.89016875311238,40.472431947859555]]]}},{"type":"Feature","id":"882a847263fffff","properties":{"cell_id":"882a847263fffff","h3_res":8,"building_count":596,"poi_count_sum":10,"conn_dist_median_ft":5660.985255489562,"total_crossings_mean":7.214765100671141,"clipped_area_frac":0.7201966123855131,"clon":-79.888152,"clat":40.460212},"geometry":{"type":"Polygon","coordinates":[[[-79.88335334058621,40.45705260168625],[-79.88954382825987,40.45568296150188],[-79.8943430397529,40.45884238020075],[-79.89295187986146,40.46337198802711],[-79.88953464982717,40.46412811954937],[-79.889587,40.463886],[-79.889974,40.462108],[-79.889968,40.462041],[-79.889997,40.461869],[-79.889992,40.461829],[-79.88969,40.461751],[-79.888585,40.461452],[-79.888502,40.46143],[-79.888123,40.461331],[-79.888071,40.461317],[-79.887339,40.461127],[-79.886577,40.460947],[-79.886203,40.460859],[-79.88572,40.460746],[-79.885189,40.46062],[-79.884861,40.460543],[-79.884781,40.460517],[-79.884229,40.460383],[-79.884125,40.460358],[-79.883585,40.460222],[-79.883017,40.460079],[-79.882949,40.460062],[-79.88246755463258,40.45993447429256],[-79.88335334058621,40.45705260168625]]]}},{"type":"Feature","id":"882a84720dfffff","properties":{"cell_id":"882a84720dfffff","h3_res":8,"building_count":414,"poi_count_sum":13,"conn_dist_median_ft":7640.790776655274,"total_crossings_mean":5.533816425120773,"clipped_area_frac":0.6918929751706637,"clon":-79.877162,"clat":40.458422},"geometry":{"type":"Polygon","coordinates":[[[-79.87236439839602,40.45526181043073],[-79.87855501451493,40.453892786308714],[-79.88335334058621,40.45705260168625],[-79.88246755463258,40.45993447429256],[-79.881941,40.459795],[-79.881547,40.459692],[-79.881378,40.459648],[-79.880654,40.459461],[-79.879682,40.459207],[-79.879314,40.459112],[-79.879241,40.459152],[-79.879206,40.459151],[-79.8791,40.459151],[-79.879066,40.459151],[-79.878971,40.45915],[-79.878869,40.459137],[-79.87828,40.459068],[-79.878084,40.459045],[-79.877775,40.459008],[-79.877366,40.45896],[-79.877339,40.459026],[-79.877281,40.459384],[-79.877493,40.459408],[-79.877478,40.459445],[-79.877415,40.459785],[-79.877399,40.45983],[-79.876295,40.459701],[-79.876477,40.460314],[-79.876499,40.460432],[-79.876582,40.460654],[-79.876902,40.461607],[-79.875531,40.461549],[-79.875545,40.461415],[-79.875552,40.461359],[-79.875598,40.460868],[-79.875601,40.460841],[-79.875607,40.460686],[-79.875608,40.460654],[-79.875611,40.460558],[-79.875613,40.460527],[-79.875623,40.460331],[-79.875644,40.459955],[-79.875553,40.459953],[-79.875351,40.459948],[-79.875272,40.459945],[-79.87521,40.459905],[-79.875344,40.459791],[-79.874504,40.459263],[-79.874479,40.459285],[-79.874148,40.459579],[-79.873886,40.459813],[-79.873778,40.45991],[-79.87374,40.459939],[-79.873526,40.460107],[-79.873288,40.460303],[-79.87314,40.460427],[-79.87289,40.460608],[-79.872878,40.460618],[-79.87266,40.460736],[-79.87250748895958,40.46080280793363],[-79.87167372470968,40.46025367158496],[-79.871665,40.460126],[-79.871627,40.458707],[-79.87162,40.458389],[-79.871995,40.45809],[-79.872007,40.458083],[-79.872262,40.457878],[-79.872556,40.457643],[-79.872608,40.45753],[-79.872644,40.457455],[-79.872563,40.457428],[-79.872355,40.457361],[-79.871927,40.457261],[-79.8717624005377,40.457218868250436],[-79.87236439839602,40.45526181043073]]]}},{"type":"Feature","id":"882a847229fffff","properties":{"cell_id":"882a847229fffff","h3_res":8,"building_count":656,"poi_count_sum":110,"conn_dist_median_ft":3874.6145122152284,"total_crossings_mean":6.370426829268292,"clipped_area_frac":0.9999999999999999,"clon":-79.895734,"clat":40.454313},"geometry":{"type":"Polygon","coordinates":[[[-79.88954382825987,40.45568296150188],[-79.89093509190114,40.451153835498275],[-79.89712455295127,40.44978390894945],[-79.90192364797021,40.45294277873074],[-79.90053339849345,40.45747212393617],[-79.8943430397529,40.45884238020075],[-79.88954382825987,40.45568296150188]]]}},{"type":"Feature","id":"882a847205fffff","properties":{"cell_id":"882a847205fffff","h3_res":8,"building_count":675,"poi_count_sum":58,"conn_dist_median_ft":4466.989140981912,"total_crossings_mean":5.4725925925925925,"clipped_area_frac":0.972430690341736,"clon":-79.884745,"clat":40.452523},"geometry":{"type":"Polygon","coordinates":[[[-79.8861368818684,40.44799456905195],[-79.89093509190114,40.451153835498275],[-79.88954382825987,40.45568296150188],[-79.88335334058621,40.45705260168625],[-79.87855501451493,40.453892786308714],[-79.8798615931903,40.44964264758714],[-79.879887,40.449638],[-79.879993,40.449618],[-79.880132,40.449592],[-79.880309,40.449548],[-79.880414,40.449523],[-79.880477,40.449508],[-79.880681,40.449458],[-79.881041,40.449385],[-79.881216,40.449352],[-79.881299,40.449338],[-79.881472,40.44931],[-79.881534,40.449319],[-79.881548,40.449327],[-79.881592,40.449352],[-79.881614,40.449379],[-79.881728,40.44934],[-79.88207,40.449226],[-79.882185,40.449189],[-79.882288,40.449183],[-79.882598,40.449167],[-79.882702,40.449162],[-79.882741,40.449159],[-79.882859,40.449153],[-79.882899,40.449151],[-79.882975,40.449129],[-79.883057,40.449105],[-79.883161,40.449075],[-79.883307,40.449051],[-79.883392,40.449038],[-79.883518,40.449009],[-79.883568,40.448999],[-79.883901,40.44894],[-79.884029,40.448918],[-79.88404,40.448963],[-79.884075,40.449098],[-79.884087,40.449144],[-79.884184,40.449175],[-79.884478,40.449271],[-79.884576,40.449303],[-79.884666,40.44914],[-79.884828,40.448849],[-79.884939,40.448653],[-79.88503,40.448491],[-79.885074,40.448412],[-79.88519251202686,40.448203490118146],[-79.8861368818684,40.44799456905195]]]}},{"type":"Feature","id":"882a847225fffff","properties":{"cell_id":"882a847225fffff","h3_res":8,"building_count":983,"poi_count_sum":34,"conn_dist_median_ft":2192.891495831626,"total_crossings_mean":1.792472024415056,"clipped_area_frac":0.9999999999999999,"clon":-79.914302,"clat":40.450201},"geometry":{"type":"Polygon","coordinates":[[[-79.90811297978983,40.451572236283674],[-79.90950231922308,40.447043153913796],[-79.91569062422792,40.44567232556666],[-79.92049048681581,40.448830249615916],[-79.91910216165368,40.45335955080599],[-79.91291295955232,40.4547307091689],[-79.90811297978983,40.451572236283674]]]}},{"type":"Feature","id":"882a847207fffff","properties":{"cell_id":"882a847207fffff","h3_res":8,"building_count":9,"poi_count_sum":1,"conn_dist_median_ft":4309.037975260549,"total_crossings_mean":5.0,"clipped_area_frac":0.010070953852119792,"clon":-79.881339,"clat":40.444835},"geometry":{"type":"Polygon","coordinates":[[[-79.8861368818684,40.44799456905195],[-79.88519251202686,40.448203490118146],[-79.885207,40.448178],[-79.885252,40.4481],[-79.885297,40.44802],[-79.885322,40.447977],[-79.885368,40.447886],[-79.885422,40.447776],[-79.885464,40.447695],[-79.885513,40.447619],[-79.88558,40.447519],[-79.885655,40.447387],[-79.8857,40.447309],[-79.885745,40.447228],[-79.885884,40.446987],[-79.885901,40.446958],[-79.88593,40.446907],[-79.886143,40.446981],[-79.88638,40.447059],[-79.88642021405761,40.44707237496373],[-79.8861368818684,40.44799456905195]]]}},{"type":"Feature","id":"882a84736bfffff","properties":{"cell_id":"882a84736bfffff","h3_res":8,"building_count":458,"poi_count_sum":142,"conn_dist_median_ft":4948.548987807705,"total_crossings_mean":7.050218340611353,"clipped_area_frac":0.982782771040739,"clon":-79.957527,"clat":40.478622},"geometry":{"type":"Polygon","coordinates":[[[-79.95614107970673,40.48315327340495],[-79.95133543881289,40.479995540081795],[-79.95272141769667,40.47546435710273],[-79.95891202139883,40.47409068936147],[-79.96371754329677,40.47724787372914],[-79.9628456760009,40.48010049948943],[-79.962534,40.480394],[-79.961921,40.480972],[-79.961809,40.481071],[-79.960878,40.481891],[-79.960809,40.481951],[-79.96069,40.482055],[-79.960655,40.482086],[-79.96054803136143,40.48217529637223],[-79.95614107970673,40.48315327340495]]]}},{"type":"Feature","id":"882a847347fffff","properties":{"cell_id":"882a847347fffff","h3_res":8,"building_count":455,"poi_count_sum":5,"conn_dist_median_ft":7063.827359615342,"total_crossings_mean":6.408791208791209,"clipped_area_frac":1.0,"clon":-79.94653,"clat":40.476838},"geometry":{"type":"Polygon","coordinates":[[[-79.94033904989077,40.4782107905223],[-79.94172604468564,40.473679825800055],[-79.94791677995293,40.47230677442556],[-79.95272141769667,40.47546435710273],[-79.95133543881289,40.479995540081795],[-79.9451438061941,40.481368922169246],[-79.94033904989077,40.4782107905223]]]}},{"type":"Feature","id":"882a84734bfffff","properties":{"cell_id":"882a84734bfffff","h3_res":8,"building_count":1050,"poi_count_sum":18,"conn_dist_median_ft":7087.333772319135,"total_crossings_mean":1.0438095238095237,"clipped_area_frac":1.0,"clon":-79.927955,"clat":40.480956},"geometry":{"type":"Polygon","coordinates":[[[-79.92176259880351,40.48232818444305],[-79.92315151986818,40.47779717532659],[-79.92934341453486,40.47642502632061],[-79.93414728600371,40.47958355606041],[-79.9327593807446,40.48411478381587],[-79.9265665881308,40.48548726323487],[-79.92176259880351,40.48232818444305]]]}},{"type":"Feature","id":"882a847341fffff","properties":{"cell_id":"882a847341fffff","h3_res":8,"building_count":1031,"poi_count_sum":12,"conn_dist_median_ft":8443.944776926413,"total_crossings_mean":1.3258971871968963,"clipped_area_frac":1.0,"clon":-79.938952,"clat":40.482742},"geometry":{"type":"Polygon","coordinates":[[[-79.9327593807446,40.48411478381587],[-79.93414728600371,40.47958355606041],[-79.94033904989077,40.4782107905223],[-79.9451438061941,40.481368922169246],[-79.94375691698544,40.48590036834985],[-79.93756425534274,40.487273464500724],[-79.9327593807446,40.48411478381587]]]}},{"type":"Feature","id":"882a847345fffff","properties":{"cell_id":"882a847345fffff","h3_res":8,"building_count":490,"poi_count_sum":82,"conn_dist_median_ft":6874.073746468417,"total_crossings_mean":13.693877551020408,"clipped_area_frac":0.9186682598890696,"clon":-79.949949,"clat":40.484527},"geometry":{"type":"Polygon","coordinates":[[[-79.94375691698544,40.48590036834985],[-79.9451438061941,40.481368922169246],[-79.95133543881289,40.479995540081795],[-79.95614107970673,40.48315327340495],[-79.95529002553326,40.48593613455748],[-79.954765,40.486187],[-79.954319,40.4864],[-79.953195,40.486955],[-79.952824,40.487079],[-79.951929,40.487377],[-79.951793,40.48742],[-79.95127,40.487586],[-79.951054,40.487655],[-79.950821,40.487729],[-79.95009,40.487987],[-79.94978,40.488095],[-79.94933,40.488254],[-79.94896,40.488366],[-79.94796643884183,40.48866681103632],[-79.94375691698544,40.48590036834985]]]}},{"type":"Feature","id":"882a847349fffff","properties":{"cell_id":"882a847349fffff","h3_res":8,"building_count":504,"poi_count_sum":20,"conn_dist_median_ft":7737.925769915464,"total_crossings_mean":1.9682539682539681,"clipped_area_frac":0.9047609045804149,"clon":-79.931371,"clat":40.488646},"geometry":{"type":"Polygon","coordinates":[[[-79.92517777203552,40.4900187538088],[-79.9265665881308,40.48548726323487],[-79.9327593807446,40.48411478381587],[-79.93756425534274,40.487273464500724],[-79.93630714713265,40.491378414196426],[-79.935572,40.491491],[-79.934338,40.49157],[-79.933987,40.491593],[-79.932961,40.491647],[-79.93218,40.491689],[-79.92944,40.491627],[-79.927922,40.491538],[-79.92729315998264,40.49140959811164],[-79.92517777203552,40.4900187538088]]]}},{"type":"Feature","id":"882a8409b5fffff","properties":{"cell_id":"882a8409b5fffff","h3_res":8,"building_count":463,"poi_count_sum":38,"conn_dist_median_ft":6993.996101526995,"total_crossings_mean":2.0907127429805614,"clipped_area_frac":0.9104167448070916,"clon":-79.920373,"clat":40.486859},"geometry":{"type":"Polygon","coordinates":[[[-79.91417984366753,40.48823131891399],[-79.91556967570737,40.48370004714747],[-79.92176259880351,40.48232818444305],[-79.9265665881308,40.48548726323487],[-79.92517777203552,40.4900187538088],[-79.92283081221682,40.490538704521256],[-79.922543,40.490469],[-79.92219,40.490368],[-79.921587,40.490195],[-79.921036,40.490036],[-79.919241,40.489668],[-79.918749,40.489566],[-79.918464,40.489508],[-79.917977,40.489408],[-79.917727,40.489357],[-79.917249,40.489258],[-79.915182,40.488835],[-79.91505830285425,40.48880907544849],[-79.91417984366753,40.48823131891399]]]}},{"type":"Feature","id":"882a84734dfffff","properties":{"cell_id":"882a84734dfffff","h3_res":8,"building_count":27,"poi_count_sum":7,"conn_dist_median_ft":9484.188738195779,"total_crossings_mean":16.77777777777778,"clipped_area_frac":0.43957538632204063,"clon":-79.94237,"clat":40.490432},"geometry":{"type":"Polygon","coordinates":[[[-79.93756425534274,40.487273464500724],[-79.94375691698544,40.48590036834985],[-79.94796643884183,40.48866681103632],[-79.947837,40.488706],[-79.947617,40.488758],[-79.946658,40.488987],[-79.94634,40.489062],[-79.945966,40.489143],[-79.944669,40.48942],[-79.943475,40.489771],[-79.942866,40.489938],[-79.9422,40.490121],[-79.940911,40.490486],[-79.939554,40.490766],[-79.93938,40.490797],[-79.938379,40.490977],[-79.938355,40.490983],[-79.93808,40.491043],[-79.938012,40.491067],[-79.937756,40.491114],[-79.937113,40.491255],[-79.93630714713265,40.491378414196426],[-79.93756425534274,40.487273464500724]]]}},{"type":"Feature","id":"882a840995fffff","properties":{"cell_id":"882a840995fffff","h3_res":8,"building_count":39,"poi_count_sum":326,"conn_dist_median_ft":11740.898088276364,"total_crossings_mean":7.923076923076923,"clipped_area_frac":0.8297620043634631,"clon":-79.890794,"clat":40.489184},"geometry":{"type":"Polygon","coordinates":[[[-79.89218625496255,40.48465340501304],[-79.89698858973763,40.487813828473044],[-79.8955968305127,40.49234514348504],[-79.8954825961665,40.49237041791113],[-79.895428,40.492362],[-79.89484,40.492264],[-79.894241,40.492172],[-79.893799,40.492105],[-79.891257,40.491736],[-79.890335,40.491601],[-79.889832,40.491527],[-79.888851,40.491383],[-79.887508,40.491192],[-79.88724,40.491151],[-79.886972,40.491115],[-79.886433,40.491061],[-79.88535,40.49097],[-79.88521591991297,40.49096072213683],[-79.88459926961019,40.49055484300049],[-79.8846039305717,40.49053967955701],[-79.884666,40.490461],[-79.884694,40.490394],[-79.884704,40.490294],[-79.88469720403108,40.49023623426419],[-79.88580723759227,40.48662497698648],[-79.88633,40.486563],[-79.887106,40.486501],[-79.88778,40.486461],[-79.888039,40.486447],[-79.888175,40.48644],[-79.888162,40.486193],[-79.88812912456663,40.48555096212482],[-79.89218625496255,40.48465340501304]]]}},{"type":"Feature","id":"882a8409b9fffff","properties":{"cell_id":"882a8409b9fffff","h3_res":8,"building_count":3,"poi_count_sum":2,"conn_dist_median_ft":11746.46901240104,"total_crossings_mean":5.666666666666667,"clipped_area_frac":0.11677316669202284,"clon":-79.901792,"clat":40.490974},"geometry":{"type":"Polygon","coordinates":[[[-79.8955968305127,40.49234514348504],[-79.89698858973763,40.487813828473044],[-79.9014556087655,40.486825126405755],[-79.901488,40.487477],[-79.901501,40.487738],[-79.901601,40.488367],[-79.901607,40.488596],[-79.901607,40.488631],[-79.90161,40.488739],[-79.901613,40.488775],[-79.901615,40.488817],[-79.901623,40.488943],[-79.901626,40.488985],[-79.901608,40.48898],[-79.901555,40.488966],[-79.901538,40.488962],[-79.901506,40.488953],[-79.901413,40.488929],[-79.901382,40.488921],[-79.901319,40.488904],[-79.90113,40.488854],[-79.901068,40.488838],[-79.900896,40.488788],[-79.900749,40.488746],[-79.900381,40.488644],[-79.90021,40.488597],[-79.900037,40.488549],[-79.899519,40.488405],[-79.899347,40.488358],[-79.899173,40.488311],[-79.898653,40.488173],[-79.89852,40.488138],[-79.898484,40.488119],[-79.898318,40.488073],[-79.897982,40.48798],[-79.897821,40.487937],[-79.897655,40.487894],[-79.897604,40.487879],[-79.89756,40.488134],[-79.897536,40.488275],[-79.897336,40.489462],[-79.89727,40.489858],[-79.897259,40.489915],[-79.897229,40.490088],[-79.897219,40.490146],[-79.89721,40.49019],[-79.897183,40.490322],[-79.897175,40.490367],[-79.897131,40.490646],[-79.896999,40.491486],[-79.896961,40.491735],[-79.896965,40.491767],[-79.896964,40.491778],[-79.896964,40.491814],[-79.896964,40.491826],[-79.896959,40.491908],[-79.896957,40.49197],[-79.89695,40.492242],[-79.896944,40.492301],[-79.896942,40.492327],[-79.896933,40.492403],[-79.896924,40.49249],[-79.896917,40.492554],[-79.896912,40.492614],[-79.896855,40.492603],[-79.896086,40.492467],[-79.895882,40.492432],[-79.89568195705876,40.4924011563747],[-79.8955968305127,40.49234514348504]]]}},{"type":"Feature","id":"882a8409bbfffff","properties":{"cell_id":"882a8409bbfffff","h3_res":8,"building_count":20,"poi_count_sum":5,"conn_dist_median_ft":8908.41890290398,"total_crossings_mean":3.4,"clipped_area_frac":0.9857660048029923,"clon":-79.89838,"clat":40.483283},"geometry":{"type":"Polygon","coordinates":[[[-79.89698858973763,40.487813828473044],[-79.89218625496255,40.48465340501304],[-79.89357811815549,40.48012257150249],[-79.8997713007502,40.478751942174824],[-79.9045735188049,40.48191181648709],[-79.90324871873423,40.48622770156088],[-79.901679,40.485855],[-79.901404,40.48579],[-79.901424,40.486189],[-79.9014556087655,40.486825126405755],[-79.89698858973763,40.487813828473044]]]}},{"type":"Feature","id":"882a840991fffff","properties":{"cell_id":"882a840991fffff","h3_res":8,"building_count":3,"poi_count_sum":5,"conn_dist_median_ft":12773.40430438289,"total_crossings_mean":6.0,"clipped_area_frac":0.029755284268940706,"clon":-79.879797,"clat":40.487394},"geometry":{"type":"MultiPolygon","coordinates":[[[[-79.88459926961019,40.49055484300049],[-79.88459509876411,40.49055576536838],[-79.884595,40.490551],[-79.8846039305717,40.49053967955701],[-79.88459926961019,40.49055484300049]]],[[[-79.88469720403108,40.49023623426419],[-79.88469,40.490175],[-79.88464,40.489996],[-79.884574,40.489819],[-79.884568,40.489615],[-79.884547,40.489337],[-79.884519,40.48921],[-79.884484,40.488949],[-79.884566,40.488651],[-79.884618,40.488375],[-79.884608,40.48775],[-79.884589,40.487484],[-79.884592,40.487329],[-79.884584,40.487218],[-79.884563,40.486885],[-79.884556,40.486774],[-79.88536,40.486678],[-79.88580723759227,40.48662497698648],[-79.88469720403108,40.49023623426419]]]]}},{"type":"Feature","id":"882a840997fffff","properties":{"cell_id":"882a840997fffff","h3_res":8,"building_count":6,"poi_count_sum":0,"conn_dist_median_ft":12927.795543609507,"total_crossings_mean":10.166666666666666,"clipped_area_frac":0.6842158037135796,"clon":-79.887385,"clat":40.481493},"geometry":{"type":"Polygon","coordinates":[[[-79.88877678610199,40.4769622997769],[-79.89357811815549,40.48012257150249],[-79.89218625496255,40.48465340501304],[-79.88812912456663,40.48555096212482],[-79.888111,40.485197],[-79.888111,40.485176],[-79.888137,40.485002],[-79.8882,40.483948],[-79.888213,40.483682],[-79.884472,40.483274],[-79.883915,40.483214],[-79.883851,40.483209],[-79.883807,40.483212],[-79.883968,40.48233],[-79.884033,40.482025],[-79.884116,40.481629],[-79.884157,40.481435],[-79.884165,40.481397],[-79.884223,40.481123],[-79.88436,40.480493],[-79.884492,40.48007],[-79.884665,40.479312],[-79.884983,40.478813],[-79.885361,40.478592],[-79.886561,40.478184],[-79.88673865901585,40.47741315064601],[-79.88877678610199,40.4769622997769]]]}},{"type":"Feature","id":"882a8409b3fffff","properties":{"cell_id":"882a8409b3fffff","h3_res":8,"building_count":38,"poi_count_sum":5,"conn_dist_median_ft":7963.626954279458,"total_crossings_mean":3.0789473684210527,"clipped_area_frac":0.9999999999999999,"clon":-79.905964,"clat":40.477381},"geometry":{"type":"Polygon","coordinates":[[[-79.8997713007502,40.478751942174824],[-79.90116225269068,40.4742213709775],[-79.90735440745102,40.472850454983735],[-79.91215650851986,40.4760097802161],[-79.91076657189465,40.48054057047983],[-79.9045735188049,40.48191181648709],[-79.8997713007502,40.478751942174824]]]}},{"type":"Feature","id":"882a8409b1fffff","properties":{"cell_id":"882a8409b1fffff","h3_res":8,"building_count":20,"poi_count_sum":2,"conn_dist_median_ft":460.46010651079314,"total_crossings_mean":1.1,"clipped_area_frac":0.8478507238474855,"clon":-79.909376,"clat":40.485072},"geometry":{"type":"Polygon","coordinates":[[[-79.9045735188049,40.48191181648709],[-79.91076657189465,40.48054057047983],[-79.91556967570737,40.48370004714747],[-79.91417984366753,40.48823131891399],[-79.91326105122796,40.48843477445323],[-79.912585,40.488294],[-79.912483,40.488273],[-79.912312,40.488237],[-79.910694,40.4879],[-79.907511,40.487237],[-79.907474,40.487229],[-79.907352,40.4872],[-79.906923,40.487098],[-79.906574,40.487016],[-79.905497,40.48676],[-79.905354,40.486726],[-79.904623,40.486554],[-79.90324871873423,40.48622770156088],[-79.9045735188049,40.48191181648709]]]}},{"type":"Feature","id":"882a8409b7fffff","properties":{"cell_id":"882a8409b7fffff","h3_res":8,"building_count":517,"poi_count_sum":35,"conn_dist_median_ft":6361.431841945539,"total_crossings_mean":5.856866537717601,"clipped_area_frac":1.0,"clon":-79.916959,"clat":40.479169},"geometry":{"type":"Polygon","coordinates":[[[-79.91076657189465,40.48054057047983],[-79.91215650851986,40.4760097802161],[-79.9183485334776,40.47463824772496],[-79.92315151986818,40.47779717532659],[-79.92176259880351,40.48232818444305],[-79.91556967570737,40.48370004714747],[-79.91076657189465,40.48054057047983]]]}},{"type":"Feature","id":"882a847209fffff","properties":{"cell_id":"882a847209fffff","h3_res":8,"building_count":42,"poi_count_sum":5,"conn_dist_median_ft":1907.229002182914,"total_crossings_mean":0.0,"clipped_area_frac":0.24671291684678578,"clon":-79.866173,"clat":40.456631},"geometry":{"type":"Polygon","coordinates":[[[-79.86756695798884,40.45210159860574],[-79.87236439839602,40.45526181043073],[-79.8717624005377,40.457218868250436],[-79.871466,40.457143],[-79.868278,40.456351],[-79.865843,40.455745],[-79.865976,40.455097],[-79.866261,40.453705],[-79.866477,40.452766],[-79.86657589153995,40.452320664895254],[-79.86756695798884,40.45210159860574]]]}},{"type":"Feature","id":"882a847201fffff","properties":{"cell_id":"882a847201fffff","h3_res":8,"building_count":398,"poi_count_sum":5,"conn_dist_median_ft":3862.5857602400274,"total_crossings_mean":0.0,"clipped_area_frac":0.671884304164444,"clon":-79.873757,"clat":40.450733},"geometry":{"type":"Polygon","coordinates":[[[-79.87855501451493,40.453892786308714],[-79.87236439839602,40.45526181043073],[-79.86756695798884,40.45210159860574],[-79.8683991755119,40.44939659870935],[-79.86904,40.449389],[-79.869833,40.449389],[-79.870088,40.449388],[-79.870888,40.449388],[-79.870935,40.449388],[-79.871237,40.449388],[-79.871681,40.449387],[-79.872613,40.449375],[-79.872685,40.449367],[-79.873152,40.449413],[-79.873948,40.449485],[-79.874143,40.449502],[-79.874227,40.449511],[-79.874499,40.449538],[-79.876483,40.44974],[-79.876574,40.449748],[-79.877128,40.449803],[-79.877692,40.449858],[-79.877952,40.449884],[-79.878312,40.449922],[-79.878577,40.449883],[-79.879029,40.449798],[-79.879255,40.449756],[-79.8793,40.449747],[-79.879435,40.449721],[-79.879481,40.449713],[-79.879562,40.449697],[-79.879805,40.449653],[-79.8798615931903,40.44964264758714],[-79.87855501451493,40.453892786308714]]]}},{"type":"Feature","id":"882a84720bfffff","properties":{"cell_id":"882a84720bfffff","h3_res":8,"building_count":9,"poi_count_sum":0,"conn_dist_median_ft":167.13500041216767,"total_crossings_mean":0.0,"clipped_area_frac":0.03998738021964841,"clon":-79.86277,"clat":40.448941},"geometry":{"type":"Polygon","coordinates":[[[-79.86756695798884,40.45210159860574],[-79.86657589153995,40.452320664895254],[-79.86663,40.452077],[-79.866734,40.451341],[-79.866851,40.450776],[-79.866895,40.450568],[-79.866951,40.450298],[-79.86714,40.449392],[-79.867561,40.449389],[-79.868281,40.449398],[-79.8683991755119,40.44939659870935],[-79.86756695798884,40.45210159860574]]]}},{"type":"Feature","id":"882a847247fffff","properties":{"cell_id":"882a847247fffff","h3_res":8,"building_count":7,"poi_count_sum":1,"conn_dist_median_ft":9530.271614489036,"total_crossings_mean":10.0,"clipped_area_frac":0.01943589866473013,"clon":-79.869578,"clat":40.46432},"geometry":{"type":"Polygon","coordinates":[[[-79.87250748895958,40.46080280793363],[-79.872434,40.460835],[-79.872284,40.460884],[-79.872037,40.460955],[-79.871949,40.460981],[-79.871739,40.46103],[-79.871538,40.461077],[-79.871446,40.461094],[-79.871378,40.461108],[-79.871093,40.461154],[-79.870886,40.461173],[-79.870573,40.46119],[-79.870554,40.461188],[-79.870256,40.46117],[-79.870105,40.461147],[-79.86991,40.461119],[-79.869655,40.461073],[-79.869506,40.461046],[-79.869128,40.460978],[-79.869102,40.460973],[-79.869194,40.460632],[-79.869222,40.460526],[-79.870149,40.460675],[-79.870256,40.460692],[-79.870632,40.460752],[-79.871695,40.460565],[-79.87167372470968,40.46025367158496],[-79.87250748895958,40.46080280793363]]]}}]}