{"type":"FeatureCollection","features":[{"type":"Feature","id":null,"properties":{"network_id":"net_0","highway":"primary"},"geometry":{"type":"LineString","coordinates":[[-79.9255391,40.3796208],[-79.9263852,40.3779227],[-79.9266045,40.37743250000001],[-79.9267079,40.3771327],[-79.9267652,40.3769182],[-79.926772,40.37689270000002],[-79.9268096,40.37671739999999],[-79.9268304,40.37653829999999],[-79.9268496,40.3762957],[-79.9268304,40.3759858],[-79.9267929,40.37570629999999],[-79.9266095,40.3750433],[-79.92659420142341,40.37499748579019]]}},{"type":"Feature","id":null,"properties":{"network_id":"net_1","highway":"primary"},"geometry":{"type":"LineString","coordinates":[[-79.9255391,40.3796208],[-79.9258127,40.37979649999999],[-79.9268963,40.380768999999994],[-79.9276687,40.3813738],[-79.9288787,40.38226259999999],[-79.9293159,40.3825915],[-79.9296244,40.38279989999999],[-79.9298711,40.382944999999985],[-79.9304612,40.383261700000006]]}},{"type":"Feature","id":null,"properties":{"network_id":"net_2","highway":"primary"},"geometry":{"type":"LineString","coordinates":[[-79.9304612,40.383261700000006],[-79.9305684,40.383322500000006]]}},{"type":"Feature","id":null,"properties":{"network_id":"net_3","highway":"primary"},"geometry":{"type":"LineString","coordinates":[[-79.9305684,40.383322500000006],[-79.9308287,40.383470100000004]]}},{"type":"Feature","id":null,"properties":{"network_id":"net_4","highway":"primary"},"geometry":{"type":"LineString","coordinates":[[-79.9308287,40.383470100000004],[-79.9314134,40.383817400000005]]}},{"type":"Feature","id":null,"properties":{"network_id":"net_5","highway":"primary"},"geometry":{"type":"LineString","coordinates":[[-79.931805,40.383956299999994],[-79.9314751,40.383794899999984],[-79.9308287,40.383470100000004]]}},{"type":"Feature","id":null,"properties":{"network_id":"net_6","highway":"primary"},"geometry":{"type":"LineString","coordinates":[[-79.9314134,40.383817400000005],[-79.9318747,40.38406670000003]]}},{"type":"Feature","id":null,"properties":{"network_id":"net_7","highway":"primary"},"geometry":{"type":"LineString","coordinates":[[-79.9332427,40.384953399999986],[-79.9330737,40.3847593],[-79.9328886,40.38458969999999],[-79.9326445,40.384416],[-79.9323951,40.384277100000006],[-79.931805,40.383956299999994]]}},{"type":"Feature","id":null,"properties":{"network_id":"net_8","highway":"primary"},"geometry":{"type":"LineString","coordinates":[[-79.9318747,40.38406670000003],[-79.9322288,40.38426480000002],[-79.9325077,40.384416],[-79.9326821,40.38453040000001],[-79.9328752,40.38466939999999],[-79.9329798,40.3847654],[-79.9330817,40.384883900000005],[-79.9332185,40.38506159999999]]}},{"type":"Feature","id":null,"properties":{"network_id":"net_9","highway":"primary"},"geometry":{"type":"LineString","coordinates":[[-79.9335518,40.38708789999999],[-79.933586,40.386436599999996],[-79.9335913,40.38590540000001],[-79.9335699,40.3857093],[-79.9335189,40.38549480000001],[-79.9334519,40.38532719999999],[-79.9333499,40.38511680000002],[-79.9332427,40.384953399999986]]}},{"type":"Feature","id":null,"properties":{"network_id":"net_10","highway":"primary"},"geometry":{"type":"LineString","coordinates":[[-79.908251,40.36472139999999],[-79.9082094,40.364657599999994],[-79.9080846,40.36442409999999],[-79.9079244,40.3640772],[-79.9079076,40.36403129999999],[-79.9077928,40.36371760000001],[-79.9077447,40.36355859999998],[-79.9077294,40.3634906],[-79.90770180000001,40.36336799999998],[-79.9076664,40.363176599999996],[-79.9076407,40.3630375],[-79.907629,40.362933999999996],[-79.9076146,40.362807200000006],[-79.9076032,40.3627064],[-79.90759721713688,40.3623473389166]]}},{"type":"Feature","id":null,"properties":{"network_id":"net_11","highway":"primary"},"geometry":{"type":"LineString","coordinates":[[-79.9082929,40.364785600000005],[-79.908251,40.36472139999999]]}},{"type":"Feature","id":null,"properties":{"network_id":"net_12","highway":"primary"},"geometry":{"type":"LineString","coordinates":[[-79.9084756,40.365065799999996],[-79.9082929,40.364785600000005]]}},{"type":"Feature","id":null,"properties":{"network_id":"net_13","highway":"primary"},"geometry":{"type":"LineString","coordinates":[[-79.9084756,40.365065799999996],[-79.90862850000002,40.3652743],[-79.9088866,40.3655703],[-79.9091984,40.36592780000001],[-79.9093587,40.3661168],[-79.9097711,40.36670740000002]]}},{"type":"Feature","id":null,"properties":{"network_id":"net_14","highway":"primary"},"geometry":{"type":"LineString","coordinates":[[-79.9097711,40.36670740000002],[-79.9100695,40.367147400000015],[-79.9101204,40.36722240000001],[-79.9103075,40.3675121],[-79.9103806,40.367681700000006],[-79.9104259,40.3678346],[-79.9104372,40.3679608],[-79.9104242,40.3680669],[-79.910392,40.368195599999986],[-79.9103493,40.36830820000001],[-79.9102666,40.368529800000005],[-79.9102651,40.368535200000025],[-79.9102338,40.3686508],[-79.910217,40.3687607],[-79.9102151,40.36880409999999],[-79.9102143,40.368869499999995],[-79.9102358,40.369012000000005],[-79.910274,40.36911010000001],[-79.9103323,40.3691822],[-79.9104054,40.3692486],[-79.91049590000002,40.3692982],[-79.9105603,40.369324199999994],[-79.9106576,40.3693513],[-79.9108239,40.36937779999999],[-79.9113543,40.369441699999996],[-79.9121227,40.36954130000001],[-79.912563,40.3696107],[-79.9126122,40.36961850000001],[-79.9127913,40.369667],[-79.9130198,40.36975000000001]]}},{"type":"Feature","id":null,"properties":{"network_id":"net_15","highway":"primary"},"geometry":{"type":"LineString","coordinates":[[-79.9170754,40.3721503],[-79.9165128,40.37183870000001],[-79.9161487,40.3716666],[-79.9154507,40.3713432],[-79.9152415,40.371236399999994],[-79.9150604,40.3711322],[-79.9150381,40.37111670000001],[-79.9149941,40.37108619999999],[-79.9149276,40.37104019999999],[-79.9148683,40.37099909999999],[-79.9147265,40.370900800000015],[-79.9144301,40.37068360000001],[-79.9137562,40.37018960000001],[-79.9136521,40.37011519999999],[-79.9134719,40.369986299999994],[-79.9133208,40.369894699999996],[-79.9132808,40.369868799999985],[-79.9131642,40.369806400000016],[-79.9131292,40.36978760000001],[-79.9130198,40.36975000000001]]}},{"type":"Feature","id":null,"properties":{"network_id":"net_16","highway":"primary"},"geometry":{"type":"LineString","coordinates":[[-79.9255391,40.3796208],[-79.9252763,40.3795104],[-79.9248565,40.37935260000001],[-79.92379370000002,40.378990999999985],[-79.9236307,40.3789332],[-79.923392,40.3788346],[-79.9222849,40.37836670000001],[-79.9219222,40.37818180000001],[-79.921603,40.37798920000002],[-79.9212905,40.37778589999999],[-79.9210706,40.377608699999996],[-79.9209405,40.3774749],[-79.9208627,40.377361999999984],[-79.9207836,40.37721790000002],[-79.9207225,40.37707539999999],[-79.9206783,40.37690530000001],[-79.92063,40.376700999999976],[-79.9206112,40.37651139999998],[-79.9206065,40.3763454],[-79.9206119,40.376162],[-79.9206434,40.375994500000004],[-79.9206964,40.3757013],[-79.9207091,40.37558119999999],[-79.9207185,40.375479],[-79.9207132,40.37533750000001],[-79.9206971,40.3752313],[-79.9206495,40.37504279999999],[-79.9205442,40.3747056],[-79.9204114,40.374395],[-79.9203316,40.3742535],[-79.9202505,40.3741364],[-79.9201854,40.374042599999996],[-79.92009420000001,40.37395319999999],[-79.9199695,40.37386479999999],[-79.9198408,40.3737805],[-79.9196255,40.37364720000001],[-79.9191842,40.37338689999999],[-79.9187826,40.373150099999975],[-79.9184187,40.37293520000001],[-79.9176186,40.372462500000005],[-79.9171933,40.372218],[-79.9170754,40.3721503]]}},{"type":"Feature","id":null,"properties":{"network_id":"net_17","highway":"primary"},"geometry":{"type":"LineString","coordinates":[[-79.9196834,40.41157699999999],[-79.91857399343435,40.41075524621349]]}},{"type":"Feature","id":null,"properties":{"network_id":"net_18","highway":"primary"},"geometry":{"type":"LineString","coordinates":[[-79.9207276,40.412364399999994],[-79.9196834,40.41157699999999]]}},{"type":"Feature","id":null,"properties":{"network_id":"net_19","highway":"primary"},"geometry":{"type":"LineString","coordinates":[[-79.9212559,40.412737],[-79.9207276,40.412364399999994]]}},{"type":"Feature","id":null,"properties":{"network_id":"net_20","highway":"primary"},"geometry":{"type":"LineString","coordinates":[[-79.9332185,40.38506159999999],[-79.9333097,40.38520869999999],[-79.9333902,40.38537219999999],[-79.9334411,40.385496800000006],[-79.9334867,40.38568480000001],[-79.9335055,40.3858462],[-79.9335082,40.38604839999999],[-79.9334814,40.3864325],[-79.9333553,40.38736619999999],[-79.9333124,40.38777879999999],[-79.9332963,40.388071000000004],[-79.9333017,40.3885204],[-79.9333526,40.38977690000002]]}},{"type":"Feature","id":null,"properties":{"network_id":"net_21","highway":"primary"},"geometry":{"type":"LineString","coordinates":[[-79.9335296,40.387899399999995],[-79.9335243,40.38770119999998],[-79.9335323,40.387460099999984],[-79.9335518,40.38708789999999]]}},{"type":"Feature","id":null,"properties":{"network_id":"net_22","highway":"primary"},"geometry":{"type":"LineString","coordinates":[[-79.93404460000001,40.389517399999974],[-79.933763,40.38878810000001],[-79.9336941,40.38860110000001],[-79.933653,40.38848980000001],[-79.9335806,40.388236499999984],[-79.9335457,40.388062800000014],[-79.9335296,40.387899399999995]]}},{"type":"Feature","id":null,"properties":{"network_id":"net_23","highway":"primary"},"geometry":{"type":"LineString","coordinates":[[-79.9341734,40.389866700000006],[-79.93404460000001,40.389517399999974]]}},{"type":"Feature","id":null,"properties":{"network_id":"net_24","highway":"primary"},"geometry":{"type":"LineString","coordinates":[[-79.9333526,40.38977690000002],[-79.9333768,40.39015069999999]]}},{"type":"Feature","id":null,"properties":{"network_id":"net_25","highway":"primary"},"geometry":{"type":"LineString","coordinates":[[-79.9333768,40.39015069999999],[-79.9333929,40.3903448],[-79.9334224,40.3904857],[-79.9334626,40.39060010000003],[-79.9335243,40.390714499999994],[-79.93360740000001,40.390837100000006],[-79.9337228,40.390967899999985],[-79.9343171,40.3915238]]}},{"type":"Feature","id":null,"properties":{"network_id":"net_26","highway":"primary"},"geometry":{"type":"LineString","coordinates":[[-79.93408760000001,40.3925991],[-79.9328554,40.392802900000014]]}},{"type":"Feature","id":null,"properties":{"network_id":"net_27","highway":"primary"},"geometry":{"type":"LineString","coordinates":[[-79.9328511,40.392887100000024],[-79.9332038,40.3928289]]}},{"type":"Feature","id":null,"properties":{"network_id":"net_28","highway":"primary"},"geometry":{"type":"LineString","coordinates":[[-79.93249481577338,40.39293913141571],[-79.9325158,40.3929351],[-79.9328511,40.392887100000024]]}},{"type":"Feature","id":null,"properties":{"network_id":"net_29","highway":"primary"},"geometry":{"type":"LineString","coordinates":[[-79.9328554,40.392802900000014],[-79.93248727450785,40.39286212627633]]}},{"type":"Feature","id":null,"properties":{"network_id":"net_30","highway":"primary"},"geometry":{"type":"LineString","coordinates":[[-79.9346669,40.391211],[-79.9346025,40.39100259999999],[-79.9344711,40.39065119999999],[-79.9341734,40.389866700000006]]}},{"type":"Feature","id":null,"properties":{"network_id":"net_31","highway":"primary"},"geometry":{"type":"LineString","coordinates":[[-79.9346999,40.39138239999998],[-79.9346669,40.391211]]}},{"type":"Feature","id":null,"properties":{"network_id":"net_32","highway":"primary"},"geometry":{"type":"LineString","coordinates":[[-79.9343171,40.3915238],[-79.9344685,40.3916849]]}},{"type":"Feature","id":null,"properties":{"network_id":"net_33","highway":"primary"},"geometry":{"type":"LineString","coordinates":[[-79.9344685,40.3916849],[-79.9345413,40.39177690000002],[-79.9345999,40.391881000000005]]}},{"type":"Feature","id":null,"properties":{"network_id":"net_34","highway":"primary"},"geometry":{"type":"LineString","coordinates":[[-79.9345999,40.391881000000005],[-79.934632,40.39205260000001],[-79.9346159,40.392193600000006],[-79.93458110000002,40.39228960000002],[-79.9345631,40.39231310000001]]}},{"type":"Feature","id":null,"properties":{"network_id":"net_35","highway":"primary"},"geometry":{"type":"LineString","coordinates":[[-79.9348882,40.392817600000015],[-79.9347554,40.3917196],[-79.9346999,40.39138239999998]]}},{"type":"Feature","id":null,"properties":{"network_id":"net_36","highway":"primary"},"geometry":{"type":"LineString","coordinates":[[-79.9345999,40.391881000000005],[-79.9346655,40.39204029999999],[-79.9346977,40.3921803],[-79.9347474,40.3925633],[-79.9347842,40.392851199999996]]}},{"type":"Feature","id":null,"properties":{"network_id":"net_37","highway":"primary"},"geometry":{"type":"LineString","coordinates":[[-79.9345631,40.39231310000001],[-79.934531,40.3923547],[-79.9345167,40.392373300000024],[-79.9344282,40.39244889999999],[-79.9343343,40.39250000000001],[-79.9342364,40.392555200000004],[-79.93408760000001,40.3925991]]}},{"type":"Feature","id":null,"properties":{"network_id":"net_38","highway":"primary"},"geometry":{"type":"LineString","coordinates":[[-79.9349131,40.39300959999999],[-79.9348882,40.392817600000015]]}},{"type":"Feature","id":null,"properties":{"network_id":"net_39","highway":"primary"},"geometry":{"type":"LineString","coordinates":[[-79.9347842,40.392851199999996],[-79.9348118,40.39305869999998]]}},{"type":"Feature","id":null,"properties":{"network_id":"net_40","highway":"primary"},"geometry":{"type":"LineString","coordinates":[[-79.9348118,40.39305869999998],[-79.934832,40.39320850000001]]}},{"type":"Feature","id":null,"properties":{"network_id":"net_41","highway":"primary"},"geometry":{"type":"LineString","coordinates":[[-79.9349874,40.393508100000005],[-79.9349131,40.39300959999999]]}},{"type":"Feature","id":null,"properties":{"network_id":"net_42","highway":"primary"},"geometry":{"type":"LineString","coordinates":[[-79.934832,40.39320850000001],[-79.934875,40.39351739999997]]}},{"type":"Feature","id":null,"properties":{"network_id":"net_43","highway":"primary"},"geometry":{"type":"LineString","coordinates":[[-79.9368529,40.39427320000001],[-79.9363513,40.3941996],[-79.9356835,40.394074999999994],[-79.9352704,40.39396669999999],[-79.9350558,40.39388499999998],[-79.9348573,40.393780800000016],[-79.9346401,40.39363380000003],[-79.9343906,40.3934213],[-79.9342324,40.39327010000002],[-79.9340044,40.3930352]]}},{"type":"Feature","id":null,"properties":{"network_id":"net_44","highway":"primary"},"geometry":{"type":"LineString","coordinates":[[-79.9348144,40.39387689999998],[-79.935088,40.39399739999998],[-79.9353482,40.39408729999998],[-79.9356164,40.39414650000001],[-79.9358954,40.394183300000016],[-79.9368529,40.39427320000001]]}},{"type":"Feature","id":null,"properties":{"network_id":"net_45","highway":"primary"},"geometry":{"type":"LineString","coordinates":[[-79.9358311,40.39971009999999],[-79.9357794,40.39957770000001],[-79.9357443,40.399381],[-79.935713,40.3991646],[-79.9356075,40.398365899999995],[-79.9353829,40.3965537],[-79.935201,40.395220200000004],[-79.9349874,40.393508100000005]]}},{"type":"Feature","id":null,"properties":{"network_id":"net_46","highway":"primary"},"geometry":{"type":"LineString","coordinates":[[-79.934875,40.39351739999997],[-79.9351004,40.395249200000016],[-79.93523170000002,40.39622929999999],[-79.935506,40.398369400000014],[-79.9355428,40.3986453],[-79.935611,40.39915969999999],[-79.9356397,40.399392199999994],[-79.9356727,40.3995801],[-79.9357223,40.399718]]}},{"type":"Feature","id":null,"properties":{"network_id":"net_47","highway":"primary"},"geometry":{"type":"LineString","coordinates":[[-79.9357223,40.399718],[-79.9357639,40.3997894],[-79.9358363,40.399870099999994],[-79.935941,40.3999518],[-79.9360885,40.400013099999995],[-79.9362816,40.400043800000006],[-79.9365632,40.4000662],[-79.9369569,40.40008710000001]]}},{"type":"Feature","id":null,"properties":{"network_id":"net_48","highway":"primary"},"geometry":{"type":"LineString","coordinates":[[-79.9378654,40.40016529999996],[-79.9376504,40.400065599999984],[-79.9374925,40.4000371],[-79.9373519,40.4000227],[-79.936505,40.39997840000001],[-79.9363644,40.39996590000001],[-79.9362224,40.3999484],[-79.9360931,40.3999127],[-79.9359676,40.399850400000005],[-79.9358812,40.39978239999999],[-79.9358311,40.39971009999999]]}},{"type":"Feature","id":null,"properties":{"network_id":"net_49","highway":"primary"},"geometry":{"type":"LineString","coordinates":[[-79.9369569,40.40008710000001],[-79.9373706,40.400109099999995],[-79.9376227,40.400139799999984],[-79.9378654,40.40016529999996]]}},{"type":"Feature","id":null,"properties":{"network_id":"net_50","highway":"primary"},"geometry":{"type":"LineString","coordinates":[[-79.9255627,40.41624339999999],[-79.9254312,40.41609320000001],[-79.9254255,40.4160867],[-79.9252568,40.41590239999999]]}},{"type":"Feature","id":null,"properties":{"network_id":"net_51","highway":"primary"},"geometry":{"type":"LineString","coordinates":[[-79.925907,40.416945500000004],[-79.9258847,40.416789100000024],[-79.92584600000002,40.416650799999985],[-79.9258043,40.41654419999999],[-79.9257343,40.41640590000001],[-79.9256792,40.4163231],[-79.9255627,40.41624339999999]]}},{"type":"Feature","id":null,"properties":{"network_id":"net_52","highway":"primary"},"geometry":{"type":"LineString","coordinates":[[-79.9255627,40.41624339999999],[-79.9255671,40.41629840000002],[-79.9255733,40.41637690000001],[-79.9256582,40.416511799999995],[-79.9256933,40.41659199999999],[-79.92571,40.41663039999998],[-79.9257162,40.41664449999998],[-79.9257624,40.416797499999994],[-79.92578770000001,40.416988],[-79.925819,40.4172076],[-79.925912,40.4173429]]}},{"type":"Feature","id":null,"properties":{"network_id":"net_53","highway":"primary"},"geometry":{"type":"LineString","coordinates":[[-79.925912,40.4173429],[-79.9259377,40.417209599999985],[-79.925907,40.416945500000004]]}},{"type":"Feature","id":null,"properties":{"network_id":"net_54","highway":"primary"},"geometry":{"type":"LineString","coordinates":[[-79.9267668,40.4188849],[-79.9264793,40.418572],[-79.926323,40.418394000000006],[-79.9261949,40.41822280000002],[-79.9260743,40.41799720000001],[-79.9259909,40.41778970000001],[-79.9259403,40.417578799999994],[-79.925912,40.4173429]]}},{"type":"Feature","id":null,"properties":{"network_id":"net_55","highway":"primary"},"geometry":{"type":"LineString","coordinates":[[-79.9269678,40.41914789999999],[-79.9269023,40.41905379999999],[-79.9267668,40.4188849]]}},{"type":"Feature","id":null,"properties":{"network_id":"net_56","highway":"primary"},"geometry":{"type":"LineString","coordinates":[[-79.9271582,40.4196206],[-79.9270974,40.4194104],[-79.9270839,40.419363900000015],[-79.9270368,40.41926749999999],[-79.9269678,40.41914789999999]]}},{"type":"Feature","id":null,"properties":{"network_id":"net_57","highway":"primary"},"geometry":{"type":"LineString","coordinates":[[-79.9271582,40.4196206],[-79.9271801,40.41969020000001],[-79.92751,40.4210343]]}},{"type":"Feature","id":null,"properties":{"network_id":"net_58","highway":"primary"},"geometry":{"type":"LineString","coordinates":[[-79.92751,40.4210343],[-79.9277231,40.42191390000001],[-79.9277395,40.42204319999999],[-79.9277458,40.4221062]]}},{"type":"Feature","id":null,"properties":{"network_id":"net_59","highway":"primary"},"geometry":{"type":"LineString","coordinates":[[-79.9277458,40.4221062],[-79.9277499,40.422265399999986],[-79.9277395,40.4224321],[-79.9277032,40.422622399999995],[-79.9275938,40.42299669999999],[-79.9275797,40.42305080000001]]}},{"type":"Feature","id":null,"properties":{"network_id":"net_60","highway":"primary"},"geometry":{"type":"LineString","coordinates":[[-79.9221416,40.413384199999996],[-79.9212559,40.412737]]}},{"type":"Feature","id":null,"properties":{"network_id":"net_61","highway":"primary"},"geometry":{"type":"LineString","coordinates":[[-79.9227087,40.41377620000001],[-79.9225168,40.413648399999985],[-79.9221416,40.413384199999996]]}},{"type":"Feature","id":null,"properties":{"network_id":"net_62","highway":"primary"},"geometry":{"type":"LineString","coordinates":[[-79.9234661,40.4143078],[-79.9232636,40.4141559],[-79.923133,40.41406830000001],[-79.9228596,40.4138845],[-79.9227087,40.41377620000001]]}},{"type":"Feature","id":null,"properties":{"network_id":"net_63","highway":"primary"},"geometry":{"type":"LineString","coordinates":[[-79.9241598,40.414794900000004],[-79.9239933,40.41468249999999],[-79.9234661,40.4143078]]}},{"type":"Feature","id":null,"properties":{"network_id":"net_64","highway":"primary"},"geometry":{"type":"LineString","coordinates":[[-79.9248277,40.4154155],[-79.9247296,40.4152953],[-79.9247197,40.415283300000006],[-79.924695,40.415255200000026],[-79.9245726,40.415119600000004],[-79.9244788,40.4150243],[-79.9243447,40.414922300000015],[-79.9241598,40.414794900000004]]}},{"type":"Feature","id":null,"properties":{"network_id":"net_65","highway":"primary"},"geometry":{"type":"LineString","coordinates":[[-79.9252568,40.41590239999999],[-79.924921,40.4155175],[-79.9249006,40.4154949],[-79.9248912,40.41548460000001],[-79.9248277,40.4154155]]}},{"type":"Feature","id":null,"properties":{"network_id":"net_66","highway":"primary"},"geometry":{"type":"LineString","coordinates":[[-79.9256935,40.42541940000002],[-79.9248596,40.42538040000001],[-79.9239538,40.425338100000005],[-79.9238754,40.42533439999998]]}},{"type":"Feature","id":null,"properties":{"network_id":"net_67","highway":"primary"},"geometry":{"type":"LineString","coordinates":[[-79.9238754,40.42533439999998],[-79.9238456,40.425404599999986],[-79.9236967,40.42574449999999],[-79.9234829,40.426235],[-79.9233204,40.426607999999995],[-79.9232435,40.4267844],[-79.92310450000001,40.4270893],[-79.9229835,40.42738109999999],[-79.9228811,40.427588700000015],[-79.9228607,40.42763009999999],[-79.9227894,40.427697099999996],[-79.9227016,40.427775100000005],[-79.9225414,40.42791720000001],[-79.9222813,40.4281608],[-79.9220312,40.4283952]]}},{"type":"Feature","id":null,"properties":{"network_id":"net_68","highway":"primary"},"geometry":{"type":"LineString","coordinates":[[-79.9220312,40.4283952],[-79.9216683,40.4287316],[-79.9212521,40.42911879999998],[-79.9211932,40.4291703]]}},{"type":"Feature","id":null,"properties":{"network_id":"net_69","highway":"primary"},"geometry":{"type":"LineString","coordinates":[[-79.92458980000002,40.4291243],[-79.9248483,40.4290121],[-79.9252106,40.428856199999984]]}},{"type":"Feature","id":null,"properties":{"network_id":"net_70","highway":"primary"},"geometry":{"type":"LineString","coordinates":[[-79.9275797,40.42305080000001],[-79.9275652,40.4230921],[-79.9273613,40.4237269],[-79.927297,40.42392649999999],[-79.9270216,40.4247845]]}},{"type":"Feature","id":null,"properties":{"network_id":"net_71","highway":"primary"},"geometry":{"type":"LineString","coordinates":[[-79.9270216,40.4247845],[-79.9269705,40.424962]]}},{"type":"Feature","id":null,"properties":{"network_id":"net_72","highway":"primary"},"geometry":{"type":"LineString","coordinates":[[-79.9269705,40.424962],[-79.9268557,40.4251166],[-79.9267106,40.42536940000001]]}},{"type":"Feature","id":null,"properties":{"network_id":"net_73","highway":"primary"},"geometry":{"type":"LineString","coordinates":[[-79.9267768,40.42560309999997],[-79.9268216,40.425486700000015],[-79.9268283,40.425469200000016],[-79.926961,40.42507120000001],[-79.9269705,40.424962]]}},{"type":"Feature","id":null,"properties":{"network_id":"net_74","highway":"primary"},"geometry":{"type":"LineString","coordinates":[[-79.9263189,40.42552280000001],[-79.9262993,40.425519200000004],[-79.925812,40.4254296],[-79.9256935,40.42541940000002]]}},{"type":"Feature","id":null,"properties":{"network_id":"net_75","highway":"primary"},"geometry":{"type":"LineString","coordinates":[[-79.9267106,40.42536940000001],[-79.9266907,40.425427000000006],[-79.9266498,40.425581300000005]]}},{"type":"Feature","id":null,"properties":{"network_id":"net_76","highway":"primary"},"geometry":{"type":"LineString","coordinates":[[-79.9263189,40.42552280000001],[-79.9265869,40.4255702],[-79.9266498,40.425581300000005]]}},{"type":"Feature","id":null,"properties":{"network_id":"net_77","highway":"primary"},"geometry":{"type":"LineString","coordinates":[[-79.9266498,40.425581300000005],[-79.9267128,40.425592300000005],[-79.9267768,40.42560309999997]]}},{"type":"Feature","id":null,"properties":{"network_id":"net_78","highway":"primary"},"geometry":{"type":"LineString","coordinates":[[-79.9266498,40.425581300000005],[-79.9266412,40.4256356],[-79.92650540000001,40.42605169999999]]}},{"type":"Feature","id":null,"properties":{"network_id":"net_79","highway":"primary"},"geometry":{"type":"LineString","coordinates":[[-79.9266929,40.426356999999996],[-79.9266576,40.42624940000001],[-79.9266469,40.42614369999999],[-79.9266462,40.42604010000002],[-79.92665690000001,40.4259405],[-79.9266868,40.42584540000001],[-79.9267768,40.42560309999997]]}},{"type":"Feature","id":null,"properties":{"network_id":"net_80","highway":"primary"},"geometry":{"type":"LineString","coordinates":[[-79.9270318,40.4267654],[-79.9269726,40.4267172],[-79.9269453,40.42669500000001],[-79.9268635,40.42661839999999],[-79.9267897,40.4265306],[-79.926728,40.426437700000015],[-79.9266929,40.426356999999996]]}},{"type":"Feature","id":null,"properties":{"network_id":"net_81","highway":"primary"},"geometry":{"type":"LineString","coordinates":[[-79.92650540000001,40.42605169999999],[-79.92645640000002,40.426201800000015],[-79.9264457,40.42626059999998],[-79.9264437,40.4263173],[-79.9264504,40.4263724],[-79.9264645,40.426425499999986],[-79.9264873,40.42648160000001],[-79.9265188,40.42653880000002],[-79.926555,40.42659139999999],[-79.9265966,40.42664039999999],[-79.9266435,40.4266817],[-79.9270349,40.426974],[-79.9278333,40.427570200000005]]}},{"type":"Feature","id":null,"properties":{"network_id":"net_82","highway":"primary"},"geometry":{"type":"LineString","coordinates":[[-79.9277388,40.427195999999995],[-79.9275511,40.42706150000002],[-79.9275069,40.427036299999976],[-79.9270318,40.4267654]]}},{"type":"Feature","id":null,"properties":{"network_id":"net_83","highway":"primary"},"geometry":{"type":"LineString","coordinates":[[-79.9279387,40.427602900000004],[-79.927972,40.427587899999985],[-79.9280786,40.42753989999999]]}},{"type":"Feature","id":null,"properties":{"network_id":"net_84","highway":"primary"},"geometry":{"type":"LineString","coordinates":[[-79.9278333,40.427570200000005],[-79.9279606,40.42766529999999]]}},{"type":"Feature","id":null,"properties":{"network_id":"net_85","highway":"primary"},"geometry":{"type":"LineString","coordinates":[[-79.927849,40.4276433],[-79.9279387,40.427602900000004]]}},{"type":"Feature","id":null,"properties":{"network_id":"net_86","highway":"primary"},"geometry":{"type":"LineString","coordinates":[[-79.9296116,40.4281434],[-79.9291949,40.42806149999999],[-79.9291059,40.4280391],[-79.9290199,40.428010499999985],[-79.9289301,40.427975299999986],[-79.9288497,40.427937799999995],[-79.9287762,40.427898000000006],[-79.9287067,40.42785539999999],[-79.9277388,40.427195999999995]]}},{"type":"Feature","id":null,"properties":{"network_id":"net_87","highway":"primary"},"geometry":{"type":"LineString","coordinates":[[-79.9274234,40.4278349],[-79.927849,40.4276433]]}},{"type":"Feature","id":null,"properties":{"network_id":"net_88","highway":"primary"},"geometry":{"type":"LineString","coordinates":[[-79.9270497,40.42800320000001],[-79.9274234,40.4278349]]}},{"type":"Feature","id":null,"properties":{"network_id":"net_89","highway":"primary"},"geometry":{"type":"LineString","coordinates":[[-79.9279606,40.42766529999999],[-79.9285583,40.42811150000001],[-79.9286319,40.428166500000025],[-79.9287149,40.428221500000014],[-79.9288007,40.42827019999999],[-79.9289241,40.428333900000005]]}},{"type":"Feature","id":null,"properties":{"network_id":"net_90","highway":"primary"},"geometry":{"type":"LineString","coordinates":[[-79.9266156,40.42819860000001],[-79.9270497,40.42800320000001]]}},{"type":"Feature","id":null,"properties":{"network_id":"net_91","highway":"primary"},"geometry":{"type":"LineString","coordinates":[[-79.934502,40.428104999999995],[-79.9341443,40.42817750000001]]}},{"type":"Feature","id":null,"properties":{"network_id":"net_92","highway":"primary"},"geometry":{"type":"LineString","coordinates":[[-79.9301247,40.42826490000002],[-79.9296116,40.4281434]]}},{"type":"Feature","id":null,"properties":{"network_id":"net_93","highway":"primary"},"geometry":{"type":"LineString","coordinates":[[-79.9341443,40.42817750000001],[-79.9338387,40.4282427],[-79.9336092,40.4282758],[-79.9333829,40.4282892],[-79.9318587,40.4283297],[-79.9317612,40.42833230000001]]}},{"type":"Feature","id":null,"properties":{"network_id":"net_94","highway":"primary"},"geometry":{"type":"LineString","coordinates":[[-79.9261606,40.428403399999986],[-79.9266156,40.42819860000001]]}},{"type":"Feature","id":null,"properties":{"network_id":"net_95","highway":"primary"},"geometry":{"type":"LineString","coordinates":[[-79.9317612,40.42833230000001],[-79.9309593,40.4283509],[-79.9308217,40.4283509],[-79.9306943,40.4283453],[-79.9305663,40.4283345],[-79.93044560000001,40.428319200000004],[-79.9303135,40.428298299999994],[-79.9301247,40.42826490000002]]}},{"type":"Feature","id":null,"properties":{"network_id":"net_96","highway":"primary"},"geometry":{"type":"LineString","coordinates":[[-79.93092340000001,40.42843740000001],[-79.9312067,40.42840189999998],[-79.9317612,40.42833230000001]]}},{"type":"Feature","id":null,"properties":{"network_id":"net_97","highway":"primary"},"geometry":{"type":"LineString","coordinates":[[-79.9289241,40.428333900000005],[-79.9290481,40.4283804],[-79.929136,40.42840799999998],[-79.9292255,40.42843229999999],[-79.929317,40.4284524]]}},{"type":"Feature","id":null,"properties":{"network_id":"net_98","highway":"primary"},"geometry":{"type":"LineString","coordinates":[[-79.9298535,40.4284918],[-79.93092340000001,40.42843740000001]]}},{"type":"Feature","id":null,"properties":{"network_id":"net_99","highway":"primary"},"geometry":{"type":"LineString","coordinates":[[-79.929317,40.4284524],[-79.9294216,40.42847039999998],[-79.9295385,40.42848549999999],[-79.929644,40.4284926],[-79.9297478,40.428494300000004],[-79.9298535,40.4284918]]}},{"type":"Feature","id":null,"properties":{"network_id":"net_100","highway":"primary"},"geometry":{"type":"LineString","coordinates":[[-79.9388025,40.4006585],[-79.9387573,40.40063140000001],[-79.9382825,40.40034610000001],[-79.9380912,40.400250099999994],[-79.9378654,40.40016529999996]]}},{"type":"Feature","id":null,"properties":{"network_id":"net_101","highway":"primary"},"geometry":{"type":"LineString","coordinates":[[-79.9394137,40.401013899999995],[-79.9393635,40.4009829],[-79.9391023,40.4008219],[-79.9388025,40.4006585]]}},{"type":"Feature","id":null,"properties":{"network_id":"net_102","highway":"primary"},"geometry":{"type":"LineString","coordinates":[[-79.9368529,40.39427320000001],[-79.93859385138454,40.39445507115343]]}},{"type":"Feature","id":null,"properties":{"network_id":"net_103","highway":"primary"},"geometry":{"type":"LineString","coordinates":[[-79.95532848306917,40.41053497662569],[-79.9555266,40.411034500000014]]}},{"type":"Feature","id":null,"properties":{"network_id":"net_104","highway":"primary"},"geometry":{"type":"LineString","coordinates":[[-79.9429824,40.406085999999995],[-79.9429677,40.406035599999996],[-79.9429035,40.4058162],[-79.9426467,40.40492099999999],[-79.9425732,40.40463129999999],[-79.9425619,40.40458679999999],[-79.9423608,40.40387],[-79.9423053,40.403694],[-79.9422875,40.40365309999999],[-79.9422501,40.40356709999999],[-79.9422002,40.40344339999999],[-79.9421267,40.4032852],[-79.9420405,40.40312620000001],[-79.9419633,40.40299970000001],[-79.9419003,40.40290250000003],[-79.9417973,40.4027671],[-79.9415904,40.40251550000001],[-79.9414873,40.40240469999999],[-79.9413765,40.40229480000001],[-79.9412513,40.40218219999999],[-79.9410771,40.4020363],[-79.9408567,40.40186509999999],[-79.9406289,40.40172719999999],[-79.9405323,40.4016691],[-79.9399671,40.4013348],[-79.9394763,40.40105019999999],[-79.9394137,40.401013899999995]]}},{"type":"Feature","id":null,"properties":{"network_id":"net_105","highway":"primary"},"geometry":{"type":"LineString","coordinates":[[-79.943266,40.4070995],[-79.9432497,40.40704409999999],[-79.943221,40.4069196],[-79.9429824,40.406085999999995]]}},{"type":"Feature","id":null,"properties":{"network_id":"net_106","highway":"primary"},"geometry":{"type":"LineString","coordinates":[[-79.94472270000001,40.4113131],[-79.9446959,40.41126190000001],[-79.9443565,40.41061540000002],[-79.9443075,40.41052000000001],[-79.9442569,40.41042610000001],[-79.944197,40.410290999999994],[-79.9441082,40.4100379],[-79.9440905,40.4099876],[-79.9440744,40.40993629999999],[-79.9439985,40.4096931],[-79.9439803,40.4096347],[-79.9439047,40.40935],[-79.9438758,40.4092412],[-79.943851,40.40914779999999],[-79.94383300000001,40.409091400000015],[-79.9437117,40.40865100000001],[-79.9436931,40.4085794],[-79.9436786,40.4085318],[-79.9435524,40.4080834],[-79.9435112,40.407928400000024],[-79.9434956,40.40786969999998],[-79.943284,40.40715440000003],[-79.943266,40.4070995]]}},{"type":"Feature","id":null,"properties":{"network_id":"net_107","highway":"primary"},"geometry":{"type":"LineString","coordinates":[[-79.9448956,40.41165760000001],[-79.9447494,40.4113682],[-79.94472270000001,40.4113131]]}},{"type":"Feature","id":null,"properties":{"network_id":"net_108","highway":"primary"},"geometry":{"type":"LineString","coordinates":[[-79.945009,40.411881799999996],[-79.9448956,40.41165760000001]]}},{"type":"Feature","id":null,"properties":{"network_id":"net_109","highway":"primary"},"geometry":{"type":"LineString","coordinates":[[-79.945009,40.411881799999996],[-79.9450435,40.41197360000001],[-79.9450676,40.41207980000001],[-79.9450746,40.41216859999999],[-79.945077,40.4123718],[-79.9450853,40.412482999999995],[-79.9451146,40.41265359999998],[-79.945156,40.412819100000014],[-79.9452178,40.412994700000006],[-79.9452914,40.4131597],[-79.9456092,40.4138275],[-79.9459157,40.4144355],[-79.94597890000001,40.41457860000002]]}},{"type":"Feature","id":null,"properties":{"network_id":"net_110","highway":"primary"},"geometry":{"type":"LineString","coordinates":[[-79.94597890000001,40.41457860000002],[-79.9461267,40.4148626]]}},{"type":"Feature","id":null,"properties":{"network_id":"net_111","highway":"primary"},"geometry":{"type":"LineString","coordinates":[[-79.9838013,40.38733640000001],[-79.9837409,40.38738769999999],[-79.9837068,40.387449100000005],[-79.98359,40.38788659999999],[-79.9835605,40.3879814],[-79.9833083,40.3887937],[-79.983174,40.38926900000002],[-79.9830482,40.389582299999994],[-79.9824044,40.39065479999998],[-79.9823052,40.390736499999996],[-79.9818304,40.39107359999999],[-79.9816789,40.391170699999996],[-79.9815394,40.39127690000001],[-79.9814321,40.3913963],[-79.9812001,40.391751899999996],[-79.9810727,40.3919132],[-79.9808497,40.39215399999999],[-79.9805591,40.3924678],[-79.980375,40.392792400000005],[-79.9802265,40.39305409999999],[-79.980083,40.39331049999999],[-79.979796,40.39376510000001],[-79.97940040000002,40.39434099999999],[-79.9793414,40.39448610000001],[-79.9792475,40.39478129999999],[-79.9791804,40.394954899999995],[-79.9789617,40.395345100000014],[-79.9789109,40.3954646],[-79.9788661,40.3956163],[-79.9787186,40.3962682],[-79.978711,40.39632279999999],[-79.9786502,40.396759200000005],[-79.9786502,40.3968668],[-79.9786677,40.3969781]]}},{"type":"Feature","id":null,"properties":{"network_id":"net_112","highway":"primary"},"geometry":{"type":"LineString","coordinates":[[-79.9786677,40.3969781],[-79.9787052,40.39706759999999],[-79.9788997,40.397441500000006],[-79.9790566,40.397769600000004],[-79.9791759,40.39805220000001],[-79.9792738,40.39833749999999],[-79.9794723,40.398911500000004],[-79.9797218,40.39944050000001],[-79.97972352349427,40.39944396710717]]}},{"type":"Feature","id":null,"properties":{"network_id":"net_113","highway":"primary"},"geometry":{"type":"LineString","coordinates":[[-79.9798303432222,40.399658853485924],[-79.979876,40.3997507],[-79.979936,40.39994300000001]]}},{"type":"Feature","id":null,"properties":{"network_id":"net_114","highway":"primary"},"geometry":{"type":"LineString","coordinates":[[-79.979936,40.39994300000001],[-79.9799806,40.4001217],[-79.97998341657355,40.400160794770045]]}},{"type":"Feature","id":null,"properties":{"network_id":"net_115","highway":"primary"},"geometry":{"type":"LineString","coordinates":[[-79.9800049469106,40.400459641422344],[-79.9800115,40.400550599999995],[-79.97999666877418,40.40063762135523]]}},{"type":"Feature","id":null,"properties":{"network_id":"net_116","highway":"primary"},"geometry":{"type":"LineString","coordinates":[[-79.9799580501499,40.40086501422089],[-79.9799417,40.40096219999999],[-79.9798237,40.40126049999999]]}},{"type":"Feature","id":null,"properties":{"network_id":"net_117","highway":"primary"},"geometry":{"type":"LineString","coordinates":[[-79.9758809,40.4043855],[-79.9762376,40.404146500000024],[-79.9765997,40.4038892],[-79.97680894465532,40.40373875664801]]}},{"type":"Feature","id":null,"properties":{"network_id":"net_118","highway":"primary"},"geometry":{"type":"LineString","coordinates":[[-79.97892748872488,40.40223351989788],[-79.9791719,40.40206520000001],[-79.9794348,40.40181909999998],[-79.979581,40.4016373],[-79.97962420394629,40.40157435551053]]}},{"type":"Feature","id":null,"properties":{"network_id":"net_119","highway":"primary"},"geometry":{"type":"LineString","coordinates":[[-79.97981887419068,40.40126860145429],[-79.9798237,40.40126049999999]]}},{"type":"Feature","id":null,"properties":{"network_id":"net_120","highway":"primary"},"geometry":{"type":"LineString","coordinates":[[-79.9654942,40.40790679999999],[-79.9661084,40.407479999999985],[-79.966355,40.4073266],[-79.9687716,40.405934699999996],[-79.9691096,40.4057621],[-79.9695254,40.40561200000001],[-79.9698794,40.405530299999995],[-79.97044,40.4054364],[-79.97182,40.405221900000015],[-79.9748215,40.404753699999986],[-79.9751298,40.4046898],[-79.975386,40.404609900000004],[-79.9756462,40.40450500000002],[-79.9758809,40.4043855]]}},{"type":"Feature","id":null,"properties":{"network_id":"net_121","highway":"primary"},"geometry":{"type":"LineString","coordinates":[[-79.9654942,40.40790679999999],[-79.96521580198326,40.408102410357074]]}},{"type":"Feature","id":null,"properties":{"network_id":"net_122","highway":"primary"},"geometry":{"type":"LineString","coordinates":[[-79.9642146,40.4252213],[-79.96443690000001,40.425367299999984],[-79.9645205,40.42543650000002]]}},{"type":"Feature","id":null,"properties":{"network_id":"net_123","highway":"primary"},"geometry":{"type":"LineString","coordinates":[[-79.9645205,40.42543650000002],[-79.9645994,40.42549870000002],[-79.9649014,40.4257011],[-79.9654494,40.4260666],[-79.9656871,40.4262277],[-79.9657441,40.426265900000004],[-79.9658005,40.4263037],[-79.9663355,40.426662199999996],[-79.9669609,40.427081400000006],[-79.9670505,40.4271002]]}},{"type":"Feature","id":null,"properties":{"network_id":"net_124","highway":"primary"},"geometry":{"type":"LineString","coordinates":[[-79.9670505,40.4271002],[-79.9671243,40.42711490000001],[-79.9683037,40.4274359],[-79.9683857,40.4274582]]}},{"type":"Feature","id":null,"properties":{"network_id":"net_125","highway":"primary"},"geometry":{"type":"LineString","coordinates":[[-79.9683857,40.4274582],[-79.9684735,40.4274822],[-79.969727,40.42782339999999],[-79.9698059,40.4278448]]}},{"type":"Feature","id":null,"properties":{"network_id":"net_126","highway":"primary"},"geometry":{"type":"LineString","coordinates":[[-79.9621968634477,40.40967806952541],[-79.9620019,40.409710200000006],[-79.959879,40.41004920000001],[-79.9587914,40.4102711]]}},{"type":"Feature","id":null,"properties":{"network_id":"net_127","highway":"primary"},"geometry":{"type":"LineString","coordinates":[[-79.9587914,40.4102711],[-79.9587687,40.41027580000002],[-79.9578516,40.41046410000001]]}},{"type":"Feature","id":null,"properties":{"network_id":"net_128","highway":"primary"},"geometry":{"type":"LineString","coordinates":[[-79.9578516,40.41046410000001],[-79.9575056,40.4105378],[-79.9571836,40.4106065],[-79.9571604,40.41061140000001],[-79.956478,40.410789300000005]]}},{"type":"Feature","id":null,"properties":{"network_id":"net_129","highway":"primary"},"geometry":{"type":"LineString","coordinates":[[-79.956478,40.410789300000005],[-79.9561596,40.410872299999994]]}},{"type":"Feature","id":null,"properties":{"network_id":"net_130","highway":"primary"},"geometry":{"type":"LineString","coordinates":[[-79.9561596,40.410872299999994],[-79.9560077,40.41091110000002]]}},{"type":"Feature","id":null,"properties":{"network_id":"net_131","highway":"primary"},"geometry":{"type":"LineString","coordinates":[[-79.9560077,40.41091110000002],[-79.9555266,40.411034500000014]]}},{"type":"Feature","id":null,"properties":{"network_id":"net_132","highway":"primary"},"geometry":{"type":"LineString","coordinates":[[-79.9555266,40.411034500000014],[-79.9555834,40.41124400000001],[-79.9556382,40.411551900000006],[-79.955665,40.4118745],[-79.9556248,40.412654600000025],[-79.9556489,40.413859500000015],[-79.955689,40.41470910000001],[-79.9557094,40.4149691],[-79.9557343,40.41516510000001],[-79.9557604,40.415327500000004],[-79.9558217,40.4155953],[-79.9558977,40.41590479999998],[-79.9563758,40.41740060000001],[-79.9564495,40.41759770000001],[-79.9565421,40.417785500000015],[-79.9577397,40.419851],[-79.9578209,40.419992],[-79.9585607,40.4212758],[-79.95869320000001,40.42147039999999],[-79.95882460000001,40.421611199999994],[-79.9589547,40.421714400000006],[-79.9592055,40.42188790000001],[-79.9600801,40.42248339999998],[-79.9601634,40.422540100000006],[-79.9602373,40.4225887],[-79.9605046,40.422764399999984],[-79.9608479,40.42299009999999],[-79.96190200000001,40.4236966]]}},{"type":"Feature","id":null,"properties":{"network_id":"net_133","highway":"primary"},"geometry":{"type":"LineString","coordinates":[[-79.96190200000001,40.4236966],[-79.9623757,40.4240081],[-79.9624744,40.424073100000015]]}},{"type":"Feature","id":null,"properties":{"network_id":"net_134","highway":"primary"},"geometry":{"type":"LineString","coordinates":[[-79.9624744,40.424073100000015],[-79.9625556,40.42412639999999],[-79.9627379,40.42424609999998]]}},{"type":"Feature","id":null,"properties":{"network_id":"net_135","highway":"primary"},"geometry":{"type":"LineString","coordinates":[[-79.9627379,40.42424609999998],[-79.9635725,40.4247973],[-79.96359020000001,40.42480900000001]]}},{"type":"Feature","id":null,"properties":{"network_id":"net_136","highway":"primary"},"geometry":{"type":"LineString","coordinates":[[-79.9461267,40.4148626],[-79.9463163,40.41522659999999]]}},{"type":"Feature","id":null,"properties":{"network_id":"net_137","highway":"primary"},"geometry":{"type":"LineString","coordinates":[[-79.9463163,40.41522659999999],[-79.9467295,40.41602029999998]]}},{"type":"Feature","id":null,"properties":{"network_id":"net_138","highway":"primary"},"geometry":{"type":"LineString","coordinates":[[-79.9467295,40.41602029999998],[-79.9475205,40.41755690000001],[-79.9476047,40.41771980000001],[-79.94818390000002,40.418867599999984],[-79.9486163,40.41965389999999],[-79.9490701,40.42042650000001],[-79.9493728,40.4209021],[-79.9519209,40.424684499999984],[-79.9520071,40.42481009999999]]}},{"type":"Feature","id":null,"properties":{"network_id":"net_139","highway":"primary"},"geometry":{"type":"LineString","coordinates":[[-79.9525529,40.4248323],[-79.952199,40.42483570000001],[-79.9521659,40.4248345],[-79.9521057,40.424832300000006],[-79.9520071,40.42481009999999]]}},{"type":"Feature","id":null,"properties":{"network_id":"net_140","highway":"primary"},"geometry":{"type":"LineString","coordinates":[[-79.9528107,40.4248309],[-79.9525529,40.4248323]]}},{"type":"Feature","id":null,"properties":{"network_id":"net_141","highway":"primary"},"geometry":{"type":"LineString","coordinates":[[-79.9520071,40.42481009999999],[-79.9520598,40.4249316]]}},{"type":"Feature","id":null,"properties":{"network_id":"net_142","highway":"primary"},"geometry":{"type":"LineString","coordinates":[[-79.9529946,40.424915000000006],[-79.952899,40.4248515],[-79.9528107,40.4248309]]}},{"type":"Feature","id":null,"properties":{"network_id":"net_143","highway":"primary"},"geometry":{"type":"LineString","coordinates":[[-79.9528633,40.424901],[-79.9526125,40.42490260000001]]}},{"type":"Feature","id":null,"properties":{"network_id":"net_144","highway":"primary"},"geometry":{"type":"LineString","coordinates":[[-79.9526125,40.42490260000001],[-79.9524259,40.42490169999998],[-79.9521926,40.42490429999999]]}},{"type":"Feature","id":null,"properties":{"network_id":"net_145","highway":"primary"},"geometry":{"type":"LineString","coordinates":[[-79.9521926,40.42490429999999],[-79.9521639,40.42490660000001],[-79.9521352,40.42490889999999],[-79.9520598,40.4249316]]}},{"type":"Feature","id":null,"properties":{"network_id":"net_146","highway":"primary"},"geometry":{"type":"LineString","coordinates":[[-79.9529946,40.424915000000006],[-79.9528633,40.424901]]}},{"type":"Feature","id":null,"properties":{"network_id":"net_147","highway":"primary"},"geometry":{"type":"LineString","coordinates":[[-79.9530929,40.4250353],[-79.9529946,40.424915000000006]]}},{"type":"Feature","id":null,"properties":{"network_id":"net_148","highway":"primary"},"geometry":{"type":"LineString","coordinates":[[-79.9529179,40.42497280000002],[-79.95299890000001,40.424990600000015],[-79.9530929,40.4250353]]}},{"type":"Feature","id":null,"properties":{"network_id":"net_149","highway":"primary"},"geometry":{"type":"LineString","coordinates":[[-79.96359020000001,40.42480900000001],[-79.9642146,40.4252213]]}},{"type":"Feature","id":null,"properties":{"network_id":"net_150","highway":"primary"},"geometry":{"type":"LineString","coordinates":[[-79.953331,40.42534570000001],[-79.9530929,40.4250353]]}},{"type":"Feature","id":null,"properties":{"network_id":"net_151","highway":"primary"},"geometry":{"type":"LineString","coordinates":[[-79.953774,40.4259143],[-79.9535662,40.42565929999999],[-79.953331,40.42534570000001]]}},{"type":"Feature","id":null,"properties":{"network_id":"net_152","highway":"primary"},"geometry":{"type":"LineString","coordinates":[[-79.95405,40.4262459],[-79.953774,40.4259143]]}},{"type":"Feature","id":null,"properties":{"network_id":"net_153","highway":"primary"},"geometry":{"type":"LineString","coordinates":[[-79.956701,40.42894499999999],[-79.955505,40.427784499999994],[-79.9552887,40.42754990000002],[-79.9551493,40.42739869999998],[-79.95405,40.4262459]]}},{"type":"Feature","id":null,"properties":{"network_id":"net_154","highway":"primary"},"geometry":{"type":"LineString","coordinates":[[-79.9577602,40.42997419999999],[-79.9569774,40.42921320000001],[-79.956701,40.42894499999999]]}},{"type":"Feature","id":null,"properties":{"network_id":"net_155","highway":"primary"},"geometry":{"type":"LineString","coordinates":[[-79.9587709,40.430823],[-79.9583969,40.43053080000001],[-79.9582046,40.4303734],[-79.9580165,40.43020899999999],[-79.9578568,40.430062699999986],[-79.9577602,40.42997419999999]]}},{"type":"Feature","id":null,"properties":{"network_id":"net_156","highway":"primary"},"geometry":{"type":"LineString","coordinates":[[-79.9698059,40.4278448],[-79.9707897,40.4281024],[-79.9709835,40.428153500000015],[-79.9710441,40.42816950000001],[-79.971086,40.42817959999998],[-79.9711583,40.428194700000006],[-79.971232,40.428204599999994],[-79.9712484,40.4282068],[-79.9712913,40.42821249999998],[-79.9718501,40.4282469],[-79.9721749,40.42826659999999],[-79.9725502,40.42829119999998]]}},{"type":"Feature","id":null,"properties":{"network_id":"net_157","highway":"primary"},"geometry":{"type":"LineString","coordinates":[[-79.9730433,40.42828289999999],[-79.9726537,40.42825920000002],[-79.9725502,40.42829119999998]]}},{"type":"Feature","id":null,"properties":{"network_id":"net_158","highway":"primary"},"geometry":{"type":"LineString","coordinates":[[-79.9735103,40.428351899999996],[-79.9733842,40.428302499999994],[-79.9730433,40.42828289999999]]}},{"type":"Feature","id":null,"properties":{"network_id":"net_159","highway":"primary"},"geometry":{"type":"LineString","coordinates":[[-79.9725502,40.42829119999998],[-79.9726602,40.42833579999999],[-79.9730376,40.428357600000005],[-79.9732608,40.4283729]]}},{"type":"Feature","id":null,"properties":{"network_id":"net_160","highway":"primary"},"geometry":{"type":"LineString","coordinates":[[-79.973567,40.42835449999998],[-79.9735103,40.428351899999996]]}},{"type":"Feature","id":null,"properties":{"network_id":"net_161","highway":"primary"},"geometry":{"type":"LineString","coordinates":[[-79.9732608,40.4283729],[-79.9733809,40.428384300000005],[-79.9735103,40.428351899999996]]}},{"type":"Feature","id":null,"properties":{"network_id":"net_162","highway":"primary"},"geometry":{"type":"LineString","coordinates":[[-79.9740839,40.42839209999999],[-79.9737024,40.428364300000005],[-79.973567,40.42835449999998]]}},{"type":"Feature","id":null,"properties":{"network_id":"net_163","highway":"primary"},"geometry":{"type":"LineString","coordinates":[[-79.9746323,40.428388399999996],[-79.9745324,40.4283832],[-79.9744417,40.42837850000001]]}},{"type":"Feature","id":null,"properties":{"network_id":"net_164","highway":"primary"},"geometry":{"type":"LineString","coordinates":[[-79.9744417,40.42837850000001],[-79.9743195,40.4284131]]}},{"type":"Feature","id":null,"properties":{"network_id":"net_165","highway":"primary"},"geometry":{"type":"LineString","coordinates":[[-79.9749651,40.4284057],[-79.97478710000001,40.42839640000001],[-79.9747253,40.4283932],[-79.9746323,40.428388399999996]]}},{"type":"Feature","id":null,"properties":{"network_id":"net_166","highway":"primary"},"geometry":{"type":"LineString","coordinates":[[-79.9743195,40.4284131],[-79.9740839,40.42839209999999]]}},{"type":"Feature","id":null,"properties":{"network_id":"net_167","highway":"primary"},"geometry":{"type":"LineString","coordinates":[[-79.9750504,40.428434499999995],[-79.9749651,40.4284057]]}},{"type":"Feature","id":null,"properties":{"network_id":"net_168","highway":"primary"},"geometry":{"type":"LineString","coordinates":[[-79.9743195,40.4284131],[-79.974433,40.42844750000001]]}},{"type":"Feature","id":null,"properties":{"network_id":"net_169","highway":"primary"},"geometry":{"type":"LineString","coordinates":[[-79.974433,40.42844750000001],[-79.9745043,40.42845069999998],[-79.97452710000002,40.4284517],[-79.9746163,40.42845570000001]]}},{"type":"Feature","id":null,"properties":{"network_id":"net_170","highway":"primary"},"geometry":{"type":"LineString","coordinates":[[-79.9749602,40.428471],[-79.9750504,40.428434499999995]]}},{"type":"Feature","id":null,"properties":{"network_id":"net_171","highway":"primary"},"geometry":{"type":"LineString","coordinates":[[-79.9746163,40.42845570000001],[-79.97471880000002,40.4284602],[-79.9749602,40.428471]]}},{"type":"Feature","id":null,"properties":{"network_id":"net_172","highway":"primary"},"geometry":{"type":"LineString","coordinates":[[-79.976245,40.4285135],[-79.9761318,40.428506000000006],[-79.9750504,40.428434499999995]]}},{"type":"Feature","id":null,"properties":{"network_id":"net_173","highway":"primary"},"geometry":{"type":"LineString","coordinates":[[-79.973567,40.42835449999998],[-79.9735107,40.428436299999994],[-79.9735087,40.4284525],[-79.9735004,40.42852960000001],[-79.97347,40.42871579999999]]}},{"type":"Feature","id":null,"properties":{"network_id":"net_174","highway":"primary"},"geometry":{"type":"LineString","coordinates":[[-79.9736015,40.428719100000016],[-79.9735959,40.42856939999997],[-79.9736063,40.42844589999999],[-79.9736067,40.42844100000001],[-79.973567,40.42835449999998]]}},{"type":"Feature","id":null,"properties":{"network_id":"net_175","highway":"primary"},"geometry":{"type":"LineString","coordinates":[[-79.9776159,40.42859519999999],[-79.9775314,40.42859010000001],[-79.9763907,40.428522199999996],[-79.976245,40.4285135]]}},{"type":"Feature","id":null,"properties":{"network_id":"net_176","highway":"primary"},"geometry":{"type":"LineString","coordinates":[[-79.9791277,40.42868510000001],[-79.978469,40.42864589999998],[-79.9782588,40.42863340000001],[-79.9777217,40.42860139999999],[-79.9776159,40.42859519999999]]}},{"type":"Feature","id":null,"properties":{"network_id":"net_177","highway":"primary"},"geometry":{"type":"LineString","coordinates":[[-79.9798834,40.42873010000001],[-79.9797387,40.4287215],[-79.9791277,40.42868510000001]]}},{"type":"Feature","id":null,"properties":{"network_id":"net_178","highway":"primary"},"geometry":{"type":"LineString","coordinates":[[-79.9805519,40.4287699],[-79.980467,40.42876530000001],[-79.9803321,40.428756799999995],[-79.9801197,40.4287442],[-79.9798834,40.42873010000001]]}},{"type":"Feature","id":null,"properties":{"network_id":"net_179","highway":"primary"},"geometry":{"type":"LineString","coordinates":[[-79.9805519,40.4287699],[-79.980636,40.42877450000001],[-79.9819651,40.42885049999998],[-79.9820471,40.428855199999994]]}},{"type":"Feature","id":null,"properties":{"network_id":"net_180","highway":"primary"},"geometry":{"type":"LineString","coordinates":[[-79.9735634,40.42911009999999],[-79.9735783,40.428956899999996],[-79.9736015,40.428719100000016]]}},{"type":"Feature","id":null,"properties":{"network_id":"net_181","highway":"primary"},"geometry":{"type":"LineString","coordinates":[[-79.97347,40.42871579999999],[-79.9733979,40.4294629],[-79.9733907,40.4296077],[-79.97339750000002,40.42978159999999],[-79.9734172,40.42994540000001]]}},{"type":"Feature","id":null,"properties":{"network_id":"net_182","highway":"primary"},"geometry":{"type":"LineString","coordinates":[[-79.9735545,40.42995320000001],[-79.9735349,40.429832900000015],[-79.9735238,40.4296969],[-79.973524,40.42957460000002],[-79.9735301,40.42945189999999],[-79.9735634,40.42911009999999]]}},{"type":"Feature","id":null,"properties":{"network_id":"net_183","highway":"primary"},"geometry":{"type":"LineString","coordinates":[[-79.9734172,40.42994540000001],[-79.973446,40.4300686],[-79.9736293,40.43079090000001],[-79.9737123,40.431227800000016]]}},{"type":"Feature","id":null,"properties":{"network_id":"net_184","highway":"primary"},"geometry":{"type":"LineString","coordinates":[[-79.9734764,40.4338563],[-79.97385640000002,40.431968299999994],[-79.9738756,40.431851999999985],[-79.9738909,40.4317291],[-79.97389860000001,40.43160619999998],[-79.9738965,40.431476800000006],[-79.9738868,40.431341999999994],[-79.9738693,40.43121190000001],[-79.9738354,40.43105470000001],[-79.973585,40.43009209999999],[-79.9735545,40.42995320000001]]}},{"type":"Feature","id":null,"properties":{"network_id":"net_185","highway":"primary"},"geometry":{"type":"LineString","coordinates":[[-79.9737123,40.431227800000016],[-79.973729,40.43135140000002],[-79.9737383,40.431480799999996],[-79.9737403,40.43160400000001],[-79.973733,40.431720500000004],[-79.9737183,40.4318388],[-79.9736996,40.431951700000006],[-79.9733286,40.43379509999996]]}},{"type":"Feature","id":null,"properties":{"network_id":"net_186","highway":"primary"},"geometry":{"type":"LineString","coordinates":[[-79.9592354,40.431174000000006],[-79.9590902,40.431072500000006],[-79.9590063,40.4310069],[-79.9587709,40.430823]]}},{"type":"Feature","id":null,"properties":{"network_id":"net_187","highway":"primary"},"geometry":{"type":"LineString","coordinates":[[-79.9592354,40.431174000000006],[-79.9591657,40.431311599999994],[-79.95882340000001,40.431602500000004]]}},{"type":"Feature","id":null,"properties":{"network_id":"net_188","highway":"primary"},"geometry":{"type":"LineString","coordinates":[[-79.95882340000001,40.431602500000004],[-79.9587566,40.43167069999999],[-79.9586935,40.431745300000024]]}},{"type":"Feature","id":null,"properties":{"network_id":"net_189","highway":"primary"},"geometry":{"type":"LineString","coordinates":[[-79.9586935,40.431745300000024],[-79.958599,40.4318047],[-79.9585637,40.4318637],[-79.9585412,40.4319115],[-79.9585263,40.431956000000014],[-79.9585139,40.4320009],[-79.9585055,40.432045099999996],[-79.9585004,40.4320899]]}},{"type":"Feature","id":null,"properties":{"network_id":"net_190","highway":"primary"},"geometry":{"type":"LineString","coordinates":[[-79.958589,40.43210090000001],[-79.958594,40.43205970000001],[-79.9586021,40.43201739999998],[-79.9586124,40.4319751],[-79.9586272,40.43193169999999],[-79.9586471,40.431889499999976],[-79.9586797,40.43183499999999],[-79.9586935,40.431745300000024]]}},{"type":"Feature","id":null,"properties":{"network_id":"net_191","highway":"primary"},"geometry":{"type":"LineString","coordinates":[[-79.9585004,40.4320899],[-79.9584913,40.432243700000015],[-79.958521,40.432372099999995]]}},{"type":"Feature","id":null,"properties":{"network_id":"net_192","highway":"primary"},"geometry":{"type":"LineString","coordinates":[[-79.958521,40.432372099999995],[-79.9585713,40.43224790000001],[-79.958589,40.43210090000001]]}},{"type":"Feature","id":null,"properties":{"network_id":"net_193","highway":"primary"},"geometry":{"type":"LineString","coordinates":[[-79.958521,40.432372099999995],[-79.9585093,40.4324985]]}},{"type":"Feature","id":null,"properties":{"network_id":"net_194","highway":"primary"},"geometry":{"type":"LineString","coordinates":[[-79.9585093,40.4324985],[-79.9584632,40.43288300000001],[-79.9584583,40.4329201],[-79.9584223,40.433190100000004]]}},{"type":"Feature","id":null,"properties":{"network_id":"net_195","highway":"primary"},"geometry":{"type":"LineString","coordinates":[[-79.9584223,40.433190100000004],[-79.9584129,40.43324530000001],[-79.9584015,40.433290199999995],[-79.9583774,40.4333402],[-79.9583405,40.4333912],[-79.9583016,40.43343509999999],[-79.9582492,40.43347909999998]]}},{"type":"Feature","id":null,"properties":{"network_id":"net_196","highway":"primary"},"geometry":{"type":"LineString","coordinates":[[-79.9582492,40.43347909999998],[-79.957503,40.43403769999999],[-79.957199,40.434265200000006]]}},{"type":"Feature","id":null,"properties":{"network_id":"net_197","highway":"primary"},"geometry":{"type":"LineString","coordinates":[[-79.957199,40.434265200000006],[-79.9566343,40.4346926],[-79.9565324,40.43481920000001],[-79.9564742,40.43499090000001],[-79.9564204,40.4351309]]}},{"type":"Feature","id":null,"properties":{"network_id":"net_198","highway":"primary"},"geometry":{"type":"LineString","coordinates":[[-79.9572705,40.43549499999999],[-79.9569168,40.4353435],[-79.9565079,40.435167299999996],[-79.9564204,40.4351309]]}},{"type":"Feature","id":null,"properties":{"network_id":"net_199","highway":"primary"},"geometry":{"type":"LineString","coordinates":[[-79.9576242,40.4356491],[-79.9574969,40.435593699999984],[-79.9573952,40.435549400000006],[-79.9572705,40.43549499999999]]}},{"type":"Feature","id":null,"properties":{"network_id":"net_200","highway":"primary"},"geometry":{"type":"LineString","coordinates":[[-79.9636633,40.435659900000026],[-79.963473,40.4356538],[-79.9632928,40.435655400000016]]}},{"type":"Feature","id":null,"properties":{"network_id":"net_201","highway":"primary"},"geometry":{"type":"LineString","coordinates":[[-79.9632928,40.435655400000016],[-79.9629515,40.43568600000001]]}},{"type":"Feature","id":null,"properties":{"network_id":"net_202","highway":"primary"},"geometry":{"type":"LineString","coordinates":[[-79.9640994,40.43571479999998],[-79.9640583,40.435706399999994],[-79.9639237,40.4356836],[-79.9637985,40.435669400000016],[-79.9636633,40.435659900000026]]}},{"type":"Feature","id":null,"properties":{"network_id":"net_203","highway":"primary"},"geometry":{"type":"LineString","coordinates":[[-79.9629515,40.43568600000001],[-79.9628612,40.43569569999999]]}},{"type":"Feature","id":null,"properties":{"network_id":"net_204","highway":"primary"},"geometry":{"type":"LineString","coordinates":[[-79.9628612,40.43569569999999],[-79.96252370000002,40.43573370000002],[-79.9622318,40.43577839999999]]}},{"type":"Feature","id":null,"properties":{"network_id":"net_205","highway":"primary"},"geometry":{"type":"LineString","coordinates":[[-79.9581281,40.435875200000005],[-79.9578812,40.435750899999995],[-79.9576242,40.4356491]]}},{"type":"Feature","id":null,"properties":{"network_id":"net_206","highway":"primary"},"geometry":{"type":"LineString","coordinates":[[-79.9242583,40.42927519999999],[-79.9244215,40.42919809999999],[-79.924443,40.42918790000002],[-79.9244828,40.4291707],[-79.92458980000002,40.4291243]]}},{"type":"Feature","id":null,"properties":{"network_id":"net_207","highway":"primary"},"geometry":{"type":"LineString","coordinates":[[-79.9237012,40.429538499999985],[-79.9237792,40.4295016],[-79.9242583,40.42927519999999]]}},{"type":"Feature","id":null,"properties":{"network_id":"net_208","highway":"primary"},"geometry":{"type":"LineString","coordinates":[[-79.9237012,40.429538499999985],[-79.9236092,40.4295827],[-79.9234972,40.42963650000001]]}},{"type":"Feature","id":null,"properties":{"network_id":"net_209","highway":"primary"},"geometry":{"type":"LineString","coordinates":[[-79.923484,40.429777600000016],[-79.9234972,40.42963650000001]]}},{"type":"Feature","id":null,"properties":{"network_id":"net_210","highway":"primary"},"geometry":{"type":"LineString","coordinates":[[-79.9234668,40.42993390000002],[-79.9234764,40.429847400000014],[-79.923484,40.429777600000016]]}},{"type":"Feature","id":null,"properties":{"network_id":"net_211","highway":"primary"},"geometry":{"type":"LineString","coordinates":[[-79.9234668,40.42993390000002],[-79.9234629,40.42996240000001],[-79.9234399,40.43012989999999]]}},{"type":"Feature","id":null,"properties":{"network_id":"net_212","highway":"primary"},"geometry":{"type":"LineString","coordinates":[[-79.9234399,40.43012989999999],[-79.9234297,40.43020529999999],[-79.9233854,40.4305294]]}},{"type":"Feature","id":null,"properties":{"network_id":"net_213","highway":"primary"},"geometry":{"type":"LineString","coordinates":[[-79.9181552,40.43194890000001],[-79.9182791,40.43183559999999],[-79.9191268,40.4310603],[-79.9196207,40.43060849999999],[-79.9202962,40.4299907],[-79.9203528,40.429939],[-79.9207403,40.429584500000004],[-79.9207923,40.429537],[-79.9210002,40.42934680000002],[-79.9211212,40.42923230000001],[-79.9211932,40.4291703]]}},{"type":"Feature","id":null,"properties":{"network_id":"net_214","highway":"primary"},"geometry":{"type":"LineString","coordinates":[[-79.9233854,40.4305294],[-79.9232233,40.43171470000001]]}},{"type":"Feature","id":null,"properties":{"network_id":"net_215","highway":"primary"},"geometry":{"type":"LineString","coordinates":[[-79.9231497,40.432357800000005],[-79.923158,40.43229389999998],[-79.9231593,40.43229009999999],[-79.9232233,40.43171470000001]]}},{"type":"Feature","id":null,"properties":{"network_id":"net_216","highway":"primary"},"geometry":{"type":"LineString","coordinates":[[-79.9520598,40.4249316],[-79.9521576,40.42495879999999],[-79.9522228,40.4249707],[-79.9524346,40.42497219999999],[-79.9526573,40.42496889999999]]}},{"type":"Feature","id":null,"properties":{"network_id":"net_217","highway":"primary"},"geometry":{"type":"LineString","coordinates":[[-79.9526573,40.42496889999999],[-79.9529179,40.42497280000002]]}},{"type":"Feature","id":null,"properties":{"network_id":"net_218","highway":"primary"},"geometry":{"type":"LineString","coordinates":[[-79.9368713,40.4418697],[-79.9365135,40.4414923],[-79.9363901,40.441354000000004],[-79.9362789,40.44121640000001],[-79.9356813,40.44059039999999],[-79.935643,40.44055030000001],[-79.9355993,40.4405045],[-79.935488,40.44038799999999],[-79.9348697,40.4397215],[-79.93417,40.438944000000006],[-79.9341174,40.43888560000001],[-79.9340703,40.43883570000001],[-79.9335587,40.43829439999998],[-79.9333402,40.4380637],[-79.9332539,40.437972599999995],[-79.933219,40.4379357],[-79.9331291,40.4378601],[-79.9329239,40.437758099999996]]}},{"type":"Feature","id":null,"properties":{"network_id":"net_219","highway":"primary"},"geometry":{"type":"LineString","coordinates":[[-79.9372644,40.442303700000004],[-79.9368952,40.4418959],[-79.9368713,40.4418697]]}},{"type":"Feature","id":null,"properties":{"network_id":"net_220","highway":"primary"},"geometry":{"type":"LineString","coordinates":[[-79.9376024,40.44266979999999],[-79.9375518,40.442614400000004],[-79.9372644,40.442303700000004]]}},{"type":"Feature","id":null,"properties":{"network_id":"net_221","highway":"primary"},"geometry":{"type":"LineString","coordinates":[[-79.9379519,40.443057700000004],[-79.9378396,40.442933000000004],[-79.9376024,40.44266979999999]]}},{"type":"Feature","id":null,"properties":{"network_id":"net_222","highway":"primary"},"geometry":{"type":"LineString","coordinates":[[-79.9381067,40.44323989999999],[-79.9379519,40.443057700000004]]}},{"type":"Feature","id":null,"properties":{"network_id":"net_223","highway":"primary"},"geometry":{"type":"LineString","coordinates":[[-79.9382208,40.443368399999976],[-79.9381067,40.44323989999999]]}},{"type":"Feature","id":null,"properties":{"network_id":"net_224","highway":"primary"},"geometry":{"type":"LineString","coordinates":[[-79.9385001,40.44363920000001],[-79.9382208,40.443368399999976]]}},{"type":"Feature","id":null,"properties":{"network_id":"net_225","highway":"primary"},"geometry":{"type":"LineString","coordinates":[[-79.9386775,40.443813899999995],[-79.9385001,40.44363920000001]]}},{"type":"Feature","id":null,"properties":{"network_id":"net_226","highway":"primary"},"geometry":{"type":"LineString","coordinates":[[-79.918236,40.432289999999995],[-79.9182206,40.4322249],[-79.9181552,40.43194890000001]]}},{"type":"Feature","id":null,"properties":{"network_id":"net_227","highway":"primary"},"geometry":{"type":"LineString","coordinates":[[-79.9229551,40.433738],[-79.9229656,40.4336612],[-79.9230014,40.43339999999999],[-79.9230854,40.432786100000015],[-79.9231386,40.432437699999994],[-79.9231406,40.432429600000006],[-79.9231497,40.432357800000005]]}},{"type":"Feature","id":null,"properties":{"network_id":"net_228","highway":"primary"},"geometry":{"type":"LineString","coordinates":[[-79.9187314,40.4343441],[-79.91862060000001,40.433900799999996],[-79.91855,40.4335919],[-79.9185353,40.433529100000015],[-79.9185183,40.43347270000001],[-79.9184696,40.433282999999996],[-79.9182536,40.432364799999995],[-79.918236,40.432289999999995]]}},{"type":"Feature","id":null,"properties":{"network_id":"net_229","highway":"primary"},"geometry":{"type":"LineString","coordinates":[[-79.9228298,40.4347529],[-79.9228374,40.434671200000004],[-79.9228388,40.43465599999998],[-79.9228866,40.434284800000015],[-79.9229468,40.433804600000016],[-79.9229551,40.433738]]}},{"type":"Feature","id":null,"properties":{"network_id":"net_230","highway":"primary"},"geometry":{"type":"LineString","coordinates":[[-79.9189941,40.43531039999999],[-79.9189743,40.435237300000004],[-79.9187314,40.4343441]]}},{"type":"Feature","id":null,"properties":{"network_id":"net_231","highway":"primary"},"geometry":{"type":"LineString","coordinates":[[-79.9192851,40.4374583],[-79.9192257,40.437118100000006],[-79.919118,40.43629320000001],[-79.9191103,40.43623399999999],[-79.9191042,40.4361855],[-79.91909,40.436073600000014],[-79.9190058,40.43540500000001],[-79.9189941,40.43531039999999]]}},{"type":"Feature","id":null,"properties":{"network_id":"net_232","highway":"primary"},"geometry":{"type":"LineString","coordinates":[[-79.9229868,40.4380673],[-79.9229814,40.437979599999984],[-79.9229494,40.4374293],[-79.9229261,40.43703239999999],[-79.9229232,40.4369822],[-79.9229204,40.4369253],[-79.9229178,40.43687280000001],[-79.9229042,40.43659680000001],[-79.9228791,40.43608960000001],[-79.9228758,40.436023099999986],[-79.9228739,40.4359706],[-79.9228321,40.4349245],[-79.9228311,40.4348523],[-79.9228298,40.4347529]]}},{"type":"Feature","id":null,"properties":{"network_id":"net_233","highway":"primary"},"geometry":{"type":"LineString","coordinates":[[-79.89557482032252,40.43493116210009],[-79.8956288,40.4350081],[-79.8959509,40.43577499999999],[-79.8959776,40.43583859999997],[-79.8960011,40.435893699999994],[-79.8964104,40.436825900000024],[-79.89643540000002,40.43688289999999],[-79.8964574,40.4369347],[-79.8968259,40.4378005],[-79.8970311,40.43826580000001],[-79.8970522,40.4383136],[-79.8970752,40.438367400000004],[-79.8973806,40.4390853]]}},{"type":"Feature","id":null,"properties":{"network_id":"net_234","highway":"primary"},"geometry":{"type":"LineString","coordinates":[[-79.9193526,40.4380377],[-79.9193429,40.437969499999994],[-79.9192872,40.43757370000001],[-79.9192851,40.4374583]]}},{"type":"Feature","id":null,"properties":{"network_id":"net_235","highway":"primary"},"geometry":{"type":"LineString","coordinates":[[-79.9130809,40.43803200000001],[-79.9130153,40.43803170000001],[-79.9122613,40.43802870000002],[-79.9114139,40.4380253]]}},{"type":"Feature","id":null,"properties":{"network_id":"net_236","highway":"primary"},"geometry":{"type":"LineString","coordinates":[[-79.9187151,40.4380435],[-79.9186623,40.43804329999999],[-79.9183828,40.4380423],[-79.918209,40.4380417],[-79.9177944,40.438039400000015],[-79.9177252,40.43804000000002],[-79.9176448,40.438041700000014],[-79.9174683,40.43803960000002],[-79.9169761,40.43803870000001],[-79.91625,40.4380375],[-79.9161445,40.438037300000005],[-79.9160268,40.43803709999999],[-79.913985,40.43803360000001],[-79.9131771,40.43803220000001],[-79.9130809,40.43803200000001]]}},{"type":"Feature","id":null,"properties":{"network_id":"net_237","highway":"primary"},"geometry":{"type":"LineString","coordinates":[[-79.9193526,40.4380377],[-79.9192409,40.438037300000005],[-79.9190995,40.438041700000014],[-79.9189438,40.43804269999999],[-79.918903,40.438043400000005],[-79.9187151,40.4380435]]}},{"type":"Feature","id":null,"properties":{"network_id":"net_238","highway":"primary"},"geometry":{"type":"LineString","coordinates":[[-79.9221433,40.43806260000001],[-79.9221266,40.43806249999999],[-79.92150190000001,40.4380569],[-79.9212368,40.43805449999999],[-79.9211948,40.43805410000001],[-79.9209149,40.438051600000016],[-79.9204854,40.438047799999985],[-79.9194983,40.438039],[-79.9193526,40.4380377]]}},{"type":"Feature","id":null,"properties":{"network_id":"net_239","highway":"primary"},"geometry":{"type":"LineString","coordinates":[[-79.9229868,40.4380673],[-79.9228782,40.43806670000001],[-79.9221433,40.43806260000001]]}},{"type":"Feature","id":null,"properties":{"network_id":"net_240","highway":"primary"},"geometry":{"type":"LineString","coordinates":[[-79.9194224,40.43862009999999],[-79.9194199,40.438600900000004],[-79.919413,40.43854610000001],[-79.9194082,40.43850829999999],[-79.9193976,40.438425099999996],[-79.9193643,40.43812860000001],[-79.9193526,40.4380377]]}},{"type":"Feature","id":null,"properties":{"network_id":"net_241","highway":"primary"},"geometry":{"type":"LineString","coordinates":[[-79.9017075,40.439413],[-79.9017606,40.4394068],[-79.9020006,40.43935200000001],[-79.9022527,40.439262399999976],[-79.9045069,40.43832330000002],[-79.9048568,40.43821359999998],[-79.9051887,40.43813510000002],[-79.905532,40.43807300000001],[-79.9059377,40.4380547],[-79.9114139,40.4380253]]}},{"type":"Feature","id":null,"properties":{"network_id":"net_242","highway":"primary"},"geometry":{"type":"LineString","coordinates":[[-79.9194841,40.439105699999985],[-79.9194224,40.43862009999999]]}},{"type":"Feature","id":null,"properties":{"network_id":"net_243","highway":"primary"},"geometry":{"type":"LineString","coordinates":[[-79.8973806,40.4390853],[-79.897573,40.4395322],[-79.897598,40.43959019999999],[-79.8976307,40.4396666]]}},{"type":"Feature","id":null,"properties":{"network_id":"net_244","highway":"primary"},"geometry":{"type":"LineString","coordinates":[[-79.901219,40.43945019999999],[-79.9014965,40.439437800000015],[-79.9017075,40.439413]]}},{"type":"Feature","id":null,"properties":{"network_id":"net_245","highway":"primary"},"geometry":{"type":"LineString","coordinates":[[-79.901219,40.43945019999999],[-79.901103,40.439459199999995]]}},{"type":"Feature","id":null,"properties":{"network_id":"net_246","highway":"primary"},"geometry":{"type":"LineString","coordinates":[[-79.901103,40.439459199999995],[-79.9005628,40.43949189999998],[-79.9003222,40.43950649999999]]}},{"type":"Feature","id":null,"properties":{"network_id":"net_247","highway":"primary"},"geometry":{"type":"LineString","coordinates":[[-79.9003222,40.43950649999999],[-79.9000364,40.43952379999999],[-79.8995274,40.43955459999998]]}},{"type":"Feature","id":null,"properties":{"network_id":"net_248","highway":"primary"},"geometry":{"type":"LineString","coordinates":[[-79.8992519,40.439566899999996],[-79.8991341,40.4395371],[-79.8986576,40.43956030000001]]}},{"type":"Feature","id":null,"properties":{"network_id":"net_249","highway":"primary"},"geometry":{"type":"LineString","coordinates":[[-79.8995274,40.43955459999998],[-79.8995112,40.439556]]}},{"type":"Feature","id":null,"properties":{"network_id":"net_250","highway":"primary"},"geometry":{"type":"LineString","coordinates":[[-79.8995112,40.439556],[-79.8994932,40.4395572],[-79.8994475,40.4395608],[-79.8992519,40.439566899999996]]}},{"type":"Feature","id":null,"properties":{"network_id":"net_251","highway":"primary"},"geometry":{"type":"LineString","coordinates":[[-79.8986576,40.43956030000001],[-79.8978188,40.4396034],[-79.8977344,40.4396318],[-79.8976307,40.4396666]]}},{"type":"Feature","id":null,"properties":{"network_id":"net_252","highway":"primary"},"geometry":{"type":"LineString","coordinates":[[-79.8976307,40.4396666],[-79.8977427,40.439679899999994],[-79.8978365,40.439690999999996],[-79.89801350000002,40.43968289999999],[-79.89871430000001,40.43964379999999],[-79.8991388,40.4396154],[-79.8992519,40.439566899999996]]}},{"type":"Feature","id":null,"properties":{"network_id":"net_253","highway":"primary"},"geometry":{"type":"LineString","coordinates":[[-79.8976307,40.4396666],[-79.8976722,40.4397544],[-79.8977457,40.43993170000002],[-79.8977994,40.44005559999999]]}},{"type":"Feature","id":null,"properties":{"network_id":"net_254","highway":"primary"},"geometry":{"type":"LineString","coordinates":[[-79.9203148,40.44319209999999],[-79.9201895,40.4427684],[-79.9199179,40.4418878],[-79.9198965,40.441818299999994],[-79.9198778,40.44175689999998],[-79.91959110000002,40.44081769999999],[-79.9195704,40.440283799999996],[-79.9195586,40.4399789],[-79.9195397,40.4395433],[-79.919504,40.439262400000004],[-79.9194841,40.439105699999985]]}},{"type":"Feature","id":null,"properties":{"network_id":"net_255","highway":"primary"},"geometry":{"type":"LineString","coordinates":[[-79.8977994,40.44005559999999],[-79.8978102,40.44020199999999],[-79.89764,40.44077010000001],[-79.8973109,40.44169790000001],[-79.8970805,40.442308600000025],[-79.8970656,40.442345199999984],[-79.8967447,40.44315180000001],[-79.8967389,40.44319200000001],[-79.8961828,40.444584300000045],[-79.896159,40.44464380000001],[-79.896139,40.44469810000002],[-79.8960136,40.4450386],[-79.89591380000002,40.44528730000001],[-79.8958959,40.44533729999999],[-79.895888,40.445356600000004],[-79.895844,40.4454696],[-79.8955555,40.446198500000015]]}},{"type":"Feature","id":null,"properties":{"network_id":"net_256","highway":"primary"},"geometry":{"type":"LineString","coordinates":[[-79.9252106,40.428856199999984],[-79.9257124,40.42860519999999],[-79.9257991,40.4285662],[-79.9261606,40.428403399999986]]}},{"type":"Feature","id":null,"properties":{"network_id":"net_257","highway":"primary"},"geometry":{"type":"LineString","coordinates":[[-79.9329239,40.437758099999996],[-79.9327965,40.43773250000001],[-79.9326356,40.43772950000002],[-79.9318336,40.437780800000006],[-79.9307983,40.4378471],[-79.9307258,40.437851699999996]]}},{"type":"Feature","id":null,"properties":{"network_id":"net_258","highway":"primary"},"geometry":{"type":"LineString","coordinates":[[-79.9307258,40.437851699999996],[-79.9306519,40.43785640000001],[-79.9288696,40.437970199999995],[-79.9278601,40.43803459999999],[-79.9277003,40.43804399999999]]}},{"type":"Feature","id":null,"properties":{"network_id":"net_259","highway":"primary"},"geometry":{"type":"LineString","coordinates":[[-79.9277003,40.43804399999999],[-79.9276031,40.438049899999996],[-79.9271518,40.43807750000001],[-79.9253607,40.43807799999999],[-79.9249989,40.4380781],[-79.9245165,40.43807829999999],[-79.9243231,40.43807679999999],[-79.9241824,40.438075900000015],[-79.92410310000001,40.4380753],[-79.9236266,40.43807189999999],[-79.9234917,40.43807089999997],[-79.9230645,40.438068099999995],[-79.9229868,40.4380673]]}},{"type":"Feature","id":null,"properties":{"network_id":"net_260","highway":"primary"},"geometry":{"type":"LineString","coordinates":[[-79.9346005,40.458122],[-79.9344921,40.45815570000002],[-79.9341943,40.4582467],[-79.9339635,40.45831280000001],[-79.933797,40.45836570000001]]}},{"type":"Feature","id":null,"properties":{"network_id":"net_261","highway":"primary"},"geometry":{"type":"LineString","coordinates":[[-79.933797,40.45836570000001],[-79.9335843,40.45843020000003],[-79.9335451,40.45844240000001]]}},{"type":"Feature","id":null,"properties":{"network_id":"net_262","highway":"primary"},"geometry":{"type":"LineString","coordinates":[[-79.9335451,40.45844240000001],[-79.9331663,40.45855770000001],[-79.9329972,40.45861040000001],[-79.9327713,40.45868149999999],[-79.9323593,40.45879909999999],[-79.9322478,40.45883169999998],[-79.9319302,40.45892310000003],[-79.9316358,40.45900939999998],[-79.9309872,40.459199599999984],[-79.9306243,40.459306],[-79.92997,40.45949889999999]]}},{"type":"Feature","id":null,"properties":{"network_id":"net_263","highway":"primary"},"geometry":{"type":"LineString","coordinates":[[-79.9289389,40.458793100000015],[-79.9284944,40.45892450000001],[-79.9278834,40.45909739999999],[-79.9275407,40.45919949999998],[-79.9274489,40.459226799999996]]}},{"type":"Feature","id":null,"properties":{"network_id":"net_264","highway":"primary"},"geometry":{"type":"LineString","coordinates":[[-79.9291826,40.4592748],[-79.9289852,40.45888490000001],[-79.9289389,40.458793100000015]]}},{"type":"Feature","id":null,"properties":{"network_id":"net_265","highway":"primary"},"geometry":{"type":"LineString","coordinates":[[-79.9292928,40.459485500000014],[-79.9292047,40.4593171],[-79.9291826,40.4592748]]}},{"type":"Feature","id":null,"properties":{"network_id":"net_266","highway":"primary"},"geometry":{"type":"LineString","coordinates":[[-79.9205114,40.44385709999999],[-79.920496,40.4438049],[-79.92041850000001,40.44354270000001],[-79.9203148,40.44319209999999]]}},{"type":"Feature","id":null,"properties":{"network_id":"net_267","highway":"primary"},"geometry":{"type":"LineString","coordinates":[[-79.8955555,40.446198500000015],[-79.8954145,40.4465017]]}},{"type":"Feature","id":null,"properties":{"network_id":"net_268","highway":"primary"},"geometry":{"type":"LineString","coordinates":[[-79.8954145,40.4465017],[-79.8953515,40.446661199999994],[-79.8953346,40.44670390000002],[-79.8952856,40.4468596],[-79.8952426,40.446986],[-79.8952101,40.44708359999999],[-79.8951726,40.44715459999999]]}},{"type":"Feature","id":null,"properties":{"network_id":"net_269","highway":"primary"},"geometry":{"type":"LineString","coordinates":[[-79.9207154,40.452887100000005],[-79.9206967,40.452826800000004],[-79.9204924,40.452167899999985],[-79.9204693,40.4520935],[-79.920285,40.4514761],[-79.9202442,40.451337],[-79.9202309,40.4512718],[-79.920223,40.45121050000004],[-79.9202234,40.4511532],[-79.9202298,40.45109330000001],[-79.9202484,40.4510208],[-79.9202741,40.45095250000001],[-79.9202947,40.450897700000006],[-79.920531,40.45030490000002],[-79.92073920000001,40.44979560000001],[-79.9210182,40.44910840000001],[-79.9210852,40.4489436],[-79.921209,40.448639300000025],[-79.9212223,40.448606599999984],[-79.9212654,40.44849949999998],[-79.9213163,40.44837420000001],[-79.921505,40.447906199999984],[-79.92156580000001,40.44773129999999],[-79.9215735,40.447664400000015],[-79.9215876,40.447540999999994],[-79.9215597,40.44735460000001],[-79.9213559,40.446684000000005],[-79.921064,40.4457239],[-79.9205342,40.4439343],[-79.9205114,40.44385709999999]]}},{"type":"Feature","id":null,"properties":{"network_id":"net_270","highway":"primary"},"geometry":{"type":"LineString","coordinates":[[-79.86749582446178,40.449389464433764],[-79.8678485,40.450023500000015],[-79.8680981,40.45049219999999],[-79.8681804,40.450692200000006],[-79.86821350000001,40.450867999999986],[-79.8682321,40.451029600000005],[-79.8682321,40.451145800000006],[-79.8682003,40.451333600000005],[-79.8681299,40.45151450000001],[-79.8680675,40.4516539],[-79.8679096,40.451865],[-79.8676812,40.45208619999999],[-79.8674954,40.452209999999994],[-79.8672136,40.4523666],[-79.8666147,40.452650899999995]]}},{"type":"Feature","id":null,"properties":{"network_id":"net_271","highway":"primary"},"geometry":{"type":"LineString","coordinates":[[-79.8666589,40.4527146],[-79.867268,40.4524255],[-79.8675451,40.452274300000006],[-79.8677485,40.45213730000002],[-79.8679882,40.451905199999985],[-79.868154,40.451683499999994],[-79.8682199,40.4515363],[-79.868293,40.451348499999995],[-79.8683266,40.4511417],[-79.8683266,40.451026500000005],[-79.8683074,40.4508597],[-79.8682728,40.4506762],[-79.868187,40.450467900000014],[-79.8679358,40.44999599999999],[-79.8676498,40.4494819],[-79.86759837942414,40.449389467242796]]}},{"type":"Feature","id":null,"properties":{"network_id":"net_272","highway":"primary"},"geometry":{"type":"LineString","coordinates":[[-79.86646816515835,40.45280440701993],[-79.8666589,40.4527146]]}},{"type":"Feature","id":null,"properties":{"network_id":"net_273","highway":"primary"},"geometry":{"type":"LineString","coordinates":[[-79.913016,40.454440099999985],[-79.9126245,40.454170100000006],[-79.9124694,40.4540703],[-79.9124,40.45402570000001]]}},{"type":"Feature","id":null,"properties":{"network_id":"net_274","highway":"primary"},"geometry":{"type":"LineString","coordinates":[[-79.8666147,40.452650899999995],[-79.8664894645094,40.45270986897398]]}},{"type":"Feature","id":null,"properties":{"network_id":"net_275","highway":"primary"},"geometry":{"type":"LineString","coordinates":[[-79.9136466,40.4548754],[-79.913016,40.454440099999985]]}},{"type":"Feature","id":null,"properties":{"network_id":"net_276","highway":"primary"},"geometry":{"type":"LineString","coordinates":[[-79.9498534,40.454057399999996],[-79.9509757,40.454040000000006]]}},{"type":"Feature","id":null,"properties":{"network_id":"net_277","highway":"primary"},"geometry":{"type":"LineString","coordinates":[[-79.9498534,40.454057399999996],[-79.9495179,40.4540671],[-79.9494443,40.454072400000015],[-79.9491313,40.45411899999999],[-79.9489313,40.45415379999999],[-79.9488983,40.4541595],[-79.9486916,40.45419540000001],[-79.9484926,40.45422990000001],[-79.9480846,40.454300800000006],[-79.9477529,40.45435869999999],[-79.9476706,40.4543727]]}},{"type":"Feature","id":null,"properties":{"network_id":"net_278","highway":"primary"},"geometry":{"type":"LineString","coordinates":[[-79.9476706,40.4543727],[-79.9475842,40.45438850000001],[-79.9473129,40.45443800000001],[-79.9472486,40.45444969999999],[-79.9470336,40.45448900000002],[-79.946603,40.4545676],[-79.9463329,40.45464760000001],[-79.946229,40.4546783],[-79.946067,40.4547262],[-79.9459271,40.454767600000004],[-79.9456768,40.45484159999999],[-79.94532270000002,40.4549472],[-79.9452126,40.454979]]}},{"type":"Feature","id":null,"properties":{"network_id":"net_279","highway":"primary"},"geometry":{"type":"LineString","coordinates":[[-79.9452126,40.454979],[-79.9451594,40.45499579999999],[-79.9445354,40.455173399999985]]}},{"type":"Feature","id":null,"properties":{"network_id":"net_280","highway":"primary"},"geometry":{"type":"LineString","coordinates":[[-79.9445354,40.455173399999985],[-79.9441868,40.4552796]]}},{"type":"Feature","id":null,"properties":{"network_id":"net_281","highway":"primary"},"geometry":{"type":"LineString","coordinates":[[-79.9441868,40.4552796],[-79.9438307,40.455388400000004]]}},{"type":"Feature","id":null,"properties":{"network_id":"net_282","highway":"primary"},"geometry":{"type":"LineString","coordinates":[[-79.9438307,40.455388400000004],[-79.9437215,40.45541650000001],[-79.9436501,40.455439699999985],[-79.943275,40.455549899999994],[-79.94287300000002,40.45566800000001],[-79.9426535,40.4557332],[-79.9424816,40.455784200000004],[-79.9420766,40.455904399999994],[-79.9419596,40.45593909999999]]}},{"type":"Feature","id":null,"properties":{"network_id":"net_283","highway":"primary"},"geometry":{"type":"LineString","coordinates":[[-79.9419596,40.45593909999999],[-79.9418768,40.45596499999999],[-79.9416945,40.45602199999998],[-79.9415806,40.456058900000016],[-79.941204,40.456181400000006],[-79.9411692,40.45619270000001],[-79.9408248,40.4563047],[-79.9402118,40.456472],[-79.9397809,40.4565895],[-79.939648,40.456625800000005],[-79.9394552,40.4566855],[-79.93865590000001,40.456915000000016],[-79.9385211,40.4569557],[-79.9384161,40.45698659999999],[-79.9378183,40.457169499999985],[-79.9377901,40.4571771],[-79.9374579,40.45726739999999],[-79.9373102,40.4573096],[-79.937058,40.4573849],[-79.9369449,40.457418700000005],[-79.9368468,40.457447999999985],[-79.9366914,40.45749450000002],[-79.9364792,40.457558000000006],[-79.9357732,40.45776929999999],[-79.935471,40.4578622],[-79.9351888,40.4579442]]}},{"type":"Feature","id":null,"properties":{"network_id":"net_284","highway":"primary"},"geometry":{"type":"LineString","coordinates":[[-79.9351888,40.4579442],[-79.9346822,40.45809719999999],[-79.9346005,40.458122]]}},{"type":"Feature","id":null,"properties":{"network_id":"net_285","highway":"primary"},"geometry":{"type":"LineString","coordinates":[[-79.9449123,40.45947230000001],[-79.9448577,40.45943459999999],[-79.9438115,40.458866599999986],[-79.9437351,40.45882619999999],[-79.9436665,40.45878760000001],[-79.9431074,40.4584804],[-79.9428675,40.458348599999994],[-79.9427917,40.458306900000004],[-79.9427262,40.458272600000015],[-79.9421707,40.4579818],[-79.9419903,40.45787990000001],[-79.9419213,40.4578416],[-79.9416994,40.457725600000025],[-79.9416324,40.45769070000001],[-79.9414068,40.45757280000001],[-79.9412534,40.4574926],[-79.9410217,40.4573766],[-79.940978,40.45735450000001],[-79.940859,40.45729440000001],[-79.9402806,40.4569751],[-79.9397779,40.456695700000004],[-79.939648,40.456625800000005]]}},{"type":"Feature","id":null,"properties":{"network_id":"net_286","highway":"primary"},"geometry":{"type":"LineString","coordinates":[[-79.9137411,40.4549407],[-79.9136466,40.4548754]]}},{"type":"Feature","id":null,"properties":{"network_id":"net_287","highway":"primary"},"geometry":{"type":"LineString","coordinates":[[-79.9174112,40.45748030000001],[-79.9173861,40.4574617],[-79.9172549,40.457364600000005],[-79.9163794,40.4567681],[-79.9163049,40.45671740000002],[-79.9159359,40.456466],[-79.9155242,40.456170400000005],[-79.9154185,40.45609609999998],[-79.9153125,40.456026699999995],[-79.9149226,40.45575829999998],[-79.9145389,40.45549239999999],[-79.91419900000001,40.455256899999995],[-79.9137411,40.4549407]]}},{"type":"Feature","id":null,"properties":{"network_id":"net_288","highway":"primary"},"geometry":{"type":"LineString","coordinates":[[-79.9190564,40.45860080000002],[-79.9186331,40.45831280000001],[-79.9186071,40.458295099999994],[-79.9185849,40.458280599999995],[-79.9184951,40.4582221],[-79.9177765,40.457730299999994],[-79.9177296,40.4576982],[-79.9174376,40.4574984],[-79.9174112,40.45748030000001]]}},{"type":"Feature","id":null,"properties":{"network_id":"net_289","highway":"primary"},"geometry":{"type":"LineString","coordinates":[[-79.9198011,40.459126],[-79.9190564,40.45860080000002]]}},{"type":"Feature","id":null,"properties":{"network_id":"net_290","highway":"primary"},"geometry":{"type":"LineString","coordinates":[[-79.9198758,40.45917759999998],[-79.9198011,40.459126]]}},{"type":"Feature","id":null,"properties":{"network_id":"net_291","highway":"primary"},"geometry":{"type":"LineString","coordinates":[[-79.9202836,40.45945780000001],[-79.9198758,40.45917759999998]]}},{"type":"Feature","id":null,"properties":{"network_id":"net_292","highway":"primary"},"geometry":{"type":"LineString","coordinates":[[-79.9208086,40.4598158],[-79.9206757,40.459734100000006],[-79.9202836,40.45945780000001]]}},{"type":"Feature","id":null,"properties":{"network_id":"net_293","highway":"primary"},"geometry":{"type":"LineString","coordinates":[[-79.9208633,40.459861000000004],[-79.9208086,40.4598158]]}},{"type":"Feature","id":null,"properties":{"network_id":"net_294","highway":"primary"},"geometry":{"type":"LineString","coordinates":[[-79.9211833,40.4601052],[-79.9208633,40.459861000000004]]}},{"type":"Feature","id":null,"properties":{"network_id":"net_295","highway":"primary"},"geometry":{"type":"LineString","coordinates":[[-79.9250441,40.45994470000001],[-79.925023,40.459948600000004],[-79.9248726,40.45999710000001],[-79.9248494,40.46000459999999],[-79.9243545,40.46015010000001]]}},{"type":"Feature","id":null,"properties":{"network_id":"net_296","highway":"primary"},"geometry":{"type":"LineString","coordinates":[[-79.9274489,40.459226799999996],[-79.9273785,40.459247899999994],[-79.9269605,40.459381799999996],[-79.9263795,40.4595464]]}},{"type":"Feature","id":null,"properties":{"network_id":"net_297","highway":"primary"},"geometry":{"type":"LineString","coordinates":[[-79.92997,40.45949889999999],[-79.9297775,40.459554300000015]]}},{"type":"Feature","id":null,"properties":{"network_id":"net_298","highway":"primary"},"geometry":{"type":"LineString","coordinates":[[-79.9297775,40.459554300000015],[-79.9297074,40.4595749]]}},{"type":"Feature","id":null,"properties":{"network_id":"net_299","highway":"primary"},"geometry":{"type":"LineString","coordinates":[[-79.9293958,40.4596662],[-79.9293539,40.45959599999999],[-79.9292928,40.459485500000014]]}},{"type":"Feature","id":null,"properties":{"network_id":"net_300","highway":"primary"},"geometry":{"type":"LineString","coordinates":[[-79.9297074,40.4595749],[-79.9294931,40.45963660000002],[-79.9293958,40.4596662]]}},{"type":"Feature","id":null,"properties":{"network_id":"net_301","highway":"primary"},"geometry":{"type":"LineString","coordinates":[[-79.9263795,40.4595464],[-79.9260599,40.45965399999999],[-79.9258411,40.45971280000001]]}},{"type":"Feature","id":null,"properties":{"network_id":"net_302","highway":"primary"},"geometry":{"type":"LineString","coordinates":[[-79.9293808,40.4599772],[-79.9294263,40.4598252],[-79.9294184,40.45977889999998],[-79.9293958,40.4596662]]}},{"type":"Feature","id":null,"properties":{"network_id":"net_303","highway":"primary"},"geometry":{"type":"LineString","coordinates":[[-79.9258411,40.45971280000001],[-79.9252101,40.45989110000001],[-79.9250629,40.45993959999999],[-79.9250441,40.45994470000001]]}},{"type":"Feature","id":null,"properties":{"network_id":"net_304","highway":"primary"},"geometry":{"type":"LineString","coordinates":[[-79.9278342,40.46249559999999],[-79.92791190000001,40.46237409999999],[-79.9280681,40.462122099999995],[-79.9281907,40.46192990000003],[-79.9284631,40.46149329999999],[-79.9285189,40.461395599999996],[-79.9291738,40.460311700000005],[-79.9293808,40.4599772]]}},{"type":"Feature","id":null,"properties":{"network_id":"net_305","highway":"primary"},"geometry":{"type":"LineString","coordinates":[[-79.9252763,40.4615805],[-79.9249163,40.46144439999997],[-79.924825,40.461411799999986]]}},{"type":"Feature","id":null,"properties":{"network_id":"net_306","highway":"primary"},"geometry":{"type":"LineString","coordinates":[[-79.9733286,40.43379509999996],[-79.9732627,40.43423140000002],[-79.9731719,40.434682200000005]]}},{"type":"Feature","id":null,"properties":{"network_id":"net_307","highway":"primary"},"geometry":{"type":"LineString","coordinates":[[-79.9732857,40.43469550000002],[-79.9733422,40.4344149],[-79.9733536,40.43435800000001],[-79.9733764,40.43424470000001],[-79.9734764,40.4338563]]}},{"type":"Feature","id":null,"properties":{"network_id":"net_308","highway":"primary"},"geometry":{"type":"LineString","coordinates":[[-79.9643131,40.43575870000001],[-79.9640994,40.43571479999998]]}},{"type":"Feature","id":null,"properties":{"network_id":"net_309","highway":"primary"},"geometry":{"type":"LineString","coordinates":[[-79.9646829,40.43579450000001],[-79.9644982,40.4357554],[-79.9643131,40.43575870000001]]}},{"type":"Feature","id":null,"properties":{"network_id":"net_310","highway":"primary"},"geometry":{"type":"LineString","coordinates":[[-79.9643131,40.43575870000001],[-79.9644693,40.4358345],[-79.9646192,40.435866199999985]]}},{"type":"Feature","id":null,"properties":{"network_id":"net_311","highway":"primary"},"geometry":{"type":"LineString","coordinates":[[-79.9731719,40.434682200000005],[-79.9731687,40.43469810000001],[-79.9727141,40.43695739999999]]}},{"type":"Feature","id":null,"properties":{"network_id":"net_312","highway":"primary"},"geometry":{"type":"LineString","coordinates":[[-79.9657477,40.4360132],[-79.9656073,40.4359901],[-79.9646829,40.43579450000001]]}},{"type":"Feature","id":null,"properties":{"network_id":"net_313","highway":"primary"},"geometry":{"type":"LineString","coordinates":[[-79.9646192,40.435866199999985],[-79.96553840000001,40.4360608],[-79.965689,40.43608759999998]]}},{"type":"Feature","id":null,"properties":{"network_id":"net_314","highway":"primary"},"geometry":{"type":"LineString","coordinates":[[-79.96861940000001,40.4360652],[-79.9684759,40.43605240000001],[-79.9683271,40.4360458],[-79.9681665,40.436042999999984],[-79.966192,40.436052100000005],[-79.9660433,40.43604499999998],[-79.9658945,40.43603200000001],[-79.9657477,40.4360132]]}},{"type":"Feature","id":null,"properties":{"network_id":"net_315","highway":"primary"},"geometry":{"type":"LineString","coordinates":[[-79.9727424,40.43739540000001],[-79.9732857,40.43469550000002]]}},{"type":"Feature","id":null,"properties":{"network_id":"net_316","highway":"primary"},"geometry":{"type":"LineString","coordinates":[[-79.965689,40.43608759999998],[-79.9658543,40.4361123],[-79.9660237,40.436127099999986],[-79.96618900000001,40.43613419999999],[-79.9681656,40.43612509999999],[-79.9683227,40.43612790000001],[-79.9684665,40.4361343],[-79.9686054,40.4361466],[-79.9688997,40.4361802],[-79.9691827,40.436219300000005],[-79.9693148,40.436241499999994]]}},{"type":"Feature","id":null,"properties":{"network_id":"net_317","highway":"primary"},"geometry":{"type":"LineString","coordinates":[[-79.9709918,40.436594899999996],[-79.9709161,40.4365638],[-79.9708336,40.436534200000004],[-79.9706693,40.43648009999999],[-79.9704903,40.436427],[-79.97030320000002,40.436377],[-79.9688841,40.436013900000006],[-79.9687146,40.43597739999999],[-79.968551,40.43594730000001],[-79.9683861,40.43592070000002],[-79.9682171,40.435898300000005],[-79.9680474,40.4358794],[-79.9678818,40.435867099999996],[-79.9676947,40.435858499999995],[-79.9667626,40.4358231]]}},{"type":"Feature","id":null,"properties":{"network_id":"net_318","highway":"primary"},"geometry":{"type":"LineString","coordinates":[[-79.9667326,40.4364756],[-79.9668445,40.43646129999999]]}},{"type":"Feature","id":null,"properties":{"network_id":"net_319","highway":"primary"},"geometry":{"type":"LineString","coordinates":[[-79.9662755,40.4365743],[-79.9664457,40.43652399999999],[-79.9665585,40.436500099999996],[-79.9667326,40.4364756]]}},{"type":"Feature","id":null,"properties":{"network_id":"net_320","highway":"primary"},"geometry":{"type":"LineString","coordinates":[[-79.9715235,40.4368242],[-79.9713989,40.4367827],[-79.9712969,40.4367409],[-79.9709918,40.436594899999996]]}},{"type":"Feature","id":null,"properties":{"network_id":"net_321","highway":"primary"},"geometry":{"type":"LineString","coordinates":[[-79.9656326,40.437272700000015],[-79.9656912,40.43719720000001],[-79.96575260000002,40.43710209999999],[-79.9658191,40.43700019999999],[-79.9658825,40.436926299999996],[-79.9659559,40.43685229999999],[-79.9660429,40.4367959],[-79.9661376,40.4367373],[-79.9662889,40.43665150000001],[-79.9664726,40.4365746],[-79.9667326,40.4364756]]}},{"type":"Feature","id":null,"properties":{"network_id":"net_322","highway":"primary"},"geometry":{"type":"LineString","coordinates":[[-79.9723889,40.4370704],[-79.9722357,40.43703790000001],[-79.972105,40.4370037],[-79.9715235,40.4368242]]}},{"type":"Feature","id":null,"properties":{"network_id":"net_323","highway":"primary"},"geometry":{"type":"LineString","coordinates":[[-79.9668445,40.43646129999999],[-79.9683011,40.43644610000002],[-79.9686198,40.43644610000001],[-79.968775,40.4364464],[-79.9689115,40.436476600000006],[-79.9713602,40.437282700000004],[-79.9719491,40.43747359999999]]}},{"type":"Feature","id":null,"properties":{"network_id":"net_324","highway":"primary"},"geometry":{"type":"LineString","coordinates":[[-79.9725914,40.4371083],[-79.9723889,40.4370704]]}},{"type":"Feature","id":null,"properties":{"network_id":"net_325","highway":"primary"},"geometry":{"type":"LineString","coordinates":[[-79.9732469,40.43717329999999],[-79.9730095,40.4371584],[-79.9728399,40.43714460000001],[-79.9727202,40.4371303],[-79.9725914,40.4371083]]}},{"type":"Feature","id":null,"properties":{"network_id":"net_326","highway":"primary"},"geometry":{"type":"LineString","coordinates":[[-79.9727141,40.43695739999999],[-79.9726433,40.43730919999999],[-79.9726286,40.437382099999994]]}},{"type":"Feature","id":null,"properties":{"network_id":"net_327","highway":"primary"},"geometry":{"type":"LineString","coordinates":[[-79.9735014,40.43716799999999],[-79.9732469,40.43717329999999]]}},{"type":"Feature","id":null,"properties":{"network_id":"net_328","highway":"primary"},"geometry":{"type":"LineString","coordinates":[[-79.9744997,40.4372093],[-79.9744516,40.43720730000001],[-79.9735991,40.43717120000001],[-79.9735014,40.43716799999999]]}},{"type":"Feature","id":null,"properties":{"network_id":"net_329","highway":"primary"},"geometry":{"type":"LineString","coordinates":[[-79.9777293,40.4373437],[-79.97766400000002,40.43734090000002],[-79.9760237,40.437270000000005],[-79.97595490000002,40.437267],[-79.9758872,40.43726430000002],[-79.9745549,40.43721149999998],[-79.9744997,40.4372093]]}},{"type":"Feature","id":null,"properties":{"network_id":"net_330","highway":"primary"},"geometry":{"type":"LineString","coordinates":[[-79.9795071,40.43742329999997],[-79.9794467,40.4374249],[-79.9777994,40.437347],[-79.9777293,40.4373437]]}},{"type":"Feature","id":null,"properties":{"network_id":"net_331","highway":"primary"},"geometry":{"type":"LineString","coordinates":[[-79.9652115,40.437572100000004],[-79.9653689,40.437508899999976],[-79.9654651,40.437441700000015],[-79.96555730000001,40.437358700000004],[-79.9656326,40.437272700000015]]}},{"type":"Feature","id":null,"properties":{"network_id":"net_332","highway":"primary"},"geometry":{"type":"LineString","coordinates":[[-79.9726286,40.437382099999994],[-79.97262350000001,40.43740750000002],[-79.9725989,40.43751089999999],[-79.9726151,40.43754540000001],[-79.972653,40.4375835],[-79.9727359,40.43758929999999]]}},{"type":"Feature","id":null,"properties":{"network_id":"net_333","highway":"primary"},"geometry":{"type":"LineString","coordinates":[[-79.9727359,40.43758929999999],[-79.972722,40.43757359999999],[-79.9727213,40.4375224],[-79.9727424,40.43739540000001]]}},{"type":"Feature","id":null,"properties":{"network_id":"net_334","highway":"primary"},"geometry":{"type":"LineString","coordinates":[[-79.9842094,40.437625699999984],[-79.9841243,40.43761799999997],[-79.9835179,40.4375924],[-79.9832757,40.437582199999994],[-79.9827524,40.43756010000001],[-79.98266990000002,40.437556600000015],[-79.9825903,40.437553400000006],[-79.981502,40.437507399999994],[-79.9814395,40.4375048],[-79.9813523,40.43750109999998],[-79.9800291,40.4374453],[-79.9795869,40.4374267],[-79.9795071,40.43742329999997]]}},{"type":"Feature","id":null,"properties":{"network_id":"net_335","highway":"primary"},"geometry":{"type":"LineString","coordinates":[[-79.9719491,40.43747359999999],[-79.9722944,40.43758469999999],[-79.9725922,40.4376897],[-79.9727719,40.43775049999999]]}},{"type":"Feature","id":null,"properties":{"network_id":"net_336","highway":"primary"},"geometry":{"type":"LineString","coordinates":[[-79.9387864,40.4439211],[-79.9387031,40.443839100000005],[-79.9386775,40.443813899999995]]}},{"type":"Feature","id":null,"properties":{"network_id":"net_337","highway":"primary"},"geometry":{"type":"LineString","coordinates":[[-79.9391401,40.44398150000001],[-79.9389557,40.443949999999994],[-79.9387864,40.4439211]]}},{"type":"Feature","id":null,"properties":{"network_id":"net_338","highway":"primary"},"geometry":{"type":"LineString","coordinates":[[-79.939934,40.44411720000001],[-79.9391401,40.44398150000001]]}},{"type":"Feature","id":null,"properties":{"network_id":"net_339","highway":"primary"},"geometry":{"type":"LineString","coordinates":[[-79.9401216,40.444152200000005],[-79.939934,40.44411720000001]]}},{"type":"Feature","id":null,"properties":{"network_id":"net_340","highway":"primary"},"geometry":{"type":"LineString","coordinates":[[-79.9486742,40.44444460000001],[-79.9486961,40.44443939999999],[-79.9487753,40.444419399999994],[-79.948843,40.444402299999986],[-79.9492892,40.44428980000001],[-79.9496381,40.44420239999999],[-79.950213,40.4440583],[-79.9504667,40.443995599999994],[-79.9505786,40.443968],[-79.9506564,40.443948800000015],[-79.9507569,40.443923999999996]]}},{"type":"Feature","id":null,"properties":{"network_id":"net_341","highway":"primary"},"geometry":{"type":"LineString","coordinates":[[-79.9405668,40.444233799999985],[-79.9401216,40.444152200000005]]}},{"type":"Feature","id":null,"properties":{"network_id":"net_342","highway":"primary"},"geometry":{"type":"LineString","coordinates":[[-79.9413512,40.44436530000001],[-79.9412646,40.444347799999996],[-79.9406741,40.444251],[-79.9405668,40.444233799999985]]}},{"type":"Feature","id":null,"properties":{"network_id":"net_343","highway":"primary"},"geometry":{"type":"LineString","coordinates":[[-79.9419585,40.4444714],[-79.9419315,40.44446669999999],[-79.94168630000001,40.444423600000015],[-79.9415723,40.44440350000001],[-79.9413512,40.44436530000001]]}},{"type":"Feature","id":null,"properties":{"network_id":"net_344","highway":"primary"},"geometry":{"type":"LineString","coordinates":[[-79.9472574,40.4445083],[-79.9472812,40.44450749999999],[-79.9475218,40.444499300000004],[-79.9477987,40.4444899],[-79.9479976,40.4444831],[-79.9480449,40.444481500000016],[-79.948501,40.44446589999999],[-79.9485455,40.44446439999998],[-79.9485579,40.44446400000001],[-79.9486478,40.4444502],[-79.9486742,40.44444460000001]]}},{"type":"Feature","id":null,"properties":{"network_id":"net_345","highway":"primary"},"geometry":{"type":"LineString","coordinates":[[-79.9463614,40.4445388],[-79.9472574,40.4445083]]}},{"type":"Feature","id":null,"properties":{"network_id":"net_346","highway":"primary"},"geometry":{"type":"LineString","coordinates":[[-79.9727359,40.43758929999999],[-79.9727576,40.4376567],[-79.9727685,40.437701600000004],[-79.9727719,40.43775049999999]]}},{"type":"Feature","id":null,"properties":{"network_id":"net_347","highway":"primary"},"geometry":{"type":"LineString","coordinates":[[-79.9727719,40.43775049999999],[-79.9728927,40.43778520000001],[-79.972958,40.43780509999999],[-79.9729977,40.4378172],[-79.9733893,40.43793270000001],[-79.9742644,40.4380179],[-79.9744369,40.43802620000002],[-79.97546340000001,40.43811730000001],[-79.9758944,40.43815300000002],[-79.9774376,40.4382214],[-79.9776674,40.438231599999995]]}},{"type":"Feature","id":null,"properties":{"network_id":"net_348","highway":"primary"},"geometry":{"type":"LineString","coordinates":[[-79.9776674,40.438231599999995],[-79.9777161,40.4382336],[-79.9778009,40.438237],[-79.9794461,40.43830390000001],[-79.98005,40.4383322],[-79.9806711,40.43835970000001],[-79.9807839,40.438364699999994],[-79.9813637,40.4383905],[-79.9822515,40.438429800000016],[-79.9824239,40.4384375],[-79.982607,40.438445599999994],[-79.9831607,40.43847019999998],[-79.9833219,40.4384773],[-79.9835792,40.43848869999999],[-79.9840123,40.43850800000002]]}},{"type":"Feature","id":null,"properties":{"network_id":"net_349","highway":"primary"},"geometry":{"type":"LineString","coordinates":[[-79.9686136,40.45497729999998],[-79.9686533,40.45496420000001],[-79.9688601,40.45488540000002],[-79.9691211,40.454781899999986],[-79.9696283,40.45458189999999],[-79.9702074,40.4543598],[-79.9708639,40.45410890000001],[-79.9713008,40.45392950000001],[-79.9720463,40.45364080000001],[-79.9729245,40.4532915],[-79.9731724,40.453186],[-79.9734226,40.45306729999998],[-79.97372940000001,40.4529258],[-79.9739718,40.452796],[-79.9741576,40.4526956],[-79.974469,40.45250959999999],[-79.9747221,40.45234769999999],[-79.9749922,40.45216540000001],[-79.9755221,40.45179190000001],[-79.9757515,40.45164179999999],[-79.9759786,40.45150540000001],[-79.9761547,40.451407700000004],[-79.9764037,40.4512802],[-79.9766229,40.45117890000001],[-79.97693060000002,40.451050200000005],[-79.9771867,40.450954299999985],[-79.9774513,40.4508661],[-79.9777261,40.450782100000005],[-79.978091,40.4506886],[-79.9784041,40.450623],[-79.9787173,40.45056759999999],[-79.9790046,40.4505205],[-79.9793739,40.450451599999994],[-79.9796419,40.45039599999999],[-79.9799608,40.4503202],[-79.9802265,40.45025030000001],[-79.9805044,40.45017190000001],[-79.9807624,40.45009269999999],[-79.9811918,40.4499575],[-79.9814135,40.44987079999999],[-79.9815331,40.44982350000001],[-79.9817789,40.449725100000016],[-79.9820085,40.449622],[-79.9822629,40.449505],[-79.9825134,40.44938410000001],[-79.9828639,40.44920320000001],[-79.98369140000001,40.4487628],[-79.9844932,40.44833229999999],[-79.9846905,40.44822330000001],[-79.9848386,40.448133500000004],[-79.985162,40.44792710000001],[-79.9857132,40.447572599999994],[-79.9871409,40.4466613],[-79.987499,40.44644040000002],[-79.98780760000001,40.4462547],[-79.9881288,40.4460483],[-79.9884653,40.445834299999994],[-79.9888039,40.445611400000004],[-79.98904170000002,40.44545540000001],[-79.9892301,40.44533390000002]]}},{"type":"Feature","id":null,"properties":{"network_id":"net_350","highway":"primary"},"geometry":{"type":"LineString","coordinates":[[-79.989316,40.44516789999999],[-79.9880643,40.44596529999998],[-79.9860609,40.44724149999997],[-79.9849524,40.44794969999998],[-79.9846361,40.448144],[-79.9843104,40.448326300000005],[-79.9824063,40.4493296],[-79.9820023,40.44952620000001],[-79.9816484,40.4496788],[-79.9813838,40.44978839999998],[-79.9809218,40.449955200000005],[-79.9805585,40.45007200000001],[-79.9801749,40.4501804],[-79.9797584,40.45028529999999],[-79.9794922,40.45034600000001],[-79.9790036,40.450439],[-79.9784618,40.45053429999998],[-79.9780751,40.4506106],[-79.977812,40.4506713],[-79.9774628,40.4507738],[-79.9771308,40.450888200000016],[-79.9768646,40.45098949999999],[-79.9765311,40.45112770000002],[-79.9762696,40.451249299999986],[-79.9759909,40.45140059999999],[-79.9757122,40.45156740000002],[-79.9753692,40.4517914],[-79.97471,40.45225250000001],[-79.9745518,40.45236340000003],[-79.974353,40.452489699999994],[-79.9740915,40.452646900000005],[-79.9740254,40.45268370000001],[-79.9738933,40.45275729999999],[-79.9738582,40.45277679999999],[-79.9735653,40.452924599999996],[-79.9731848,40.4530962],[-79.9728043,40.45325939999998],[-79.9719791,40.4535847],[-79.970818,40.454041999999994],[-79.969937,40.454389],[-79.9694502,40.4545808],[-79.9687534,40.45485070000001],[-79.9685851,40.454908799999984],[-79.9684931,40.4549442],[-79.9683338,40.45499310000002],[-79.9681201,40.45504700000001],[-79.9677768,40.45513119999999],[-79.96726920000002,40.45526159999999],[-79.9669628,40.4553395]]}},{"type":"Feature","id":null,"properties":{"network_id":"net_351","highway":"primary"},"geometry":{"type":"LineString","coordinates":[[-79.9819995,40.45144789999998],[-79.9816196,40.45171020000001],[-79.9813247,40.4519151],[-79.9808061,40.4522705],[-79.9799994,40.4528301],[-79.9793602,40.4532533]]}},{"type":"Feature","id":null,"properties":{"network_id":"net_352","highway":"primary"},"geometry":{"type":"LineString","coordinates":[[-79.9793602,40.4532533],[-79.9792805,40.453306],[-79.979234,40.4533396],[-79.9791834,40.45337610000001],[-79.9791274,40.45341650000001],[-79.9791,40.45343630000001],[-79.9784684,40.45387019999999],[-79.9778457,40.454295699999996],[-79.9777606,40.4543564]]}},{"type":"Feature","id":null,"properties":{"network_id":"net_353","highway":"primary"},"geometry":{"type":"LineString","coordinates":[[-79.9777606,40.4543564],[-79.977653,40.45443219999999],[-79.9776091,40.45446310000001],[-79.9775573,40.4544995],[-79.9768751,40.454975],[-79.976862,40.45498420000001],[-79.9763653,40.455326700000015],[-79.9761569,40.45546989999999],[-79.9759095,40.45563980000002],[-79.9753369,40.456030499999976]]}},{"type":"Feature","id":null,"properties":{"network_id":"net_354","highway":"primary"},"geometry":{"type":"LineString","coordinates":[[-79.9659559,40.455772899999985],[-79.9667559,40.455499199999984],[-79.9671087,40.4553881],[-79.9673302,40.455322599999995],[-79.9674573,40.4552913],[-79.9676544,40.4552428],[-79.9681555,40.4551248],[-79.9683191,40.45507890000002],[-79.9685391,40.45500200000001],[-79.9686136,40.45497729999998]]}},{"type":"Feature","id":null,"properties":{"network_id":"net_355","highway":"primary"},"geometry":{"type":"LineString","coordinates":[[-79.9669628,40.4553395],[-79.966656,40.4554413],[-79.9663439,40.45554760000001]]}},{"type":"Feature","id":null,"properties":{"network_id":"net_356","highway":"primary"},"geometry":{"type":"LineString","coordinates":[[-79.9622318,40.43577839999999],[-79.9619052,40.43580540000001],[-79.9616279,40.4358207],[-79.9614938,40.4358252]]}},{"type":"Feature","id":null,"properties":{"network_id":"net_357","highway":"primary"},"geometry":{"type":"LineString","coordinates":[[-79.9614938,40.4358252],[-79.9613706,40.4358285],[-79.961136,40.43583989999999],[-79.9607977,40.4358532],[-79.96070850000001,40.4358536],[-79.9605752,40.43585689999999]]}},{"type":"Feature","id":null,"properties":{"network_id":"net_358","highway":"primary"},"geometry":{"type":"LineString","coordinates":[[-79.9605752,40.43585689999999],[-79.9597849,40.4358764]]}},{"type":"Feature","id":null,"properties":{"network_id":"net_359","highway":"primary"},"geometry":{"type":"LineString","coordinates":[[-79.9597849,40.4358764],[-79.9596628,40.4358794],[-79.9593205,40.43588810000001],[-79.9589851,40.435897300000015],[-79.958952,40.435898300000005]]}},{"type":"Feature","id":null,"properties":{"network_id":"net_360","highway":"primary"},"geometry":{"type":"LineString","coordinates":[[-79.958952,40.435898300000005],[-79.958872,40.435900700000005],[-79.9586806,40.43590109999998],[-79.9585493,40.43589800000001],[-79.9584153,40.43588400000001],[-79.958322,40.43588139999999],[-79.9581281,40.435875200000005]]}},{"type":"Feature","id":null,"properties":{"network_id":"net_361","highway":"primary"},"geometry":{"type":"LineString","coordinates":[[-79.9533431,40.453997099999995],[-79.95317490000001,40.45400039999999],[-79.95310100000002,40.454001800000015],[-79.95260630000001,40.45401150000001]]}},{"type":"Feature","id":null,"properties":{"network_id":"net_362","highway":"primary"},"geometry":{"type":"LineString","coordinates":[[-79.9533431,40.453997099999995],[-79.9534123,40.45411180000001],[-79.9534269,40.45413589999999],[-79.9542978,40.4555787],[-79.9544855,40.45588970000001],[-79.9545034,40.455918300000015],[-79.9546531,40.4561576],[-79.9548679,40.4565009],[-79.9549012,40.4565567],[-79.9549282,40.4565981],[-79.9550836,40.45683590000001]]}},{"type":"Feature","id":null,"properties":{"network_id":"net_363","highway":"primary"},"geometry":{"type":"LineString","coordinates":[[-79.9657323,40.45575360000001],[-79.9656138,40.45579200000002],[-79.9654423,40.4558534],[-79.9652293,40.455935000000004],[-79.9646672,40.45617390000001],[-79.9644829,40.45625079999999],[-79.9635393,40.4566444],[-79.9606261,40.457862000000006]]}},{"type":"Feature","id":null,"properties":{"network_id":"net_364","highway":"primary"},"geometry":{"type":"LineString","coordinates":[[-79.960572,40.45797430000001],[-79.9616012,40.4575455],[-79.9622757,40.4572644],[-79.962625,40.457118799999996],[-79.9636153,40.45670479999999],[-79.964012,40.456540700000005],[-79.9645686,40.45630870000002],[-79.9649812,40.45613879999999],[-79.9652658,40.456019399999995],[-79.9654012,40.4559646],[-79.9657611,40.4558416],[-79.9658199,40.4558213],[-79.9658334,40.45581649999999],[-79.9659559,40.455772899999985]]}},{"type":"Feature","id":null,"properties":{"network_id":"net_365","highway":"primary"},"geometry":{"type":"LineString","coordinates":[[-79.9550836,40.45683590000001],[-79.95518180000002,40.45708440000001],[-79.9556588,40.457902599999976],[-79.9557208,40.4579885],[-79.9557839,40.4580584],[-79.9558614,40.458126700000015],[-79.9559578,40.458188199999995],[-79.9560762,40.45824799999999],[-79.9561688,40.45828149999999]]}},{"type":"Feature","id":null,"properties":{"network_id":"net_366","highway":"primary"},"geometry":{"type":"LineString","coordinates":[[-79.9463217,40.44454090000003],[-79.9463614,40.4445388]]}},{"type":"Feature","id":null,"properties":{"network_id":"net_367","highway":"primary"},"geometry":{"type":"LineString","coordinates":[[-79.9458597,40.44455789999998],[-79.9461086,40.44454810000001],[-79.9462608,40.44454220000002],[-79.9463217,40.44454090000003]]}},{"type":"Feature","id":null,"properties":{"network_id":"net_368","highway":"primary"},"geometry":{"type":"LineString","coordinates":[[-79.9429911,40.44463569999999],[-79.9428627,40.4446242],[-79.9425064,40.4445706],[-79.9424831,40.4445659],[-79.9424432,40.44455789999998],[-79.9421723,40.44450890000001],[-79.9421007,40.4444959],[-79.94203630000001,40.44448480000001],[-79.9419585,40.4444714]]}},{"type":"Feature","id":null,"properties":{"network_id":"net_369","highway":"primary"},"geometry":{"type":"LineString","coordinates":[[-79.9452616,40.4445814],[-79.9458597,40.44455789999998]]}},{"type":"Feature","id":null,"properties":{"network_id":"net_370","highway":"primary"},"geometry":{"type":"LineString","coordinates":[[-79.9444118,40.4446148],[-79.9447613,40.444601099999986],[-79.9447845,40.4446002],[-79.9452616,40.4445814]]}},{"type":"Feature","id":null,"properties":{"network_id":"net_371","highway":"primary"},"geometry":{"type":"LineString","coordinates":[[-79.9429911,40.44463569999999],[-79.9431338,40.4446394],[-79.9432042,40.444641200000014],[-79.9433469,40.444643500000005],[-79.9435367,40.44464339999999],[-79.9436261,40.44464280000001],[-79.9444118,40.4446148]]}},{"type":"Feature","id":null,"properties":{"network_id":"net_372","highway":"primary"},"geometry":{"type":"LineString","coordinates":[[-79.9487756,40.44528189999999],[-79.9487701,40.44523650000001],[-79.9486917,40.4445887],[-79.9486871,40.4445427],[-79.9486858,40.444529599999996],[-79.9486742,40.44444460000001]]}},{"type":"Feature","id":null,"properties":{"network_id":"net_373","highway":"primary"},"geometry":{"type":"LineString","coordinates":[[-79.9489816,40.446940800000014],[-79.94896910000001,40.44683509999999],[-79.9489636,40.4467885],[-79.9489127,40.44636680000002],[-79.9488478,40.44587060000001],[-79.9488424,40.4458291],[-79.9488393,40.4458056],[-79.9488373,40.4457851],[-79.9487813,40.44532860000002],[-79.9487756,40.44528189999999]]}},{"type":"Feature","id":null,"properties":{"network_id":"net_374","highway":"primary"},"geometry":{"type":"LineString","coordinates":[[-79.95260630000001,40.45401150000001],[-79.952067,40.454019200000005],[-79.9519274,40.45402130000001]]}},{"type":"Feature","id":null,"properties":{"network_id":"net_375","highway":"primary"},"geometry":{"type":"LineString","coordinates":[[-79.9519274,40.45402130000001],[-79.9517732,40.45402409999999],[-79.9509757,40.454040000000006]]}},{"type":"Feature","id":null,"properties":{"network_id":"net_376","highway":"primary"},"geometry":{"type":"LineString","coordinates":[[-79.9572667,40.4585712],[-79.956271,40.458227900000004],[-79.95617880000002,40.4581928],[-79.956116,40.458168900000004],[-79.9559908,40.45810319999998],[-79.9559056,40.45804590000001],[-79.9558281,40.45796669999999],[-79.9557628,40.45787570000001],[-79.9556775,40.4577359],[-79.9552713,40.4570452],[-79.9550836,40.45683590000001]]}},{"type":"Feature","id":null,"properties":{"network_id":"net_377","highway":"primary"},"geometry":{"type":"LineString","coordinates":[[-79.9606261,40.457862000000006],[-79.9603081,40.45799470000001]]}},{"type":"Feature","id":null,"properties":{"network_id":"net_378","highway":"primary"},"geometry":{"type":"LineString","coordinates":[[-79.9603841,40.45805259999999],[-79.960572,40.45797430000001]]}},{"type":"Feature","id":null,"properties":{"network_id":"net_379","highway":"primary"},"geometry":{"type":"LineString","coordinates":[[-79.9603081,40.45799470000001],[-79.9590479,40.45852069999998],[-79.9588114,40.45861659999999],[-79.958665,40.4586613],[-79.9585084,40.45869820000001],[-79.9583229,40.4587268],[-79.958142,40.45873809999999],[-79.9579651,40.458734],[-79.9577968,40.45871369999999]]}},{"type":"Feature","id":null,"properties":{"network_id":"net_380","highway":"primary"},"geometry":{"type":"LineString","coordinates":[[-79.9561688,40.45828149999999],[-79.95626,40.45831450000001],[-79.9564951,40.458393799999996],[-79.9568088,40.4584997]]}},{"type":"Feature","id":null,"properties":{"network_id":"net_381","highway":"primary"},"geometry":{"type":"LineString","coordinates":[[-79.9578053,40.458792200000005],[-79.9579621,40.45880600000001],[-79.9581085,40.458813199999994],[-79.9582714,40.45880839999999],[-79.9584381,40.458788200000015],[-79.9586539,40.458744499999995],[-79.9586953,40.45873480000001],[-79.95880530000001,40.45870300000001],[-79.9589494,40.45865109999999],[-79.9590842,40.4585947],[-79.9596313,40.45836580000002],[-79.9603841,40.45805259999999]]}},{"type":"Feature","id":null,"properties":{"network_id":"net_382","highway":"primary"},"geometry":{"type":"LineString","coordinates":[[-79.9568088,40.4584997],[-79.9570333,40.45857700000002],[-79.957248,40.458651399999994]]}},{"type":"Feature","id":null,"properties":{"network_id":"net_383","highway":"primary"},"geometry":{"type":"LineString","coordinates":[[-79.9572667,40.4585712],[-79.957248,40.458651399999994]]}},{"type":"Feature","id":null,"properties":{"network_id":"net_384","highway":"primary"},"geometry":{"type":"LineString","coordinates":[[-79.95734740000002,40.45868480000001],[-79.9572667,40.4585712]]}},{"type":"Feature","id":null,"properties":{"network_id":"net_385","highway":"primary"},"geometry":{"type":"LineString","coordinates":[[-79.9577968,40.45871369999999],[-79.9576433,40.45868509999999],[-79.9575392,40.45865890000001],[-79.9574863,40.45864269999999],[-79.9574264,40.458624300000004],[-79.9572667,40.4585712]]}},{"type":"Feature","id":null,"properties":{"network_id":"net_386","highway":"primary"},"geometry":{"type":"LineString","coordinates":[[-79.9663439,40.45554760000001],[-79.96620470000002,40.455594299999994],[-79.9660128,40.45566029999999]]}},{"type":"Feature","id":null,"properties":{"network_id":"net_387","highway":"primary"},"geometry":{"type":"LineString","coordinates":[[-79.9660128,40.45566029999999],[-79.9658695,40.455709700000014],[-79.96584460000001,40.4557173],[-79.9657323,40.45575360000001]]}},{"type":"Feature","id":null,"properties":{"network_id":"net_388","highway":"primary"},"geometry":{"type":"LineString","coordinates":[[-79.9753369,40.456030499999976],[-79.9749535,40.456307699999996]]}},{"type":"Feature","id":null,"properties":{"network_id":"net_389","highway":"primary"},"geometry":{"type":"LineString","coordinates":[[-79.9749535,40.456307699999996],[-79.9748835,40.456351099999985],[-79.974395,40.4566858],[-79.9743465,40.45671800000001],[-79.9741832,40.45682729999999],[-79.9735847,40.4572456],[-79.9735356,40.4572799]]}},{"type":"Feature","id":null,"properties":{"network_id":"net_390","highway":"primary"},"geometry":{"type":"LineString","coordinates":[[-79.9735356,40.4572799],[-79.9734811,40.45731710000001],[-79.973034,40.4576225],[-79.9727861,40.45779189999999],[-79.9726905,40.45785819999998],[-79.9725547,40.4579524],[-79.9721177,40.45825570000001],[-79.9718712,40.4584236],[-79.9715225,40.45866190000001],[-79.9714162,40.458737400000004],[-79.9712255,40.45886569999998],[-79.9708466,40.45912839999999],[-79.97075490000002,40.45919030000001],[-79.9706847,40.45924010000001]]}},{"type":"Feature","id":null,"properties":{"network_id":"net_391","highway":"primary"},"geometry":{"type":"LineString","coordinates":[[-79.9706847,40.45924010000001],[-79.9706306,40.45927759999999],[-79.969779,40.45986759999999],[-79.9692768,40.46020889999999]]}},{"type":"Feature","id":null,"properties":{"network_id":"net_392","highway":"primary"},"geometry":{"type":"LineString","coordinates":[[-79.9692768,40.46020889999999],[-79.9682192,40.4609165]]}},{"type":"Feature","id":null,"properties":{"network_id":"net_393","highway":"primary"},"geometry":{"type":"LineString","coordinates":[[-79.9682192,40.4609165],[-79.9680477,40.46102310000003]]}},{"type":"Feature","id":null,"properties":{"network_id":"net_394","highway":"primary"},"geometry":{"type":"LineString","coordinates":[[-79.9680477,40.46102310000003],[-79.9678422,40.46116179999999],[-79.9675599,40.46135579999999],[-79.9673016,40.461502700000004],[-79.967091,40.4615774]]}},{"type":"Feature","id":null,"properties":{"network_id":"net_395","highway":"primary"},"geometry":{"type":"LineString","coordinates":[[-79.967091,40.4615774],[-79.966961,40.46159949999999],[-79.9666267,40.4616281],[-79.9660447,40.461678000000006]]}},{"type":"Feature","id":null,"properties":{"network_id":"net_396","highway":"primary"},"geometry":{"type":"LineString","coordinates":[[-79.957248,40.458651399999994],[-79.95734740000002,40.45868480000001]]}},{"type":"Feature","id":null,"properties":{"network_id":"net_397","highway":"primary"},"geometry":{"type":"LineString","coordinates":[[-79.95734740000002,40.45868480000001],[-79.9575003,40.458732899999994],[-79.9576977,40.458778599999995],[-79.9578053,40.458792200000005]]}},{"type":"Feature","id":null,"properties":{"network_id":"net_398","highway":"primary"},"geometry":{"type":"LineString","coordinates":[[-79.957248,40.458651399999994],[-79.9572256,40.458758999999986],[-79.9571999,40.4588374],[-79.957157,40.4589157],[-79.9570918,40.4589894]]}},{"type":"Feature","id":null,"properties":{"network_id":"net_399","highway":"primary"},"geometry":{"type":"LineString","coordinates":[[-79.9572334,40.459004199999995],[-79.9572943,40.4588831],[-79.9573286,40.45882430000001],[-79.9573458,40.458771999999996],[-79.9573501,40.45874920000001],[-79.9573544,40.45872630000001],[-79.95734740000002,40.45868480000001]]}},{"type":"Feature","id":null,"properties":{"network_id":"net_400","highway":"primary"},"geometry":{"type":"LineString","coordinates":[[-79.9570918,40.4589894],[-79.9567551,40.459356199999995]]}},{"type":"Feature","id":null,"properties":{"network_id":"net_401","highway":"primary"},"geometry":{"type":"LineString","coordinates":[[-79.9568494,40.45940679999998],[-79.9570321,40.459221200000016],[-79.95712640000002,40.4591158],[-79.9572334,40.459004199999995]]}},{"type":"Feature","id":null,"properties":{"network_id":"net_402","highway":"primary"},"geometry":{"type":"LineString","coordinates":[[-79.9567551,40.459356199999995],[-79.9564817,40.45966319999999],[-79.9560769,40.46008269999998]]}},{"type":"Feature","id":null,"properties":{"network_id":"net_403","highway":"primary"},"geometry":{"type":"LineString","coordinates":[[-79.9540327,40.46244220000001],[-79.9565436,40.45970559999999],[-79.9568494,40.45940679999998]]}},{"type":"Feature","id":null,"properties":{"network_id":"net_404","highway":"primary"},"geometry":{"type":"LineString","coordinates":[[-79.9560769,40.46008269999998],[-79.9535655,40.462813999999995],[-79.9532334,40.4631693],[-79.953016,40.46340190000001]]}},{"type":"Feature","id":null,"properties":{"network_id":"net_405","highway":"primary"},"geometry":{"type":"LineString","coordinates":[[-79.961992,40.462048200000005],[-79.9608226,40.46223399999999]]}},{"type":"Feature","id":null,"properties":{"network_id":"net_406","highway":"primary"},"geometry":{"type":"LineString","coordinates":[[-79.94595720000001,40.46002639999999],[-79.9458908,40.4599902],[-79.9454842,40.45977450000001],[-79.9449123,40.45947230000001]]}},{"type":"Feature","id":null,"properties":{"network_id":"net_407","highway":"primary"},"geometry":{"type":"LineString","coordinates":[[-79.9470895,40.4606294],[-79.9470309,40.4605969],[-79.946445,40.46028619999999],[-79.9460443,40.46007280000001],[-79.94595720000001,40.46002639999999]]}},{"type":"Feature","id":null,"properties":{"network_id":"net_408","highway":"primary"},"geometry":{"type":"LineString","coordinates":[[-79.94894660000001,40.46160770000001],[-79.9488991,40.46158239999999],[-79.9484815,40.46135769999999],[-79.94805810000001,40.461137199999996],[-79.9480176,40.46110769999999],[-79.9475854,40.46088499999998],[-79.9473565,40.460767000000004],[-79.9470895,40.4606294]]}},{"type":"Feature","id":null,"properties":{"network_id":"net_409","highway":"primary"},"geometry":{"type":"LineString","coordinates":[[-79.9503456,40.46235780000001],[-79.9499494,40.4621517],[-79.9498897,40.46211970000001],[-79.949842,40.46208870000002],[-79.9493934,40.4618474],[-79.9489772,40.4616246],[-79.94894660000001,40.46160770000001]]}},{"type":"Feature","id":null,"properties":{"network_id":"net_410","highway":"primary"},"geometry":{"type":"LineString","coordinates":[[-79.95087790000001,40.4626369],[-79.9508375,40.46261570000001],[-79.9503456,40.46235780000001]]}},{"type":"Feature","id":null,"properties":{"network_id":"net_411","highway":"primary"},"geometry":{"type":"LineString","coordinates":[[-79.9512503,40.4628387],[-79.9509178,40.46265850000001],[-79.95087790000001,40.4626369]]}},{"type":"Feature","id":null,"properties":{"network_id":"net_412","highway":"primary"},"geometry":{"type":"LineString","coordinates":[[-79.9518268,40.4631537],[-79.9517715,40.463123800000005],[-79.9512503,40.4628387]]}},{"type":"Feature","id":null,"properties":{"network_id":"net_413","highway":"primary"},"geometry":{"type":"LineString","coordinates":[[-79.9518268,40.4631537],[-79.9518698,40.4631743],[-79.9522131,40.4633433]]}},{"type":"Feature","id":null,"properties":{"network_id":"net_414","highway":"primary"},"geometry":{"type":"LineString","coordinates":[[-79.9522131,40.4633433],[-79.9524363,40.4634674],[-79.9525822,40.46353919999999],[-79.9526766,40.463571900000005],[-79.9527021,40.463578299999995],[-79.9527521,40.46359079999999],[-79.9528334,40.4636111]]}},{"type":"Feature","id":null,"properties":{"network_id":"net_415","highway":"primary"},"geometry":{"type":"LineString","coordinates":[[-79.9364308,40.4646904],[-79.9365121,40.46468469999999],[-79.937136,40.46464100000001],[-79.9371583,40.46464000000001],[-79.9375835,40.464622999999996],[-79.9376423,40.46462140000001],[-79.9379523,40.46460569999999],[-79.9380086,40.464603100000005],[-79.9385242,40.4645809],[-79.9385953,40.46457780000001]]}},{"type":"Feature","id":null,"properties":{"network_id":"net_416","highway":"primary"},"geometry":{"type":"LineString","coordinates":[[-79.9608226,40.46223399999999],[-79.9602846,40.46231740000001],[-79.9598336,40.46240089999999],[-79.9593461,40.462465499999986]]}},{"type":"Feature","id":null,"properties":{"network_id":"net_417","highway":"primary"},"geometry":{"type":"LineString","coordinates":[[-79.9593461,40.462465499999986],[-79.9579316,40.46271200000001]]}},{"type":"Feature","id":null,"properties":{"network_id":"net_418","highway":"primary"},"geometry":{"type":"LineString","coordinates":[[-79.9579316,40.46271200000001],[-79.9577233,40.46274819999999]]}},{"type":"Feature","id":null,"properties":{"network_id":"net_419","highway":"primary"},"geometry":{"type":"LineString","coordinates":[[-79.9577233,40.46274819999999],[-79.9573662,40.46281019999999],[-79.957301,40.462821600000005]]}},{"type":"Feature","id":null,"properties":{"network_id":"net_420","highway":"primary"},"geometry":{"type":"LineString","coordinates":[[-79.9533547,40.463166999999984],[-79.9540327,40.46244220000001]]}},{"type":"Feature","id":null,"properties":{"network_id":"net_421","highway":"primary"},"geometry":{"type":"LineString","coordinates":[[-79.957301,40.462821600000005],[-79.9572312,40.46283149999999],[-79.9571134,40.462848699999995],[-79.9568722,40.462883800000014],[-79.9566296,40.46291919999998],[-79.9559745,40.46302730000001]]}},{"type":"Feature","id":null,"properties":{"network_id":"net_422","highway":"primary"},"geometry":{"type":"LineString","coordinates":[[-79.9559745,40.46302730000001],[-79.95553260000001,40.4631043],[-79.9550911,40.4631811],[-79.95411850000002,40.463343300000005]]}},{"type":"Feature","id":null,"properties":{"network_id":"net_423","highway":"primary"},"geometry":{"type":"LineString","coordinates":[[-79.957301,40.462821600000005],[-79.9573239,40.46290439999999],[-79.9574116,40.463207499999996],[-79.9574982,40.46353409999999],[-79.9575094,40.46357490000001],[-79.9575211,40.463617],[-79.9575958,40.4638885],[-79.957604,40.4639167]]}},{"type":"Feature","id":null,"properties":{"network_id":"net_424","highway":"primary"},"geometry":{"type":"LineString","coordinates":[[-79.952977,40.463617599999985],[-79.9530521,40.4635307],[-79.9533547,40.463166999999984]]}},{"type":"Feature","id":null,"properties":{"network_id":"net_425","highway":"primary"},"geometry":{"type":"LineString","coordinates":[[-79.95411850000002,40.463343300000005],[-79.9540683,40.4633551],[-79.9539641,40.4633795],[-79.9538954,40.4633956],[-79.9536121,40.463473900000004]]}},{"type":"Feature","id":null,"properties":{"network_id":"net_426","highway":"primary"},"geometry":{"type":"LineString","coordinates":[[-79.953016,40.46340190000001],[-79.9529365,40.463493],[-79.9528973,40.4635388],[-79.9528334,40.4636111]]}},{"type":"Feature","id":null,"properties":{"network_id":"net_427","highway":"primary"},"geometry":{"type":"LineString","coordinates":[[-79.9536121,40.463473900000004],[-79.9533203,40.463558800000015]]}},{"type":"Feature","id":null,"properties":{"network_id":"net_428","highway":"primary"},"geometry":{"type":"LineString","coordinates":[[-79.9533203,40.463558800000015],[-79.9531579,40.46359999999998],[-79.9531297,40.4636027],[-79.952977,40.463617599999985]]}},{"type":"Feature","id":null,"properties":{"network_id":"net_429","highway":"primary"},"geometry":{"type":"LineString","coordinates":[[-79.952977,40.463617599999985],[-79.9528334,40.4636111]]}},{"type":"Feature","id":null,"properties":{"network_id":"net_430","highway":"primary"},"geometry":{"type":"LineString","coordinates":[[-79.957604,40.4639167],[-79.9576111,40.463942400000015],[-79.9576902,40.464228100000014],[-79.9577061,40.46428350000002],[-79.9577206,40.4643379],[-79.9578188,40.46469259999999],[-79.9578277,40.46472489999999],[-79.9578366,40.46475710000001],[-79.9578586,40.46483659999999],[-79.9579105,40.46502400000001],[-79.9579348,40.46511170000001],[-79.9579532,40.46517839999999]]}},{"type":"Feature","id":null,"properties":{"network_id":"net_431","highway":"primary"},"geometry":{"type":"LineString","coordinates":[[-79.9579532,40.46517839999999],[-79.95787,40.4651901],[-79.9577377,40.465213600000006],[-79.957334,40.46528670000001],[-79.9566866,40.46540019999999]]}},{"type":"Feature","id":null,"properties":{"network_id":"net_432","highway":"primary"},"geometry":{"type":"LineString","coordinates":[[-79.9566866,40.46540019999999],[-79.9566164,40.4654118],[-79.9555704,40.46558439999999],[-79.9554571,40.4656031],[-79.9553214,40.46562550000001],[-79.9552705,40.465634],[-79.9551568,40.4656527]]}},{"type":"Feature","id":null,"properties":{"network_id":"net_433","highway":"primary"},"geometry":{"type":"LineString","coordinates":[[-79.9543764,40.465791800000005],[-79.9550602,40.46566989999999],[-79.9551568,40.4656527]]}},{"type":"Feature","id":null,"properties":{"network_id":"net_434","highway":"primary"},"geometry":{"type":"LineString","coordinates":[[-79.952577,40.466112599999995],[-79.95351,40.4659463],[-79.9535792,40.4659339],[-79.9536751,40.4659168],[-79.9539253,40.46587220000001],[-79.9541365,40.4658346],[-79.9543764,40.465791800000005]]}},{"type":"Feature","id":null,"properties":{"network_id":"net_435","highway":"primary"},"geometry":{"type":"LineString","coordinates":[[-79.9622996,40.468726],[-79.9622214,40.4686649],[-79.9620996,40.468563700000004],[-79.9619161,40.4684112],[-79.9618245,40.4683351],[-79.96133580000001,40.4679441],[-79.9609252,40.4676156],[-79.9608899,40.467587299999984],[-79.9608383,40.46754399999999],[-79.960603,40.46735410000001],[-79.9594049,40.46639760000001],[-79.958336,40.465547600000015],[-79.9581975,40.465437300000005],[-79.9579771,40.4652493],[-79.9579532,40.46517839999999]]}},{"type":"Feature","id":null,"properties":{"network_id":"net_436","highway":"primary"},"geometry":{"type":"LineString","coordinates":[[-79.9660447,40.461678000000006],[-79.9658492,40.46169350000001],[-79.96531740000002,40.46173249999998],[-79.9650498,40.46175980000001],[-79.9647412,40.4617912],[-79.9639852,40.46186819999999],[-79.9639197,40.4618749],[-79.963,40.46194899999999],[-79.9625414,40.4619941],[-79.961992,40.462048200000005]]}},{"type":"Feature","id":null,"properties":{"network_id":"net_437","highway":"primary"},"geometry":{"type":"LineString","coordinates":[[-79.9637043,40.469840399999995],[-79.9638255,40.46992100000002],[-79.9644182,40.47028259999998]]}},{"type":"Feature","id":null,"properties":{"network_id":"net_438","highway":"primary"},"geometry":{"type":"LineString","coordinates":[[-79.9644182,40.47028259999998],[-79.9647229,40.47046340000001],[-79.9670671,40.47185460000001]]}},{"type":"Feature","id":null,"properties":{"network_id":"net_439","highway":"primary"},"geometry":{"type":"LineString","coordinates":[[-79.9670671,40.47185460000001],[-79.9671026,40.471876]]}},{"type":"Feature","id":null,"properties":{"network_id":"net_440","highway":"primary"},"geometry":{"type":"LineString","coordinates":[[-79.9671026,40.471876],[-79.9680909,40.47247089999998],[-79.96864661366678,40.47280674501431]]}},{"type":"Feature","id":null,"properties":{"network_id":"net_441","highway":"primary"},"geometry":{"type":"LineString","coordinates":[[-79.9622996,40.468726],[-79.9623978,40.46880800000001],[-79.96242040000001,40.468826099999994],[-79.9625418,40.4689235],[-79.9625519,40.468931600000005]]}},{"type":"Feature","id":null,"properties":{"network_id":"net_442","highway":"primary"},"geometry":{"type":"LineString","coordinates":[[-79.9625519,40.468931600000005],[-79.9627007,40.46905689999997]]}},{"type":"Feature","id":null,"properties":{"network_id":"net_443","highway":"primary"},"geometry":{"type":"LineString","coordinates":[[-79.9627007,40.46905689999997],[-79.9627528,40.4691014]]}},{"type":"Feature","id":null,"properties":{"network_id":"net_444","highway":"primary"},"geometry":{"type":"LineString","coordinates":[[-79.9627528,40.4691014],[-79.9631064,40.46937559999999],[-79.9632737,40.4695094],[-79.9634963,40.4696874],[-79.9635175,40.469704300000004],[-79.9636088,40.46977209999999]]}},{"type":"Feature","id":null,"properties":{"network_id":"net_445","highway":"primary"},"geometry":{"type":"LineString","coordinates":[[-79.9636088,40.46977209999999],[-79.9637043,40.469840399999995]]}},{"type":"Feature","id":null,"properties":{"network_id":"net_446","highway":"primary"},"geometry":{"type":"LineString","coordinates":[[-79.9254435,40.4616427],[-79.9252763,40.4615805]]}},{"type":"Feature","id":null,"properties":{"network_id":"net_447","highway":"primary"},"geometry":{"type":"LineString","coordinates":[[-79.9257346,40.461745699999994],[-79.9256706,40.46172229999999],[-79.9254435,40.4616427]]}},{"type":"Feature","id":null,"properties":{"network_id":"net_448","highway":"primary"},"geometry":{"type":"LineString","coordinates":[[-79.9263996,40.4619841],[-79.9257989,40.4617671],[-79.9257346,40.461745699999994]]}},{"type":"Feature","id":null,"properties":{"network_id":"net_449","highway":"primary"},"geometry":{"type":"LineString","coordinates":[[-79.9268394,40.46213370000002],[-79.9267481,40.462101600000004],[-79.9263996,40.4619841]]}},{"type":"Feature","id":null,"properties":{"network_id":"net_450","highway":"primary"},"geometry":{"type":"LineString","coordinates":[[-79.9271573,40.462246600000014],[-79.9269285,40.462165899999995],[-79.9268394,40.46213370000002]]}},{"type":"Feature","id":null,"properties":{"network_id":"net_451","highway":"primary"},"geometry":{"type":"LineString","coordinates":[[-79.9278342,40.46249559999999],[-79.9277308,40.4624632],[-79.9271573,40.462246600000014]]}},{"type":"Feature","id":null,"properties":{"network_id":"net_452","highway":"primary"},"geometry":{"type":"LineString","coordinates":[[-79.9283044,40.462657499999985],[-79.9280074,40.46254989999999],[-79.9278342,40.46249559999999]]}},{"type":"Feature","id":null,"properties":{"network_id":"net_453","highway":"primary"},"geometry":{"type":"LineString","coordinates":[[-79.9284235,40.462700899999994],[-79.92836400000002,40.462679199999975],[-79.9283044,40.462657499999985]]}},{"type":"Feature","id":null,"properties":{"network_id":"net_454","highway":"primary"},"geometry":{"type":"LineString","coordinates":[[-79.9288434,40.4628478],[-79.9284235,40.462700899999994]]}},{"type":"Feature","id":null,"properties":{"network_id":"net_455","highway":"primary"},"geometry":{"type":"LineString","coordinates":[[-79.9295127,40.46308440000001],[-79.9289426,40.4628846],[-79.9288434,40.4628478]]}},{"type":"Feature","id":null,"properties":{"network_id":"net_456","highway":"primary"},"geometry":{"type":"LineString","coordinates":[[-79.9295127,40.46308440000001],[-79.929562,40.46314379999999],[-79.9300299,40.4633063]]}},{"type":"Feature","id":null,"properties":{"network_id":"net_457","highway":"primary"},"geometry":{"type":"LineString","coordinates":[[-79.9306917,40.463501799999996],[-79.93057580000001,40.46342609999999],[-79.9305327,40.463397000000015],[-79.9300075,40.4632115],[-79.9296333,40.4630869],[-79.9295127,40.46308440000001]]}},{"type":"Feature","id":null,"properties":{"network_id":"net_458","highway":"primary"},"geometry":{"type":"LineString","coordinates":[[-79.9300299,40.4633063],[-79.9304958,40.46346730000001],[-79.930544,40.46348229999999],[-79.9306917,40.463501799999996]]}},{"type":"Feature","id":null,"properties":{"network_id":"net_459","highway":"primary"},"geometry":{"type":"LineString","coordinates":[[-79.9311399,40.4636612],[-79.9310391,40.46362520000001],[-79.930785,40.4635344],[-79.9306917,40.463501799999996]]}},{"type":"Feature","id":null,"properties":{"network_id":"net_460","highway":"primary"},"geometry":{"type":"LineString","coordinates":[[-79.9349342,40.4647659],[-79.9345191,40.464784699999996],[-79.9339069,40.4645904],[-79.9338084,40.464561100000005],[-79.9337272,40.46453730000001],[-79.9327182,40.464200999999996],[-79.9324714,40.4641188],[-79.9324023,40.464094200000005],[-79.9320378,40.46397040000001],[-79.9316086,40.46382399999998],[-79.9312327,40.463693400000025],[-79.9311399,40.4636612]]}},{"type":"Feature","id":null,"properties":{"network_id":"net_461","highway":"primary"},"geometry":{"type":"LineString","coordinates":[[-79.9351034,40.46475230000001],[-79.9363477,40.46469340000002],[-79.9364308,40.4646904]]}},{"type":"Feature","id":null,"properties":{"network_id":"net_462","highway":"primary"},"geometry":{"type":"LineString","coordinates":[[-79.9351034,40.46475230000001],[-79.9350153,40.46475939999999],[-79.9349342,40.4647659]]}},{"type":"Feature","id":null,"properties":{"network_id":"net_463","highway":"primary"},"geometry":{"type":"LineString","coordinates":[[-79.9385953,40.46457780000001],[-79.9386875,40.46457370000001],[-79.93926470000001,40.4645451],[-79.9394001,40.4645404],[-79.9396134,40.46456860000001],[-79.9400286,40.464623499999995],[-79.9401004,40.464632400000006],[-79.9410368,40.464749100000006],[-79.9411291,40.464760600000005],[-79.941222,40.4647725],[-79.9427748,40.46497260000002],[-79.9428681,40.4649842],[-79.9429655,40.464997600000004],[-79.9440467,40.46514640000001],[-79.9441288,40.465157699999985],[-79.944718,40.4652433],[-79.9451436,40.46529939999998],[-79.945236,40.4653116],[-79.9453285,40.46532409999998],[-79.9463416,40.46546150000001],[-79.9464348,40.46547350000001]]}},{"type":"Feature","id":null,"properties":{"network_id":"net_464","highway":"primary"},"geometry":{"type":"LineString","coordinates":[[-79.9464348,40.46547350000001],[-79.9465533,40.4654902],[-79.9468474,40.4655315],[-79.9474269,40.46561160000002],[-79.9480051,40.46569199999999],[-79.9480683,40.465700900000016],[-79.9495476,40.4659054],[-79.9495976,40.4659121],[-79.9514316,40.4661595],[-79.9516355,40.46617650000001],[-79.9519387,40.466179000000004],[-79.9521217,40.4661714],[-79.9521499,40.466169],[-79.9522116,40.4661638]]}},{"type":"Feature","id":null,"properties":{"network_id":"net_465","highway":"primary"},"geometry":{"type":"LineString","coordinates":[[-79.9522116,40.4661638],[-79.9523191,40.46614869999999],[-79.952577,40.466112599999995]]}},{"type":"Feature","id":null,"properties":{"network_id":"net_466","highway":"primary"},"geometry":{"type":"LineString","coordinates":[[-79.9227515,40.460681],[-79.9226251,40.4606457],[-79.9225514,40.460625],[-79.9218236,40.4603758],[-79.9217189,40.46033769999999],[-79.9216104,40.460300800000006],[-79.9214016,40.46022050000002],[-79.9211833,40.4601052]]}},{"type":"Feature","id":null,"properties":{"network_id":"net_467","highway":"primary"},"geometry":{"type":"LineString","coordinates":[[-79.9243545,40.46015010000001],[-79.9239362,40.46027729999998],[-79.9237242,40.46034180000001],[-79.9234984,40.46041770000001],[-79.9230687,40.4605532],[-79.9230263,40.4605674],[-79.92288830000001,40.4606097],[-79.9227515,40.460681]]}},{"type":"Feature","id":null,"properties":{"network_id":"net_468","highway":"primary"},"geometry":{"type":"LineString","coordinates":[[-79.924825,40.461411799999986],[-79.9247284,40.46137639999999],[-79.9237771,40.461043800000006],[-79.9236724,40.4610061],[-79.9234659,40.46093170000004],[-79.9229563,40.46074279999999],[-79.9227515,40.460681]]}},{"type":"Feature","id":null,"properties":{"network_id":"net_469","highway":"primary"},"geometry":{"type":"LineString","coordinates":[[-79.8846766,40.481466799999986],[-79.88415553790762,40.48144191819319]]}},{"type":"Feature","id":null,"properties":{"network_id":"net_470","highway":"primary"},"geometry":{"type":"LineString","coordinates":[[-79.9042542,40.48370670000001],[-79.9032033,40.4835975],[-79.8972221,40.482952399999995],[-79.8964292,40.482846599999995],[-79.895655,40.48271099999998],[-79.894787,40.48258250000002],[-79.8856193,40.48153690000001],[-79.8846766,40.481466799999986]]}},{"type":"Feature","id":null,"properties":{"network_id":"net_471","highway":"primary"},"geometry":{"type":"LineString","coordinates":[[-79.9064033,40.48393739999999],[-79.9049659,40.48378069999996],[-79.9042542,40.48370670000001]]}},{"type":"Feature","id":null,"properties":{"network_id":"net_472","highway":"primary"},"geometry":{"type":"LineString","coordinates":[[-79.9068885,40.4839903],[-79.9064033,40.48393739999999]]}},{"type":"Feature","id":null,"properties":{"network_id":"net_473","highway":"primary"},"geometry":{"type":"LineString","coordinates":[[-79.90709500000001,40.4840128],[-79.9068885,40.4839903]]}},{"type":"Feature","id":null,"properties":{"network_id":"net_474","highway":"primary"},"geometry":{"type":"LineString","coordinates":[[-79.9078573,40.48426230000001],[-79.9077338,40.48419499999998],[-79.9076366,40.484150099999994],[-79.9075595,40.48411750000002],[-79.9074817,40.484088899999996],[-79.9073972,40.484064399999994],[-79.9073147,40.484045600000016],[-79.9072041,40.48402670000001],[-79.90709500000001,40.4840128]]}},{"type":"Feature","id":null,"properties":{"network_id":"net_475","highway":"primary"},"geometry":{"type":"LineString","coordinates":[[-79.8941979,40.487014599999995],[-79.8939532,40.486971700000005],[-79.8935257,40.48689819999999],[-79.8932178,40.48685290000001],[-79.8929192,40.486808999999994],[-79.8923748,40.4867473],[-79.8921708,40.48672959999999],[-79.8917992,40.4866975],[-79.8908403,40.4866511],[-79.8907955,40.486649],[-79.8906874,40.4866437],[-79.8901523,40.486633399999995],[-79.889631,40.48663460000002],[-79.8891006,40.4866523],[-79.8885672,40.4866714],[-79.8883098,40.4866975],[-79.888015,40.4867521],[-79.8877155,40.486817299999984],[-79.8872179,40.4869158],[-79.8867525,40.486988999999994]]}},{"type":"Feature","id":null,"properties":{"network_id":"net_476","highway":"primary"},"geometry":{"type":"LineString","coordinates":[[-79.8867525,40.486988999999994],[-79.8864276,40.487045699999996],[-79.88619170000001,40.48708289999999],[-79.8859565,40.48712],[-79.8853605,40.48719729999999],[-79.8852054,40.487218900000016],[-79.8848494,40.48726480000001],[-79.8847139,40.4872827],[-79.8846553,40.487290400000006],[-79.88458983772057,40.48729899837293]]}},{"type":"Feature","id":null,"properties":{"network_id":"net_477","highway":"primary"},"geometry":{"type":"LineString","coordinates":[[-79.8975945,40.48787219999999],[-79.895599,40.4872968],[-79.89557260000001,40.487290400000006],[-79.8955121,40.48727299999998],[-79.8954841,40.48726559999999],[-79.8953664,40.48723429999999],[-79.8950226,40.48716689999999],[-79.8948909,40.487141],[-79.8945273,40.48707459999999],[-79.8941979,40.487014599999995]]}},{"type":"Feature","id":null,"properties":{"network_id":"net_478","highway":"primary"},"geometry":{"type":"LineString","coordinates":[[-79.9010893,40.48883099999998],[-79.9009547,40.4887941],[-79.90083410000001,40.48876059999999],[-79.9001953,40.48858429999998],[-79.8995579,40.488413400000006],[-79.8993248,40.488350900000015],[-79.8984589,40.48810929999998],[-79.8979821,40.4879785],[-79.8975945,40.48787219999999]]}},{"type":"Feature","id":null,"properties":{"network_id":"net_479","highway":"primary"},"geometry":{"type":"LineString","coordinates":[[-79.901559,40.48895679999997],[-79.9012224,40.4888649],[-79.9010893,40.48883099999998]]}},{"type":"Feature","id":null,"properties":{"network_id":"net_480","highway":"primary"},"geometry":{"type":"LineString","coordinates":[[-79.901559,40.48895679999997],[-79.90162531206497,40.488975368909635]]}},{"type":"Feature","id":null,"properties":{"network_id":"net_481","highway":"primary"},"geometry":{"type":"LineString","coordinates":[[-80.0047042,40.3756694],[-80.0048001,40.37546699999999],[-80.0048792,40.375297399999994],[-80.0049624,40.375157400000006],[-80.0050509,40.37501949999999],[-80.005138,40.37489990000001],[-80.0052815,40.374735399999985],[-80.0053996,40.374622],[-80.00541247171228,40.37461100943887]]}},{"type":"Feature","id":null,"properties":{"network_id":"net_482","highway":"primary"},"geometry":{"type":"LineString","coordinates":[[-80.00533051341213,40.37458270630166],[-80.0052118,40.37470679999999],[-80.00507370000001,40.3748724],[-80.0049825,40.374999],[-80.0048966,40.37513489999999],[-80.0048175,40.37528509999999],[-80.0047451,40.37546290000002],[-80.0047042,40.3756694]]}},{"type":"Feature","id":null,"properties":{"network_id":"net_483","highway":"primary"},"geometry":{"type":"LineString","coordinates":[[-80.0045425,40.37655000000003],[-80.0046539,40.37589200000002],[-80.0047042,40.3756694]]}},{"type":"Feature","id":null,"properties":{"network_id":"net_484","highway":"primary"},"geometry":{"type":"LineString","coordinates":[[-80.0045425,40.37655000000003],[-80.0044147,40.3768072],[-80.0043155,40.377018699999994]]}},{"type":"Feature","id":null,"properties":{"network_id":"net_485","highway":"primary"},"geometry":{"type":"LineString","coordinates":[[-80.003809,40.37790559999999],[-80.0038501,40.37785159999999],[-80.0038997,40.377776799999985],[-80.0043262,40.377166300000006],[-80.0043725,40.37708739999999],[-80.0044,40.3770406],[-80.0044979,40.37683020000001],[-80.0045425,40.37655000000003]]}},{"type":"Feature","id":null,"properties":{"network_id":"net_486","highway":"primary"},"geometry":{"type":"LineString","coordinates":[[-80.0043155,40.377018699999994],[-80.0042377,40.377143300000014],[-80.0041726,40.3772394],[-80.0038765,40.3777],[-80.0038517,40.3777329],[-80.0037866,40.377815199999986],[-80.0037485,40.3778648]]}},{"type":"Feature","id":null,"properties":{"network_id":"net_487","highway":"primary"},"geometry":{"type":"LineString","coordinates":[[-80.0033935,40.37829630000001],[-80.0035457,40.378183899999996],[-80.0036645,40.37807020000002],[-80.003809,40.37790559999999]]}},{"type":"Feature","id":null,"properties":{"network_id":"net_488","highway":"primary"},"geometry":{"type":"LineString","coordinates":[[-80.0037485,40.3778648],[-80.0036007,40.378021900000014],[-80.0034733,40.378144500000026],[-80.0034378,40.37817369999999],[-80.0033405,40.3782538],[-80.0031957,40.37834579999999],[-80.0030683,40.37841630000001],[-80.0029402,40.378470400000005],[-80.0028018,40.37854029999999]]}},{"type":"Feature","id":null,"properties":{"network_id":"net_489","highway":"primary"},"geometry":{"type":"LineString","coordinates":[[-80.0028018,40.37854029999999],[-80.002961,40.3785108],[-80.0030985,40.3784607],[-80.0032346,40.378391699999995],[-80.0033935,40.37829630000001]]}},{"type":"Feature","id":null,"properties":{"network_id":"net_490","highway":"primary"},"geometry":{"type":"LineString","coordinates":[[-80.0025768,40.37860550000001],[-80.0028018,40.37854029999999]]}},{"type":"Feature","id":null,"properties":{"network_id":"net_491","highway":"primary"},"geometry":{"type":"LineString","coordinates":[[-80.03114344310352,40.396611341872145],[-80.0310789,40.39662939999998]]}},{"type":"Feature","id":null,"properties":{"network_id":"net_492","highway":"primary"},"geometry":{"type":"LineString","coordinates":[[-80.0310789,40.39662939999998],[-80.0310559530925,40.39663581250641]]}},{"type":"Feature","id":null,"properties":{"network_id":"net_493","highway":"primary"},"geometry":{"type":"LineString","coordinates":[[-80.0301426207195,40.396941709347345],[-80.0297615,40.397077199999984],[-80.02971398825689,40.3970941159457]]}},{"type":"Feature","id":null,"properties":{"network_id":"net_494","highway":"primary"},"geometry":{"type":"LineString","coordinates":[[-80.02939269795371,40.39720832301153],[-80.0293922,40.3972085]]}},{"type":"Feature","id":null,"properties":{"network_id":"net_495","highway":"primary"},"geometry":{"type":"LineString","coordinates":[[-80.04471776409433,40.3990777802269],[-80.0446765,40.399126]]}},{"type":"Feature","id":null,"properties":{"network_id":"net_496","highway":"primary"},"geometry":{"type":"LineString","coordinates":[[-80.0446851,40.399361999999996],[-80.0447318,40.39930579999999],[-80.04477420000002,40.39925029999999],[-80.0448331,40.39916880000001],[-80.0448807,40.399096599999986],[-80.04490318031974,40.39905761878066]]}},{"type":"Feature","id":null,"properties":{"network_id":"net_497","highway":"primary"},"geometry":{"type":"LineString","coordinates":[[-80.0446765,40.399126],[-80.0444238,40.399452800000006],[-80.0443785,40.3995083],[-80.0443182,40.399578799999986]]}},{"type":"Feature","id":null,"properties":{"network_id":"net_498","highway":"primary"},"geometry":{"type":"LineString","coordinates":[[-80.04445750000001,40.3996517],[-80.0445287,40.3995684],[-80.0446851,40.399361999999996]]}},{"type":"Feature","id":null,"properties":{"network_id":"net_499","highway":"primary"},"geometry":{"type":"LineString","coordinates":[[-80.0436347,40.400500500000014],[-80.04429720000002,40.3998224],[-80.0443386,40.39978000000001],[-80.0443737,40.39974320000002],[-80.04445750000001,40.3996517]]}},{"type":"Feature","id":null,"properties":{"network_id":"net_500","highway":"primary"},"geometry":{"type":"LineString","coordinates":[[-80.0443182,40.399578799999986],[-80.0442414,40.399663799999985],[-80.0435181,40.40044519999999],[-80.0431202,40.400860300000005],[-80.0430258,40.4009579],[-80.04250490000001,40.4014982],[-80.04224250000001,40.401768300000015]]}},{"type":"Feature","id":null,"properties":{"network_id":"net_501","highway":"primary"},"geometry":{"type":"LineString","coordinates":[[-80.0408876,40.403356],[-80.0409751,40.4032691],[-80.0411028,40.4031374],[-80.0412196,40.40301699999998],[-80.0413163,40.40291260000001],[-80.0414102,40.402805799999996],[-80.04156860000002,40.4026178],[-80.0416773,40.402494],[-80.0418832,40.40227390000001],[-80.0422147,40.401932099999996],[-80.0425332,40.4016038],[-80.0428826,40.40124360000001],[-80.0430014,40.401121100000005],[-80.0430683,40.401052099999994],[-80.0432405,40.40087460000001],[-80.0432771,40.400839900000015],[-80.0436347,40.400500500000014]]}},{"type":"Feature","id":null,"properties":{"network_id":"net_502","highway":"primary"},"geometry":{"type":"LineString","coordinates":[[-80.04224250000001,40.401768300000015],[-80.0419041,40.402118299999984],[-80.0417988,40.40222730000001],[-80.0415992,40.4024406],[-80.0412134,40.402852800000005]]}},{"type":"Feature","id":null,"properties":{"network_id":"net_503","highway":"primary"},"geometry":{"type":"LineString","coordinates":[[-80.0293922,40.3972085],[-80.0293421,40.3972263],[-80.0289864,40.39735280000001],[-80.0288038,40.3974177],[-80.0278448,40.39775870000002],[-80.027337,40.39793929999998]]}},{"type":"Feature","id":null,"properties":{"network_id":"net_504","highway":"primary"},"geometry":{"type":"LineString","coordinates":[[-80.027337,40.39793929999998],[-80.0270035,40.3980579]]}},{"type":"Feature","id":null,"properties":{"network_id":"net_505","highway":"primary"},"geometry":{"type":"LineString","coordinates":[[-80.0270035,40.3980579],[-80.0267913,40.39813340000001],[-80.0265623,40.39821490000002],[-80.0264708,40.3982474],[-80.0262707,40.398318499999995]]}},{"type":"Feature","id":null,"properties":{"network_id":"net_506","highway":"primary"},"geometry":{"type":"LineString","coordinates":[[-80.0262707,40.398318499999995],[-80.02619120000001,40.39835330000001],[-80.0261119,40.3983933],[-80.0260482,40.398431400000014],[-80.0259935,40.3984696],[-80.0254947,40.3988402]]}},{"type":"Feature","id":null,"properties":{"network_id":"net_507","highway":"primary"},"geometry":{"type":"LineString","coordinates":[[-80.0254947,40.3988402],[-80.0254551,40.39886959999999],[-80.0251672,40.39908490000002],[-80.0250341,40.3991845],[-80.0246573,40.399466399999994],[-80.0242882,40.39974250000001],[-80.0241129,40.399873599999985],[-80.024053,40.3999184],[-80.0239548,40.39999440000001],[-80.0239279,40.4000152],[-80.023824,40.400101],[-80.023774,40.40014649999999],[-80.0237187,40.40019670000001],[-80.0236218,40.4002925],[-80.0226875,40.40126210000001]]}},{"type":"Feature","id":null,"properties":{"network_id":"net_508","highway":"primary"},"geometry":{"type":"LineString","coordinates":[[-80.0226875,40.40126210000001],[-80.0225221,40.40143379999999],[-80.02244830000001,40.4015058],[-80.0223776,40.401568099999984],[-80.0222991,40.4016329],[-80.0222228,40.4016937],[-80.0221121,40.4017821]]}},{"type":"Feature","id":null,"properties":{"network_id":"net_509","highway":"primary"},"geometry":{"type":"LineString","coordinates":[[-80.0221121,40.4017821],[-80.0220339,40.40184449999999],[-80.0215129,40.40225979999999]]}},{"type":"Feature","id":null,"properties":{"network_id":"net_510","highway":"primary"},"geometry":{"type":"LineString","coordinates":[[-80.0215129,40.40225979999999],[-80.0210663,40.4026145],[-80.0209043,40.40274499999999],[-80.0208535,40.40278550000001],[-80.0206456,40.402951300000005],[-80.0196888,40.40371420000001],[-80.0195797,40.4038079],[-80.0195523,40.40383429999999],[-80.0194925,40.403891899999984],[-80.0194301,40.40395989999998],[-80.0194154,40.403975899999985],[-80.01934640000002,40.4040604],[-80.0192853,40.4041437],[-80.0192216,40.4042404],[-80.0191626,40.404345100000015],[-80.0191127,40.40444879999999],[-80.0190694,40.4045532],[-80.0190305,40.4046643]]}},{"type":"Feature","id":null,"properties":{"network_id":"net_511","highway":"primary"},"geometry":{"type":"LineString","coordinates":[[-80.0190305,40.4046643],[-80.0189212,40.405008600000016],[-80.0188467,40.40524340000002],[-80.018813,40.40534949999999]]}},{"type":"Feature","id":null,"properties":{"network_id":"net_512","highway":"primary"},"geometry":{"type":"LineString","coordinates":[[-80.018813,40.40534949999999],[-80.0187858,40.40543510000002],[-80.0187491,40.40554230000001],[-80.0186582,40.405837000000005],[-80.0186159,40.40597]]}},{"type":"Feature","id":null,"properties":{"network_id":"net_513","highway":"primary"},"geometry":{"type":"LineString","coordinates":[[-80.0022429,40.3787009],[-80.0025768,40.37860550000001]]}},{"type":"Feature","id":null,"properties":{"network_id":"net_514","highway":"primary"},"geometry":{"type":"LineString","coordinates":[[-80.010315,40.41255820000001],[-80.0102637,40.41262840000001],[-80.0102205,40.412697],[-80.0101823,40.4127662],[-80.0101474,40.4128437],[-80.0100984,40.41295550000001]]}},{"type":"Feature","id":null,"properties":{"network_id":"net_515","highway":"primary"},"geometry":{"type":"LineString","coordinates":[[-80.0100984,40.41295550000001],[-80.0100426,40.4130854]]}},{"type":"Feature","id":null,"properties":{"network_id":"net_516","highway":"primary"},"geometry":{"type":"LineString","coordinates":[[-80.0100426,40.4130854],[-80.0099343,40.41333779999999]]}},{"type":"Feature","id":null,"properties":{"network_id":"net_517","highway":"primary"},"geometry":{"type":"LineString","coordinates":[[-80.0099343,40.41333779999999],[-80.0099103,40.41340309999999],[-80.0098974,40.4134382]]}},{"type":"Feature","id":null,"properties":{"network_id":"net_518","highway":"primary"},"geometry":{"type":"LineString","coordinates":[[-80.0098974,40.4134382],[-80.0098234,40.41363969999998]]}},{"type":"Feature","id":null,"properties":{"network_id":"net_519","highway":"primary"},"geometry":{"type":"LineString","coordinates":[[-80.0098234,40.41363969999998],[-80.0097586,40.41379069999999]]}},{"type":"Feature","id":null,"properties":{"network_id":"net_520","highway":"primary"},"geometry":{"type":"LineString","coordinates":[[-80.0011051,40.43056580000001],[-80.0009097,40.4304563],[-80.0006974,40.4303514],[-80.0005577,40.43028410000001]]}},{"type":"Feature","id":null,"properties":{"network_id":"net_521","highway":"primary"},"geometry":{"type":"LineString","coordinates":[[-80.0016342,40.4310052],[-80.0013197,40.43073570000001],[-80.0013048,40.43072390000001],[-80.0011051,40.43056580000001]]}},{"type":"Feature","id":null,"properties":{"network_id":"net_522","highway":"primary"},"geometry":{"type":"LineString","coordinates":[[-80.0004782,40.4305906],[-80.0011609,40.4308354],[-80.0016342,40.4310052]]}},{"type":"Feature","id":null,"properties":{"network_id":"net_523","highway":"primary"},"geometry":{"type":"LineString","coordinates":[[-80.0412134,40.402852800000005],[-80.0410224,40.403049800000005],[-80.0409246,40.4031507],[-80.0408528,40.40322470000001],[-80.0407392,40.40333639999998]]}},{"type":"Feature","id":null,"properties":{"network_id":"net_524","highway":"primary"},"geometry":{"type":"LineString","coordinates":[[-80.0403187,40.403862499999995],[-80.04046,40.4037453],[-80.0406029,40.40362110000001],[-80.0406854,40.403546],[-80.0407672,40.40347080000001],[-80.0408876,40.403356]]}},{"type":"Feature","id":null,"properties":{"network_id":"net_525","highway":"primary"},"geometry":{"type":"LineString","coordinates":[[-80.0407392,40.40333639999998],[-80.0406498,40.403420399999995],[-80.0405018,40.403555300000015],[-80.0403611,40.40367749999999],[-80.040218,40.403795200000005],[-80.0400466,40.4039267],[-80.0398716,40.40405529999999],[-80.0397087,40.4041656],[-80.0395457,40.4042683],[-80.0393714,40.40437349999999],[-80.0391761,40.404487100000004],[-80.0390878,40.4045384],[-80.0387927,40.40469819999999],[-80.0368368,40.405677],[-80.0366867,40.405754800000004],[-80.0354383,40.406381100000004],[-80.0353869,40.40640170000002],[-80.0352703,40.406461500000006],[-80.0350214,40.40657089999999],[-80.0349779,40.40658999999997],[-80.0348897,40.40662989999998]]}},{"type":"Feature","id":null,"properties":{"network_id":"net_526","highway":"primary"},"geometry":{"type":"LineString","coordinates":[[-80.0342607,40.407067],[-80.0343852,40.4070045],[-80.0371453,40.40561979999998],[-80.0379849,40.405198500000004],[-80.0386951,40.40484219999999],[-80.0388516,40.40476369999999],[-80.0391496,40.40460230000001],[-80.0393435,40.404487800000005],[-80.039494,40.40439740000001],[-80.0397988,40.40420990000002],[-80.0400047,40.40408320000001],[-80.04013840000002,40.4039957],[-80.0403187,40.403862499999995]]}},{"type":"Feature","id":null,"properties":{"network_id":"net_527","highway":"primary"},"geometry":{"type":"LineString","coordinates":[[-80.0348897,40.40662989999998],[-80.0343484,40.406901600000005],[-80.034319,40.40691640000001],[-80.0341833,40.4069845]]}},{"type":"Feature","id":null,"properties":{"network_id":"net_528","highway":"primary"},"geometry":{"type":"LineString","coordinates":[[-80.0335817,40.40743239999998],[-80.0337162,40.4073488],[-80.0338544,40.40727089999997],[-80.0340638,40.4071658],[-80.0341693,40.407113],[-80.0342607,40.407067]]}},{"type":"Feature","id":null,"properties":{"network_id":"net_529","highway":"primary"},"geometry":{"type":"LineString","coordinates":[[-80.0333342,40.4076102],[-80.0334552,40.40751749999999],[-80.0335817,40.40743239999998]]}},{"type":"Feature","id":null,"properties":{"network_id":"net_530","highway":"primary"},"geometry":{"type":"LineString","coordinates":[[-80.0341833,40.4069845],[-80.0340995,40.407026499999986],[-80.0337781,40.40718780000001],[-80.0336345,40.4072689],[-80.0334956,40.4073552],[-80.03336390000001,40.407443699999995],[-80.0332379,40.407540199999985],[-80.0331165,40.407641300000016],[-80.0330045,40.407743500000024],[-80.0328999,40.40784910000001],[-80.0327946,40.4079681],[-80.0326907,40.4080952],[-80.0326008,40.408222399999985],[-80.0325284,40.4083414],[-80.0324338,40.408510400000004],[-80.0322172,40.40889719999998]]}},{"type":"Feature","id":null,"properties":{"network_id":"net_531","highway":"primary"},"geometry":{"type":"LineString","coordinates":[[-80.0320843,40.409393099999996],[-80.03265,40.40838249999998],[-80.0327199,40.40826770000001],[-80.0328059,40.40814609999999],[-80.0329063,40.4080232],[-80.0330083,40.407908],[-80.0331088,40.407806400000005],[-80.0332167,40.40770800000001],[-80.0333342,40.4076102]]}},{"type":"Feature","id":null,"properties":{"network_id":"net_532","highway":"primary"},"geometry":{"type":"LineString","coordinates":[[-80.0322172,40.40889719999998],[-80.0320712,40.40915809999999],[-80.0319215,40.4094255]]}},{"type":"Feature","id":null,"properties":{"network_id":"net_533","highway":"primary"},"geometry":{"type":"LineString","coordinates":[[-80.0186159,40.40597],[-80.0185105,40.406302],[-80.0184795,40.4064202],[-80.0182197,40.40754080000001],[-80.0181961,40.407635000000006],[-80.01818,40.40769010000002],[-80.0181588,40.40775860000001],[-80.0181217,40.4078507]]}},{"type":"Feature","id":null,"properties":{"network_id":"net_534","highway":"primary"},"geometry":{"type":"LineString","coordinates":[[-80.0181217,40.4078507],[-80.0181,40.4078998],[-80.0180671,40.4079707],[-80.0180232,40.40805370000001],[-80.0179717,40.408148499999996],[-80.0179157,40.4082365],[-80.0178733,40.4082989],[-80.0178456,40.408337499999995],[-80.0177587,40.408449499999996]]}},{"type":"Feature","id":null,"properties":{"network_id":"net_535","highway":"primary"},"geometry":{"type":"LineString","coordinates":[[-80.0177587,40.408449499999996],[-80.0176914,40.4085294],[-80.0176023,40.408618600000004],[-80.0175191,40.4086994],[-80.0173192,40.40888799999998],[-80.0171855,40.4090086]]}},{"type":"Feature","id":null,"properties":{"network_id":"net_536","highway":"primary"},"geometry":{"type":"LineString","coordinates":[[-80.0171855,40.4090086],[-80.0170268,40.4091518],[-80.0161081,40.40998050000001]]}},{"type":"Feature","id":null,"properties":{"network_id":"net_537","highway":"primary"},"geometry":{"type":"LineString","coordinates":[[-80.0161081,40.40998050000001],[-80.0156854,40.41036180000002],[-80.0156432,40.41039670000001],[-80.0155957,40.4104294],[-80.0155611,40.410451000000016]]}},{"type":"Feature","id":null,"properties":{"network_id":"net_538","highway":"primary"},"geometry":{"type":"LineString","coordinates":[[-80.0155611,40.410451000000016],[-80.0155157,40.410478299999994],[-80.015469,40.410503199999994],[-80.0154119,40.41053149999999],[-80.0153526,40.41055680000001],[-80.0153371,40.41056210000001],[-80.01529050000002,40.41057820000001],[-80.0152245,40.410597299999985],[-80.0151574,40.4106155],[-80.0143923,40.410801600000006],[-80.0132263,40.4110851],[-80.0129703,40.41114729999999],[-80.012661,40.411231300000004],[-80.0125489,40.411261799999984]]}},{"type":"Feature","id":null,"properties":{"network_id":"net_539","highway":"primary"},"geometry":{"type":"LineString","coordinates":[[-80.0125489,40.411261799999984],[-80.0122377,40.411280700000006],[-80.0121845,40.4112874],[-80.0121196,40.411297],[-80.0117799,40.41138860000001],[-80.0116311,40.41143249999998],[-80.01152190000002,40.4114733],[-80.0114432,40.41151150000002],[-80.0113524,40.411559299999986],[-80.0113414,40.411566200000024],[-80.0112655,40.4116144],[-80.0111824,40.411679500000005],[-80.0110925,40.4117586],[-80.0108382,40.4119933],[-80.0107744,40.4120522],[-80.0107003,40.41218490000001]]}},{"type":"Feature","id":null,"properties":{"network_id":"net_540","highway":"primary"},"geometry":{"type":"LineString","coordinates":[[-80.0107003,40.41218490000001],[-80.0108669,40.412104800000016],[-80.01137720000001,40.4117469],[-80.0114694,40.41169019999999],[-80.0115486,40.4116368],[-80.0116489,40.4115924],[-80.0118165,40.41153349999999],[-80.0121064,40.411443800000015],[-80.0125489,40.411261799999984]]}},{"type":"Feature","id":null,"properties":{"network_id":"net_541","highway":"primary"},"geometry":{"type":"LineString","coordinates":[[-80.0107003,40.41218490000001],[-80.0105628,40.4123057],[-80.0104565,40.412409100000005]]}},{"type":"Feature","id":null,"properties":{"network_id":"net_542","highway":"primary"},"geometry":{"type":"LineString","coordinates":[[-80.0104565,40.412409100000005],[-80.0103791,40.412488],[-80.010315,40.41255820000001]]}},{"type":"Feature","id":null,"properties":{"network_id":"net_543","highway":"primary"},"geometry":{"type":"LineString","coordinates":[[-80.0317922,40.40992270000002],[-80.0318721,40.409772000000004],[-80.0320843,40.409393099999996]]}},{"type":"Feature","id":null,"properties":{"network_id":"net_544","highway":"primary"},"geometry":{"type":"LineString","coordinates":[[-80.0319215,40.4094255],[-80.0317492,40.4097332],[-80.0316674,40.4098874],[-80.0315984,40.41004209999999],[-80.0312978,40.41078060000001],[-80.0312182,40.4109943],[-80.0309308,40.411878900000005],[-80.0307579,40.4124111],[-80.0306794,40.41265290000002],[-80.0305347,40.413098199999986],[-80.0301949,40.41414410000002],[-80.0301325,40.41433590000001],[-80.0300729,40.4145406],[-80.03002490000002,40.4147451],[-80.0300158,40.41479260000001],[-80.0299853,40.41495159999999],[-80.0299511,40.4151576],[-80.0299226,40.41536309999998]]}},{"type":"Feature","id":null,"properties":{"network_id":"net_545","highway":"primary"},"geometry":{"type":"LineString","coordinates":[[-80.0300098,40.415915899999995],[-80.0300155,40.41582929999999],[-80.0300326,40.415585899999996],[-80.0300548,40.41537559999998],[-80.0300754,40.4151807],[-80.0301037,40.414963900000004],[-80.0301311,40.414778500000004],[-80.0301379,40.4147454],[-80.0301704,40.41458940000001],[-80.0301845,40.414535099999995],[-80.0302204,40.4143972],[-80.0302261,40.4143784],[-80.0302786,40.414205700000004],[-80.0306154,40.413169],[-80.0306508,40.41306],[-80.0312512,40.4112117],[-80.0313262,40.410996100000006],[-80.0314064,40.41078460000001],[-80.0314716,40.4106175],[-80.0315401,40.41045369999998],[-80.03162790000002,40.410259599999996],[-80.031709,40.41008809999999],[-80.031735,40.41003649999999],[-80.0317922,40.40992270000002]]}},{"type":"Feature","id":null,"properties":{"network_id":"net_546","highway":"primary"},"geometry":{"type":"LineString","coordinates":[[-80.0299644,40.41690889999999],[-80.0299819,40.4164962],[-80.0300001,40.4160677],[-80.0300027,40.4160247],[-80.0300098,40.415915899999995]]}},{"type":"Feature","id":null,"properties":{"network_id":"net_547","highway":"primary"},"geometry":{"type":"LineString","coordinates":[[-80.02988,40.4182711],[-80.029908,40.41764739999999],[-80.0299173,40.41750450000001],[-80.0299597,40.4170186],[-80.0299644,40.41690889999999]]}},{"type":"Feature","id":null,"properties":{"network_id":"net_548","highway":"primary"},"geometry":{"type":"LineString","coordinates":[[-80.0307878,40.4248387],[-80.0306495,40.424766999999996],[-80.0305235,40.4246828],[-80.0304101,40.42460109999998],[-80.0303075,40.424514300000006],[-80.03021900000002,40.424428600000006],[-80.0301392,40.424331099999996],[-80.0300661,40.424222300000004],[-80.0300098,40.42411920000001],[-80.0299662,40.42401660000001],[-80.0299387,40.423919100000006],[-80.0298093,40.423444100000005]]}},{"type":"Feature","id":null,"properties":{"network_id":"net_549","highway":"primary"},"geometry":{"type":"LineString","coordinates":[[-80.05227895357059,40.427391122368746],[-80.052295,40.4274004],[-80.052645,40.42754560000001]]}},{"type":"Feature","id":null,"properties":{"network_id":"net_550","highway":"primary"},"geometry":{"type":"LineString","coordinates":[[-80.05449848556965,40.42747238793542],[-80.05430780000002,40.42755799999999],[-80.0542369,40.42758979999999],[-80.0541121,40.4276639],[-80.0539742,40.4277571],[-80.0539484,40.427774600000006],[-80.053888,40.4278427],[-80.0537856,40.42795989999997]]}},{"type":"Feature","id":null,"properties":{"network_id":"net_551","highway":"primary"},"geometry":{"type":"LineString","coordinates":[[-80.052645,40.42754560000001],[-80.0526905,40.4275645],[-80.0527532,40.4275871],[-80.0530978,40.4277116],[-80.0531697,40.42773750000002],[-80.0533917,40.427817700000006],[-80.0534627,40.42784329999999],[-80.0535075,40.42785949999999],[-80.0537856,40.42795989999997]]}},{"type":"Feature","id":null,"properties":{"network_id":"net_552","highway":"primary"},"geometry":{"type":"LineString","coordinates":[[-80.0655492,40.430342599999996],[-80.065472375637,40.430239665616625]]}},{"type":"Feature","id":null,"properties":{"network_id":"net_553","highway":"primary"},"geometry":{"type":"LineString","coordinates":[[-80.06445725432644,40.4288795386717],[-80.0644114,40.42881810000003],[-80.06440674526154,40.42881371004055]]}},{"type":"Feature","id":null,"properties":{"network_id":"net_554","highway":"primary"},"geometry":{"type":"LineString","coordinates":[[-80.06344786075822,40.42807709473261],[-80.0632598809855,40.42793724240811]]}},{"type":"Feature","id":null,"properties":{"network_id":"net_555","highway":"primary"},"geometry":{"type":"LineString","coordinates":[[-80.06317005652159,40.42787041521764],[-80.0631199,40.42783310000003],[-80.0628502,40.427607300000005],[-80.0624567,40.4273588],[-80.0613063,40.4268685],[-80.0610193,40.42679099999999],[-80.0607658,40.426747500000005],[-80.059958,40.426715099999996],[-80.0597208,40.426721],[-80.0594706,40.426752900000004],[-80.0594389,40.426757],[-80.0589082,40.426880800000006],[-80.0585855,40.42693660000001],[-80.0583217,40.42692250000001],[-80.0580782,40.4268768],[-80.0577743,40.426791600000016],[-80.057135,40.426612199999994],[-80.05696586083965,40.42651481384798]]}},{"type":"Feature","id":null,"properties":{"network_id":"net_556","highway":"primary"},"geometry":{"type":"LineString","coordinates":[[-80.0299226,40.41536309999998],[-80.029907,40.4155117],[-80.0298999,40.4155791],[-80.0298881,40.41574510000004],[-80.0298844,40.415796],[-80.0298768,40.4159125]]}},{"type":"Feature","id":null,"properties":{"network_id":"net_557","highway":"primary"},"geometry":{"type":"LineString","coordinates":[[-80.0298768,40.4159125],[-80.0298677,40.416051800000005],[-80.0298314,40.416905],[-80.0298214,40.41707440000001],[-80.0297845,40.4174986],[-80.029775,40.41764309999999],[-80.0297639,40.417890599999986]]}},{"type":"Feature","id":null,"properties":{"network_id":"net_558","highway":"primary"},"geometry":{"type":"LineString","coordinates":[[-80.0297639,40.417890599999986],[-80.0297553,40.418082700000014]]}},{"type":"Feature","id":null,"properties":{"network_id":"net_559","highway":"primary"},"geometry":{"type":"LineString","coordinates":[[-80.0297553,40.418082700000014],[-80.0297507,40.418184600000004]]}},{"type":"Feature","id":null,"properties":{"network_id":"net_560","highway":"primary"},"geometry":{"type":"LineString","coordinates":[[-80.0297507,40.418184600000004],[-80.02974800000001,40.41824499999999]]}},{"type":"Feature","id":null,"properties":{"network_id":"net_561","highway":"primary"},"geometry":{"type":"LineString","coordinates":[[-80.02974800000001,40.41824499999999],[-80.0297387,40.418451499999996],[-80.0297379,40.41854390000002],[-80.0297363,40.41871760000001],[-80.0297342,40.41895100000001],[-80.0296823,40.42020339999999]]}},{"type":"Feature","id":null,"properties":{"network_id":"net_562","highway":"primary"},"geometry":{"type":"LineString","coordinates":[[-80.0296921,40.42248840000001],[-80.0297858,40.4202254],[-80.0298208,40.419380300000036],[-80.0298349,40.41903950000001],[-80.0298678,40.41854210000002],[-80.02988,40.4182711]]}},{"type":"Feature","id":null,"properties":{"network_id":"net_563","highway":"primary"},"geometry":{"type":"LineString","coordinates":[[-80.0296823,40.42020339999999],[-80.0296051,40.422069999999984],[-80.0295968,40.4222696],[-80.0295879,40.422485899999984]]}},{"type":"Feature","id":null,"properties":{"network_id":"net_564","highway":"primary"},"geometry":{"type":"LineString","coordinates":[[-80.0298093,40.423444100000005],[-80.0297691,40.423286099999984],[-80.0297329,40.4231261],[-80.0297128,40.42301890000001],[-80.0296994,40.42291320000001],[-80.0296916,40.4228032],[-80.02969,40.4226414],[-80.0296921,40.42248840000001]]}},{"type":"Feature","id":null,"properties":{"network_id":"net_565","highway":"primary"},"geometry":{"type":"LineString","coordinates":[[-80.0295879,40.422485899999984],[-80.0295599,40.423162100000006],[-80.0295411,40.42360349999999],[-80.0295398,40.42377010000001],[-80.0295438,40.4239303],[-80.0295552,40.42409270000001],[-80.0295766,40.42426369999997],[-80.0296025,40.424421899999984],[-80.02963230000002,40.42458239999999]]}},{"type":"Feature","id":null,"properties":{"network_id":"net_566","highway":"primary"},"geometry":{"type":"LineString","coordinates":[[-80.02963230000002,40.42458239999999],[-80.0301862,40.42719780000001],[-80.0302003,40.4273034],[-80.0302056,40.4274178],[-80.03020090000001,40.42753009999999]]}},{"type":"Feature","id":null,"properties":{"network_id":"net_567","highway":"primary"},"geometry":{"type":"LineString","coordinates":[[-80.008033,40.434497500000006],[-80.0082434,40.43458360000001],[-80.0084107,40.43464799999999],[-80.0087819,40.43482769999999],[-80.0091646,40.43504579999998],[-80.0095131,40.43527879999998],[-80.011474,40.43669009999999],[-80.0118072,40.436922799999984],[-80.0120996,40.43708899999999],[-80.0124366,40.437275899999996],[-80.0143803,40.4383316],[-80.0156084,40.43902679999999],[-80.0165401,40.439487000000014]]}},{"type":"Feature","id":null,"properties":{"network_id":"net_568","highway":"primary"},"geometry":{"type":"LineString","coordinates":[[-80.0165401,40.439487000000014],[-80.017281,40.439865600000005],[-80.0177736,40.440117300000004],[-80.0189005,40.44071960000001]]}},{"type":"Feature","id":null,"properties":{"network_id":"net_569","highway":"primary"},"geometry":{"type":"LineString","coordinates":[[-80.0189005,40.44071960000001],[-80.0192178,40.44086699999998],[-80.0195916,40.44101940000001],[-80.0196838,40.44105700000001],[-80.0202482,40.44124550000001],[-80.0206116,40.44137209999998],[-80.0215711,40.44170119999999]]}},{"type":"Feature","id":null,"properties":{"network_id":"net_570","highway":"primary"},"geometry":{"type":"LineString","coordinates":[[-80.0215711,40.44170119999999],[-80.02221,40.4419171],[-80.0225292,40.442025000000015]]}},{"type":"Feature","id":null,"properties":{"network_id":"net_571","highway":"primary"},"geometry":{"type":"LineString","coordinates":[[-80.0225292,40.442025000000015],[-80.0237988,40.44245390000001],[-80.0239015,40.44249300000001],[-80.0241712,40.44259040000002],[-80.0246444,40.44278200000001]]}},{"type":"Feature","id":null,"properties":{"network_id":"net_572","highway":"primary"},"geometry":{"type":"LineString","coordinates":[[-80.0246444,40.44278200000001],[-80.0247248,40.44281459999999]]}},{"type":"Feature","id":null,"properties":{"network_id":"net_573","highway":"primary"},"geometry":{"type":"LineString","coordinates":[[-80.0247248,40.44281459999999],[-80.0250578,40.442943299999996]]}},{"type":"Feature","id":null,"properties":{"network_id":"net_574","highway":"primary"},"geometry":{"type":"LineString","coordinates":[[-80.0250578,40.442943299999996],[-80.0252598,40.44301679999999]]}},{"type":"Feature","id":null,"properties":{"network_id":"net_575","highway":"primary"},"geometry":{"type":"LineString","coordinates":[[-80.0252598,40.44301679999999],[-80.0253796,40.4430607]]}},{"type":"Feature","id":null,"properties":{"network_id":"net_576","highway":"primary"},"geometry":{"type":"LineString","coordinates":[[-80.0016342,40.4310052],[-80.0017226,40.4310487],[-80.0026761,40.431518]]}},{"type":"Feature","id":null,"properties":{"network_id":"net_577","highway":"primary"},"geometry":{"type":"LineString","coordinates":[[-80.0026761,40.431518],[-80.0033408,40.431848300000006],[-80.00340360000001,40.43187929999999],[-80.0034823,40.431918099999976],[-80.0037675,40.43206100000001],[-80.0038623,40.43211120000001],[-80.0039403,40.4321476]]}},{"type":"Feature","id":null,"properties":{"network_id":"net_578","highway":"primary"},"geometry":{"type":"LineString","coordinates":[[-80.0039403,40.4321476],[-80.0041182,40.43223890000001],[-80.0041511,40.43225579999999],[-80.0046272,40.4325344],[-80.0050774,40.43280319999999]]}},{"type":"Feature","id":null,"properties":{"network_id":"net_579","highway":"primary"},"geometry":{"type":"LineString","coordinates":[[-80.0050774,40.43280319999999],[-80.0056837,40.43316469999999],[-80.00676270000001,40.4338299]]}},{"type":"Feature","id":null,"properties":{"network_id":"net_580","highway":"primary"},"geometry":{"type":"LineString","coordinates":[[-80.00676270000001,40.4338299],[-80.0068578,40.4338886],[-80.0071098,40.43404449999999],[-80.007408,40.4342096],[-80.0076127,40.43431399999999],[-80.008033,40.434497500000006]]}},{"type":"Feature","id":null,"properties":{"network_id":"net_581","highway":"primary"},"geometry":{"type":"LineString","coordinates":[[-80.0018467,40.4368608],[-80.0012555,40.436632],[-80.0011783,40.436602100000016],[-80.0011294,40.43658320000001],[-80.0010147,40.4365253]]}},{"type":"Feature","id":null,"properties":{"network_id":"net_582","highway":"primary"},"geometry":{"type":"LineString","coordinates":[[-80.0008837,40.43672839999999],[-80.0010208,40.436779500000014]]}},{"type":"Feature","id":null,"properties":{"network_id":"net_583","highway":"primary"},"geometry":{"type":"LineString","coordinates":[[-80.0010208,40.436779500000014],[-80.001631,40.437009],[-80.0017023,40.43703579999999],[-80.002013,40.437152700000006]]}},{"type":"Feature","id":null,"properties":{"network_id":"net_584","highway":"primary"},"geometry":{"type":"LineString","coordinates":[[-80.0026896,40.437115899999995],[-80.0024347,40.43708180000001],[-80.0023899,40.437070999999996],[-80.0018467,40.4368608]]}},{"type":"Feature","id":null,"properties":{"network_id":"net_585","highway":"primary"},"geometry":{"type":"LineString","coordinates":[[-80.002013,40.437152700000006],[-80.0021362,40.43719850000001],[-80.0022432,40.43723909999999],[-80.0023313,40.437272500000006]]}},{"type":"Feature","id":null,"properties":{"network_id":"net_586","highway":"primary"},"geometry":{"type":"LineString","coordinates":[[-79.9966449,40.38201390000001],[-79.9969082,40.38191229999999],[-79.9970636,40.381849799999976],[-79.9974308,40.381714900000006],[-79.9983554,40.381390399999994],[-79.9987957,40.38120519999998],[-79.9992316,40.380987799999986],[-79.99974190000002,40.38073330000001],[-79.9999344,40.38058399999999],[-80.0000336,40.3804849],[-80.0001044,40.38041419999999],[-80.00046160000001,40.37998919999998],[-80.0007592,40.37969180000001],[-80.0010078,40.379451200000005],[-80.0013752,40.379142699999996],[-80.0015107,40.37903330000001],[-80.0016367,40.378952600000005],[-80.0017226,40.3789068],[-80.0018205,40.37885459999999],[-80.0020004,40.37878160000002],[-80.0021845,40.3787173],[-80.0022429,40.3787009]]}},{"type":"Feature","id":null,"properties":{"network_id":"net_587","highway":"primary"},"geometry":{"type":"LineString","coordinates":[[-79.99647560000001,40.38207920000001],[-79.9966449,40.38201390000001]]}},{"type":"Feature","id":null,"properties":{"network_id":"net_588","highway":"primary"},"geometry":{"type":"LineString","coordinates":[[-79.99647560000001,40.38207920000001],[-79.9963745,40.38207479999999],[-79.9962257,40.38212570000001]]}},{"type":"Feature","id":null,"properties":{"network_id":"net_589","highway":"primary"},"geometry":{"type":"LineString","coordinates":[[-79.9962754,40.3822128],[-79.9963323,40.382182799999995],[-79.9964206,40.38212510000001],[-79.99647560000001,40.38207920000001]]}},{"type":"Feature","id":null,"properties":{"network_id":"net_590","highway":"primary"},"geometry":{"type":"LineString","coordinates":[[-79.9962257,40.38212570000001],[-79.99610630000001,40.382165799999996],[-79.9960488,40.3821827],[-79.9959699,40.382208999999996]]}},{"type":"Feature","id":null,"properties":{"network_id":"net_591","highway":"primary"},"geometry":{"type":"LineString","coordinates":[[-79.9959699,40.382208999999996],[-79.9958942,40.382228299999994]]}},{"type":"Feature","id":null,"properties":{"network_id":"net_592","highway":"primary"},"geometry":{"type":"LineString","coordinates":[[-79.995983,40.3822764],[-79.9960588,40.38226710000001],[-79.99616500000002,40.3822498],[-79.9962754,40.3822128]]}},{"type":"Feature","id":null,"properties":{"network_id":"net_593","highway":"primary"},"geometry":{"type":"LineString","coordinates":[[-79.9959084,40.382285700000004],[-79.995983,40.3822764]]}},{"type":"Feature","id":null,"properties":{"network_id":"net_594","highway":"primary"},"geometry":{"type":"LineString","coordinates":[[-79.9954563,40.382327700000005],[-79.995652,40.38231489999998],[-79.9957835,40.3822989],[-79.9958249,40.38229410000001],[-79.9959084,40.382285700000004]]}},{"type":"Feature","id":null,"properties":{"network_id":"net_595","highway":"primary"},"geometry":{"type":"LineString","coordinates":[[-79.9989665,40.428985700000005],[-79.9987708,40.42890680000001],[-79.9986146,40.4288556],[-79.9985819,40.4288482],[-79.9985419,40.4288394],[-79.9985003,40.4288344],[-79.9984609,40.42882999999999],[-79.9984311,40.42883509999999],[-79.9983918,40.42884309999999],[-79.9983649,40.42885119999999],[-79.9983418,40.42886140000003],[-79.9983063,40.42888189999999],[-79.9982961,40.42889140000001],[-79.9982899,40.42889719999998],[-79.9982521,40.42896460000001],[-79.9982403,40.428985499999996]]}},{"type":"Feature","id":null,"properties":{"network_id":"net_596","highway":"primary"},"geometry":{"type":"LineString","coordinates":[[-79.9870582,40.3844566],[-79.9880015,40.3843697],[-79.988314,40.38432730000001],[-79.9884682,40.38428689999999],[-79.9886464,40.3842282],[-79.9888727,40.3841591],[-79.9892939,40.38406320000001],[-79.9895865,40.38401519999999],[-79.9898917,40.383984700000006],[-79.9902228,40.38397079999999],[-79.9905846,40.3839669],[-79.9914404,40.383970900000016],[-79.9916699,40.38396870000001],[-79.9919053,40.38395489999999],[-79.99211790000001,40.383927600000014],[-79.9923496,40.383886200000006],[-79.9927577,40.3837896],[-79.9929061,40.383770900000016],[-79.9930637,40.383782400000015],[-79.9932426,40.383817100000016],[-79.9934972,40.383885400000004],[-79.9936634,40.3839416]]}},{"type":"Feature","id":null,"properties":{"network_id":"net_597","highway":"primary"},"geometry":{"type":"LineString","coordinates":[[-79.9936634,40.3839416],[-79.9938539,40.38403559999998],[-79.9940232,40.3841471],[-79.9942199,40.384304],[-79.9943635,40.3843963],[-79.9945191,40.3844687],[-79.9947376,40.38456740000004],[-79.9947901,40.38458959999999],[-79.9949773,40.3846645],[-79.9950364,40.38468820000003]]}},{"type":"Feature","id":null,"properties":{"network_id":"net_598","highway":"primary"},"geometry":{"type":"LineString","coordinates":[[-79.9843648,40.38448510000001],[-79.9853809,40.384546199999996],[-79.9856705,40.38453729999999],[-79.9865767,40.384478800000004],[-79.9870582,40.3844566]]}},{"type":"Feature","id":null,"properties":{"network_id":"net_599","highway":"primary"},"geometry":{"type":"LineString","coordinates":[[-79.9950364,40.38468820000003],[-79.9951376,40.3847287]]}},{"type":"Feature","id":null,"properties":{"network_id":"net_600","highway":"primary"},"geometry":{"type":"LineString","coordinates":[[-79.9840688,40.38706639999998],[-79.9840889,40.386975199999995],[-79.9840849,40.3868488],[-79.9840406,40.3867405],[-79.9839762,40.3866568],[-79.98388990000001,40.3865531],[-79.9838381,40.38644629999999],[-79.98382600000001,40.386356400000004],[-79.9838242,40.3862906],[-79.9838369,40.3862232],[-79.9841228,40.38566800000001],[-79.9842212,40.38537530000001],[-79.9842887,40.385056800000015],[-79.9843378,40.384769500000004],[-79.9843648,40.38448510000001]]}},{"type":"Feature","id":null,"properties":{"network_id":"net_601","highway":"primary"},"geometry":{"type":"LineString","coordinates":[[-79.9838013,40.38733640000001],[-79.9838648,40.38728260000001],[-79.983898,40.387254600000006],[-79.9840254,40.3871343],[-79.9840688,40.38706639999998]]}},{"type":"Feature","id":null,"properties":{"network_id":"net_602","highway":"primary"},"geometry":{"type":"LineString","coordinates":[[-79.9864096,40.42875560000002],[-79.9869993,40.428742200000016],[-79.9874993,40.42873079999999],[-79.9881912,40.4287161],[-79.9883968,40.4287117],[-79.9884694,40.428710200000005],[-79.9884959,40.428710200000005],[-79.9885849,40.428710200000005],[-79.9886733,40.428708200000024],[-79.9887361,40.4287067],[-79.9888099,40.4287047],[-79.9890679,40.42869789999998],[-79.989792,40.42867160000001],[-79.9898927,40.428669800000016],[-79.9910232,40.42865069999999],[-79.9917808,40.428633499999975],[-79.9921708,40.4286246],[-79.9922503,40.428620800000004]]}},{"type":"Feature","id":null,"properties":{"network_id":"net_603","highway":"primary"},"geometry":{"type":"LineString","coordinates":[[-79.9828204,40.4288419],[-79.9834156,40.4288276],[-79.9841432,40.4288101],[-79.985321,40.428781799999996],[-79.9857153,40.428772300000006],[-79.9864096,40.42875560000002]]}},{"type":"Feature","id":null,"properties":{"network_id":"net_604","highway":"primary"},"geometry":{"type":"LineString","coordinates":[[-79.9820471,40.428855199999994],[-79.9821229,40.428854599999994],[-79.982707,40.4288504],[-79.9828204,40.4288419]]}},{"type":"Feature","id":null,"properties":{"network_id":"net_605","highway":"primary"},"geometry":{"type":"LineString","coordinates":[[-79.9946692,40.4357864],[-79.9942603,40.43564230000001]]}},{"type":"Feature","id":null,"properties":{"network_id":"net_606","highway":"primary"},"geometry":{"type":"LineString","coordinates":[[-79.9982979,40.4290116],[-79.9982403,40.428985499999996]]}},{"type":"Feature","id":null,"properties":{"network_id":"net_607","highway":"primary"},"geometry":{"type":"LineString","coordinates":[[-79.9983573,40.42903849999999],[-79.9983257,40.42902419999999],[-79.9982979,40.4290116]]}},{"type":"Feature","id":null,"properties":{"network_id":"net_608","highway":"primary"},"geometry":{"type":"LineString","coordinates":[[-79.9983573,40.42903849999999],[-79.9984225,40.42896670000001],[-79.9984446,40.42894840000003],[-79.9984753,40.42893449999999],[-79.9985118,40.4289257],[-79.9985329,40.428922799999995],[-79.998557,40.4289236],[-79.9985877,40.42892720000001],[-79.9986184,40.428936700000015],[-79.9988858,40.42903760000001],[-79.9990987,40.4291173],[-79.9992591,40.42916910000002]]}},{"type":"Feature","id":null,"properties":{"network_id":"net_609","highway":"primary"},"geometry":{"type":"LineString","coordinates":[[-79.9992591,40.42916910000002],[-79.9991324,40.4290744],[-79.9989665,40.428985700000005]]}},{"type":"Feature","id":null,"properties":{"network_id":"net_610","highway":"primary"},"geometry":{"type":"LineString","coordinates":[[-79.9988335,40.42928080000001],[-79.9985797,40.42913639999999],[-79.9985344,40.429116500000006],[-79.9984802,40.4290926],[-79.9983573,40.42903849999999]]}},{"type":"Feature","id":null,"properties":{"network_id":"net_611","highway":"primary"},"geometry":{"type":"LineString","coordinates":[[-79.9922503,40.428620800000004],[-79.9936165,40.4285967],[-79.9940052,40.428587000000014],[-79.9941767,40.4286094],[-79.9950914,40.428775],[-79.9952381,40.42881289999999],[-79.9959094,40.42903720000001],[-79.9964337,40.429216299999986],[-79.99666290000002,40.429294600000006],[-79.99694660000002,40.42939629999999],[-79.9971225,40.429451500000006],[-79.997786,40.4296784],[-79.9990706,40.43011739999999],[-79.9991196,40.43013409999998]]}},{"type":"Feature","id":null,"properties":{"network_id":"net_612","highway":"primary"},"geometry":{"type":"LineString","coordinates":[[-79.9994378,40.42973399999999],[-79.9992168,40.429601700000006],[-79.9991148,40.4295371],[-79.9989851,40.429435500000004],[-79.9989166,40.429354199999985],[-79.9988335,40.42928080000001]]}},{"type":"Feature","id":null,"properties":{"network_id":"net_613","highway":"primary"},"geometry":{"type":"LineString","coordinates":[[-80.0005577,40.43028410000001],[-80.0002632,40.4301394],[-80.0001219,40.4300701],[-79.9999461,40.4299837],[-79.9994378,40.42973399999999]]}},{"type":"Feature","id":null,"properties":{"network_id":"net_614","highway":"primary"},"geometry":{"type":"LineString","coordinates":[[-79.9991196,40.43013409999998],[-79.9997884,40.43035620000002],[-80.0004782,40.4305906]]}},{"type":"Feature","id":null,"properties":{"network_id":"net_615","highway":"primary"},"geometry":{"type":"LineString","coordinates":[[-79.9946692,40.4357864],[-79.9946834,40.43580390000001],[-79.9947033,40.435822099999996],[-79.99474040000001,40.43584320000002],[-79.9947932,40.43586359999999],[-79.9955269,40.43608390000001],[-79.9957297,40.4361104]]}},{"type":"Feature","id":null,"properties":{"network_id":"net_616","highway":"primary"},"geometry":{"type":"LineString","coordinates":[[-79.9999409,40.43604779999998],[-79.9998181,40.4359938],[-79.9997622,40.43597510000001],[-79.9996978,40.43595720000001],[-79.9996319,40.4359458],[-79.9995626,40.4359396],[-79.9994893,40.4359398],[-79.999416,40.43594600000001],[-79.9993426,40.43595549999999],[-79.9992753,40.4359704],[-79.9992069,40.43598679999999],[-79.9990276,40.436029600000005]]}},{"type":"Feature","id":null,"properties":{"network_id":"net_617","highway":"primary"},"geometry":{"type":"LineString","coordinates":[[-79.9957297,40.4361104],[-79.9955451,40.436025699999995],[-79.9951866,40.43591790000001]]}},{"type":"Feature","id":null,"properties":{"network_id":"net_618","highway":"primary"},"geometry":{"type":"LineString","coordinates":[[-79.9990276,40.436029600000005],[-79.999191,40.436091],[-79.9994003,40.436169799999995]]}},{"type":"Feature","id":null,"properties":{"network_id":"net_619","highway":"primary"},"geometry":{"type":"LineString","coordinates":[[-80.0010147,40.4365253],[-80.0009271,40.436481200000024],[-79.9999409,40.43604779999998]]}},{"type":"Feature","id":null,"properties":{"network_id":"net_620","highway":"primary"},"geometry":{"type":"LineString","coordinates":[[-79.9990276,40.436029600000005],[-79.9987757,40.43638020000001],[-79.9987482,40.4364185],[-79.9987307,40.4365512]]}},{"type":"Feature","id":null,"properties":{"network_id":"net_621","highway":"primary"},"geometry":{"type":"LineString","coordinates":[[-79.9987307,40.4365512],[-79.9988681,40.43646839999999],[-79.9990497,40.436215699999984],[-79.9990779,40.4361823],[-79.9991108,40.43615270000002],[-79.999191,40.436091]]}},{"type":"Feature","id":null,"properties":{"network_id":"net_622","highway":"primary"},"geometry":{"type":"LineString","coordinates":[[-79.9994003,40.436169799999995],[-79.9999942,40.43638989999999],[-80.0002376,40.4364848]]}},{"type":"Feature","id":null,"properties":{"network_id":"net_623","highway":"primary"},"geometry":{"type":"LineString","coordinates":[[-79.99724960000002,40.43664049999999],[-79.9962169,40.4362626],[-79.9959804,40.436186100000015],[-79.9957297,40.4361104]]}},{"type":"Feature","id":null,"properties":{"network_id":"net_624","highway":"primary"},"geometry":{"type":"LineString","coordinates":[[-80.0002376,40.4364848],[-80.0004206,40.43655360000001],[-80.00073890000002,40.4366733],[-80.0007909,40.43669140000001],[-80.0008837,40.43672839999999]]}},{"type":"Feature","id":null,"properties":{"network_id":"net_625","highway":"primary"},"geometry":{"type":"LineString","coordinates":[[-79.9987307,40.4365512],[-79.9987015,40.4365956],[-79.9984962,40.4368778],[-79.9984868,40.436892900000004],[-79.9983694,40.437077399999986]]}},{"type":"Feature","id":null,"properties":{"network_id":"net_626","highway":"primary"},"geometry":{"type":"LineString","coordinates":[[-79.9951866,40.43591790000001],[-79.9950227,40.43588410000001],[-79.9946692,40.4357864]]}},{"type":"Feature","id":null,"properties":{"network_id":"net_627","highway":"primary"},"geometry":{"type":"LineString","coordinates":[[-79.9945034,40.436060399999995],[-79.9945002,40.436177900000004],[-79.9944755,40.43628480000001],[-79.9944529,40.436419099999995],[-79.99441410000001,40.4366498],[-79.99426700000001,40.4374717],[-79.9942163,40.43774239999999],[-79.9942086,40.4378049],[-79.9942115,40.437847800000014],[-79.9942201,40.437900799999994],[-79.994238,40.43794339999999],[-79.994297,40.438045100000004]]}},{"type":"Feature","id":null,"properties":{"network_id":"net_628","highway":"primary"},"geometry":{"type":"LineString","coordinates":[[-79.9883633,40.43782049999999],[-79.9882864,40.43781729999999],[-79.987266,40.4377758],[-79.9869053,40.43776120000001],[-79.986648,40.4377507],[-79.9865355,40.43774610000002],[-79.9864451,40.43774210000001],[-79.9860125,40.43772289999999],[-79.9852045,40.43767479999999],[-79.9851252,40.4376709],[-79.9850607,40.437667000000005],[-79.9842871,40.4376305],[-79.9842094,40.437625699999984]]}},{"type":"Feature","id":null,"properties":{"network_id":"net_629","highway":"primary"},"geometry":{"type":"LineString","coordinates":[[-79.99181730000001,40.43796480000001],[-79.991111,40.4379337],[-79.9910291,40.43793010000002],[-79.990962,40.437927300000005],[-79.9894105,40.437863699999994],[-79.9892779,40.437858199999994],[-79.9892206,40.437855899999995],[-79.9887252,40.4378355],[-79.9884283,40.4378232],[-79.9883633,40.43782049999999]]}},{"type":"Feature","id":null,"properties":{"network_id":"net_630","highway":"primary"},"geometry":{"type":"LineString","coordinates":[[-79.991882,40.43796609999999],[-79.99181730000001,40.43796480000001]]}},{"type":"Feature","id":null,"properties":{"network_id":"net_631","highway":"primary"},"geometry":{"type":"LineString","coordinates":[[-79.9921611,40.4379792],[-79.991882,40.43796609999999]]}},{"type":"Feature","id":null,"properties":{"network_id":"net_632","highway":"primary"},"geometry":{"type":"LineString","coordinates":[[-79.9933139,40.4380306],[-79.9932347,40.4380271],[-79.9930241,40.438017899999984],[-79.9924358,40.437992],[-79.9922679,40.4379846],[-79.9921611,40.4379792]]}},{"type":"Feature","id":null,"properties":{"network_id":"net_633","highway":"primary"},"geometry":{"type":"LineString","coordinates":[[-79.9939241,40.43803370000001],[-79.9938414,40.438033300000015],[-79.9933139,40.4380306]]}},{"type":"Feature","id":null,"properties":{"network_id":"net_634","highway":"primary"},"geometry":{"type":"LineString","coordinates":[[-79.994297,40.438045100000004],[-79.9939241,40.43803370000001]]}},{"type":"Feature","id":null,"properties":{"network_id":"net_635","highway":"primary"},"geometry":{"type":"LineString","coordinates":[[-79.9952827,40.43804479999999],[-79.994887,40.43805100000001],[-79.9945219,40.4380473],[-79.994297,40.438045100000004]]}},{"type":"Feature","id":null,"properties":{"network_id":"net_636","highway":"primary"},"geometry":{"type":"LineString","coordinates":[[-79.9983694,40.437077399999986],[-79.9982474,40.437029800000005],[-79.9982007,40.43701159999998],[-79.99724960000002,40.43664049999999]]}},{"type":"Feature","id":null,"properties":{"network_id":"net_637","highway":"primary"},"geometry":{"type":"LineString","coordinates":[[-79.9983694,40.437077399999986],[-79.9985228,40.43714130000001],[-79.9986031,40.43717470000001],[-79.9987459,40.4372342]]}},{"type":"Feature","id":null,"properties":{"network_id":"net_638","highway":"primary"},"geometry":{"type":"LineString","coordinates":[[-79.9987459,40.4372342],[-79.9987605,40.437239700000006]]}},{"type":"Feature","id":null,"properties":{"network_id":"net_639","highway":"primary"},"geometry":{"type":"LineString","coordinates":[[-79.9980626,40.43751939999999],[-79.9980843,40.43748809999999],[-79.9981085,40.43745239999997],[-79.9982613,40.437226100000004],[-79.9982949,40.437176400000006],[-79.9983694,40.437077399999986]]}},{"type":"Feature","id":null,"properties":{"network_id":"net_640","highway":"primary"},"geometry":{"type":"LineString","coordinates":[[-79.9987605,40.437239700000006],[-79.9990141,40.43733499999999],[-79.9992873,40.43743769999999]]}},{"type":"Feature","id":null,"properties":{"network_id":"net_641","highway":"primary"},"geometry":{"type":"LineString","coordinates":[[-79.9992873,40.43743769999999],[-79.9993841,40.43747390000001],[-80.0000451,40.4377226],[-80.0001144,40.43774819999999],[-80.0001939,40.43777849999999]]}},{"type":"Feature","id":null,"properties":{"network_id":"net_642","highway":"primary"},"geometry":{"type":"LineString","coordinates":[[-79.9980626,40.43751939999999],[-79.9980052,40.4375477],[-79.9979699,40.43756510000001],[-79.9977221,40.437937700000006],[-79.9976959,40.437978499999986],[-79.9976688,40.4380179]]}},{"type":"Feature","id":null,"properties":{"network_id":"net_643","highway":"primary"},"geometry":{"type":"LineString","coordinates":[[-79.9960651,40.43823170000001],[-79.9959915,40.4382063],[-79.9957051,40.43809899999999],[-79.9955723,40.438058200000015],[-79.9954315,40.4380418],[-79.9952827,40.43804479999999]]}},{"type":"Feature","id":null,"properties":{"network_id":"net_644","highway":"primary"},"geometry":{"type":"LineString","coordinates":[[-79.9976688,40.4380179],[-79.997625,40.4380844],[-79.9973881,40.4384346]]}},{"type":"Feature","id":null,"properties":{"network_id":"net_645","highway":"primary"},"geometry":{"type":"LineString","coordinates":[[-79.9972264,40.43867349999999],[-79.9971637,40.438648900000004],[-79.9971286,40.4386351],[-79.99664400000002,40.4384449],[-79.9961402,40.438263000000006],[-79.9960651,40.43823170000001]]}},{"type":"Feature","id":null,"properties":{"network_id":"net_646","highway":"primary"},"geometry":{"type":"LineString","coordinates":[[-80.0023313,40.437272500000006],[-80.00256010000001,40.437356700000024],[-80.0026458,40.4373887]]}},{"type":"Feature","id":null,"properties":{"network_id":"net_647","highway":"primary"},"geometry":{"type":"LineString","coordinates":[[-80.0044142,40.4377637],[-80.0026896,40.437115899999995]]}},{"type":"Feature","id":null,"properties":{"network_id":"net_648","highway":"primary"},"geometry":{"type":"LineString","coordinates":[[-80.0026458,40.4373887],[-80.002728,40.4374218],[-80.00281610000002,40.43745489999998],[-80.0029211,40.437491200000004],[-80.0036964,40.4377861]]}},{"type":"Feature","id":null,"properties":{"network_id":"net_649","highway":"primary"},"geometry":{"type":"LineString","coordinates":[[-80.0036964,40.4377861],[-80.0039057,40.437864799999986]]}},{"type":"Feature","id":null,"properties":{"network_id":"net_650","highway":"primary"},"geometry":{"type":"LineString","coordinates":[[-80.0043837,40.43799579999999],[-80.0044075,40.4379489],[-80.0044256,40.4378974],[-80.0044316,40.43785760000001],[-80.0044286,40.43781620000002],[-80.0044142,40.4377637]]}},{"type":"Feature","id":null,"properties":{"network_id":"net_651","highway":"primary"},"geometry":{"type":"LineString","coordinates":[[-80.0039057,40.437864799999986],[-80.00435800000001,40.438034999999985]]}},{"type":"Feature","id":null,"properties":{"network_id":"net_652","highway":"primary"},"geometry":{"type":"LineString","coordinates":[[-80.00435800000001,40.438034999999985],[-80.0043837,40.43799579999999]]}},{"type":"Feature","id":null,"properties":{"network_id":"net_653","highway":"primary"},"geometry":{"type":"LineString","coordinates":[[-80.00576010000002,40.4382693],[-80.0046806,40.43786380000002],[-80.0044142,40.4377637]]}},{"type":"Feature","id":null,"properties":{"network_id":"net_654","highway":"primary"},"geometry":{"type":"LineString","coordinates":[[-80.00435800000001,40.438034999999985],[-80.00452760000002,40.4380988],[-80.0050253,40.438286000000005]]}},{"type":"Feature","id":null,"properties":{"network_id":"net_655","highway":"primary"},"geometry":{"type":"LineString","coordinates":[[-80.0050253,40.438286000000005],[-80.0055871,40.4384974],[-80.0057343,40.438557]]}},{"type":"Feature","id":null,"properties":{"network_id":"net_656","highway":"primary"},"geometry":{"type":"LineString","coordinates":[[-79.996845,40.4394102],[-79.9968821,40.4393543],[-79.9972457,40.438805900000006],[-79.9972743,40.4387627],[-79.9973115,40.4387066],[-79.9973481,40.43865240000001],[-79.9976793,40.43816189999998],[-79.9977176,40.43810520000002],[-79.9977569,40.43805100000001],[-79.9977936,40.437996500000004],[-79.9980386,40.43762379999998],[-79.9980548,40.43759930000001],[-79.9980577,40.4375691],[-79.9980626,40.43751939999999]]}},{"type":"Feature","id":null,"properties":{"network_id":"net_657","highway":"primary"},"geometry":{"type":"LineString","coordinates":[[-79.9973881,40.4384346],[-79.997292,40.438576599999976],[-79.9972712,40.43860729999999],[-79.9972264,40.43867349999999]]}},{"type":"Feature","id":null,"properties":{"network_id":"net_658","highway":"primary"},"geometry":{"type":"LineString","coordinates":[[-79.9973115,40.4387066],[-79.9972264,40.43867349999999]]}},{"type":"Feature","id":null,"properties":{"network_id":"net_659","highway":"primary"},"geometry":{"type":"LineString","coordinates":[[-79.9956026,40.43898699999998],[-79.99550070000001,40.43897869999999],[-79.99540870000001,40.43897680000001],[-79.9948376,40.438960699999996]]}},{"type":"Feature","id":null,"properties":{"network_id":"net_660","highway":"primary"},"geometry":{"type":"LineString","coordinates":[[-79.9972264,40.43867349999999],[-79.9971914,40.438725399999996],[-79.9967899,40.4393217],[-79.9967538,40.439375299999995]]}},{"type":"Feature","id":null,"properties":{"network_id":"net_661","highway":"primary"},"geometry":{"type":"LineString","coordinates":[[-79.9962242,40.43918000000001],[-79.9957721,40.43901159999999],[-79.9957144,40.4389979],[-79.9956026,40.43898699999998]]}},{"type":"Feature","id":null,"properties":{"network_id":"net_662","highway":"primary"},"geometry":{"type":"LineString","coordinates":[[-79.9964191,40.43925250000001],[-79.9962242,40.43918000000001]]}},{"type":"Feature","id":null,"properties":{"network_id":"net_663","highway":"primary"},"geometry":{"type":"LineString","coordinates":[[-79.9967538,40.439375299999995],[-79.9966856,40.4393498],[-79.9964191,40.43925250000001]]}},{"type":"Feature","id":null,"properties":{"network_id":"net_664","highway":"primary"},"geometry":{"type":"LineString","coordinates":[[-79.996845,40.4394102],[-79.9967538,40.439375299999995]]}},{"type":"Feature","id":null,"properties":{"network_id":"net_665","highway":"primary"},"geometry":{"type":"LineString","coordinates":[[-79.99773060000001,40.439744299999994],[-79.99766230000002,40.43971800000001],[-79.9972827,40.439572000000005],[-79.9969055,40.43943259999999],[-79.996845,40.4394102]]}},{"type":"Feature","id":null,"properties":{"network_id":"net_666","highway":"primary"},"geometry":{"type":"LineString","coordinates":[[-80.0001939,40.43777849999999],[-80.0002708,40.437806099999996],[-80.0006447,40.437947400000006],[-80.0007384,40.437982500000004],[-80.0008702,40.438031800000005],[-80.0010509,40.438098700000005],[-80.0015787,40.4382984],[-80.0018508,40.43840110000001],[-80.0019432,40.43843639999999],[-80.0020448,40.4384734],[-80.00236480000001,40.43859],[-80.0026739,40.4387066],[-80.0035896,40.43905490000002],[-80.003643,40.43907519999999],[-80.0036949,40.4390947],[-80.0038727,40.43916159999999],[-80.0039834,40.43920319999999],[-80.0042998,40.43932209999999],[-80.0045793,40.43942720000001]]}},{"type":"Feature","id":null,"properties":{"network_id":"net_667","highway":"primary"},"geometry":{"type":"LineString","coordinates":[[-80.0057343,40.438557],[-80.0058567,40.438608500000015],[-80.0072298,40.43914180000002],[-80.0074648,40.4392261]]}},{"type":"Feature","id":null,"properties":{"network_id":"net_668","highway":"primary"},"geometry":{"type":"LineString","coordinates":[[-80.0074648,40.4392261],[-80.0075251,40.4392662],[-80.0075526,40.43930200000001],[-80.0075667,40.439339100000005],[-80.0075651,40.439401100000005],[-80.0075111,40.43956229999998]]}},{"type":"Feature","id":null,"properties":{"network_id":"net_669","highway":"primary"},"geometry":{"type":"LineString","coordinates":[[-80.0045793,40.43942720000001],[-80.0049169,40.439563899999996],[-80.0050294,40.43960950000001]]}},{"type":"Feature","id":null,"properties":{"network_id":"net_670","highway":"primary"},"geometry":{"type":"LineString","coordinates":[[-80.0075111,40.43956229999998],[-80.0073318,40.439824700000024],[-80.0073047,40.43986439999999]]}},{"type":"Feature","id":null,"properties":{"network_id":"net_671","highway":"primary"},"geometry":{"type":"LineString","coordinates":[[-80.0058552,40.439912699999994],[-80.0056721,40.439844799999996],[-80.0055308,40.4397938],[-80.0051704,40.43966129999999],[-80.0051586,40.439657000000004],[-80.0050294,40.43960950000001]]}},{"type":"Feature","id":null,"properties":{"network_id":"net_672","highway":"primary"},"geometry":{"type":"LineString","coordinates":[[-80.0065958,40.440186099999984],[-80.0062277,40.440050699999986],[-80.0060379,40.439980399999996],[-80.0058552,40.439912699999994]]}},{"type":"Feature","id":null,"properties":{"network_id":"net_673","highway":"primary"},"geometry":{"type":"LineString","coordinates":[[-80.0073047,40.43986439999999],[-80.0070673,40.4402176],[-80.0069996,40.4403125]]}},{"type":"Feature","id":null,"properties":{"network_id":"net_674","highway":"primary"},"geometry":{"type":"LineString","coordinates":[[-80.0069996,40.4403125],[-80.0068353,40.4402742],[-80.0067978,40.4402604],[-80.0065958,40.440186099999984]]}},{"type":"Feature","id":null,"properties":{"network_id":"net_675","highway":"primary"},"geometry":{"type":"LineString","coordinates":[[-80.0069996,40.4403125],[-80.0069217,40.4403728],[-80.0068553,40.44046580000001],[-80.0067889,40.44058009999997]]}},{"type":"Feature","id":null,"properties":{"network_id":"net_676","highway":"primary"},"geometry":{"type":"LineString","coordinates":[[-79.9840123,40.43850800000002],[-79.9841328,40.438513300000004]]}},{"type":"Feature","id":null,"properties":{"network_id":"net_677","highway":"primary"},"geometry":{"type":"LineString","coordinates":[[-79.9841328,40.438513300000004],[-79.9842314,40.438517200000014],[-79.9845037,40.43852809999999],[-79.9849844,40.438547199999995],[-79.985061,40.438550200000016]]}},{"type":"Feature","id":null,"properties":{"network_id":"net_678","highway":"primary"},"geometry":{"type":"LineString","coordinates":[[-79.985061,40.438550200000016],[-79.9851347,40.43855370000001],[-79.9857139,40.438581500000005],[-79.9863768,40.43861059999999],[-79.9864446,40.43861359999999]]}},{"type":"Feature","id":null,"properties":{"network_id":"net_679","highway":"primary"},"geometry":{"type":"LineString","coordinates":[[-79.9864446,40.43861359999999],[-79.9865276,40.43861750000001],[-79.986807,40.43863049999999],[-79.9874109,40.4386585],[-79.9876268,40.438668699999994],[-79.9876848,40.43867139999999],[-79.9881754,40.43869440000002],[-79.9882682,40.43869879999999]]}},{"type":"Feature","id":null,"properties":{"network_id":"net_680","highway":"primary"},"geometry":{"type":"LineString","coordinates":[[-79.9882682,40.43869879999999],[-79.9883357,40.43870150000001],[-79.98848190000001,40.43870750000001],[-79.9888803,40.4387243],[-79.9908,40.43880150000001],[-79.9909456,40.4388074],[-79.9911674,40.4388176],[-79.9924706,40.43887740000002]]}},{"type":"Feature","id":null,"properties":{"network_id":"net_681","highway":"primary"},"geometry":{"type":"LineString","coordinates":[[-79.9924706,40.43887740000002],[-79.992964,40.4388975],[-79.993434,40.4389102],[-79.9935187,40.438913400000004],[-79.993899,40.438927]]}},{"type":"Feature","id":null,"properties":{"network_id":"net_682","highway":"primary"},"geometry":{"type":"LineString","coordinates":[[-79.993899,40.438927],[-79.9944992,40.438949499999985],[-79.9946876,40.438956499999996]]}},{"type":"Feature","id":null,"properties":{"network_id":"net_683","highway":"primary"},"geometry":{"type":"LineString","coordinates":[[-79.9948376,40.438960699999996],[-79.9946876,40.438956499999996]]}},{"type":"Feature","id":null,"properties":{"network_id":"net_684","highway":"primary"},"geometry":{"type":"LineString","coordinates":[[-79.9948295,40.44040980000001],[-79.9947338,40.4404885],[-79.9946167,40.4406856],[-79.9945765,40.4407267],[-79.9945343,40.4407647],[-79.9944755,40.44080350000001],[-79.9944357,40.4408226]]}},{"type":"Feature","id":null,"properties":{"network_id":"net_685","highway":"primary"},"geometry":{"type":"LineString","coordinates":[[-79.9944357,40.4408226],[-79.9943356,40.4408617],[-79.9939424,40.4410029],[-79.9938645,40.4410277]]}},{"type":"Feature","id":null,"properties":{"network_id":"net_686","highway":"primary"},"geometry":{"type":"LineString","coordinates":[[-80.0067889,40.44058009999997],[-80.006764,40.4406502],[-80.0067513,40.4406946],[-80.006732,40.4407613],[-80.0067253,40.44080220000001],[-80.0067132,40.44086039999999]]}},{"type":"Feature","id":null,"properties":{"network_id":"net_687","highway":"primary"},"geometry":{"type":"LineString","coordinates":[[-80.0068819,40.441200600000016],[-80.0068354,40.441060300000004],[-80.00682020000002,40.440953700000016],[-80.0068153,40.44089170000001],[-80.0068124,40.44083099999999],[-80.0068149,40.440762199999995],[-80.0068288,40.440679300000006],[-80.0068564,40.4406066],[-80.0069172,40.4404936],[-80.00698050000001,40.44039890000001],[-80.0069996,40.4403125]]}},{"type":"Feature","id":null,"properties":{"network_id":"net_688","highway":"primary"},"geometry":{"type":"LineString","coordinates":[[-80.0068124,40.44083099999999],[-80.0067132,40.44086039999999]]}},{"type":"Feature","id":null,"properties":{"network_id":"net_689","highway":"primary"},"geometry":{"type":"LineString","coordinates":[[-80.0067132,40.44086039999999],[-80.0066674,40.440874300000004],[-80.0064921,40.440919]]}},{"type":"Feature","id":null,"properties":{"network_id":"net_690","highway":"primary"},"geometry":{"type":"LineString","coordinates":[[-80.0064921,40.440919],[-80.0062777,40.440973299999996]]}},{"type":"Feature","id":null,"properties":{"network_id":"net_691","highway":"primary"},"geometry":{"type":"LineString","coordinates":[[-80.0016737,40.44121939999999],[-80.00062800000002,40.44082660000003]]}},{"type":"Feature","id":null,"properties":{"network_id":"net_692","highway":"primary"},"geometry":{"type":"LineString","coordinates":[[-80.0067132,40.44086039999999],[-80.0067161,40.4409237],[-80.0067286,40.44101089999998],[-80.0067468,40.44108979999999],[-80.00680890000001,40.441226500000006],[-80.0068547,40.44124510000001]]}},{"type":"Feature","id":null,"properties":{"network_id":"net_693","highway":"primary"},"geometry":{"type":"LineString","coordinates":[[-80.0067468,40.44108979999999],[-80.0068354,40.441060300000004]]}},{"type":"Feature","id":null,"properties":{"network_id":"net_694","highway":"primary"},"geometry":{"type":"LineString","coordinates":[[-80.0062777,40.440973299999996],[-80.0059273,40.44107740000001],[-80.0057901,40.4411187],[-80.0057348,40.44113529999999],[-80.0056088,40.44117279999999],[-80.0055405,40.4411932]]}},{"type":"Feature","id":null,"properties":{"network_id":"net_695","highway":"primary"},"geometry":{"type":"LineString","coordinates":[[-80.0064108,40.44119469999999],[-80.0066508,40.441119100000016],[-80.0067098,40.44110069999999],[-80.0067468,40.44108979999999]]}},{"type":"Feature","id":null,"properties":{"network_id":"net_696","highway":"primary"},"geometry":{"type":"LineString","coordinates":[[-79.99864040000001,40.4400641],[-79.9985858,40.440045],[-79.9977855,40.43976359999999],[-79.99773060000001,40.439744299999994]]}},{"type":"Feature","id":null,"properties":{"network_id":"net_697","highway":"primary"},"geometry":{"type":"LineString","coordinates":[[-79.9967538,40.439375299999995],[-79.996714,40.439435799999984],[-79.9963419,40.44000079999999],[-79.9963091,40.44005059999999],[-79.996282,40.4400917],[-79.9962565,40.44013199999999],[-79.9962496,40.440142900000005],[-79.9961532,40.440288299999985],[-79.995915,40.440644300000024],[-79.9958914,40.44067960000001],[-79.9958493,40.440742500000006]]}},{"type":"Feature","id":null,"properties":{"network_id":"net_698","highway":"primary"},"geometry":{"type":"LineString","coordinates":[[-80.000412,40.44074550000001],[-80.0003107,40.44070689999999],[-79.9987383,40.4401004],[-79.99864040000001,40.4400641]]}},{"type":"Feature","id":null,"properties":{"network_id":"net_699","highway":"primary"},"geometry":{"type":"LineString","coordinates":[[-79.9948295,40.44040980000001],[-79.9949426,40.44044940000002],[-79.9952167,40.4405455],[-79.9957262,40.4407041],[-79.9957783,40.44072029999999],[-79.9958493,40.440742500000006]]}},{"type":"Feature","id":null,"properties":{"network_id":"net_700","highway":"primary"},"geometry":{"type":"LineString","coordinates":[[-79.9958493,40.440742500000006],[-79.9959445,40.44077719999999]]}},{"type":"Feature","id":null,"properties":{"network_id":"net_701","highway":"primary"},"geometry":{"type":"LineString","coordinates":[[-80.00062800000002,40.44082660000003],[-80.0004698,40.440767199999996],[-80.000412,40.44074550000001]]}},{"type":"Feature","id":null,"properties":{"network_id":"net_702","highway":"primary"},"geometry":{"type":"LineString","coordinates":[[-79.9950104,40.442168699999996],[-79.9950625,40.44209140000001],[-79.995448,40.441519099999994],[-79.9954832,40.44146690000001],[-79.9958715,40.44088649999999],[-79.9958988,40.440845599999996],[-79.9959445,40.44077719999999],[-79.9959814,40.440723699999985],[-79.9962598,40.4403197],[-79.9963232,40.4402263],[-79.9963614,40.4401699],[-79.9963888,40.44012949999999],[-79.9964135,40.4400905],[-79.9968091,40.439466800000005],[-79.996845,40.4394102]]}},{"type":"Feature","id":null,"properties":{"network_id":"net_703","highway":"primary"},"geometry":{"type":"LineString","coordinates":[[-79.9958493,40.440742500000006],[-79.9958031,40.44081049999999],[-79.995414,40.4413833],[-79.9954072,40.4413933],[-79.9953831,40.441428800000004],[-79.9952069,40.441691599999984]]}},{"type":"Feature","id":null,"properties":{"network_id":"net_704","highway":"primary"},"geometry":{"type":"LineString","coordinates":[[-80.0005238,40.4422612],[-80.0001452,40.44235789999998],[-80.0001052,40.442367999999995]]}},{"type":"Feature","id":null,"properties":{"network_id":"net_705","highway":"primary"},"geometry":{"type":"LineString","coordinates":[[-80.0001052,40.442367999999995],[-79.9999092,40.44241899999997]]}},{"type":"Feature","id":null,"properties":{"network_id":"net_706","highway":"primary"},"geometry":{"type":"LineString","coordinates":[[-79.99404520000002,40.441626199999995],[-79.9941563,40.44148320000001],[-79.9944198,40.441107900000006],[-79.9945577,40.44091590000001],[-79.9945847,40.44087840000001],[-79.9946398,40.44080170000001],[-79.99471710000002,40.440700200000016],[-79.9948207,40.4405151],[-79.9948295,40.44040980000001]]}},{"type":"Feature","id":null,"properties":{"network_id":"net_707","highway":"primary"},"geometry":{"type":"LineString","coordinates":[[-79.9938645,40.4410277],[-79.9937526,40.4410659],[-79.9936268,40.4411025]]}},{"type":"Feature","id":null,"properties":{"network_id":"net_708","highway":"primary"},"geometry":{"type":"LineString","coordinates":[[-79.9936268,40.4411025],[-79.9931252,40.44123510000001]]}},{"type":"Feature","id":null,"properties":{"network_id":"net_709","highway":"primary"},"geometry":{"type":"LineString","coordinates":[[-79.9931252,40.44123510000001],[-79.9927333,40.441340700000005]]}},{"type":"Feature","id":null,"properties":{"network_id":"net_710","highway":"primary"},"geometry":{"type":"LineString","coordinates":[[-79.9927333,40.441340700000005],[-79.99238270000001,40.44142550000001],[-79.9922704,40.441457400000004]]}},{"type":"Feature","id":null,"properties":{"network_id":"net_711","highway":"primary"},"geometry":{"type":"LineString","coordinates":[[-79.9922704,40.441457400000004],[-79.9921942,40.441485]]}},{"type":"Feature","id":null,"properties":{"network_id":"net_712","highway":"primary"},"geometry":{"type":"LineString","coordinates":[[-79.9921942,40.441485],[-79.9921241,40.44152619999999],[-79.9920682,40.4415769],[-79.9920313,40.44163139999999]]}},{"type":"Feature","id":null,"properties":{"network_id":"net_713","highway":"primary"},"geometry":{"type":"LineString","coordinates":[[-79.9940169,40.4416701],[-79.99404520000002,40.441626199999995]]}},{"type":"Feature","id":null,"properties":{"network_id":"net_714","highway":"primary"},"geometry":{"type":"LineString","coordinates":[[-79.99413040000002,40.44183200000001],[-79.9940447,40.4417835],[-79.9938382,40.44166909999999],[-79.9936718,40.44154670000001]]}},{"type":"Feature","id":null,"properties":{"network_id":"net_715","highway":"primary"},"geometry":{"type":"LineString","coordinates":[[-79.99384990000001,40.4419238],[-79.9940169,40.4416701]]}},{"type":"Feature","id":null,"properties":{"network_id":"net_716","highway":"primary"},"geometry":{"type":"LineString","coordinates":[[-79.9920313,40.44163139999999],[-79.9919714,40.4417508],[-79.9918695,40.44199369999999]]}},{"type":"Feature","id":null,"properties":{"network_id":"net_717","highway":"primary"},"geometry":{"type":"LineString","coordinates":[[-79.99372210000001,40.441823899999996],[-79.9940004,40.44185610000001],[-79.9940958,40.44186570000001]]}},{"type":"Feature","id":null,"properties":{"network_id":"net_718","highway":"primary"},"geometry":{"type":"LineString","coordinates":[[-79.9941964,40.4418722],[-79.99413040000002,40.44183200000001]]}},{"type":"Feature","id":null,"properties":{"network_id":"net_719","highway":"primary"},"geometry":{"type":"LineString","coordinates":[[-79.9940958,40.44186570000001],[-79.9941423,40.4418687],[-79.9941964,40.4418722]]}},{"type":"Feature","id":null,"properties":{"network_id":"net_720","highway":"primary"},"geometry":{"type":"LineString","coordinates":[[-79.9952069,40.441691599999984],[-79.994987,40.4420196],[-79.9949649,40.4420526],[-79.9949118,40.4421317]]}},{"type":"Feature","id":null,"properties":{"network_id":"net_721","highway":"primary"},"geometry":{"type":"LineString","coordinates":[[-79.9949118,40.4421317],[-79.9948564,40.44211160000001],[-79.9948165,40.442097100000005],[-79.9942842,40.441904199999996],[-79.99422080000001,40.44188109999998],[-79.9941964,40.4418722]]}},{"type":"Feature","id":null,"properties":{"network_id":"net_722","highway":"primary"},"geometry":{"type":"LineString","coordinates":[[-79.99365340000001,40.442163399999984],[-79.99384990000001,40.4419238]]}},{"type":"Feature","id":null,"properties":{"network_id":"net_723","highway":"primary"},"geometry":{"type":"LineString","coordinates":[[-79.9950104,40.442168699999996],[-79.9949118,40.4421317]]}},{"type":"Feature","id":null,"properties":{"network_id":"net_724","highway":"primary"},"geometry":{"type":"LineString","coordinates":[[-79.9918695,40.44199369999999],[-79.991612,40.442403999999996]]}},{"type":"Feature","id":null,"properties":{"network_id":"net_725","highway":"primary"},"geometry":{"type":"LineString","coordinates":[[-79.9927519,40.443024600000015],[-79.9929345,40.44290079999999],[-79.9931079,40.4427501],[-79.9933344,40.442515],[-79.99365340000001,40.442163399999984]]}},{"type":"Feature","id":null,"properties":{"network_id":"net_726","highway":"primary"},"geometry":{"type":"LineString","coordinates":[[-80.0025048,40.44152979999999],[-80.0025829,40.4415673],[-80.0026511,40.44161560000001],[-80.0027106,40.441695500000016]]}},{"type":"Feature","id":null,"properties":{"network_id":"net_727","highway":"primary"},"geometry":{"type":"LineString","coordinates":[[-80.0027106,40.441695500000016],[-80.0025993,40.441723999999994],[-80.0024932,40.44175210000001],[-80.0024272,40.4417692],[-80.0021262,40.441851400000004],[-80.001948,40.44189869999999],[-80.0018039,40.441934499999995]]}},{"type":"Feature","id":null,"properties":{"network_id":"net_728","highway":"primary"},"geometry":{"type":"LineString","coordinates":[[-80.0073961,40.44243270000001],[-80.0073611,40.4423564],[-80.0072508,40.4421158],[-80.0071674,40.4419325],[-80.0070086,40.44158340000001],[-80.0069624,40.441481900000014],[-80.0068572,40.441250600000004],[-80.0068547,40.44124510000001]]}},{"type":"Feature","id":null,"properties":{"network_id":"net_729","highway":"primary"},"geometry":{"type":"LineString","coordinates":[[-80.0018039,40.441934499999995],[-80.0017272,40.44195400000001],[-80.0011951,40.44208989999997]]}},{"type":"Feature","id":null,"properties":{"network_id":"net_730","highway":"primary"},"geometry":{"type":"LineString","coordinates":[[-80.0011951,40.44208989999997],[-80.0007135,40.442212800000014],[-80.0006136,40.4422383],[-80.0005238,40.4422612]]}},{"type":"Feature","id":null,"properties":{"network_id":"net_731","highway":"primary"},"geometry":{"type":"LineString","coordinates":[[-80.0073961,40.44243270000001],[-80.0074229,40.442493800000015],[-80.0074354,40.4425261],[-80.0074461,40.4425619],[-80.0074498,40.44259329999999],[-80.0074499,40.44263160000001],[-80.007444,40.4426572]]}},{"type":"Feature","id":null,"properties":{"network_id":"net_732","highway":"primary"},"geometry":{"type":"LineString","coordinates":[[-80.007444,40.4426572],[-80.0074281,40.442683],[-80.007411,40.44270649999999],[-80.0073872,40.4427267],[-80.0073546,40.442747],[-80.00730800000001,40.44276639999999],[-80.0072558,40.44278470000002],[-80.0071776,40.44280559999999],[-80.0067604,40.442913100000005],[-80.0067515,40.44291539999998],[-80.00646010000001,40.44298940000001],[-80.00620210000001,40.443056199999994]]}},{"type":"Feature","id":null,"properties":{"network_id":"net_733","highway":"primary"},"geometry":{"type":"LineString","coordinates":[[-80.00620210000001,40.443056199999994],[-80.0060051,40.4431093],[-80.0055463,40.44325490000001]]}},{"type":"Feature","id":null,"properties":{"network_id":"net_734","highway":"primary"},"geometry":{"type":"LineString","coordinates":[[-80.0055463,40.44325490000001],[-80.0052608,40.443326499999976],[-80.0050889,40.4433696],[-80.0048399,40.4434321],[-80.00465540000002,40.44347839999999]]}},{"type":"Feature","id":null,"properties":{"network_id":"net_735","highway":"primary"},"geometry":{"type":"LineString","coordinates":[[-80.0047319,40.44365530000001],[-80.005291,40.443532499999996]]}},{"type":"Feature","id":null,"properties":{"network_id":"net_736","highway":"primary"},"geometry":{"type":"LineString","coordinates":[[-79.9949118,40.4421317],[-79.99484810000001,40.4422284],[-79.9944693,40.44280409999999],[-79.9940567,40.443431]]}},{"type":"Feature","id":null,"properties":{"network_id":"net_737","highway":"primary"},"geometry":{"type":"LineString","coordinates":[[-79.9908677,40.442745999999985],[-79.990975,40.442894499999994]]}},{"type":"Feature","id":null,"properties":{"network_id":"net_738","highway":"primary"},"geometry":{"type":"LineString","coordinates":[[-79.9912232,40.442841599999994],[-79.9922005,40.44280570000001]]}},{"type":"Feature","id":null,"properties":{"network_id":"net_739","highway":"primary"},"geometry":{"type":"LineString","coordinates":[[-79.990975,40.442894499999994],[-79.9910888,40.442856],[-79.9912232,40.442841599999994]]}},{"type":"Feature","id":null,"properties":{"network_id":"net_740","highway":"primary"},"geometry":{"type":"LineString","coordinates":[[-79.9939418,40.4437929],[-79.993998,40.4437108],[-79.9940331,40.4436546],[-79.9940724,40.4436],[-79.9942674,40.44330240000001],[-79.9944404,40.4430382],[-79.9945274,40.442905700000004],[-79.9949314,40.44228919999998],[-79.9949492,40.442262],[-79.9950104,40.442168699999996]]}},{"type":"Feature","id":null,"properties":{"network_id":"net_741","highway":"primary"},"geometry":{"type":"LineString","coordinates":[[-79.9911034,40.44410460000001],[-79.9913487,40.4439637],[-79.9921695,40.44342069999999],[-79.9927519,40.443024600000015]]}},{"type":"Feature","id":null,"properties":{"network_id":"net_742","highway":"primary"},"geometry":{"type":"LineString","coordinates":[[-79.9940567,40.443431],[-79.9939706,40.4435619],[-79.993944,40.443604699999995],[-79.9939311,40.44362519999999],[-79.99390940000002,40.44365289999998],[-79.9938541,40.443725099999995]]}},{"type":"Feature","id":null,"properties":{"network_id":"net_743","highway":"primary"},"geometry":{"type":"LineString","coordinates":[[-79.9939418,40.4437929],[-79.9938541,40.443725099999995]]}},{"type":"Feature","id":null,"properties":{"network_id":"net_744","highway":"primary"},"geometry":{"type":"LineString","coordinates":[[-79.9952537,40.4436474],[-79.9951535,40.443673999999994],[-79.9944249,40.443875700000014]]}},{"type":"Feature","id":null,"properties":{"network_id":"net_745","highway":"primary"},"geometry":{"type":"LineString","coordinates":[[-79.9938541,40.443725099999995],[-79.9937721,40.44381989999998]]}},{"type":"Feature","id":null,"properties":{"network_id":"net_746","highway":"primary"},"geometry":{"type":"LineString","coordinates":[[-79.991612,40.442403999999996],[-79.9910724,40.4431573],[-79.9905655,40.443843199999996],[-79.9900934,40.4444638],[-79.9899137,40.44468419999999],[-79.9897608,40.4448312],[-79.989557,40.44499650000001],[-79.989316,40.44516789999999]]}},{"type":"Feature","id":null,"properties":{"network_id":"net_747","highway":"primary"},"geometry":{"type":"LineString","coordinates":[[-79.9944249,40.443875700000014],[-79.9942419,40.44387799999999],[-79.9941368,40.44386580000001],[-79.9940678,40.443852400000004],[-79.9940318,40.44384139999999],[-79.9939915,40.443829099999995],[-79.9939418,40.4437929]]}},{"type":"Feature","id":null,"properties":{"network_id":"net_748","highway":"primary"},"geometry":{"type":"LineString","coordinates":[[-79.9938634,40.4438805],[-79.9939418,40.4437929]]}},{"type":"Feature","id":null,"properties":{"network_id":"net_749","highway":"primary"},"geometry":{"type":"LineString","coordinates":[[-79.9937721,40.44381989999998],[-79.9938634,40.4438805]]}},{"type":"Feature","id":null,"properties":{"network_id":"net_750","highway":"primary"},"geometry":{"type":"LineString","coordinates":[[-79.9938634,40.4438805],[-79.9939299,40.4439173],[-79.9940249,40.4439452],[-79.9940871,40.4439567],[-79.9941502,40.443960499999996],[-79.9942032,40.4439599],[-79.9942671,40.44394840000001],[-79.9944249,40.443875700000014]]}},{"type":"Feature","id":null,"properties":{"network_id":"net_751","highway":"primary"},"geometry":{"type":"LineString","coordinates":[[-79.9937721,40.44381989999998],[-79.9937075,40.44388210000002],[-79.9934575,40.4440692],[-79.9933951,40.4441102]]}},{"type":"Feature","id":null,"properties":{"network_id":"net_752","highway":"primary"},"geometry":{"type":"LineString","coordinates":[[-79.99352240000002,40.444168999999995],[-79.9937421,40.44400230000001],[-79.9938063,40.4439447],[-79.9938634,40.4438805]]}},{"type":"Feature","id":null,"properties":{"network_id":"net_753","highway":"primary"},"geometry":{"type":"LineString","coordinates":[[-79.99352240000002,40.444168999999995],[-79.9933951,40.4441102]]}},{"type":"Feature","id":null,"properties":{"network_id":"net_754","highway":"primary"},"geometry":{"type":"LineString","coordinates":[[-79.9933951,40.4441102],[-79.9934625,40.44421439999999]]}},{"type":"Feature","id":null,"properties":{"network_id":"net_755","highway":"primary"},"geometry":{"type":"LineString","coordinates":[[-79.9934625,40.44421439999999],[-79.99352240000002,40.444168999999995]]}},{"type":"Feature","id":null,"properties":{"network_id":"net_756","highway":"primary"},"geometry":{"type":"LineString","coordinates":[[-79.9999092,40.44241899999997],[-79.9998434,40.44243900000001],[-79.9995594,40.442511399999994],[-79.999382,40.4425616],[-79.9991872,40.44261180000001]]}},{"type":"Feature","id":null,"properties":{"network_id":"net_757","highway":"primary"},"geometry":{"type":"LineString","coordinates":[[-79.9991872,40.44261180000001],[-79.9989993,40.44266609999999],[-79.9989361,40.4426793]]}},{"type":"Feature","id":null,"properties":{"network_id":"net_758","highway":"primary"},"geometry":{"type":"LineString","coordinates":[[-79.9989361,40.4426793],[-79.9988363,40.44270689999998],[-79.9987359,40.44273460000001],[-79.9982288,40.44286310000001],[-79.9980861,40.44290109999999],[-79.9979917,40.44292630000002]]}},{"type":"Feature","id":null,"properties":{"network_id":"net_759","highway":"primary"},"geometry":{"type":"LineString","coordinates":[[-79.9979917,40.44292630000002],[-79.9974624,40.4430613],[-79.9973432,40.4430927]]}},{"type":"Feature","id":null,"properties":{"network_id":"net_760","highway":"primary"},"geometry":{"type":"LineString","coordinates":[[-79.9973432,40.4430927],[-79.9971967,40.4431299],[-79.9970486,40.443171],[-79.9968184,40.4432313],[-79.996751,40.443247400000004],[-79.9966053,40.443285]]}},{"type":"Feature","id":null,"properties":{"network_id":"net_761","highway":"primary"},"geometry":{"type":"LineString","coordinates":[[-79.9966053,40.443285],[-79.996475,40.4433191],[-79.9963789,40.44334569999999]]}},{"type":"Feature","id":null,"properties":{"network_id":"net_762","highway":"primary"},"geometry":{"type":"LineString","coordinates":[[-79.9963789,40.44334569999999],[-79.9956944,40.4435294],[-79.9954257,40.44360150000001],[-79.9953527,40.4436202],[-79.9952537,40.4436474]]}},{"type":"Feature","id":null,"properties":{"network_id":"net_763","highway":"primary"},"geometry":{"type":"LineString","coordinates":[[-80.0005852,40.444648],[-80.0003855,40.44471050000001]]}},{"type":"Feature","id":null,"properties":{"network_id":"net_764","highway":"primary"},"geometry":{"type":"LineString","coordinates":[[-80.0003855,40.44471050000001],[-80.0001923,40.44477000000001],[-79.9999503,40.44484459999998],[-79.9998783,40.444866999999995]]}},{"type":"Feature","id":null,"properties":{"network_id":"net_765","highway":"primary"},"geometry":{"type":"LineString","coordinates":[[-79.9990528,40.445242300000004],[-79.99915960000001,40.44520840000002],[-79.9998805,40.44498409999999],[-80.0007121,40.44473579999999],[-80.0007828,40.44471469999999],[-80.0008919,40.44468210000001]]}},{"type":"Feature","id":null,"properties":{"network_id":"net_766","highway":"primary"},"geometry":{"type":"LineString","coordinates":[[-80.0062417,40.44343389999999],[-80.0058456,40.4435256],[-80.0052241,40.4436753],[-80.00463290000002,40.44381719999999],[-80.0044784,40.4438986]]}},{"type":"Feature","id":null,"properties":{"network_id":"net_767","highway":"primary"},"geometry":{"type":"LineString","coordinates":[[-80.00465540000002,40.44347839999999],[-80.0045481,40.4435056],[-80.0040909,40.44362159999999],[-80.00387940000002,40.4436753],[-80.0036769,40.4437267],[-80.0035638,40.44375800000001],[-80.0032573,40.4438429],[-80.0029206,40.44393350000001],[-80.0028279,40.4439584],[-80.0027249,40.443984100000016]]}},{"type":"Feature","id":null,"properties":{"network_id":"net_768","highway":"primary"},"geometry":{"type":"LineString","coordinates":[[-80.0038565,40.44384979999999],[-80.0045611,40.44369450000001],[-80.00461600000001,40.4436819],[-80.0047319,40.44365530000001]]}},{"type":"Feature","id":null,"properties":{"network_id":"net_769","highway":"primary"},"geometry":{"type":"LineString","coordinates":[[-80.0044784,40.4438986],[-80.0046497,40.443896399999986],[-80.0049025,40.44383870000001],[-80.0051359,40.4437875]]}},{"type":"Feature","id":null,"properties":{"network_id":"net_770","highway":"primary"},"geometry":{"type":"LineString","coordinates":[[-80.0027716,40.444103300000016],[-80.0029038,40.44408189999999],[-80.0032173,40.4440026],[-80.0038565,40.44384979999999]]}},{"type":"Feature","id":null,"properties":{"network_id":"net_771","highway":"primary"},"geometry":{"type":"LineString","coordinates":[[-80.0027249,40.443984100000016],[-80.002641,40.44400529999999],[-80.00179,40.4442596],[-80.0015009,40.44435419999999]]}},{"type":"Feature","id":null,"properties":{"network_id":"net_772","highway":"primary"},"geometry":{"type":"LineString","coordinates":[[-80.0008919,40.44468210000001],[-80.0009985,40.444649000000005],[-80.0017574,40.4444032],[-80.002259,40.444235399999975],[-80.0025888,40.444145299999995],[-80.002658,40.44412640000001],[-80.0027716,40.444103300000016]]}},{"type":"Feature","id":null,"properties":{"network_id":"net_773","highway":"primary"},"geometry":{"type":"LineString","coordinates":[[-80.0015009,40.44435419999999],[-80.0010197,40.444511600000006],[-80.0009508,40.44453419999998],[-80.0008472,40.4445659]]}},{"type":"Feature","id":null,"properties":{"network_id":"net_774","highway":"primary"},"geometry":{"type":"LineString","coordinates":[[-80.0008472,40.4445659],[-80.000758,40.4445946],[-80.0005852,40.444648]]}},{"type":"Feature","id":null,"properties":{"network_id":"net_775","highway":"primary"},"geometry":{"type":"LineString","coordinates":[[-80.0044784,40.4438986],[-80.0031315,40.44424459999999],[-80.002482,40.4444216],[-80.0006311,40.44499269999999],[-79.9989815,40.445527899999995]]}},{"type":"Feature","id":null,"properties":{"network_id":"net_776","highway":"primary"},"geometry":{"type":"LineString","coordinates":[[-79.9937383,40.4445216],[-79.9936163,40.4442547],[-79.9935804,40.44420839999999],[-79.99352240000002,40.444168999999995]]}},{"type":"Feature","id":null,"properties":{"network_id":"net_777","highway":"primary"},"geometry":{"type":"LineString","coordinates":[[-79.9933951,40.4441102],[-79.9932776,40.4442145],[-79.99287420000002,40.4445181],[-79.9927816,40.44462759999998]]}},{"type":"Feature","id":null,"properties":{"network_id":"net_778","highway":"primary"},"geometry":{"type":"LineString","coordinates":[[-79.9927816,40.44462759999998],[-79.9929245,40.444564],[-79.9930538,40.4444838],[-79.9933241,40.44430729999998],[-79.9933628,40.444281399999994],[-79.9934625,40.44421439999999]]}},{"type":"Feature","id":null,"properties":{"network_id":"net_779","highway":"primary"},"geometry":{"type":"LineString","coordinates":[[-79.9898894,40.444904199999996],[-79.9903217,40.44462800000001],[-79.9908027,40.444315999999986],[-79.9909472,40.444220300000005],[-79.9911034,40.44410460000001]]}},{"type":"Feature","id":null,"properties":{"network_id":"net_780","highway":"primary"},"geometry":{"type":"LineString","coordinates":[[-79.9934625,40.44421439999999],[-79.9934918,40.4442693],[-79.9935628,40.444403799999996],[-79.993655,40.4446163],[-79.9937489,40.44483290000002]]}},{"type":"Feature","id":null,"properties":{"network_id":"net_781","highway":"primary"},"geometry":{"type":"LineString","coordinates":[[-79.9927816,40.44462759999998],[-79.9927151,40.444671099999994],[-79.9926127,40.44473309999999]]}},{"type":"Feature","id":null,"properties":{"network_id":"net_782","highway":"primary"},"geometry":{"type":"LineString","coordinates":[[-79.9938495,40.444931700000005],[-79.9938778,40.44483749999999],[-79.9937678,40.44458840000001],[-79.9937383,40.4445216]]}},{"type":"Feature","id":null,"properties":{"network_id":"net_783","highway":"primary"},"geometry":{"type":"LineString","coordinates":[[-79.9926127,40.44473309999999],[-79.9925521,40.44477139999998]]}},{"type":"Feature","id":null,"properties":{"network_id":"net_784","highway":"primary"},"geometry":{"type":"LineString","coordinates":[[-79.9937489,40.44483290000002],[-79.9937674,40.44487],[-79.9938495,40.444931700000005]]}},{"type":"Feature","id":null,"properties":{"network_id":"net_785","highway":"primary"},"geometry":{"type":"LineString","coordinates":[[-79.9925521,40.44477139999998],[-79.9921113,40.4450509]]}},{"type":"Feature","id":null,"properties":{"network_id":"net_786","highway":"primary"},"geometry":{"type":"LineString","coordinates":[[-79.9939887,40.44528609999999],[-79.9938785,40.44500870000001],[-79.9938495,40.444931700000005]]}},{"type":"Feature","id":null,"properties":{"network_id":"net_787","highway":"primary"},"geometry":{"type":"LineString","coordinates":[[-79.9892301,40.44533390000002],[-79.9898894,40.444904199999996]]}},{"type":"Feature","id":null,"properties":{"network_id":"net_788","highway":"primary"},"geometry":{"type":"LineString","coordinates":[[-79.9921113,40.4450509],[-79.99183780000001,40.4452248]]}},{"type":"Feature","id":null,"properties":{"network_id":"net_789","highway":"primary"},"geometry":{"type":"LineString","coordinates":[[-79.9942747,40.44600869999999],[-79.9941502,40.44569860000001],[-79.9941177,40.445614600000006],[-79.9940841,40.44552620000001],[-79.9939887,40.44528609999999]]}},{"type":"Feature","id":null,"properties":{"network_id":"net_790","highway":"primary"},"geometry":{"type":"LineString","coordinates":[[-79.99183780000001,40.4452248],[-79.99103010000002,40.4457213],[-79.9908198,40.445850500000006],[-79.9899162,40.44641240000001],[-79.98932100000002,40.446777899999994],[-79.9892492,40.4468217]]}},{"type":"Feature","id":null,"properties":{"network_id":"net_791","highway":"primary"},"geometry":{"type":"LineString","coordinates":[[-79.9947608,40.446674999999985],[-79.994664,40.446585500000005],[-79.9945735,40.446494699999995],[-79.9945131,40.446416999999975],[-79.9944643,40.4463457],[-79.9944159,40.44624429999999],[-79.9943714,40.446125399999985],[-79.9942747,40.44600869999999]]}},{"type":"Feature","id":null,"properties":{"network_id":"net_792","highway":"primary"},"geometry":{"type":"LineString","coordinates":[[-79.9942747,40.44600869999999],[-79.9942732,40.44614619999998],[-79.9943236,40.446270299999995],[-79.9943696,40.4463788],[-79.9944264,40.4464542],[-79.9944965,40.44653760000001],[-79.9945954,40.44663930000001],[-79.9946955,40.44672409999999]]}},{"type":"Feature","id":null,"properties":{"network_id":"net_793","highway":"primary"},"geometry":{"type":"LineString","coordinates":[[-79.9954411,40.44684740000001],[-79.9953782,40.44682430000001],[-79.9953444,40.44682819999999],[-79.9953154,40.446831],[-79.9952819,40.4468336],[-79.9952753,40.4468336],[-79.9952581,40.4468341],[-79.9952385,40.44683449999999],[-79.99517200000001,40.446836000000005],[-79.9951095,40.446830000000006],[-79.9950519,40.44681940000002],[-79.9949904,40.44680279999999],[-79.9949407,40.44678460000001],[-79.9948593,40.4467446],[-79.9947608,40.446674999999985]]}},{"type":"Feature","id":null,"properties":{"network_id":"net_794","highway":"primary"},"geometry":{"type":"LineString","coordinates":[[-79.9946955,40.44672409999999],[-79.9947951,40.44680140000001],[-79.9949024,40.44685140000001],[-79.9949653,40.4468705],[-79.9950451,40.446890999999994],[-79.9950987,40.446900400000004],[-79.9951678,40.446908200000024],[-79.9952436,40.4469076],[-79.9952848,40.446904100000005],[-79.9953111,40.44689969999999],[-79.9953419,40.446893599999996],[-79.9953718,40.44688420000001],[-79.9954044,40.44687420000002],[-79.9954411,40.44684740000001]]}},{"type":"Feature","id":null,"properties":{"network_id":"net_795","highway":"primary"},"geometry":{"type":"LineString","coordinates":[[-79.9892492,40.4468217],[-79.9885164,40.44724220000001],[-79.9881128,40.44746920000002],[-79.9878256,40.44764830000002],[-79.9876892,40.447731899999994]]}},{"type":"Feature","id":null,"properties":{"network_id":"net_796","highway":"primary"},"geometry":{"type":"LineString","coordinates":[[-79.9998783,40.444866999999995],[-79.9997747,40.4448991],[-79.9991699,40.4450865],[-79.9991015,40.44510840000001],[-79.9990032,40.44513820000001]]}},{"type":"Feature","id":null,"properties":{"network_id":"net_797","highway":"primary"},"geometry":{"type":"LineString","coordinates":[[-79.9986069,40.445426800000014],[-79.9986589,40.4453942],[-79.9988384,40.445316899999995],[-79.9988834,40.44530109999998],[-79.9989383,40.445281800000004],[-79.9990528,40.445242300000004]]}},{"type":"Feature","id":null,"properties":{"network_id":"net_798","highway":"primary"},"geometry":{"type":"LineString","coordinates":[[-79.9990032,40.44513820000001],[-79.998913,40.44517019999999],[-79.9987184,40.44524270000001],[-79.9986464,40.445274399999995],[-79.9985389,40.445336],[-79.9984871,40.4453711],[-79.9984044,40.4454434],[-79.9983397,40.4455152],[-79.9982872,40.445587399999994],[-79.9982477,40.4456549],[-79.99824860000001,40.4456888],[-79.998268,40.445794]]}},{"type":"Feature","id":null,"properties":{"network_id":"net_799","highway":"primary"},"geometry":{"type":"LineString","coordinates":[[-79.998268,40.445794],[-79.9983487,40.445663500000016],[-79.9984149,40.445586799999994],[-79.9984843,40.445523800000004],[-79.9985369,40.44548079999999],[-79.9986069,40.445426800000014]]}},{"type":"Feature","id":null,"properties":{"network_id":"net_800","highway":"primary"},"geometry":{"type":"LineString","coordinates":[[-79.9989815,40.445527899999995],[-79.9984272,40.4457393],[-79.998268,40.445794]]}},{"type":"Feature","id":null,"properties":{"network_id":"net_801","highway":"primary"},"geometry":{"type":"LineString","coordinates":[[-79.998268,40.445794],[-79.9981913,40.4458204]]}},{"type":"Feature","id":null,"properties":{"network_id":"net_802","highway":"primary"},"geometry":{"type":"LineString","coordinates":[[-79.9981913,40.4458204],[-79.9966708,40.44637500000002],[-79.9966108,40.44639799999999]]}},{"type":"Feature","id":null,"properties":{"network_id":"net_803","highway":"primary"},"geometry":{"type":"LineString","coordinates":[[-79.9966108,40.44639799999999],[-79.9964136,40.4464734]]}},{"type":"Feature","id":null,"properties":{"network_id":"net_804","highway":"primary"},"geometry":{"type":"LineString","coordinates":[[-79.9964136,40.4464734],[-79.9963536,40.44649639999999],[-79.996262,40.446528300000004],[-79.9954411,40.44684740000001]]}},{"type":"Feature","id":null,"properties":{"network_id":"net_805","highway":"primary"},"geometry":{"type":"LineString","coordinates":[[-79.9978399,40.4539394],[-79.9977393,40.453594700000004]]}},{"type":"Feature","id":null,"properties":{"network_id":"net_806","highway":"primary"},"geometry":{"type":"LineString","coordinates":[[-79.9876892,40.447731899999994],[-79.98710920000002,40.44809240000001],[-79.9869836,40.448173600000004],[-79.9868925,40.448230499999994]]}},{"type":"Feature","id":null,"properties":{"network_id":"net_807","highway":"primary"},"geometry":{"type":"LineString","coordinates":[[-79.9868925,40.448230499999994],[-79.9867593,40.4483097],[-79.9860655,40.4487394],[-79.9854732,40.449112500000005],[-79.9853981,40.4491578],[-79.9853474,40.44919070000002],[-79.9846022,40.44965589999998],[-79.9845588,40.44968519999999],[-79.9844168,40.44978099999999],[-79.9843343,40.44983780000002],[-79.9840617,40.45002840000001],[-79.9832913,40.450558500000014],[-79.9825682,40.451055499999995],[-79.9825249,40.4510855],[-79.9825202,40.451088600000006],[-79.98245530000001,40.451132000000015]]}},{"type":"Feature","id":null,"properties":{"network_id":"net_808","highway":"primary"},"geometry":{"type":"LineString","coordinates":[[-79.98245530000001,40.451132000000015],[-79.982389,40.451178099999986],[-79.9823547,40.45120219999999],[-79.9820801,40.45139230000001],[-79.9819995,40.45144789999998]]}},{"type":"Feature","id":null,"properties":{"network_id":"net_809","highway":"primary"},"geometry":{"type":"LineString","coordinates":[[-79.9950262,40.4545105],[-79.9949896,40.45452240000001],[-79.99491200000001,40.4545559],[-79.9948289,40.454596900000006],[-79.9946851,40.4546804],[-79.9946761,40.4546856],[-79.9946428,40.45470649999999],[-79.9944593,40.4548279]]}},{"type":"Feature","id":null,"properties":{"network_id":"net_810","highway":"primary"},"geometry":{"type":"LineString","coordinates":[[-79.99452500000001,40.45495280000001],[-79.9947483,40.45482249999999],[-79.9948004,40.45479389999998],[-79.9949284,40.45471339999999],[-79.9950283,40.4546608],[-79.9951469,40.4546063],[-79.9952553,40.4545647],[-79.9953603,40.454529],[-79.9955356,40.4544837]]}},{"type":"Feature","id":null,"properties":{"network_id":"net_811","highway":"primary"},"geometry":{"type":"LineString","coordinates":[[-79.9978399,40.4539394],[-79.9976945,40.4539567]]}},{"type":"Feature","id":null,"properties":{"network_id":"net_812","highway":"primary"},"geometry":{"type":"LineString","coordinates":[[-79.9976945,40.4539567],[-79.9969965,40.454061200000005],[-79.9968721,40.4540787]]}},{"type":"Feature","id":null,"properties":{"network_id":"net_813","highway":"primary"},"geometry":{"type":"LineString","coordinates":[[-79.997724,40.4540509],[-79.9978705,40.45403230000001]]}},{"type":"Feature","id":null,"properties":{"network_id":"net_814","highway":"primary"},"geometry":{"type":"LineString","coordinates":[[-79.9968721,40.4540787],[-79.9968141,40.454086499999995]]}},{"type":"Feature","id":null,"properties":{"network_id":"net_815","highway":"primary"},"geometry":{"type":"LineString","coordinates":[[-79.9969056,40.45417000000001],[-79.9976117,40.454067200000004],[-79.9976565,40.454060699999985],[-79.997724,40.4540509]]}},{"type":"Feature","id":null,"properties":{"network_id":"net_816","highway":"primary"},"geometry":{"type":"LineString","coordinates":[[-79.9968141,40.454086499999995],[-79.9968492,40.45417949999999]]}},{"type":"Feature","id":null,"properties":{"network_id":"net_817","highway":"primary"},"geometry":{"type":"LineString","coordinates":[[-79.9968492,40.45417949999999],[-79.9969056,40.45417000000001]]}},{"type":"Feature","id":null,"properties":{"network_id":"net_818","highway":"primary"},"geometry":{"type":"LineString","coordinates":[[-79.9968141,40.454086499999995],[-79.9966813,40.4541065],[-79.9964159,40.4541542],[-79.9962572,40.45419290000002],[-79.9957321,40.45432710000001],[-79.9954647,40.454394900000004]]}},{"type":"Feature","id":null,"properties":{"network_id":"net_819","highway":"primary"},"geometry":{"type":"LineString","coordinates":[[-79.9958433,40.45440300000001],[-79.9963213,40.45428480000001],[-79.9965201,40.4542393],[-79.9966627,40.45421080000001],[-79.9966852,40.454207000000004],[-79.9968492,40.45417949999999]]}},{"type":"Feature","id":null,"properties":{"network_id":"net_820","highway":"primary"},"geometry":{"type":"LineString","coordinates":[[-79.9955356,40.4544837],[-79.9958433,40.45440300000001]]}},{"type":"Feature","id":null,"properties":{"network_id":"net_821","highway":"primary"},"geometry":{"type":"LineString","coordinates":[[-79.9954647,40.454394900000004],[-79.9952247,40.45445379999999],[-79.9950954,40.45448810000002],[-79.9950262,40.4545105]]}},{"type":"Feature","id":null,"properties":{"network_id":"net_822","highway":"primary"},"geometry":{"type":"LineString","coordinates":[[-79.9988255,40.45692609999999],[-79.9988086,40.456875700000005],[-79.9986869,40.45651189999998],[-79.9986847,40.456505399999976],[-79.9986773,40.456484299999985],[-79.998668,40.4564567],[-79.9986535,40.456412599999986],[-79.9986379,40.45636530000001],[-79.9984933,40.45592590000001],[-79.9983893,40.4556096],[-79.998254,40.45519819999999],[-79.9981725,40.45495069999999],[-79.9981266,40.4548111],[-79.9979926,40.4544035],[-79.9978997,40.45411790000001],[-79.99789,40.45409159999999],[-79.9978705,40.45403230000001],[-79.9978399,40.4539394]]}},{"type":"Feature","id":null,"properties":{"network_id":"net_823","highway":"primary"},"geometry":{"type":"LineString","coordinates":[[-79.9968492,40.45417949999999],[-79.9968687,40.454238800000006],[-79.9969744,40.45456029999999],[-79.99700930000002,40.45466660000001],[-79.9970605,40.4548222],[-79.997232,40.45534399999999],[-79.997371,40.4557668],[-79.9975018,40.456165000000006],[-79.9976114,40.45649830000001],[-79.9976226,40.4565323],[-79.997637,40.45657620000001],[-79.9976564,40.45663510000001],[-79.997756,40.4569382],[-79.9978284,40.457158500000006],[-79.9978446,40.4572078],[-79.9978614,40.457259]]}},{"type":"Feature","id":null,"properties":{"network_id":"net_824","highway":"primary"},"geometry":{"type":"LineString","coordinates":[[-79.9989049,40.457176999999994],[-79.998848,40.45699719999998],[-79.9988255,40.45692609999999]]}},{"type":"Feature","id":null,"properties":{"network_id":"net_825","highway":"primary"},"geometry":{"type":"LineString","coordinates":[[-79.9992623,40.4582634],[-79.999008,40.45749030000001],[-79.9989049,40.457176999999994]]}},{"type":"Feature","id":null,"properties":{"network_id":"net_826","highway":"primary"},"geometry":{"type":"LineString","coordinates":[[-80.0068547,40.44124510000001],[-80.0068819,40.441200600000016]]}},{"type":"Feature","id":null,"properties":{"network_id":"net_827","highway":"primary"},"geometry":{"type":"LineString","coordinates":[[-80.0055405,40.4411932],[-80.0051628,40.441305800000016],[-80.0049985,40.441349300000006]]}},{"type":"Feature","id":null,"properties":{"network_id":"net_828","highway":"primary"},"geometry":{"type":"LineString","coordinates":[[-80.00211,40.4413833],[-80.0020522,40.4413617],[-80.0016737,40.44121939999999]]}},{"type":"Feature","id":null,"properties":{"network_id":"net_829","highway":"primary"},"geometry":{"type":"LineString","coordinates":[[-80.0056517,40.44142060000001],[-80.00588910000002,40.44134890000001],[-80.0060513,40.441301700000004],[-80.0064108,40.44119469999999]]}},{"type":"Feature","id":null,"properties":{"network_id":"net_830","highway":"primary"},"geometry":{"type":"LineString","coordinates":[[-80.0049985,40.441349300000006],[-80.0048748,40.44136269999999],[-80.0046914,40.441377200000005],[-80.0042242,40.441356699999986]]}},{"type":"Feature","id":null,"properties":{"network_id":"net_831","highway":"primary"},"geometry":{"type":"LineString","coordinates":[[-80.0042242,40.441356699999986],[-80.0041685,40.44136490000001],[-80.0040507,40.4413713],[-80.0039035,40.44141629999999]]}},{"type":"Feature","id":null,"properties":{"network_id":"net_832","highway":"primary"},"geometry":{"type":"LineString","coordinates":[[-80.00211,40.4413833],[-80.002165,40.4414037],[-80.0025048,40.44152979999999]]}},{"type":"Feature","id":null,"properties":{"network_id":"net_833","highway":"primary"},"geometry":{"type":"LineString","coordinates":[[-80.0052091,40.4415539],[-80.0056517,40.44142060000001]]}},{"type":"Feature","id":null,"properties":{"network_id":"net_834","highway":"primary"},"geometry":{"type":"LineString","coordinates":[[-80.0039035,40.44141629999999],[-80.0041408,40.441467100000004],[-80.0046878,40.441537399999994],[-80.0048804,40.44155780000001],[-80.0050246,40.4415611],[-80.0052091,40.4415539]]}},{"type":"Feature","id":null,"properties":{"network_id":"net_835","highway":"primary"},"geometry":{"type":"LineString","coordinates":[[-80.0039035,40.44141629999999],[-80.00368850000001,40.441454700000016],[-80.0036115,40.44146880000002],[-80.0031977,40.44157369999998],[-80.002877,40.44165299999999],[-80.002783,40.441676699999995],[-80.0027106,40.441695500000016]]}},{"type":"Feature","id":null,"properties":{"network_id":"net_836","highway":"primary"},"geometry":{"type":"LineString","coordinates":[[-80.0655492,40.430342599999996],[-80.0659548,40.43043089999998],[-80.06616141108886,40.43048262942462]]}},{"type":"Feature","id":null,"properties":{"network_id":"net_837","highway":"primary"},"geometry":{"type":"LineString","coordinates":[[-80.06669347875811,40.430637874182985],[-80.0667263,40.430648800000014],[-80.0681471,40.431225200000014]]}},{"type":"Feature","id":null,"properties":{"network_id":"net_838","highway":"primary"},"geometry":{"type":"LineString","coordinates":[[-80.0681471,40.431225200000014],[-80.06814562230018,40.43122759220086]]}},{"type":"Feature","id":null,"properties":{"network_id":"net_839","highway":"primary"},"geometry":{"type":"LineString","coordinates":[[-80.0305127,40.445985000000015],[-80.0302965,40.4457454]]}},{"type":"Feature","id":null,"properties":{"network_id":"net_840","highway":"primary"},"geometry":{"type":"LineString","coordinates":[[-80.0305127,40.445985000000015],[-80.0305925,40.4460632],[-80.0306857,40.4461433],[-80.0307843,40.44621839999999],[-80.0308943,40.44629290000001],[-80.0316891,40.44680710000001],[-80.0336771,40.448354900000005]]}},{"type":"Feature","id":null,"properties":{"network_id":"net_841","highway":"primary"},"geometry":{"type":"LineString","coordinates":[[-80.06861885375676,40.44784574514759],[-80.0687413,40.44794850000001],[-80.0689258,40.4481032]]}},{"type":"Feature","id":null,"properties":{"network_id":"net_842","highway":"primary"},"geometry":{"type":"LineString","coordinates":[[-80.0689258,40.4481032],[-80.0691422,40.44828470000001],[-80.0695203,40.448603199999994],[-80.0697034,40.4487619]]}},{"type":"Feature","id":null,"properties":{"network_id":"net_843","highway":"primary"},"geometry":{"type":"LineString","coordinates":[[-80.0336771,40.448354900000005],[-80.0362827,40.45038349999998]]}},{"type":"Feature","id":null,"properties":{"network_id":"net_844","highway":"primary"},"geometry":{"type":"LineString","coordinates":[[-80.0362827,40.45038349999998],[-80.0368672,40.45083860000001]]}},{"type":"Feature","id":null,"properties":{"network_id":"net_845","highway":"primary"},"geometry":{"type":"LineString","coordinates":[[-80.0697034,40.4487619],[-80.06986320000001,40.448860999999994],[-80.0701441,40.44897759999999],[-80.0709977,40.4491831],[-80.0714576,40.44929540000001],[-80.0718706,40.44933640000001],[-80.0722869,40.449373299999976],[-80.0725445,40.44942100000001],[-80.072754,40.449513400000015],[-80.0728818,40.44960020000001],[-80.0730444,40.449760699999985],[-80.0733354,40.45013419999998],[-80.0735471,40.4503543],[-80.0738124,40.45058340000001],[-80.075057,40.45153510000001],[-80.0751102,40.45157069999999],[-80.0757322,40.45198760000001],[-80.0764285,40.45242420000001],[-80.076716,40.452611000000005],[-80.0769706,40.452826300000005],[-80.0776549,40.45343400000001]]}},{"type":"Feature","id":null,"properties":{"network_id":"net_846","highway":"primary"},"geometry":{"type":"LineString","coordinates":[[-80.037569,40.4513821],[-80.0370584,40.45098669999999],[-80.0368672,40.45083860000001]]}},{"type":"Feature","id":null,"properties":{"network_id":"net_847","highway":"primary"},"geometry":{"type":"LineString","coordinates":[[-80.0253796,40.4430607],[-80.0256968,40.443176899999976],[-80.0258645,40.44324039999999],[-80.0272637,40.4437185]]}},{"type":"Feature","id":null,"properties":{"network_id":"net_848","highway":"primary"},"geometry":{"type":"LineString","coordinates":[[-80.0272637,40.4437185],[-80.0275324,40.4438207],[-80.02757,40.44383499999999],[-80.0277378,40.443898800000014]]}},{"type":"Feature","id":null,"properties":{"network_id":"net_849","highway":"primary"},"geometry":{"type":"LineString","coordinates":[[-80.0277378,40.443898800000014],[-80.0278104,40.443931500000005],[-80.0278731,40.4439683],[-80.0281922,40.444183499999994]]}},{"type":"Feature","id":null,"properties":{"network_id":"net_850","highway":"primary"},"geometry":{"type":"LineString","coordinates":[[-80.0281922,40.444183499999994],[-80.0284876,40.4443828]]}},{"type":"Feature","id":null,"properties":{"network_id":"net_851","highway":"primary"},"geometry":{"type":"LineString","coordinates":[[-80.0284876,40.4443828],[-80.028597,40.4445007],[-80.0286731,40.444562600000005],[-80.02870720000001,40.44458459999999],[-80.028994,40.44474779999999]]}},{"type":"Feature","id":null,"properties":{"network_id":"net_852","highway":"primary"},"geometry":{"type":"LineString","coordinates":[[-80.028994,40.44474779999999],[-80.0297419,40.44523800000001],[-80.0298569,40.44532019999999],[-80.0299703,40.4454075],[-80.03006310000002,40.445494200000006],[-80.0301547,40.445588100000016],[-80.0302965,40.4457454]]}},{"type":"Feature","id":null,"properties":{"network_id":"net_853","highway":"primary"},"geometry":{"type":"LineString","coordinates":[[-80.0294206,40.4630834],[-80.029547,40.46298939999999],[-80.0299084,40.4627209],[-80.0302947,40.46243380000001],[-80.0304057,40.46235130000001]]}},{"type":"Feature","id":null,"properties":{"network_id":"net_854","highway":"primary"},"geometry":{"type":"LineString","coordinates":[[-80.0283333,40.463875899999984],[-80.0288659,40.463483000000004],[-80.0294206,40.4630834]]}},{"type":"Feature","id":null,"properties":{"network_id":"net_855","highway":"primary"},"geometry":{"type":"LineString","coordinates":[[-80.0283333,40.463875899999984],[-80.0281866,40.46402430000002]]}},{"type":"Feature","id":null,"properties":{"network_id":"net_856","highway":"primary"},"geometry":{"type":"LineString","coordinates":[[-80.0281866,40.46402430000002],[-80.0276196,40.464537800000016],[-80.0269975,40.46510119999999],[-80.0260545,40.46595509999999],[-80.0257055,40.466271099999986],[-80.02523600000002,40.466697899999986],[-80.0252062,40.466723300000005]]}},{"type":"Feature","id":null,"properties":{"network_id":"net_857","highway":"primary"},"geometry":{"type":"LineString","coordinates":[[-80.0393724,40.452891900000004],[-80.0380796,40.45177749999999],[-80.037569,40.4513821]]}},{"type":"Feature","id":null,"properties":{"network_id":"net_858","highway":"primary"},"geometry":{"type":"LineString","coordinates":[[-80.0776549,40.45343400000001],[-80.0779907,40.453721800000004],[-80.0782971,40.45398939999999],[-80.0786559,40.45430700000001],[-80.0788617,40.45448390000001],[-80.0789932,40.45461280000002],[-80.0790907,40.45470819999999],[-80.0791984,40.45481699999999],[-80.0793878,40.4550035],[-80.0795159,40.4551356],[-80.0796766,40.4553016],[-80.0798339,40.455463299999984],[-80.0798836,40.45551429999999],[-80.0800006,40.45563580000002],[-80.0800563,40.45570150000001],[-80.0801053,40.4557698],[-80.0801407,40.45583579999999],[-80.0801788,40.45592829999998],[-80.0802002,40.4560109],[-80.0802129,40.456084600000004],[-80.0802155,40.45612250000001],[-80.0802196,40.4561842],[-80.0802104,40.45624740000001],[-80.0801874,40.45634029999999],[-80.0796002,40.45761939999999],[-80.0795449,40.457717499999994],[-80.0794804,40.457808700000015],[-80.07941130000002,40.457891000000004],[-80.0789991,40.458293999999995],[-80.0784971,40.458737299999996],[-80.0783543,40.458849499999985],[-80.0781632,40.45899309999999],[-80.0777254,40.4593076],[-80.0776704,40.45934709999999]]}},{"type":"Feature","id":null,"properties":{"network_id":"net_859","highway":"primary"},"geometry":{"type":"LineString","coordinates":[[-80.0477035,40.459910599999986],[-80.047476,40.45976799999999],[-80.0470633,40.459455600000005],[-80.0465236,40.45904710000001],[-80.0464812,40.459015],[-80.0461123,40.45873580000001],[-80.0456456,40.4583825],[-80.0453177,40.4581124],[-80.0446511,40.45755359999999],[-80.0417882,40.4553851],[-80.0414772,40.455072400000006],[-80.0411013,40.45469450000001],[-80.0409435,40.45453],[-80.0404187,40.45398279999999],[-80.0393724,40.452891900000004]]}},{"type":"Feature","id":null,"properties":{"network_id":"net_860","highway":"primary"},"geometry":{"type":"LineString","coordinates":[[-80.04817350000002,40.46020510000001],[-80.0479293,40.460052100000006],[-80.0477035,40.459910599999986]]}},{"type":"Feature","id":null,"properties":{"network_id":"net_861","highway":"primary"},"geometry":{"type":"LineString","coordinates":[[-80.0486184,40.46047310000001],[-80.04817350000002,40.46020510000001]]}},{"type":"Feature","id":null,"properties":{"network_id":"net_862","highway":"primary"},"geometry":{"type":"LineString","coordinates":[[-80.0488983,40.4606416],[-80.0486184,40.46047310000001]]}},{"type":"Feature","id":null,"properties":{"network_id":"net_863","highway":"primary"},"geometry":{"type":"LineString","coordinates":[[-80.0776704,40.45934709999999],[-80.0776211,40.4593834],[-80.0771417,40.459735900000005],[-80.077081,40.45978590000001],[-80.0770405,40.45983210000001],[-80.0765719,40.460642699999994],[-80.0759015,40.46182840000001]]}},{"type":"Feature","id":null,"properties":{"network_id":"net_864","highway":"primary"},"geometry":{"type":"LineString","coordinates":[[-80.049347,40.4609014],[-80.0488983,40.4606416]]}},{"type":"Feature","id":null,"properties":{"network_id":"net_865","highway":"primary"},"geometry":{"type":"LineString","coordinates":[[-80.0496213,40.46106460000001],[-80.049347,40.4609014]]}},{"type":"Feature","id":null,"properties":{"network_id":"net_866","highway":"primary"},"geometry":{"type":"LineString","coordinates":[[-80.0500583,40.46132339999998],[-80.0496213,40.46106460000001]]}},{"type":"Feature","id":null,"properties":{"network_id":"net_867","highway":"primary"},"geometry":{"type":"LineString","coordinates":[[-80.0513149,40.4621609],[-80.0506233,40.461686199999995],[-80.0503247,40.4614812],[-80.0500583,40.46132339999998]]}},{"type":"Feature","id":null,"properties":{"network_id":"net_868","highway":"primary"},"geometry":{"type":"LineString","coordinates":[[-80.0759015,40.46182840000001],[-80.0756746,40.46221709999999]]}},{"type":"Feature","id":null,"properties":{"network_id":"net_869","highway":"primary"},"geometry":{"type":"LineString","coordinates":[[-80.0307272,40.462124100000004],[-80.030857,40.4620674]]}},{"type":"Feature","id":null,"properties":{"network_id":"net_870","highway":"primary"},"geometry":{"type":"LineString","coordinates":[[-80.0304057,40.46235130000001],[-80.0306123,40.4621978],[-80.0306357,40.4621804],[-80.0307272,40.462124100000004]]}},{"type":"Feature","id":null,"properties":{"network_id":"net_871","highway":"primary"},"geometry":{"type":"LineString","coordinates":[[-80.0307272,40.462124100000004],[-80.0308253,40.4622068],[-80.0308608,40.46223880000001],[-80.0309515,40.46232890000002],[-80.0309967,40.46245379999999]]}},{"type":"Feature","id":null,"properties":{"network_id":"net_872","highway":"primary"},"geometry":{"type":"LineString","coordinates":[[-80.0516383,40.46248140000001],[-80.0513149,40.4621609]]}},{"type":"Feature","id":null,"properties":{"network_id":"net_873","highway":"primary"},"geometry":{"type":"LineString","coordinates":[[-80.0309967,40.46245379999999],[-80.0311417,40.462625199999984],[-80.031183,40.46267400000001]]}},{"type":"Feature","id":null,"properties":{"network_id":"net_874","highway":"primary"},"geometry":{"type":"LineString","coordinates":[[-80.0518947,40.46273550000001],[-80.0516383,40.46248140000001]]}},{"type":"Feature","id":null,"properties":{"network_id":"net_875","highway":"primary"},"geometry":{"type":"LineString","coordinates":[[-80.031183,40.46267400000001],[-80.0313821,40.4629343]]}},{"type":"Feature","id":null,"properties":{"network_id":"net_876","highway":"primary"},"geometry":{"type":"LineString","coordinates":[[-80.0525152,40.46355690000001],[-80.0519844,40.462854199999995],[-80.0518947,40.46273550000001]]}},{"type":"Feature","id":null,"properties":{"network_id":"net_877","highway":"primary"},"geometry":{"type":"LineString","coordinates":[[-80.0313821,40.4629343],[-80.0318633,40.463527]]}},{"type":"Feature","id":null,"properties":{"network_id":"net_878","highway":"primary"},"geometry":{"type":"LineString","coordinates":[[-80.0756746,40.46221709999999],[-80.0750909,40.463301099999995],[-80.0748823902645,40.46368023855536]]}},{"type":"Feature","id":null,"properties":{"network_id":"net_879","highway":"primary"},"geometry":{"type":"LineString","coordinates":[[-80.05654290000001,40.4635237],[-80.056867,40.4634388]]}},{"type":"Feature","id":null,"properties":{"network_id":"net_880","highway":"primary"},"geometry":{"type":"LineString","coordinates":[[-80.056867,40.4634388],[-80.0569859,40.463567400000024]]}},{"type":"Feature","id":null,"properties":{"network_id":"net_881","highway":"primary"},"geometry":{"type":"LineString","coordinates":[[-80.0569859,40.463567400000024],[-80.05715293023208,40.46374806109953]]}},{"type":"Feature","id":null,"properties":{"network_id":"net_882","highway":"primary"},"geometry":{"type":"LineString","coordinates":[[-80.0318633,40.463527],[-80.0320253,40.4637411],[-80.0324038,40.46422969999999]]}},{"type":"Feature","id":null,"properties":{"network_id":"net_883","highway":"primary"},"geometry":{"type":"LineString","coordinates":[[-80.053775,40.464259899999995],[-80.054965,40.463937099999995],[-80.05595540000002,40.4636776],[-80.0561144,40.463636],[-80.05654290000001,40.4635237]]}},{"type":"Feature","id":null,"properties":{"network_id":"net_884","highway":"primary"},"geometry":{"type":"LineString","coordinates":[[-80.0531906,40.46441840000001],[-80.0529992,40.464177400000004],[-80.0526848,40.4637814],[-80.0525152,40.46355690000001]]}},{"type":"Feature","id":null,"properties":{"network_id":"net_885","highway":"primary"},"geometry":{"type":"LineString","coordinates":[[-80.0536965,40.4642812],[-80.053775,40.464259899999995]]}},{"type":"Feature","id":null,"properties":{"network_id":"net_886","highway":"primary"},"geometry":{"type":"LineString","coordinates":[[-80.0531906,40.46441840000001],[-80.0532618,40.464399099999994],[-80.0536965,40.4642812]]}},{"type":"Feature","id":null,"properties":{"network_id":"net_887","highway":"primary"},"geometry":{"type":"LineString","coordinates":[[-80.0252062,40.466723300000005],[-80.0250792,40.46683650000001],[-80.0250743,40.46684270000001],[-80.0249891,40.46691980000002]]}},{"type":"Feature","id":null,"properties":{"network_id":"net_888","highway":"primary"},"geometry":{"type":"LineString","coordinates":[[-80.0249891,40.46691980000002],[-80.0248947,40.46700529999998],[-80.0247787,40.467110399999996]]}},{"type":"Feature","id":null,"properties":{"network_id":"net_889","highway":"primary"},"geometry":{"type":"LineString","coordinates":[[-80.0247787,40.467110399999996],[-80.0247025,40.4671794],[-80.024633,40.46724099999999],[-80.0245411,40.46730960000001],[-80.0244479,40.467368299999976],[-80.024341,40.4674285],[-80.0242226,40.4674841],[-80.0240949,40.467532299999995],[-80.0239685,40.46757310000002],[-80.0238555,40.46759990000002],[-80.0223953,40.46788740000001],[-80.0221169,40.46794720000001]]}},{"type":"Feature","id":null,"properties":{"network_id":"net_890","highway":"primary"},"geometry":{"type":"LineString","coordinates":[[-80.0221169,40.46794720000001],[-80.0218412,40.46801279999999],[-80.020468,40.46834630000001],[-80.020231,40.468403900000006],[-80.0198497,40.468496499999986],[-80.01976110000001,40.468521400000014],[-80.0196736,40.468549700000004],[-80.0195978,40.46858029999999],[-80.0195284,40.46861499999999],[-80.0194661,40.46865329999999],[-80.0194042,40.46869]]}},{"type":"Feature","id":null,"properties":{"network_id":"net_891","highway":"primary"},"geometry":{"type":"LineString","coordinates":[[-80.0194042,40.46869],[-80.0193611,40.46872340000001],[-80.0193088,40.46877829999998],[-80.0192478,40.4688423],[-80.0191817,40.46891730000002],[-80.0187006,40.4694562],[-80.0182597,40.4700094],[-80.01820110000001,40.47007219999998],[-80.0181367,40.47013419999999],[-80.0180639,40.470195600000004],[-80.0179768,40.470255800000004],[-80.017892,40.470312],[-80.0175243,40.470545100000024]]}},{"type":"Feature","id":null,"properties":{"network_id":"net_892","highway":"primary"},"geometry":{"type":"LineString","coordinates":[[-80.0175243,40.470545100000024],[-80.0173008,40.470682000000004],[-80.0171312,40.47077720000001],[-80.0169562,40.470866799999996]]}},{"type":"Feature","id":null,"properties":{"network_id":"net_893","highway":"primary"},"geometry":{"type":"LineString","coordinates":[[-80.0169562,40.470866799999996],[-80.0162106,40.47123840000001]]}},{"type":"Feature","id":null,"properties":{"network_id":"net_894","highway":"primary"},"geometry":{"type":"LineString","coordinates":[[-80.0162106,40.47123840000001],[-80.016128,40.471286],[-80.01605760000001,40.471331700000015],[-80.0159866,40.47138240000001],[-80.0159155,40.471437300000005]]}},{"type":"Feature","id":null,"properties":{"network_id":"net_895","highway":"primary"},"geometry":{"type":"LineString","coordinates":[[-80.0159155,40.471437300000005],[-80.0156697,40.471639],[-80.0156221,40.47168389999999],[-80.0155802,40.47173030000002],[-80.0155474,40.471778500000006],[-80.0155239,40.47182950000001],[-80.0155128,40.47187320000001],[-80.0155074,40.4719206],[-80.0155075,40.471973900000016],[-80.0155299,40.47239040000001],[-80.015533,40.47244930000001],[-80.0155818,40.473355999999995],[-80.0155889,40.47348790000001],[-80.0155879,40.47355490000001],[-80.0155792,40.47361850000001],[-80.0155614,40.4736825],[-80.0155319,40.4737439],[-80.0154924,40.47380359999996],[-80.0154411,40.47385869999998],[-80.0153821,40.47391379999999],[-80.01518920000001,40.474085599999995],[-80.0151301,40.47413829999999],[-80.0150675,40.474194100000005],[-80.0145523,40.474653100000005],[-80.0145113,40.474687399999986],[-80.0144595,40.474725400000004]]}},{"type":"Feature","id":null,"properties":{"network_id":"net_896","highway":"primary"},"geometry":{"type":"LineString","coordinates":[[-80.0144595,40.474725400000004],[-80.0144067,40.47475650000001],[-80.0143497,40.474784],[-80.0142827,40.474810500000004],[-80.014213,40.4748299],[-80.0141429,40.47484289999999],[-80.0140728,40.47484979999999],[-80.0140031,40.474853100000004],[-80.0135933,40.47486370000001],[-80.0135168,40.4748657]]}},{"type":"Feature","id":null,"properties":{"network_id":"net_897","highway":"primary"},"geometry":{"type":"LineString","coordinates":[[-80.0324038,40.46422969999999],[-80.0328334,40.464811700000006],[-80.0333362,40.465514199999994]]}},{"type":"Feature","id":null,"properties":{"network_id":"net_898","highway":"primary"},"geometry":{"type":"LineString","coordinates":[[-80.04839656738285,40.4771120740521],[-80.0450215,40.478188900000006]]}},{"type":"Feature","id":null,"properties":{"network_id":"net_899","highway":"primary"},"geometry":{"type":"LineString","coordinates":[[-80.0450215,40.478188900000006],[-80.0435725,40.478651599999985]]}},{"type":"Feature","id":null,"properties":{"network_id":"net_900","highway":"primary"},"geometry":{"type":"LineString","coordinates":[[-80.0435725,40.478651599999985],[-80.0433539,40.4787267]]}},{"type":"Feature","id":null,"properties":{"network_id":"net_901","highway":"primary"},"geometry":{"type":"LineString","coordinates":[[-80.0433539,40.4787267],[-80.0431929,40.47879559999999],[-80.0430514,40.4788724]]}},{"type":"Feature","id":null,"properties":{"network_id":"net_902","highway":"primary"},"geometry":{"type":"LineString","coordinates":[[-80.0430514,40.4788724],[-80.0429848,40.47897850000003],[-80.0429388,40.4790519],[-80.04292000000001,40.47919879999999],[-80.0429385,40.4794331]]}},{"type":"Feature","id":null,"properties":{"network_id":"net_903","highway":"primary"},"geometry":{"type":"LineString","coordinates":[[-80.0429385,40.4794331],[-80.0429657,40.47954519999999],[-80.0429733,40.4795782]]}},{"type":"Feature","id":null,"properties":{"network_id":"net_904","highway":"primary"},"geometry":{"type":"LineString","coordinates":[[-80.0429733,40.4795782],[-80.0429873,40.4796972],[-80.0430708,40.48040479999999]]}},{"type":"Feature","id":null,"properties":{"network_id":"net_905","highway":"primary"},"geometry":{"type":"LineString","coordinates":[[-80.0430708,40.48040479999999],[-80.0430756,40.48044519999999],[-80.0430729,40.480647199999986],[-80.0430273,40.480826699999994],[-80.0429321,40.4809976]]}},{"type":"Feature","id":null,"properties":{"network_id":"net_906","highway":"primary"},"geometry":{"type":"LineString","coordinates":[[-80.0429321,40.4809976],[-80.0427322,40.48116959999999]]}},{"type":"Feature","id":null,"properties":{"network_id":"net_907","highway":"primary"},"geometry":{"type":"LineString","coordinates":[[-80.0135168,40.4748657],[-80.0134478,40.47486740000001],[-80.0118782,40.474908]]}},{"type":"Feature","id":null,"properties":{"network_id":"net_908","highway":"primary"},"geometry":{"type":"LineString","coordinates":[[-80.0118782,40.474908],[-80.0116427,40.47489220000001],[-80.0113926,40.47489860000001],[-80.0113618,40.47490259999999],[-80.0113321,40.4749119],[-80.0112558,40.47495770000001]]}},{"type":"Feature","id":null,"properties":{"network_id":"net_909","highway":"primary"},"geometry":{"type":"LineString","coordinates":[[-80.0115885,40.474944],[-80.0116448,40.474938600000016],[-80.0118782,40.474908]]}},{"type":"Feature","id":null,"properties":{"network_id":"net_910","highway":"primary"},"geometry":{"type":"LineString","coordinates":[[-80.0112558,40.47495770000001],[-80.0114015,40.474962300000016],[-80.0115885,40.474944]]}},{"type":"Feature","id":null,"properties":{"network_id":"net_911","highway":"primary"},"geometry":{"type":"LineString","coordinates":[[-80.0112558,40.47495770000001],[-80.0114404,40.47508710000001],[-80.0115034,40.4751313]]}},{"type":"Feature","id":null,"properties":{"network_id":"net_912","highway":"primary"},"geometry":{"type":"LineString","coordinates":[[-80.0115034,40.4751313],[-80.0115335,40.4751524],[-80.0117491,40.47530359999999],[-80.0118345,40.4753706],[-80.011921,40.4754476],[-80.0120082,40.475533300000016],[-80.0120796,40.475617699999994],[-80.012145,40.47570559999999]]}},{"type":"Feature","id":null,"properties":{"network_id":"net_913","highway":"primary"},"geometry":{"type":"LineString","coordinates":[[-80.012145,40.47570559999999],[-80.0122003,40.4757919],[-80.0122492,40.47588420000001],[-80.0122938,40.4759852],[-80.012331,40.47608619999999],[-80.0123585,40.476194400000004],[-80.0123743,40.4762936],[-80.012381,40.47638900000001],[-80.0123813,40.47649020000001],[-80.01236780000002,40.476587800000004],[-80.0123526,40.476685999999994],[-80.012334,40.47678589999999],[-80.012321,40.4768396],[-80.0120534,40.47817090000002],[-80.0119973,40.47844930000001],[-80.0119521,40.47867039999999],[-80.0117694,40.479583300000016],[-80.0117661,40.47962480000002],[-80.0117688,40.47966379999999],[-80.0117735,40.479699499999995]]}},{"type":"Feature","id":null,"properties":{"network_id":"net_914","highway":"primary"},"geometry":{"type":"LineString","coordinates":[[-80.0117735,40.479699499999995],[-80.0117832,40.479736],[-80.011798,40.479770099999996],[-80.0118171,40.47980179999999],[-80.0118439,40.4798347],[-80.0118737,40.479865299999986],[-80.0119069,40.47988999999999],[-80.0119406,40.47991009999999],[-80.0119901,40.47993280000001],[-80.012039,40.4799545],[-80.0121384,40.47999759999998],[-80.01274230000001,40.4802357],[-80.0128343,40.48027559999999],[-80.0129121,40.480321800000006],[-80.0129845,40.480372799999984],[-80.013057,40.4804304],[-80.0131143,40.480492900000016],[-80.0131602,40.4805543],[-80.0131981,40.48061909999999],[-80.0137442,40.4818049],[-80.0137694,40.481871],[-80.0137861,40.4819332],[-80.0137975,40.4819959],[-80.0137973,40.4820518],[-80.0137881,40.48210610000001],[-80.0137704,40.4821645],[-80.0137483,40.48221850000001],[-80.0137178,40.48227570000001],[-80.0136809,40.48232819999999],[-80.0136423,40.48237790000002],[-80.0129642,40.483214],[-80.0129357,40.483260500000014],[-80.0129113,40.4833042],[-80.0128928,40.48334739999999],[-80.0128814,40.48339159999999],[-80.0128744,40.483438],[-80.0128782,40.483483199999995],[-80.0128832,40.48352930000001],[-80.01289460000001,40.4835729],[-80.0129121,40.483619100000006],[-80.0129332,40.48366120000001],[-80.0129634,40.48370229999999],[-80.0129986,40.483743299999986],[-80.0130381,40.48377800000001],[-80.0130747,40.483808599999996],[-80.0132341,40.483929999999994],[-80.0135642,40.4841745],[-80.0136036,40.484202300000014],[-80.0136463,40.4842285],[-80.0136966,40.4842533],[-80.0137483,40.484272200000014],[-80.0138042,40.484286399999995],[-80.0138616,40.4842969]]}},{"type":"Feature","id":null,"properties":{"network_id":"net_915","highway":"primary"},"geometry":{"type":"LineString","coordinates":[[-80.0138616,40.4842969],[-80.0139223,40.4843051],[-80.0144927,40.484358500000006],[-80.0145944,40.4843705],[-80.0146823,40.48438459999999],[-80.0147657,40.4844023],[-80.0148433,40.4844236],[-80.0149214,40.48444839999997],[-80.0150102,40.48448249999999],[-80.0150924,40.484520300000014],[-80.0151708,40.48456290000001],[-80.0152439,40.48461110000001],[-80.015322,40.48466770000001],[-80.0153871,40.48472149999999],[-80.01544640000002,40.48477940000001],[-80.0155034,40.484846399999974],[-80.0155369,40.48489219999998],[-80.0155544,40.4849161],[-80.0155986,40.48498969999998],[-80.0156353,40.485064199999975],[-80.0156644,40.48513989999999],[-80.0159781,40.48603439999999],[-80.0160087,40.4861201],[-80.0162463,40.48679619999998],[-80.0162775,40.486885],[-80.016291,40.48693559999999],[-80.01629870000001,40.486984899999996],[-80.0163024,40.48703480000001],[-80.0163014,40.48709039999999],[-80.016296,40.48715110000001],[-80.0162826,40.48727450000001],[-80.0162621,40.487464100000004],[-80.0162462,40.4876103],[-80.0162407,40.4876611],[-80.01624,40.48770779999999],[-80.0162441,40.487761299999995],[-80.0162508,40.48780700000001],[-80.0162591,40.4878429],[-80.0162722,40.487876299999996],[-80.016294,40.4879118],[-80.0163245,40.4879482],[-80.0163687,40.487985999999985],[-80.0164158,40.488022199999996],[-80.0170961,40.4884791]]}},{"type":"Feature","id":null,"properties":{"network_id":"net_916","highway":"primary"},"geometry":{"type":"LineString","coordinates":[[-80.0170961,40.4884791],[-80.0178055,40.48896529999999],[-80.018088,40.4891561],[-80.0181535,40.48920630000001],[-80.0182014,40.4892494],[-80.0182487,40.4893002],[-80.0182886,40.4893535],[-80.0183214,40.4894085],[-80.0183503,40.489471800000004],[-80.0183669,40.4895349]]}},{"type":"Feature","id":null,"properties":{"network_id":"net_917","highway":"primary"},"geometry":{"type":"LineString","coordinates":[[-80.0427322,40.48116959999999],[-80.0426808,40.4812094],[-80.0423595,40.4814588]]}},{"type":"Feature","id":null,"properties":{"network_id":"net_918","highway":"primary"},"geometry":{"type":"LineString","coordinates":[[-80.0423595,40.4814588],[-80.041942,40.481773800000006],[-80.0419117,40.48179460000002],[-80.0417335,40.48191740000001]]}},{"type":"Feature","id":null,"properties":{"network_id":"net_919","highway":"primary"},"geometry":{"type":"LineString","coordinates":[[-80.0417335,40.48191740000001],[-80.0416513,40.4820571],[-80.0416388,40.482078400000006],[-80.0413732,40.48261219999999],[-80.0411712,40.48300069999999],[-80.04115470000002,40.483032299999984],[-80.0410205,40.48329040000001],[-80.0407043,40.4838929],[-80.0404956,40.48432379999998],[-80.0404678,40.4843811]]}},{"type":"Feature","id":null,"properties":{"network_id":"net_920","highway":"primary"},"geometry":{"type":"LineString","coordinates":[[-80.0358152,40.48430820000002],[-80.0359251,40.48430989999997],[-80.0364832,40.48431870000001]]}},{"type":"Feature","id":null,"properties":{"network_id":"net_921","highway":"primary"},"geometry":{"type":"LineString","coordinates":[[-80.0364832,40.48431870000001],[-80.0368746,40.484324799999996],[-80.0369468,40.48432589999999],[-80.0370624,40.4843277],[-80.0387426,40.4843541],[-80.0399497,40.484372999999984]]}},{"type":"Feature","id":null,"properties":{"network_id":"net_922","highway":"primary"},"geometry":{"type":"LineString","coordinates":[[-80.0404029,40.48438],[-80.0402693,40.48434970000001],[-80.0400426,40.4843466],[-80.0399497,40.484372999999984]]}},{"type":"Feature","id":null,"properties":{"network_id":"net_923","highway":"primary"},"geometry":{"type":"LineString","coordinates":[[-80.0399497,40.484372999999984],[-80.0400406,40.48440889999999],[-80.0402632,40.48441290000002],[-80.0404029,40.48438]]}},{"type":"Feature","id":null,"properties":{"network_id":"net_924","highway":"primary"},"geometry":{"type":"LineString","coordinates":[[-80.0353199,40.4846409],[-80.0354546,40.48455040000002],[-80.0357369,40.484360800000005],[-80.0358152,40.48430820000002]]}},{"type":"Feature","id":null,"properties":{"network_id":"net_925","highway":"primary"},"geometry":{"type":"LineString","coordinates":[[-80.03529200000001,40.48465959999999],[-80.0353199,40.4846409]]}},{"type":"Feature","id":null,"properties":{"network_id":"net_926","highway":"primary"},"geometry":{"type":"LineString","coordinates":[[-80.0330873,40.48629579999999],[-80.0330895,40.486233200000015],[-80.0331073,40.4861684],[-80.0331392,40.486122200000004],[-80.0331787,40.48607979999998],[-80.0334908,40.485869999999984],[-80.0342097,40.485386799999986],[-80.0346588,40.485084900000004],[-80.0349948,40.48485929999998],[-80.03529200000001,40.48465959999999]]}},{"type":"Feature","id":null,"properties":{"network_id":"net_927","highway":"primary"},"geometry":{"type":"LineString","coordinates":[[-80.0333326,40.48705639999999],[-80.0332245,40.48686600000001],[-80.0331306,40.486673],[-80.0331125,40.486568999999996],[-80.03309710000002,40.486489100000014],[-80.0330873,40.48629579999999]]}},{"type":"Feature","id":null,"properties":{"network_id":"net_928","highway":"primary"},"geometry":{"type":"LineString","coordinates":[[-80.0343493,40.4888846],[-80.0341642,40.48857910000001],[-80.0339223,40.4881422],[-80.0338927,40.48808690000002],[-80.0336562,40.48764490000001],[-80.0333829,40.487145],[-80.0333326,40.48705639999999]]}},{"type":"Feature","id":null,"properties":{"network_id":"net_929","highway":"primary"},"geometry":{"type":"LineString","coordinates":[[-80.0347856,40.4896047],[-80.0344772,40.4890957],[-80.0343493,40.4888846]]}},{"type":"Feature","id":null,"properties":{"network_id":"net_930","highway":"primary"},"geometry":{"type":"LineString","coordinates":[[-80.0350251,40.490018799999994],[-80.0349553,40.48988469999998],[-80.0347856,40.4896047]]}},{"type":"Feature","id":null,"properties":{"network_id":"net_931","highway":"primary"},"geometry":{"type":"LineString","coordinates":[[-80.03545236363635,40.49093100000001],[-80.035446,40.4908918],[-80.0354048,40.49068250000001],[-80.0352989,40.490444800000006],[-80.0350506,40.4900679],[-80.0350251,40.490018799999994]]}},{"type":"Feature","id":null,"properties":{"network_id":"net_932","highway":"primary"},"geometry":{"type":"LineString","coordinates":[[-80.0183669,40.4895349],[-80.0183914,40.489657],[-80.0184874,40.490135900000006],[-80.0184991,40.490174499999995],[-80.0185155,40.49021149999999],[-80.0185375,40.49024990000001]]}},{"type":"Feature","id":null,"properties":{"network_id":"net_933","highway":"primary"},"geometry":{"type":"LineString","coordinates":[[-80.0185375,40.49024990000001],[-80.0185682,40.490288],[-80.0186071,40.49032390000001],[-80.0186574,40.490361199999995],[-80.018714,40.49039789999999],[-80.0198636,40.49110689999999],[-80.0199782,40.4911824],[-80.0200852,40.4912631],[-80.0211585,40.49212870000001]]}},{"type":"Feature","id":null,"properties":{"network_id":"net_934","highway":"primary"},"geometry":{"type":"LineString","coordinates":[[-80.0211585,40.49212870000001],[-80.0213638,40.4922943]]}},{"type":"Feature","id":null,"properties":{"network_id":"net_935","highway":"primary"},"geometry":{"type":"LineString","coordinates":[[-80.0213638,40.4922943],[-80.0214599,40.49238189999999]]}},{"type":"Feature","id":null,"properties":{"network_id":"net_936","highway":"primary"},"geometry":{"type":"LineString","coordinates":[[-80.0214599,40.49238189999999],[-80.0215384,40.4924716],[-80.0217042,40.49267790000001],[-80.0217675,40.4927566]]}},{"type":"Feature","id":null,"properties":{"network_id":"net_937","highway":"primary"},"geometry":{"type":"LineString","coordinates":[[-80.0217675,40.4927566],[-80.0218546,40.49286500000001],[-80.0221528,40.493235799999994],[-80.0221915,40.49328979999999],[-80.0222147,40.4933304],[-80.0222334,40.49337299999999],[-80.0222442,40.49341399999999],[-80.0222495,40.4934561],[-80.0222495,40.4934987],[-80.0222435,40.49354300000001],[-80.0222304,40.49358560000003],[-80.022214,40.49362459999999],[-80.0221915,40.49366160000001],[-80.0221647,40.4936968],[-80.0221337,40.49372859999999]]}},{"type":"Feature","id":null,"properties":{"network_id":"net_938","highway":"primary"},"geometry":{"type":"LineString","coordinates":[[-80.0240296,40.49388950000001],[-80.0238637,40.49378829999999],[-80.0228714,40.49318340000001],[-80.02253270000001,40.49297690000001],[-80.0224983,40.4929588],[-80.0224625,40.492943900000014],[-80.0221449,40.492833900000015],[-80.022094,40.4928186],[-80.0219049,40.492770699999994],[-80.0217675,40.4927566]]}},{"type":"Feature","id":null,"properties":{"network_id":"net_939","highway":"primary"},"geometry":{"type":"LineString","coordinates":[[-80.0221337,40.49372859999999],[-80.02209630000002,40.493761],[-80.0220504,40.4937972],[-80.02198563282646,40.493843053716915]]}},{"type":"Feature","id":null,"properties":{"network_id":"net_940","highway":"primary"},"geometry":{"type":"LineString","coordinates":[[-80.02115281367446,40.49443618950155],[-80.0211528,40.4944362]]}},{"type":"Feature","id":null,"properties":{"network_id":"net_941","highway":"primary"},"geometry":{"type":"LineString","coordinates":[[-80.0211528,40.4944362],[-80.0211012,40.494483100000004],[-80.0210476,40.494538700000014],[-80.02101722582478,40.49457408850775]]}},{"type":"Feature","id":null,"properties":{"network_id":"net_942","highway":"primary"},"geometry":{"type":"LineString","coordinates":[[-80.0261954,40.49541860000001],[-80.0260986,40.4952467],[-80.0260484,40.49510080000002],[-80.0260251,40.49503430000001],[-80.0259045,40.4946906],[-80.0258165,40.494574300000004],[-80.0257271,40.49449740000001],[-80.0256142,40.494443700000005],[-80.0254965,40.49441149999999],[-80.0250408,40.4942966],[-80.024586,40.494182499999994],[-80.024453,40.494133600000005],[-80.0241813,40.493982100000004],[-80.0240296,40.49388950000001]]}},{"type":"Feature","id":null,"properties":{"network_id":"net_943","highway":"primary"},"geometry":{"type":"LineString","coordinates":[[-80.02780120627249,40.49542343338966],[-80.027062,40.4956248],[-80.02696760000002,40.49564439999998],[-80.0268409,40.4956582],[-80.0267129,40.495656199999985],[-80.0265603,40.49563170000002],[-80.0265161,40.49561630000001],[-80.0264388,40.49558940000001],[-80.0263069,40.4955117],[-80.02623940000001,40.495455299999996],[-80.0261954,40.49541860000001]]}},{"type":"Feature","id":null,"properties":{"network_id":"net_944","highway":"primary"},"geometry":{"type":"LineString","coordinates":[[-80.02036104318485,40.495502717141456],[-80.0203401,40.4955369]]}},{"type":"Feature","id":null,"properties":{"network_id":"net_945","highway":"primary"},"geometry":{"type":"LineString","coordinates":[[-80.0203401,40.4955369],[-80.02029743493763,40.495616871228016]]}},{"type":"Feature","id":null,"properties":{"network_id":"net_946","highway":"primary"},"geometry":{"type":"LineString","coordinates":[[-80.02012255871705,40.49599339168248],[-80.0200648,40.4961443]]}},{"type":"Feature","id":null,"properties":{"network_id":"net_947","highway":"primary"},"geometry":{"type":"LineString","coordinates":[[-80.0200648,40.4961443],[-80.0200266,40.496265599999994],[-80.0200132,40.496308100000014],[-80.0199904,40.4963864]]}},{"type":"Feature","id":null,"properties":{"network_id":"net_948","highway":"primary"},"geometry":{"type":"LineString","coordinates":[[-80.0153326,40.49632510000001],[-80.01523220000001,40.4963],[-80.0151336,40.49628520000001],[-80.0150391,40.49627799999999],[-80.0149492,40.49627909999999],[-80.014856,40.4962872],[-80.0147635,40.496303],[-80.0146716,40.49632489999999],[-80.014573,40.49635860000002],[-80.0144865,40.49639740000001],[-80.0144208,40.4964392],[-80.0143551,40.4964866],[-80.0142901,40.4965415]]}},{"type":"Feature","id":null,"properties":{"network_id":"net_949","highway":"primary"},"geometry":{"type":"LineString","coordinates":[[-80.0142901,40.4965415],[-80.0142176,40.49651769999999],[-80.01414520000002,40.49650110000001],[-80.0140607,40.49648759999998],[-80.0139776,40.4964795],[-80.0138971,40.49647610000001],[-80.0138187,40.49648020000001],[-80.0137422,40.49648809999999],[-80.01285320000001,40.4966418]]}},{"type":"Feature","id":null,"properties":{"network_id":"net_950","highway":"primary"},"geometry":{"type":"LineString","coordinates":[[-80.01285320000001,40.4966418],[-80.0122101,40.4967529]]}},{"type":"Feature","id":null,"properties":{"network_id":"net_951","highway":"primary"},"geometry":{"type":"LineString","coordinates":[[-80.017924,40.4971112],[-80.0170605,40.4968492],[-80.0153326,40.49632510000001]]}},{"type":"Feature","id":null,"properties":{"network_id":"net_952","highway":"primary"},"geometry":{"type":"LineString","coordinates":[[-80.0116246,40.49678639999999],[-80.0115103,40.496781600000006],[-80.011398,40.49677160000001],[-80.0112515,40.49675499999999],[-80.0108367,40.496702300000024],[-80.0107117,40.49669030000001],[-80.010604,40.4966824],[-80.0104959,40.49667149999999]]}},{"type":"Feature","id":null,"properties":{"network_id":"net_953","highway":"primary"},"geometry":{"type":"LineString","coordinates":[[-80.0082056,40.49614259999999],[-80.0081369,40.4961145],[-80.008038,40.4960818],[-80.0079649,40.4960616],[-80.0078669,40.49603659999999]]}},{"type":"Feature","id":null,"properties":{"network_id":"net_954","highway":"primary"},"geometry":{"type":"LineString","coordinates":[[-80.0078669,40.49603659999999],[-80.0078492,40.4961208],[-80.0078335,40.496242599999995]]}},{"type":"Feature","id":null,"properties":{"network_id":"net_955","highway":"primary"},"geometry":{"type":"LineString","coordinates":[[-80.0078335,40.496242599999995],[-80.0078337,40.49628020000001]]}},{"type":"Feature","id":null,"properties":{"network_id":"net_956","highway":"primary"},"geometry":{"type":"LineString","coordinates":[[-80.0104959,40.49667149999999],[-80.0097686,40.49665349999999],[-80.0095976,40.496639200000004],[-80.0094968,40.49662279999998],[-80.0094073,40.49660060000001],[-80.0093248,40.49657770000001],[-80.0092198,40.49654360000001],[-80.0090345,40.49647970000001],[-80.0088538,40.4964082],[-80.0086203,40.49632390000001],[-80.0084474,40.4962506],[-80.0083284,40.496195000000014],[-80.0082056,40.49614259999999]]}},{"type":"Feature","id":null,"properties":{"network_id":"net_957","highway":"primary"},"geometry":{"type":"LineString","coordinates":[[-80.0078337,40.49628020000001],[-80.0078215,40.4963503],[-80.007815,40.4965533],[-80.0078005,40.49719629999998],[-80.0077852,40.49761259999999],[-80.0077740721678,40.49782051824569]]}},{"type":"Feature","id":null,"properties":{"network_id":"net_958","highway":"primary"},"geometry":{"type":"LineString","coordinates":[[-80.0199904,40.4963864],[-80.01997,40.49647889999999],[-80.0199627,40.4965218],[-80.0199515,40.4965873],[-80.0199381,40.49670129999999],[-80.0199297,40.496839500000014],[-80.0199328,40.496977099999995],[-80.0199428,40.49711330000001]]}},{"type":"Feature","id":null,"properties":{"network_id":"net_959","highway":"primary"},"geometry":{"type":"LineString","coordinates":[[-80.0122101,40.4967529],[-80.0121216,40.49676579999999],[-80.0120142,40.49677899999999],[-80.0119086,40.49678800000001],[-80.011811,40.4967903],[-80.0117168,40.49679130000001],[-80.0116246,40.49678639999999]]}},{"type":"Feature","id":null,"properties":{"network_id":"net_960","highway":"primary"},"geometry":{"type":"LineString","coordinates":[[-80.0189568,40.49748350000001],[-80.0188646,40.4974315],[-80.01876410000001,40.49738360000001],[-80.0186601,40.497342200000006],[-80.0185526,40.497303599999995],[-80.017924,40.4971112]]}},{"type":"Feature","id":null,"properties":{"network_id":"net_961","highway":"primary"},"geometry":{"type":"LineString","coordinates":[[-80.0199428,40.49711330000001],[-80.0199649,40.49726119999999],[-80.0199965,40.49740800000001],[-80.01999651801884,40.497408068537624]]}},{"type":"Feature","id":null,"properties":{"network_id":"net_962","highway":"primary"},"geometry":{"type":"LineString","coordinates":[[-80.0190284105466,40.49752878666968],[-80.0189568,40.49748350000001]]}}]}